02-【数学】2027版高中《解题觉醒》/数学解题觉醒-第2册 名师大招册.pdf	90fc2142a8a9f0ce	156911484	moved
04-【物理】2027版高中《解题觉醒》/物理要点觉醒.pdf	3f23ff6aa71005c8	4986396	moved
04-【物理】2027版高中《解题觉醒》/物理解题觉醒-第2册 名师大招册.pdf	33298cff8077e9ca	181161028	moved
05-【化学】2027版高中《解题觉醒》/化学要点觉醒图示.pdf	69d18c3903d2205d	5035344	moved
05-【化学】2027版高中《解题觉醒》/化学解题觉醒-第1册 主书.pdf	5c0cc69199d85cc2	286942697	moved
05-【化学】2027版高中《解题觉醒》/化学解题觉醒-第2册 名师大招册.pdf	3908bd2fe6ab9f81	166812718	moved
06-【生物】2027版高中《解题觉醒》/生物要点觉醒.pdf	3716a06430f45df3	4540896	moved
06-【生物】2027版高中《解题觉醒》/生物解题觉醒-第1册 主书.pdf	4edab13f582df152	282722432	moved
06-【生物】2027版高中《解题觉醒》/生物解题觉醒-第2册 名师大招册.pdf	983833782f37d9f4	183722755	moved
2026年新高考资料/一轮复习/2026年体育单招数学零基础一轮总复习/资料/1.1集合的概念（讲义）（学生版）.docx	ac99954a510830db	260819	moved
2026年新高考资料/一轮复习/2026年体育单招数学零基础一轮总复习/资料/1.2集合间的基本关系（讲义）（学生版）.docx	74191848f24f93d5	1270396	moved
2026年新高考资料/一轮复习/2026年体育单招数学零基础一轮总复习/资料/1.3集合的基本运算（讲义）（学生版）.docx	1791311a7e8712ab	1717808	moved
2026年新高考资料/一轮复习/2026年体育单招数学零基础一轮总复习/资料/1.4命题与充要条件（讲义）（学生版）.docx	828f32e273717d5b	973452	moved
2026年新高考资料/一轮复习/2026年体育单招数学零基础一轮总复习/资料/2.1基本不等式（讲义）（学生版）.docx	576a21eaeabb47bd	921474	moved
2026年新高考资料/一轮复习/2026年体育单招数学零基础一轮总复习/资料/3.1平面向量的概念（讲义）（学生版）.docx	cec287e48ef03e3c	917090	moved
2026年新高考资料/一轮复习/2026年体育单招数学零基础一轮总复习/资料/3.2平面向量的线性运算（讲义）（学生版）.docx	ecaccdacd94a4225	1581888	moved
2026年新高考资料/一轮复习/2026年体育单招数学零基础一轮总复习/资料/3.3平面向量的数量积（讲义）（学生版）.docx	4df05bcbf68ebfd8	1037882	moved
2026年新高考资料/一轮复习/2026年大一轮复习讲义数学课件讲义练习/基础版/Word版题库/第九章　统计与成对数据的统计分析/第2节　用样本估计总体.docx	7aef2ab22db134f0	1274903	moved
2026年新高考资料/一轮复习/2026年大一轮复习讲义数学课件讲义练习/基础版/Word版题库/第二章 函数/第12节 函数模型及其应用.DOCX	c34f82d0c3da9b66	1124454	moved
2026年新高考资料/一轮复习/2026年大一轮复习讲义数学课件讲义练习/基础版/Word版题库/第二章 函数/第6节 幂函数与二次函数.DOCX	f377cfcb1bcb11b5	1197763	moved
2026年新高考资料/一轮复习/2026年大一轮复习讲义数学课件讲义练习/基础版/Word版题库/第八章　平面解析几何/第5节　椭圆.DOCX	3a4441440cb195f6	1188083	moved
2026年新高考资料/一轮复习/2026年大一轮复习讲义数学课件讲义练习/基础版/大一轮精准复习/第二章 §2.12　函数模型的应用.docx	3642371cb5ed20c0	1979980	moved
2026年新高考资料/一轮复习/2026年大一轮复习讲义数学课件讲义练习/基础版/大一轮精准复习/第二章 §2.7　指数运算与对数运算.docx	3a99daef1fd5b06c	1072413	moved
2026年新高考资料/一轮复习/2026年大一轮复习讲义数学课件讲义练习/基础版/教师用书配套课件/第七章 §7.5　空间直线、平面的垂直.pptx	4dd937114a4bbde9	26021093	moved
2026年新高考资料/一轮复习/2026年大一轮复习讲义数学课件讲义练习/基础版/教师用书配套课件/第二章 §2.11　函数的零点与方程的解.pptx	379dcba1d73982fe	19128070	moved
2026年新高考资料/一轮复习/2026年大一轮复习讲义数学课件讲义练习/基础版/教师用书配套课件/第六章 §6.3　等比数列.pptx	f756ebca7e194e9c	5395412	moved
2026年新高考资料/一轮复习/2026年高三数学一轮复习备考题型归纳讲义/资料/第12讲：对数函数的图像与性质（12个题型）（学生版）.docx	bbe09309a2350abe	1458972	moved
2026年新高考资料/一轮复习/2026年高三数学一轮复习备考题型归纳讲义/资料/第19讲：三角函数的图像与性质（知识梳理+题型总结）（学生版）.docx	e373c3bd5ce83d91	1923545	moved
2026年新高考资料/一轮复习/2026年高三数学一轮复习备考题型归纳讲义/资料/第23讲：等比数列及其前N项和（知识梳理+题型总结）（学生版）.docx	18d638a35328be77	1711509	moved
2026年新高考资料/一轮复习/2026年高三数学一轮复习备考题型归纳讲义/资料/第24讲：数列的综合应用（知识梳理+题型总结）（学生版）.docx	9ba835b0e9e8f3aa	2553665	moved
2026年新高考资料/一轮复习/2026年高考数学一轮备考·学霸培优练习（新高考通用）/资料/第二章 §2.5　二次函数与幂函数（学生版）.docx	98b8c2852a9208ff	979296	moved
2026年新高考资料/一轮复习/2026年高考数学一轮复习举一反三专练（新高考专用）/资料/2026版/专题2.5 对数与对数函数（举一反三讲义）（全国通用）（学生版）.docx	21962a3cbea1ab46	1281977	moved
2026年新高考资料/一轮复习/2026年高考数学一轮复习举一反三专练（新高考专用）/资料/2026版/专题7.1 基本立体图形、简单几何体的表面积与体积（举一反三讲义）（全国通用）（学生版）.docx	a429e65eb2459063	2826738	moved
2026年新高考资料/一轮复习/2026年高考数学一轮复习举一反三专练（新高考专用）/资料/2026版/专题7.2 空间点、直线、平面之间的位置关系（举一反三讲义）（全国通用）（学生版）.docx	0a0fe6d523dd6e39	2782501	moved
2026年新高考资料/一轮复习/2026年高考数学一轮复习知识清单（全国通用）/2026版/专题01 一元函数的导数及其应用（知识清单）（学生版）.docx	9a1ce18bf3549e1d	2204974	moved
2026年新高考资料/一轮复习/2026年高考数学一轮复习知识清单（全国通用）/2026版/专题01 函数的概念与性质（知识清单）（学生版）.docx	087c6e779bee957f	1734096	moved
2026年新高考资料/一轮复习/2026年高考数学一轮复习知识清单（全国通用）/2026版/专题01 立体几何初步（知识清单）（学生版）.docx	97ee31a15c8105b9	3783056	moved
2026年新高考资料/一轮复习/2026年高考数学一轮复习知识清单（全国通用）/2026版/专题02 数列通项及数列求和（知识清单）（学生版）.docx	75f565611f9f73cc	1892770	moved
2026年新高考资料/一轮复习/2026年高考数学一轮复习知识清单（全国通用）/2026版/解三角形及其应用.pdf	0932e297660c9711	583729	moved
2026年新高考资料/一轮复习/2026年高考数学一轮复习考点精讲精练（新高考通用）/2026版/基础知识篇-核心知识背记手册（知识清单）（背记版）（全国通用）2026年高考数学一轮复习高效培优系列.docx	9b4aef1af95c8800	3234057	moved
2026年新高考资料/一轮复习/2026年高考数学一轮复习讲义+练习+课件（新教材新高考）/2026版/第七章 立体几何与空间向量/第05讲 空间向量及其应用（复习讲义）（全国通用）（学生版）.docx	d74032dde6ed016d	8262360	moved
2026年新高考资料/一轮复习/2026年高考数学一轮复习讲义+练习+课件（新教材新高考）/2026版/第七章 立体几何与空间向量/重难点培优07 立体几何解答题题型全归纳（复习讲义）（全国通用）（学生版）.docx	98b21365e5f17193	4139310	moved
2026年新高考资料/一轮复习/2026年高考数学一轮复习讲义+练习+课件（新教材新高考）/2026版/第九章 统计与成对数据的统计分析/第02讲 成对数据的统计分析（复习讲义）（全国通用）（学生版）.docx	0f7935a1d8ab731f	2315297	moved
2026年新高考资料/一轮复习/2026年高考数学一轮复习讲义+练习+课件（新教材新高考）/2026版/第二章 函数与基本初等函数/专题02 指对幂函数及函数的应用（知识清单）（学生版）.docx	2d090e47707aed46	2429598	moved
2026年新高考资料/一轮复习/2026年高考数学一轮复习讲义+练习+课件（新教材新高考）/2026版/第二章 函数与基本初等函数/第02讲 函数的性质：单调性、奇偶性、周期性、对称性、最值（复习讲义）（全国通用）（学生版）.docx	1e52e7ed415830f7	2249709	moved
2026年新高考资料/一轮复习/2026年高考数学一轮复习讲义+练习+课件（新教材新高考）/2026版/第二章 函数与基本初等函数/第07讲 函数与方程（复习讲义）（全国通用）（学生版）.docx	94d1432266b82446	2857486	moved
2026年新高考资料/一轮复习/2026年高考数学一轮复习讲义+练习+课件（新教材新高考）/2026版/第八章 平面解析几何/第05讲 椭圆及其性质（复习讲义）（全国通用）（学生版）.docx	81965ae95c77b95a	4621202	moved
2026年新高考资料/一轮复习/2026年高考数学一轮复习讲义+练习+课件（新教材新高考）/2026版/第六章 数列/易错易混07 数列（复习讲义）（全国通用）（学生版）.docx	7b3f03a92887e34f	2087551	moved
2026年新高考资料/一轮复习/2026年高考数学一轮复习讲义+练习+课件（新教材新高考）/2026版/第六章 数列/第02讲 等差数列及其前n项和 （复习讲义）（全国通用）（学生版）.docx	3b945aeb722dd42e	1680552	moved
2026年新高考资料/一轮复习/2026年高考数学一轮复习讲义+练习+课件（新教材新高考）/2026版/第十章 计数原理、概率、随机变量及其分布/第05讲 古典概型与概率的基本性质（复习讲义）（全国通用）（学生版）.docx	8cba5f93bea6f3c1	1707304	moved
2026年新高考资料/一轮复习/2026年高考数学一轮复习讲义+练习+课件（新教材新高考）/2026版/第四章 三角函数与解三角形/解三角形及其应用.pdf	ea836aa2ad2c3745	584719	moved
2026年新高考资料/专项复习/2026年高考数学命题背景探究（全国通用）（会一题通一类系列）/资料/专题07 导数及其应用（全国通用）（学生版）（会一题通一类系列）.docx	d71fdd070a8c2b83	1749433	moved
2026年新高考资料/二轮复习/2026年高考数学二轮复习举一反三系列（全国通用）/资料/2026版/专题2.1 函数的解析式与定义域、值域（举一反三复习讲义）（全国通用）（学生版）.docx	6a3eab74bb5aba71	1289070	moved
2026年新高考资料/二轮复习/2026年高考数学二轮复习讲练测（课件+讲义+练习）（全国通用）/专题01 集合与常用逻辑用语（复习讲义）（全国通用）2026年高考数学二轮复习讲练测/专题01 集合与常用逻辑用语（复习讲义）（全国通用）（原卷版）.docx	f2e6264abd379212	933307	moved
2026年新高考资料/二轮复习/2026年高考数学二轮复习讲练测（课件+讲义+练习）（全国通用）/专题07 函数与导数核心考点深度剖析与压轴题解答策略（复习讲义）（全国通用）2026年高考数学二轮复习讲练测/专题07 函数与导数核心考点深度剖析与压轴题解答策略（复习讲义）（原卷版）.docx	5689b73fd5a8a580	1153487	moved
2026年新高考资料/二轮复习/【1】2026年高考数学二轮专题复习讲义（新高考通用）/第05讲 数列求和方法讲义（思维导图+知识要点+解题技巧+题型归纳+巩固提升）（新高考通用）-学生版.docx	7ff5d3620c3400b8	2509634	moved
2026年新高考资料/二轮复习/【20】2026年高考数学二轮复习教考衔接教材命题点探源学案/教考衔接八 立体几何初步（学生版）.docx	9b41c32c151d506a	1920871	moved
2026年新高考资料(1)/一轮复习/2026年高考物理一轮复习知识清单（全国通用）/2026版/专题01 匀变速直线运动及其规律（知识清单）（全国通用）（学生版）.docx	44ce340002cbe285	4001254	moved
2026年新高考资料(1)/一轮复习/2026年高考物理一轮复习知识清单（全国通用）/2026版/专题02 相互作用（知识清单）（全国通用）（学生版）.docx	1da2b55cd93f810e	2364064	moved
2026年新高考资料(1)/一轮复习/2026年高考物理一轮复习知识清单（全国通用）/2026版/专题02 相互作用（知识清单）（全国通用）（教师版）.docx	5e6cad357c3688a7	6275367	moved
2026年新高考资料(1)/一轮复习/2026年高考物理一轮复习知识清单（全国通用）/2026版/专题03 牛顿运动定律的理解应用（知识清单）（全国通用）(学生版）.docx	e5e5355527b6e819	3361535	moved
2026年新高考资料(1)/一轮复习/2026年高考物理一轮复习知识清单（全国通用）/2026版/专题03 牛顿运动定律的理解应用（知识清单）（全国通用）(教师版）.docx	6ee27fa411d49db2	3798855	moved
2026年新高考资料(1)/一轮复习/2026年高考物理一轮复习知识清单（全国通用）/2026版/专题04 曲线运动（知识清单）（全国通用）（学生版）.docx	799c8c57f4a31003	2468405	moved
2026年新高考资料(1)/一轮复习/2026年高考物理一轮复习知识清单（全国通用）/2026版/专题04 曲线运动（知识清单）（全国通用）（教师版）.docx	e186ba2ea3b446de	2680969	moved
2026年新高考资料(1)/一轮复习/2026年高考物理一轮复习知识清单（全国通用）/2026版/专题05 圆周运动（知识清单）（全国通用）（学生版）.docx	329d4e8db0d8b2a3	2518760	moved
2026年新高考资料(1)/一轮复习/2026年高考物理一轮复习知识清单（全国通用）/2026版/专题05 圆周运动（知识清单）（全国通用）（教师版）.docx	d534c2442491da61	2770844	moved
2026年新高考资料(1)/一轮复习/2026年高考物理一轮复习知识清单（全国通用）/2026版/专题06 万有引力与航天（知识清单）（全国通用）（学生版）.docx	1d21bf871dff02f0	3167732	moved
2026年新高考资料(1)/一轮复习/2026年高考物理一轮复习知识清单（全国通用）/2026版/专题06 万有引力与航天（知识清单）（全国通用）（教师版）.docx	2608b3caa4092eb4	6170315	moved
2026年新高考资料(1)/一轮复习/2026年高考物理一轮复习知识清单（全国通用）/2026版/专题07 机械能（知识清单）（全国通用）（学生版）.docx	a1cd707607b5fc0d	4073809	moved
2026年新高考资料(1)/一轮复习/2026年高考物理一轮复习知识清单（全国通用）/2026版/专题07 机械能（知识清单）（全国通用）（教师版）.docx	3491397a61b8817d	4835550	moved
2026年新高考资料(1)/一轮复习/2026年高考物理一轮复习知识清单（全国通用）/2026版/专题08 动量（知识清单）（全国通用）（学生版）.docx	9d578d921de8f5bd	2528282	moved
2026年新高考资料(1)/一轮复习/2026年高考物理一轮复习知识清单（全国通用）/2026版/专题08 动量（知识清单）（全国通用）（教师版）.docx	f5ecf13221ef8f09	4401329	moved
2026年新高考资料(1)/一轮复习/2026年高考物理一轮复习知识清单（全国通用）/2026版/专题09 动力学三大观点的应用（知识清单）（全国通用）（学生版）.docx	d96151846d57b11b	3004571	moved
2026年新高考资料(1)/一轮复习/2026年高考物理一轮复习知识清单（全国通用）/2026版/专题09 动力学三大观点的应用（知识清单）（全国通用）（教师版）.docx	32de977f77e059e3	4467071	moved
2026年新高考资料(1)/一轮复习/2026年高考物理一轮复习知识清单（全国通用）/2026版/专题10 静电场（知识清单）（全国通用）（学生版）.docx	714aa9bb4b3046d6	3674424	moved
2026年新高考资料(1)/一轮复习/2026年高考物理一轮复习知识清单（全国通用）/2026版/专题10 静电场（知识清单）（全国通用）（教师版）.docx	7d904b55a6ebda36	4084993	moved
2026年新高考资料(1)/一轮复习/2026年高考物理一轮复习知识清单（全国通用）/2026版/专题11 恒定电流（知识清单）（全国通用）（教师版）.docx	0469961a979100df	4242985	moved
2026年新高考资料(1)/一轮复习/2026年高考物理一轮复习知识清单（全国通用）/2026版/专题12 磁场（知识清单）（全国通用）（教师版）.docx	4767dc2a05abe1aa	7588771	moved
2026年新高考资料(1)/一轮复习/2026年高考物理一轮复习知识清单（全国通用）/2026版/专题13 电磁感应（知识清单）（全国通用）（学生版）.docx	d645b753c0158d2a	6216013	moved
2026年新高考资料(1)/一轮复习/2026年高考物理一轮复习知识清单（全国通用）/2026版/专题13 电磁感应（知识清单）（全国通用）（教师版）.docx	44cba68855bd968e	6432087	moved
2026年新高考资料(1)/一轮复习/2026年高考物理一轮复习知识清单（全国通用）/2026版/专题14 交变电流（知识清单）（全国通用）（学生版）.docx	014483e1fddda950	4537171	moved
2026年新高考资料(1)/一轮复习/2026年高考物理一轮复习知识清单（全国通用）/2026版/专题14 交变电流（知识清单）（全国通用）（教师版）.docx	3dbd6a7b5e19e63c	4672361	moved
2026年新高考资料(1)/一轮复习/2026年高考物理一轮复习知识清单（全国通用）/2026版/专题15 机械振动与机械波（知识清单）（全国通用）（学生版）.docx	db58c55dedc7e866	4831656	moved
2026年新高考资料(1)/一轮复习/2026年高考物理一轮复习知识清单（全国通用）/2026版/专题15 机械振动与机械波（知识清单）（全国通用）（教师版）.docx	567ef863fe1d453d	5125207	moved
2026年新高考资料(1)/一轮复习/2026年高考物理一轮复习知识清单（全国通用）/2026版/专题16 光学（知识清单）（全国通用）(教师版）.docx	fe04fef003296a3a	5996126	moved
2026年新高考资料(1)/一轮复习/2026年高考物理一轮复习知识清单（全国通用）/2026版/专题17 热学（知识清单）（全国通用）（学生版）.docx	a89be4059aa565eb	5998065	moved
2026年新高考资料(1)/一轮复习/2026年高考物理一轮复习知识清单（全国通用）/2026版/专题17 热学（知识清单）（全国通用）（教师版）.docx	13090233dd41aa8c	6124645	moved
2026年新高考资料(1)/一轮复习/2026年高考物理一轮复习知识清单（全国通用）/2026版/专题18 近代物理（知识清单）（全国通用）（学生版）.docx	3be4ac1632482e3a	4071342	moved
2026年新高考资料(1)/一轮复习/2026年高考物理一轮复习知识清单（全国通用）/2026版/专题18 近代物理（知识清单）（全国通用）（教师版）.docx	be1f8d64e42242c3	4198249	moved
2026年新高考资料(1)/一轮复习/2026年高考物理一轮复习知识清单（全国通用）/2026版/专题19 实验相关基础知识和实验仪器的原理及使用（知识清单）（全国通用）（学生版）.docx	b8d86ef589a41315	6246034	moved
2026年新高考资料(1)/一轮复习/2026年高考物理一轮复习知识清单（全国通用）/2026版/专题19 实验相关基础知识和实验仪器的原理及使用（知识清单）（全国通用）（教师版）.docx	7085a410e8a69825	6526688	moved
2026年新高考资料(1)/一轮复习/2026年高考物理一轮复习知识清单（全国通用）/2026版/专题20 力学实验（知识清单）（全国通用）（学生版）.docx	5fe46b8e921e6fb1	10088895	moved
2026年新高考资料(1)/一轮复习/2026年高考物理一轮复习知识清单（全国通用）/2026版/专题20 力学实验（知识清单）（全国通用）（教师版）.docx	f5412fbf9ea54c30	10387917	moved
2026年新高考资料(1)/一轮复习/2026年高考物理一轮复习知识清单（全国通用）/2026版/专题22 热学和光学实验（知识清单）（全国通用）（教师版）.docx	918bb638d94dc6d2	3107982	moved
2026年新高考资料(1)/一轮复习/2026年高考物理一轮复习精讲精练/资料/第5讲 专题强化一 追及和相遇问题-（讲义）（教师版）.docx	2ea3125330986f0d	1652525	moved
2026年新高考资料(1)/一轮复习/2026年高考物理一轮复习考点精讲精练（新高考通用）/2026版/第01讲 运动的描述（高效培优讲义）（教师版）.docx	0f0c90918dc85ac8	6396841	moved
2026年新高考资料(1)/一轮复习/2026年高考物理一轮复习考点精讲精练（新高考通用）/2026版/第03讲 运动图像和追及相遇问题（高效培优讲义）（教师版）.docx	93f763ac35d0fafc	3479169	moved
2026年新高考资料(1)/一轮复习/2026年高考物理一轮复习考点精讲精练（新高考通用）/2026版/第35讲 交变电流、电磁振荡与电磁波、传感器（高效培优讲义）（教师版）.docx	b367a47154a034fe	13088833	moved
2026年新高考资料(1)/一轮复习/2026年高考物理一轮复习考点精讲精练（新高考通用）/2026版/第36讲 机械振动（高效培优讲义）（教师版）.docx	9d7efd83c04a42bb	5933341	moved
2026年新高考资料(1)/一轮复习/2026年高考物理一轮复习考点精讲精练（新高考通用）/2026版/第38讲 光学（高效培优讲义）（教师版）.docx	0d84b7c410975cf8	9059244	moved
2026年新高考资料(1)/一轮复习/2026年高考物理一轮复习考点精讲精练（新高考通用）/2026版/第39讲 热学（高效培优讲义）（教师版）.docx	dee093b259ed29a6	7998582	moved
2026年新高考资料(1)/一轮复习/2026年高考物理一轮复习考点精讲精练（新高考通用）/2026版/第40讲 原子物理（高效培优讲义）（教师版）.docx	07e4eae5e8f67f7e	4347562	moved
2026年新高考资料(1)/一轮复习/2026年高考物理一轮复习讲义+练习+课件（新教材新高考）/2026版/第七章 动量守恒定律/第25讲 动量和动量定理（复习讲义）（全国通用）（教师版）.docx	601014675f9580ae	6077364	moved
2026年新高考资料(1)/一轮复习/2026年高考物理一轮复习讲义+练习+课件（新教材新高考）/2026版/第三章 运动与力的关系/第09讲 牛顿运动定律的理解及基本应用（复习讲义）（全国通用）（教师版）.docx	0bdd51023559892e	7854073	moved
2026年新高考资料(1)/一轮复习/2026年高考物理一轮复习讲义+练习+课件（新教材新高考）/2026版/第九章 静电场/第34讲 静电场中能的性质（复习讲义）（全国通用）（教师版）.docx	b8d63aab4bbc2f73	2689790	moved
2026年新高考资料(1)/一轮复习/2026年高考物理一轮复习讲义+练习+课件（新教材新高考）/2026版/第九章 静电场/第35讲 静电场中图像综合问题（复习讲义）（全国通用）（教师版）.docx	65da8ae1b75df061	1807679	moved
2026年新高考资料(1)/一轮复习/2026年高考物理一轮复习讲义+练习+课件（新教材新高考）/2026版/第九章 静电场/第36讲 电容器 带电粒子在电场中的直线运动（复习讲义）（全国通用）（教师版）.docx	3341503a46e8f2ee	2456575	moved
2026年新高考资料(1)/一轮复习/2026年高考物理一轮复习讲义+练习+课件（新教材新高考）/2026版/第八章 机械振动与机械波/第30讲 机械振动（复习讲义）（全国通用）（教师版）.docx	e9fc2dce72971895	6305351	moved
2026年新高考资料(1)/一轮复习/2026年高考物理一轮复习讲义+练习+课件（新教材新高考）/2026版/第八章 机械振动与机械波/第31讲 机械波（复习讲义）（全国通用）（教师版）.docx	cba680ca47fbf90b	11526132	moved
2026年新高考资料(1)/一轮复习/2026年高考物理一轮复习讲义+练习+课件（新教材新高考）/2026版/第十二章 电磁感应/第51讲 三定则、一定律的综合应用（复习讲义）（全国通用）（教师版）.docx	74b30f060cb9dc7b	4074508	moved
2026年新高考资料(1)/一轮复习/2026年高考物理一轮复习讲义+练习+课件（新教材新高考）/2026版/第十六章 近代物理/第67讲 原子结构和原子核（复习讲义）（全国通用）（教师版） .docx	84e9b3e4ba98a80a	1624315	moved
2026年新高考资料(1)/一轮复习/2026年高考物理一轮复习讲义+练习+课件（新教材新高考）/2026版/第十四章 光学 电磁波 相对论/第59讲 光的折射  全反射（复习讲义）（全国通用）（教师版）.docx	e817d538a60b41fe	5187200	moved
2026年新高考资料(1)/一轮复习/2026年高考物理一轮复习讲义+练习+课件（新教材新高考）/2026版/第四章 曲线运动/第15讲 圆周运动（复习讲义）（全国通用）（教师版）.docx	c931ac60b3f24e4f	16215681	moved
2026年新高考资料(1)/一轮复习/2026年高考物理一轮复习讲义·培优练习（新高考通用）/资料/第一章 第1课时　运动的描述（教师版）.docx	420e6832ddfdf58d	1298693	moved
2026年新高考资料(1)/一轮复习/2026年高考物理一轮复习讲义·培优练习（新高考通用）/资料/第九章　第49课时　专题强化：带电粒子在电场中的力电综合问题（学生版）.docx	89d302b7c3022a5b	1256321	moved
2026年新高考资料(1)/一轮复习/2026年高考物理一轮复习讲义·培优练习（新高考通用）/资料/第八章　第41课时　机械波（教师版）.docx	03441b0422839c76	1608848	moved
2026年新高考资料(1)/一轮复习/2026年高考物理一轮复习讲义·培优练习（新高考通用）/资料/第十章 第51课时　闭合电路的欧姆定律（教师版）.docx	b2ff6f79753db96a	1202494	moved
2026年新高考资料(1)/一轮复习/2026年高考物理一轮课件+讲义+练习（四川专用）/第01讲 运动的描述（复习讲义）（四川专用）（教师版） .docx	c25f2d51d83d9bd9	6132302	moved
2026年新高考资料(1)/一轮复习/2026年高考物理一轮课件+讲义+练习（四川专用）/第06讲 力的合成与分解（复习讲义）（四川专用）（教师版）.docx	b4a7359c079be95d	4632228	moved
2026年新高考资料(1)/一轮复习/2026年高考物理一轮课件+讲义+练习（四川专用）/第10讲 牛顿运动定律的综合运用（复习讲义）（四川专用）（教师版）.docx	76565faf5cff89b9	7232698	moved
2026年新高考资料(1)/一轮复习/2026年高考物理一轮课件+讲义+练习（四川专用）/第17讲 天体运动（复习讲义）（四川专用）（学生版）.docx	b8f8da82b1f0030a	3641855	moved
2026年新高考资料(1)/一轮复习/2026年高考物理一轮课件+讲义+练习（四川专用）/第18讲 功与功率 动能定理及应用（复习讲义）（四川专用）（教师版）.docx	0ace138d7466d6f0	4590333	moved
2026年新高考资料(1)/一轮复习/2026年高考物理一轮课件+讲义+练习（四川专用）/第22讲 动量和动量定理（复习讲义）（四川专用）（教师版）.docx	20fb8f193ded8a47	7935688	moved
2026年新高考资料(1)/一轮复习/2026年高考物理一轮课件+讲义+练习（四川专用）/第29讲 电场力的性质（复习讲义）（四川专用）（教师版）.docx	fe7e9b105b965cd9	8536707	moved
2026年新高考资料(1)/一轮复习/2026年高考物理一轮课件+讲义+练习（四川专用）/第33讲 电路的基本概念和规律 闭合电路欧姆定律（复习讲义）（四川专用）（教师版）.docx	8b64adb2eee195c7	6929514	moved
2026年新高考资料(1)/一轮复习/2026年高考物理一轮课件+讲义+练习（四川专用）/第38讲 磁场 磁场对电流和运动电荷的作用（复习讲义）（四川专用）（教师版）.docx	05b2c50e8aab2f4b	9538779	moved
2026年新高考资料(1)/一轮复习/2026年高考物理一轮课件+讲义+练习（四川专用）/第42讲 法拉第电磁感应定律 自感和涡流（复习讲义）（四川专用）（教师版）.docx	5a1bc9c70a5bfedd	6084461	moved
2026年新高考资料(1)/一轮复习/2026年高考物理一轮课件+讲义+练习（四川专用）/第45讲 交变电流 传感器（复习讲义）（四川专用）（教师版）.docx	1cfd3d3b38bcb61c	15766310	moved
2026年新高考资料(1)/一轮复习/2026年高考物理一轮课件+讲义+练习（四川专用）/第46讲 光学（复习讲义）（四川专用）（教师版）.docx	7ad066aa35a04299	10968847	moved
2026年新高考资料(1)/一轮复习/2026年高考物理一轮课件+讲义+练习（四川专用）/第48讲 热力学定律与能量守恒定律（复习讲义）（四川专用）（教师版）.docx	b734ba474dd3a12e	11196180	moved
2026年新高考资料(1)/一轮复习/2026年高考物理一轮课件+讲义+练习（四川专用）/第51讲 近代物理初步（复习讲义）（四川专用）（教师版）.docx	e04d5ac104a7145b	4257916	moved
2026年新高考资料(1)/一轮复习/2026年高考物理一轮课件+讲义+练习（安徽专用）/第07讲 牛顿运动定律的理解及基本应用（复习讲义）（安徽专用）（学生版）.docx	0da1fa06fc7d5d3f	4201029	moved
2026年新高考资料(1)/一轮复习/2026年高考物理一轮课件+讲义+练习（湖南专用）/第05讲  重力、弹力、摩擦力第（复习讲义）（湖南专用）（教师版）.docx	abb461c60036d479	4193185	moved
2026年新高考资料(1)/一轮复习/2026年高考物理一轮课件+讲义+练习（湖南专用）/第09讲  牛顿运动定律的理解及基本应用（复习讲义）（湖南专用）（教师版）.docx	bd0b05ff5d765b0f	3689644	moved
2026年新高考资料(1)/一轮复习/2026年高考物理一轮课件+讲义+练习（湖南专用）/第39讲 电路的基本概念及规律（复习讲义）（湖南专用）（教师版）.docx	a49ff24f2078c210	2508516	moved
2026年新高考资料(1)/一轮复习/2026年高考物理一轮课件+讲义+练习（湖南专用）/第62讲 光学实验（复习讲义）（湖南专用）（教师版）.docx	6557b0107d7c2aff	4692654	moved
2026年新高考资料(1)/一轮复习/2026年高考物理一轮课件+讲义+练习（湖南专用）/第63讲 热学基础（复习讲义）（湖南专用）（教师版）.docx	90d5818fa75be359	3567086	moved
2026年新高考资料(1)/一轮复习/2026年高考物理一轮课件+讲义+练习（福建专用）/第02讲 匀变速直线运动的规律（复习讲义）（福建专用）（教师版）.docx	a627fb8b7347dc1d	2395196	moved
2026年新高考资料(1)/一轮复习/2026年高考物理一轮课件+讲义+练习（福建专用）/第14讲 圆周运动（复习讲义）（福建专用）（教师版）.docx	a153411a095143c7	4070679	moved
2026年新高考资料(1)/一轮复习/2026年高考物理一轮课件+讲义+练习（福建专用）/第40讲 法拉第电磁感应定律（复习讲义）（福建专用）（学生版）.docx	e23fb92b9a867503	3435560	moved
2026年新高考资料(1)/一轮复习/2026年高考物理一轮课件+讲义+练习（福建专用）/第44讲 机械波（复习讲义）（福建专用）（学生版）.docx	2b5445741b56216b	3474885	moved
2026年新高考资料(1)/一轮复习/2026年高考物理一轮课件+讲义+练习（黑吉辽蒙专用）/第01讲 运动的描述（复习讲义）（黑吉辽蒙专用）（教师版）.docx	08af8af8c0cc896f	4728455	moved
2026年新高考资料(1)/一轮复习/2026年高考物理一轮课件+讲义+练习（黑吉辽蒙专用）/第02讲 匀变速直线运动的规律（复习讲义）（黑吉辽蒙专用）（教师版）.docx	d21354e6a26c7b62	5600240	moved
2026年新高考资料(1)/一轮复习/2026年高考物理一轮课件+讲义+练习（黑吉辽蒙专用）/第05讲 重力、弹力、摩擦力（复习讲义）（黑吉辽蒙专用）（教师版）.docx	99b0473517de7f66	4845517	moved
2026年新高考资料(1)/一轮复习/2026年高考物理一轮课件+讲义+练习（黑吉辽蒙专用）/第06讲 力的合成与分解（复习讲义）（黑吉辽蒙专用）（教师版）.docx	8a7000ceb35ce6a5	6933978	moved
2026年新高考资料(1)/一轮复习/2026年高考物理一轮课件+讲义+练习（黑吉辽蒙专用）/第10讲 牛顿第一定律 牛顿第二定律（复习讲义）（黑吉辽蒙专用）（教师版）.docx	a0599f86c722910c	3012806	moved
2026年新高考资料(1)/一轮复习/2026年高考物理一轮课件+讲义+练习（黑吉辽蒙专用）/第15讲 抛体运动（复习讲义）（黑吉辽蒙专用）（教师版）.docx	ecf265e284f9a04b	4642145	moved
2026年新高考资料(1)/一轮复习/2026年高考物理一轮课件+讲义+练习（黑吉辽蒙专用）/第16讲 圆周运动（复习讲义）（黑吉辽蒙专用）（教师版）.docx	fc4401024acc32e7	4912198	moved
2026年新高考资料(1)/一轮复习/2026年高考物理一轮课件+讲义+练习（黑吉辽蒙专用）/第20讲 功与功率（复习讲义）（黑吉辽专用）（教师版）.docx	8a0125b59520d1cf	3546856	moved
2026年新高考资料(1)/一轮复习/2026年高考物理一轮课件+讲义+练习（黑吉辽蒙专用）/第21讲 动能定理及其应用（复习讲义）（黑吉辽专用）（教师版）.docx	6b709acd7f4dec4c	3644012	moved
2026年新高考资料(1)/一轮复习/2026年高考物理一轮课件+讲义+练习（黑吉辽蒙专用）/第34讲 电场能的性质（复习讲义）（黑吉辽蒙专用）（教师版）.docx	0e24cd187663ddb9	3234426	moved
2026年新高考资料(1)/一轮复习/2026物理高考大一轮总复习讲义（全国）/资料/专题17机械能守恒定律及其验证学生版.docx	1015849580fa7d25	6453593	moved
2026年新高考资料(1)/一轮复习/【3】2026年高考物理一轮复习力学部分讲义人教版（新高考通用）/第03讲 高中受力分析方法讲义（思维导图+知识点+技巧方法+题型归纳+巩固练习）（新高考通用）-学生版.docx	98e78af4942ec4b2	11341749	moved
2026年新高考资料(1)/一轮复习/【6】2026届高中物理一轮总复习讲义+单元检测（适合印发给学生使用）/15.1 量子论 光子说 波粒二象性（教师版）.docx	6cca57e31db31718	1183680	moved
2026年新高考资料(1)/一轮复习/【6】2026届高中物理一轮总复习讲义+单元检测（适合印发给学生使用）/15.3 核衰变 放射线（教师版）.docx	219fdf7f4e566a17	1141529	moved
2026年新高考资料(1)/一轮复习/【6】2026届高中物理一轮总复习讲义+单元检测（适合印发给学生使用）/15.4 核能与核反应（教师版）.docx	3f1eab2532884fb0	1028889	moved
2026年新高考资料(1)/一轮复习/【7】2026年高三物理一轮复习学案/第二章  第2讲　摩擦力（教师版）.docx	2ab2e1170031f7d5	1739579	moved
2026年新高考资料(1)/专项复习/2026年高考物理热点知识讲练与题型归纳（全国通用）/资料/专题05 曲线运动（学生版）.docx	9fd173bc842b338a	3194313	moved
2026年新高考资料(1)/专项复习/2026年高考物理热点知识讲练与题型归纳（全国通用）/资料/专题24 法拉第电磁感应定律的理解及应用（教师版）.docx	d39450d540880719	2336901	moved
2026年新高考资料(1)/专项复习/【1】2026年高考物理强基第一章讲义/物理强基讲义-第一章1-2节.pdf	7d0f73490b78f3c7	1148908	moved
2026年新高考资料(1)/专项复习/【1】2026年高考物理强基第一章讲义/物理强基讲义-第一章3-4节.pdf	3c0dbf8a207f205d	1144507	moved
2026年新高考资料(1)/专项复习/【1】2026年高考物理强基第一章讲义/物理强基讲义-第一章5-6节.pdf	980606673fc5fa67	1147682	moved
2026年新高考资料(1)/二轮复习/2026年高考物理二轮复习课件+讲义+练习（全国通用）/知识·方法·能力清单/清单01 力学（知识·方法·能力清单）（全国通用）（原卷版）.docx	e2ab60cea07a7335	3542396	moved
2026年新高考资料(1)/二轮复习/2026年高考物理二轮复习课件+讲义+练习（全国通用）/知识·方法·能力清单/清单02 电磁学（知识·方法·能力清单）（全国通用）（原卷版）.docx	5944c6d1e58e33c0	3481754	moved
2026年新高考资料(1)/二轮复习/2026年高考物理二轮复习课件+讲义+练习（全国通用）/知识·方法·能力清单/清单03 热学、光学和近代物理学（知识·方法·能力清单）（全国通用）（原卷版） .docx	4bf7a18aa5abd077	2672874	moved
2026年新高考资料(1)/二轮复习/2026版物理二轮复习/2026版物理 复习讲义扫描版【通用版】/物理大二轮【专题复习】.pdf	ccc50e89f454cbdf	116691021	moved
2026年新高考资料(1)/二轮复习/2026高考物理二轮课件/高考总复习二轮物理PPT课件/配套课件/第一编 核心专题突破/专题1力与运动/第3讲　抛体运动.pptx	4c1c5badbb7bef7c	5443816	moved
2026年新高考资料(3)/一轮复习/2026年高三化学一轮复习讲义（新高考通用）/资料/第一章　第1讲　物质的组成、性质和转化（学生版）.docx	6c9042c1d548e769	1886269	moved
2026年新高考资料(3)/一轮复习/2026年高三化学一轮复习讲义（新高考通用）/资料/第一章　第2讲　离子反应　离子方程式（学生版）.docx	3b418db1a73f5f54	2015157	moved
2026年新高考资料(3)/一轮复习/2026年高三化学一轮复习讲义（新高考通用）/资料/第一章　第3讲　与量有关的离子方程式的书写（学生版）.docx	de4d2df844d61290	2083819	moved
2026年新高考资料(3)/一轮复习/2026年高三化学一轮复习讲义（新高考通用）/资料/第一章　第4讲　氧化还原反应的概念和规律（学生版）.docx	0613843cbea51cdf	3649368	moved
2026年新高考资料(3)/一轮复习/2026年高三化学一轮复习讲义（新高考通用）/资料/第一章　第5讲　氧化还原反应方程式的配平及计算（学生版）.docx	4b889698457b2c22	2538602	moved
2026年新高考资料(3)/一轮复习/2026年高三化学一轮复习讲义（新高考通用）/资料/第七章　第31讲　化学键及分类（学生版）.docx	49aa9fde68206d41	3689843	moved
2026年新高考资料(3)/一轮复习/2026年高三化学一轮复习讲义（新高考通用）/资料/第七章　第32讲　价层电子对互斥模型　杂化轨道理论（学生版）.docx	b1ae3525e28d26b4	4403495	moved
2026年新高考资料(3)/一轮复习/2026年高三化学一轮复习讲义（新高考通用）/资料/第七章　第32讲　价层电子对互斥模型　杂化轨道理论（教师版）.docx	f2ed956261b98f56	1265961	moved
2026年新高考资料(3)/一轮复习/2026年高三化学一轮复习讲义（新高考通用）/资料/第七章　第33讲　分子的性质　配合物与超分子（学生版）.docx	9930acd1504adb6b	1425703	moved
2026年新高考资料(3)/一轮复习/2026年高三化学一轮复习讲义（新高考通用）/资料/第七章　第33讲　分子的性质　配合物与超分子（教师版）.docx	1e2a57fdcb24c9a5	1467015	moved
2026年新高考资料(3)/一轮复习/2026年高三化学一轮复习讲义（新高考通用）/资料/第三章 第10讲 仪器的组合与气体体积的测定（学生版）.docx	17050a8ecd9f8e0f	6923157	moved
2026年新高考资料(3)/一轮复习/2026年高三化学一轮复习讲义（新高考通用）/资料/第三章 第11讲 物质的分离与提纯　常见离子的检验（学生版）.docx	62789fb226a1668d	2007096	moved
2026年新高考资料(3)/一轮复习/2026年高三化学一轮复习讲义（新高考通用）/资料/第二章 第6讲 物质的量（学生版）.docx	9baaacf526cd549a	1742789	moved
2026年新高考资料(3)/一轮复习/2026年高三化学一轮复习讲义（新高考通用）/资料/第二章 第7讲 物质的量浓度计算及溶液配制（学生版）.docx	d2fd20003d9f0c8b	2562920	moved
2026年新高考资料(3)/一轮复习/2026年高三化学一轮复习讲义（新高考通用）/资料/第二章 第8讲 化学计算的常用方法（学生版）.docx	fd3b8660345c339e	1719285	moved
2026年新高考资料(3)/一轮复习/2026年高三化学一轮复习讲义（新高考通用）/资料/第五章 第19讲 氯及其重要化合物（学生版）.docx	4790b871d4beda57	6518791	moved
2026年新高考资料(3)/一轮复习/2026年高三化学一轮复习讲义（新高考通用）/资料/第五章 第20讲 卤素　氯及其化合物的转化关系（学生版）.docx	6a500d22b30bdc99	4311671	moved
2026年新高考资料(3)/一轮复习/2026年高三化学一轮复习讲义（新高考通用）/资料/第五章 第21讲 硫及其化合物（学生版）.docx	1ee2ff9346d0b4b0	4169017	moved
2026年新高考资料(3)/一轮复习/2026年高三化学一轮复习讲义（新高考通用）/资料/第五章 第22讲 硫及其化合物的相互转化（学生版）.docx	f94efb9fdcd0bdaf	2163719	moved
2026年新高考资料(3)/一轮复习/2026年高三化学一轮复习讲义（新高考通用）/资料/第五章 第23讲 氮及其氧化物　硝酸（学生版）.docx	e4570324045e1e58	1565929	moved
2026年新高考资料(3)/一轮复习/2026年高三化学一轮复习讲义（新高考通用）/资料/第五章 第24讲 氨　铵盐（学生版）.docx	f58899dabccaf594	1914346	moved
2026年新高考资料(3)/一轮复习/2026年高三化学一轮复习讲义（新高考通用）/资料/第五章 第25讲 常见气体的实验室制备、净化和收集（学生版）.docx	9b11cce9e48fd27c	1809986	moved
2026年新高考资料(3)/一轮复习/2026年高三化学一轮复习讲义（新高考通用）/资料/第五章 第26讲 碳、硅　无机非金属材料（学生版）.docx	14aef67f32d2e053	1530429	moved
2026年新高考资料(3)/一轮复习/2026年高三化学一轮复习讲义（新高考通用）/资料/第五章 第27讲 “硒、碲、磷、砷”及其化合物的制备（学生版）.docx	041bf5b0375f688b	1547986	moved
2026年新高考资料(3)/一轮复习/2026年高三化学一轮复习讲义（新高考通用）/资料/第六章 第28讲　原子结构　核外电子排布规律（学生版）.docx	2a3696e13a61643b	2116813	moved
2026年新高考资料(3)/一轮复习/2026年高三化学一轮复习讲义（新高考通用）/资料/第六章 第29讲　元素周期表　元素的性质（学生版）.docx	32d9b408b542825a	7605689	moved
2026年新高考资料(3)/一轮复习/2026年高三化学一轮复习讲义（新高考通用）/资料/第六章 第30讲　元素推断与元素性质（学生版）.docx	becc6cbf21e3cb79	3874585	moved
2026年新高考资料(3)/一轮复习/2026年高三化学一轮复习讲义（新高考通用）/资料/第四章 第12讲 钠及其重要化合物（学生版）.docx	f92c085ef2c83a32	1714415	moved
2026年新高考资料(3)/一轮复习/2026年高三化学一轮复习讲义（新高考通用）/资料/第四章 第13讲 碱金属　钠及其重要化合物的转化（学生版）.docx	3d6177bbded9cdc2	1561663	moved
2026年新高考资料(3)/一轮复习/2026年高三化学一轮复习讲义（新高考通用）/资料/第四章 第13讲 碱金属　钠及其重要化合物的转化（教师版）.docx	99a1d9257aea7e2f	1577625	moved
2026年新高考资料(3)/一轮复习/2026年高三化学一轮复习讲义（新高考通用）/资料/第四章 第14讲 铁及其重要化合物（学生版）.docx	af4296a0c0fea1d3	1635046	moved
2026年新高考资料(3)/一轮复习/2026年高三化学一轮复习讲义（新高考通用）/资料/第四章 第15讲 铁及其化合物转化关系（学生版）.docx	7af7f8ac24858b06	1588012	moved
2026年新高考资料(3)/一轮复习/2026年高三化学一轮复习讲义（新高考通用）/资料/第四章 第16讲 镁、铝及其化合物（学生版）.docx	d35019a708e44095	1582850	moved
2026年新高考资料(3)/一轮复习/2026年高三化学一轮复习讲义（新高考通用）/资料/第四章 第18讲 “V、Cr、Mn、Co”等过渡金属化合物的制备流程（学生版）.docx	53115c1a743bf62b	1300396	moved
2026年新高考资料(3)/一轮复习/2026年高考化学一轮复习·知识清单（新高考通用）/资料/第10讲　氯及其化合物　卤素（学生版）.docx	ba371ddcc247b006	1448685	moved
2026年新高考资料(3)/一轮复习/2026年高考化学一轮复习·知识清单（新高考通用）/资料/第11讲　硫及其化合物（学生版）.docx	edaf5cb7e5ffc6f5	2493799	moved
2026年新高考资料(3)/一轮复习/2026年高考化学一轮复习·知识清单（新高考通用）/资料/第12讲　氮及其化合物（学生版）.docx	336bef69c3f0abe5	2140023	moved
2026年新高考资料(3)/一轮复习/2026年高考化学一轮复习·知识清单（新高考通用）/资料/第15讲　物质的除杂、检验与实验评价（学生版）.docx	52c7ddfaf8aa8ea9	3753073	moved
2026年新高考资料(3)/一轮复习/2026年高考化学一轮复习·知识清单（新高考通用）/资料/第16讲　化学综合实验（学生版）.docx	0090e9f1c183684b	3123809	moved
2026年新高考资料(3)/一轮复习/2026年高考化学一轮复习·知识清单（新高考通用）/资料/第17讲 反应热　盖斯定律（学生版）.docx	19449307360bc214	6437054	moved
2026年新高考资料(3)/一轮复习/2026年高考化学一轮复习·知识清单（新高考通用）/资料/第18讲 原电池及其应用（学生版）.docx	7bca323a777dfc67	7516845	moved
2026年新高考资料(3)/一轮复习/2026年高考化学一轮复习·知识清单（新高考通用）/资料/第19讲 电解池及其应用（学生版）.docx	0d44cc67ce30a866	6940540	moved
2026年新高考资料(3)/一轮复习/2026年高考化学一轮复习·知识清单（新高考通用）/资料/第1讲　物质的分类　物质的量（学生版）.docx	fb3a9efec3431058	2505625	moved
2026年新高考资料(3)/一轮复习/2026年高考化学一轮复习·知识清单（新高考通用）/资料/第20讲　化学反应速率（学生版）.docx	f1ad7a1a6b9da046	6427812	moved
2026年新高考资料(3)/一轮复习/2026年高考化学一轮复习·知识清单（新高考通用）/资料/第22讲　化学平衡的移动（学生版）.docx	e31d8f9d931c8b81	2994791	moved
2026年新高考资料(3)/一轮复习/2026年高考化学一轮复习·知识清单（新高考通用）/资料/第24讲　盐类的水解（学生版）.docx	bfa793f820f3aaea	4191493	moved
2026年新高考资料(3)/一轮复习/2026年高考化学一轮复习·知识清单（新高考通用）/资料/第25讲　难溶电解质的溶解平衡（学生版）.docx	16245546bb5bcfc0	3251455	moved
2026年新高考资料(3)/一轮复习/2026年高考化学一轮复习·知识清单（新高考通用）/资料/第26讲 化学工艺流程（学生版）.docx	d4c4a1d5fba06818	5226700	moved
2026年新高考资料(3)/一轮复习/2026年高考化学一轮复习·知识清单（新高考通用）/资料/第27讲 烃（学生版）.docx	dd384d27023b0f47	3101898	moved
2026年新高考资料(3)/一轮复习/2026年高考化学一轮复习·知识清单（新高考通用）/资料/第29讲 糖类　油脂　蛋白质　高分子材料（学生版）.docx	6143ab95b20de4c7	4298760	moved
2026年新高考资料(3)/一轮复习/2026年高考化学一轮复习·知识清单（新高考通用）/资料/第2讲　氧化还原反应（学生版）.docx	d5d28ff5f4030617	3520244	moved
2026年新高考资料(3)/一轮复习/2026年高考化学一轮复习·知识清单（新高考通用）/资料/第30讲 有机物推断与合成（学生版）.docx	2f750c7d8c0ec5c6	13801626	moved
2026年新高考资料(3)/一轮复习/2026年高考化学一轮复习·知识清单（新高考通用）/资料/第3讲　离子反应（学生版）.docx	b78563ecd8139667	1582795	moved
2026年新高考资料(3)/一轮复习/2026年高考化学一轮复习·知识清单（新高考通用）/资料/第4讲　元素周期表与电子排布（学生版）.docx	badaa15b47f76b2b	1676214	moved
2026年新高考资料(3)/一轮复习/2026年高考化学一轮复习·知识清单（新高考通用）/资料/第5讲　化学键与分子的性质（学生版）.docx	4885e7b36e02d9f2	2559345	moved
2026年新高考资料(3)/一轮复习/2026年高考化学一轮复习·知识清单（新高考通用）/资料/第6讲　晶体　配合物（学生版）.docx	0d09b47c28156136	2304875	moved
2026年新高考资料(3)/一轮复习/2026年高考化学一轮复习·知识清单（新高考通用）/资料/第7讲　钠及其化合物（学生版）.docx	6081355d265485d5	1586850	moved
2026年新高考资料(3)/一轮复习/2026年高考化学一轮复习·知识清单（新高考通用）/资料/第8讲　铁及其化合物（学生版）.docx	dea6207c14639ce7	1362171	moved
2026年新高考资料(3)/一轮复习/2026年高考化学一轮复习·知识清单（新高考通用）/资料/第9讲　镁、铝、铜及其化合物（学生版）.docx	2f92c25c8968c7d7	2259981	moved
2026年新高考资料(3)/一轮复习/2026年高考化学一轮复习举一反三（新高考通用）/资料/2026版/第01讲  物质的分类及转化（举一反三讲义）（学生版）.docx	10b141e847c7121b	3131895	moved
2026年新高考资料(3)/一轮复习/2026年高考化学一轮复习举一反三（新高考通用）/资料/2026版/第01讲 元素周期表、元素周期律（举一反三讲义）（学生版）.docx	bec8dcd890be37f9	1605484	moved
2026年新高考资料(3)/一轮复习/2026年高考化学一轮复习举一反三（新高考通用）/资料/2026版/第01讲 化学反应速率及其影响因素（举一反三讲义）（学生版）.docx	5dd249051f112ddc	3424447	moved
2026年新高考资料(3)/一轮复习/2026年高考化学一轮复习举一反三（新高考通用）/资料/2026版/第01讲 氯及其重要化合物（举一反三讲义）（学生版）.docx	c94f213d5f881409	2821309	moved
2026年新高考资料(3)/一轮复习/2026年高考化学一轮复习举一反三（新高考通用）/资料/2026版/第01讲 电离平衡（举一反三讲义，6大题型）（学生版）.docx	5a11d70d3530173f	3670350	moved
2026年新高考资料(3)/一轮复习/2026年高考化学一轮复习举一反三（新高考通用）/资料/2026版/第01讲 钠及其重要化合物（举一反三讲义）（学生版）.docx	7fc7b1b78b69ca21	1719684	moved
2026年新高考资料(3)/一轮复习/2026年高考化学一轮复习举一反三（新高考通用）/资料/2026版/第02讲 化学平衡状态、化学平衡的移动（举一反三讲义）（学生版）.docx	10e1a2b5124b89c8	3081198	moved
2026年新高考资料(3)/一轮复习/2026年高考化学一轮复习举一反三（新高考通用）/资料/2026版/第02讲 水的电离和溶液的酸碱性（举一反三讲义，11大题型）（学生版）.docx	9eda1f8e115a6217	2269250	moved
2026年新高考资料(3)/一轮复习/2026年高考化学一轮复习举一反三（新高考通用）/资料/2026版/第02讲 物质的量浓度（举一反三讲义）（学生版）.docx	e3d1ad8ef24b24c9	1434452	moved
2026年新高考资料(3)/一轮复习/2026年高考化学一轮复习举一反三（新高考通用）/资料/2026版/第02讲 硫及其重要化合物（举一反三讲义）（学生版）.docx	438257912847103f	2862561	moved
2026年新高考资料(3)/一轮复习/2026年高考化学一轮复习举一反三（新高考通用）/资料/2026版/第02讲 离子反应（举一反三讲义）（学生版）.docx	226391823fa3415d	1931679	moved
2026年新高考资料(3)/一轮复习/2026年高考化学一轮复习举一反三（新高考通用）/资料/2026版/第02讲 铁及其重要化合物（举一反三讲义）（学生版）.docx	9ae6864392096e87	3361839	moved
2026年新高考资料(3)/一轮复习/2026年高考化学一轮复习举一反三（新高考通用）/资料/2026版/第03讲 氧化还原反应（举一反三讲义）（学生版）.docx	ef44e23ea3a91c0f	2182909	moved
2026年新高考资料(3)/一轮复习/2026年高考化学一轮复习举一反三（新高考通用）/资料/2026版/第03讲 氮及其重要化合物（举一反三讲义）（学生版）.docx	bbe56a990cd38782	2974842	moved
2026年新高考资料(3)/一轮复习/2026年高考化学一轮复习举一反三（新高考通用）/资料/2026版/第03讲 铝及其重要化合物（举一反三讲义）（学生版）.docx	07e1301a94bdd57c	4646467	moved
2026年新高考资料(3)/一轮复习/2026年高考化学一轮复习举一反三（新高考通用）/资料/2026版/第04讲  金属材料及金属矿物的开发利用（举一反三讲义）（学生版）.docx	2a2e4dc454676f30	2899361	moved
2026年新高考资料(3)/一轮复习/2026年高考化学一轮复习举一反三（新高考通用）/资料/2026版/第04讲 晶体结构与性质（举一反三讲义）（学生版）.docx	fdcb0134f8ac912d	4093859	moved
2026年新高考资料(3)/一轮复习/2026年高考化学一轮复习举一反三（新高考通用）/资料/2026版/第04讲 沉淀溶解平衡（举一反三讲义，7大题型）（学生版）.docx	e9e79c6e32aa237a	2594492	moved
2026年新高考资料(3)/一轮复习/2026年高考化学一轮复习举一反三（新高考通用）/资料/2026版/第04讲 电化学原理的综合应用（举一反三讲义）（学生版）.docx	98d90e1877044a8e	3980696	moved
2026年新高考资料(3)/一轮复习/2026年高考化学一轮复习举一反三（新高考通用）/资料/2026版/第04讲 碳、硅及无机非金属材料（举一反三讲义）（学生版）.docx	3323ef6af9f973bd	3022692	moved
2026年新高考资料(3)/一轮复习/2026年高考化学一轮复习举一反三（新高考通用）/资料/2026版/第05讲 化学反应速率与化学平衡图像（举一反三讲义，8大题型）（原卷版）.docx	1665452f95b5da47	3610458	moved
2026年新高考资料(3)/一轮复习/2026年高考化学一轮复习举一反三（新高考通用）/资料/2026版/第05讲 工业流程题解题策略（举一反三讲义，8大题型）（学生版）.docx	9d8135c312decd84	6028541	moved
2026年新高考资料(3)/一轮复习/2026年高考化学一轮复习知识清单（全国通用）/2026版/专题01 元素周期表 元素周期律（知识清单）（全国通用）（学生版）.docx	0bff16e53195dcf0	1785748	moved
2026年新高考资料(3)/一轮复习/2026年高考化学一轮复习知识清单（全国通用）/2026版/专题01 元素周期表 元素周期律（知识清单）（全国通用）（教师版）.docx	0912da8d6720b802	1811118	moved
2026年新高考资料(3)/一轮复习/2026年高考化学一轮复习知识清单（全国通用）/2026版/专题01 化学反应的热效应（知识清单）（全国通用）（学生版）.docx	2a5ec832d97c7b34	1910874	moved
2026年新高考资料(3)/一轮复习/2026年高考化学一轮复习知识清单（全国通用）/2026版/专题01 化学反应的热效应（知识清单）（全国通用）（教师版）.docx	1ab39575e49697b9	1994866	moved
2026年新高考资料(3)/一轮复习/2026年高考化学一轮复习知识清单（全国通用）/2026版/专题01 化学反应速率及其影响因素（知识清单）（全国通用）（学生版）.docx	a737e58a2e0fc781	2793591	moved
2026年新高考资料(3)/一轮复习/2026年高考化学一轮复习知识清单（全国通用）/2026版/专题01 化学反应速率及其影响因素（知识清单）（全国通用）（教师版）.docx	684149aa0d89b19a	2818231	moved
2026年新高考资料(3)/一轮复习/2026年高考化学一轮复习知识清单（全国通用）/2026版/专题01 氯及其化合物（知识清单）（全国通用）（学生版）.docx	fcd9343a91b6993d	2538954	moved
2026年新高考资料(3)/一轮复习/2026年高考化学一轮复习知识清单（全国通用）/2026版/专题01 物质及其变化（知识清单）（全国通用）（学生版）.docx	1fcf31f877508774	1835007	moved
2026年新高考资料(3)/一轮复习/2026年高考化学一轮复习知识清单（全国通用）/2026版/专题01 物质及其变化（知识清单）（全国通用）（教师版）.docx	6c1dab4bee435a19	1893612	moved
2026年新高考资料(3)/一轮复习/2026年高考化学一轮复习知识清单（全国通用）/2026版/专题01 物质的量（知识清单）（全国通用）（学生版）.docx	b245a25286b6d3ec	1976645	moved
2026年新高考资料(3)/一轮复习/2026年高考化学一轮复习知识清单（全国通用）/2026版/专题01 电离平衡（知识清单）（全国通用）（学生版）.docx	b53a4119c5818846	1808074	moved
2026年新高考资料(3)/一轮复习/2026年高考化学一轮复习知识清单（全国通用）/2026版/专题01 钠及其重要化合物（知识清单）（全国通用）（教师版）.docx	b97f633b1d0d9c58	1817143	moved
2026年新高考资料(3)/一轮复习/2026年高考化学一轮复习知识清单（全国通用）/2026版/专题02 化学平衡状态 化学平衡的移动（知识清单）（全国通用）（学生版）.docx	b2696fd58c41beb5	2232688	moved
2026年新高考资料(3)/一轮复习/2026年高考化学一轮复习知识清单（全国通用）/2026版/专题02 原子结构与性质（知识清单）（全国通用）（学生版）.docx	92a3c3951c423762	1589475	moved
2026年新高考资料(3)/一轮复习/2026年高考化学一轮复习知识清单（全国通用）/2026版/专题02 原电池、化学电源（知识清单）（全国通用）（学生版）.docx	5c13a0074352d6bf	2266067	moved
2026年新高考资料(3)/一轮复习/2026年高考化学一轮复习知识清单（全国通用）/2026版/专题02 水的电离和溶液的酸碱性（知识清单）（全国通用）（学生版）.docx	2307f667fc58a79a	2087688	moved
2026年新高考资料(3)/一轮复习/2026年高考化学一轮复习知识清单（全国通用）/2026版/专题02 水的电离和溶液的酸碱性（知识清单）（全国通用）（教师版）.docx	53494ce8f8749325	2251606	moved
2026年新高考资料(3)/一轮复习/2026年高考化学一轮复习知识清单（全国通用）/2026版/专题02 硫及其化合物（知识清单）（全国通用）（学生版）.docx	d999e3b5df88a472	2102368	moved
2026年新高考资料(3)/一轮复习/2026年高考化学一轮复习知识清单（全国通用）/2026版/专题02 硫及其化合物（知识清单）（全国通用）（教师版）.docx	dc9a97d39491b5c0	2134295	moved
2026年新高考资料(3)/一轮复习/2026年高考化学一轮复习知识清单（全国通用）/2026版/专题02 离子反应（知识清单）（全国通用）（学生版）.docx	d35894fed8d4d94c	2147519	moved
2026年新高考资料(3)/一轮复习/2026年高考化学一轮复习知识清单（全国通用）/2026版/专题02 铁及其重要化合物（知识清单）（全国通用）（学生版）.docx	9851e657cdb0cdf5	2183995	moved
2026年新高考资料(3)/一轮复习/2026年高考化学一轮复习知识清单（全国通用）/2026版/专题02 铁及其重要化合物（知识清单）（全国通用）（教师版）.docx	1861c94ef308488a	2205764	moved
2026年新高考资料(3)/一轮复习/2026年高考化学一轮复习知识清单（全国通用）/2026版/专题03 化学平衡常数及相关计算（知识清单）（全国通用）（学生版）.docx	65413caad15b0538	2252784	moved
2026年新高考资料(3)/一轮复习/2026年高考化学一轮复习知识清单（全国通用）/2026版/专题03 化学平衡常数及相关计算（知识清单）（全国通用）（教师版）.docx	2d886f821da4b039	2284205	moved
2026年新高考资料(3)/一轮复习/2026年高考化学一轮复习知识清单（全国通用）/2026版/专题03 化学键 分子结构与性质（知识清单）（全国通用）（学生版）.docx	c98d54868a87fc82	2383692	moved
2026年新高考资料(3)/一轮复习/2026年高考化学一轮复习知识清单（全国通用）/2026版/专题03 化学键 分子结构与性质（知识清单）（全国通用）（教师版）.docx	25ab4fbfee4a1756	2509538	moved
2026年新高考资料(3)/一轮复习/2026年高考化学一轮复习知识清单（全国通用）/2026版/专题03 氧化还原反应（知识清单）（全国通用）（学生版）.docx	fbb9719746098d38	2016217	moved
2026年新高考资料(3)/一轮复习/2026年高考化学一轮复习知识清单（全国通用）/2026版/专题03 氧化还原反应（知识清单）（全国通用）（教师版）.docx	5c72019d2d7e296b	2140748	moved
2026年新高考资料(3)/一轮复习/2026年高考化学一轮复习知识清单（全国通用）/2026版/专题03 氮及其化合物（知识清单）（全国通用）（学生版）.docx	a6a5832d4d2f1e1e	2726688	moved
2026年新高考资料(3)/一轮复习/2026年高考化学一轮复习知识清单（全国通用）/2026版/专题03 氮及其化合物（知识清单）（全国通用）（教师版）.docx	a72198dd7b2af8fe	3014203	moved
2026年新高考资料(3)/一轮复习/2026年高考化学一轮复习知识清单（全国通用）/2026版/专题03 电解池、金属的腐蚀与防护（知识清单）（全国通用）（学生版）.docx	5063e5466f5e8f6b	2296568	moved
2026年新高考资料(3)/一轮复习/2026年高考化学一轮复习知识清单（全国通用）/2026版/专题03 电解池、金属的腐蚀与防护（知识清单）（全国通用）（教师版）.docx	f951cd3ff521caf8	2348311	moved
2026年新高考资料(3)/一轮复习/2026年高考化学一轮复习知识清单（全国通用）/2026版/专题03 盐类的水解（知识清单）（全国通用）（学生版）.docx	3cf00cab5ea858b8	1516454	moved
2026年新高考资料(3)/一轮复习/2026年高考化学一轮复习知识清单（全国通用）/2026版/专题03 盐类的水解（知识清单）（全国通用）（教师版）.docx	39961f04a8dc0f4e	1660037	moved
2026年新高考资料(3)/一轮复习/2026年高考化学一轮复习知识清单（全国通用）/2026版/专题03 铝及其重要化合物（知识清单）（全国通用）（学生版）.docx	3646257ea00e7bd0	1615336	moved
2026年新高考资料(3)/一轮复习/2026年高考化学一轮复习知识清单（全国通用）/2026版/专题03 铝及其重要化合物（知识清单）（全国通用）（教师版）.docx	95d18750053e4686	1633894	moved
2026年新高考资料(3)/一轮复习/2026年高考化学一轮复习知识清单（全国通用）/2026版/专题04 化学反应的方向 化学反应的调控（知识清单）（全国通用）（学生版）.docx	f928d5f953eed71f	1527044	moved
2026年新高考资料(3)/一轮复习/2026年高考化学一轮复习知识清单（全国通用）/2026版/专题04 化学反应的方向 化学反应的调控（知识清单）（全国通用）（教师版）.docx	d30be430160006c3	1551634	moved
2026年新高考资料(3)/一轮复习/2026年高考化学一轮复习知识清单（全国通用）/2026版/专题04 晶体结构与性质（知识清单）（全国通用）（学生版）.docx	c1d510fac5dd9185	3182845	moved
2026年新高考资料(3)/一轮复习/2026年高考化学一轮复习知识清单（全国通用）/2026版/专题04 碳、硅及无机非金属材料（知识清单）（全国通用）（学生版）.docx	dd075edb412912d6	1565030	moved
2026年新高考资料(3)/一轮复习/2026年高考化学一轮复习知识清单（全国通用）/2026版/专题04 金属材料及金属矿物的开发利用（知识清单）（全国通用）（学生版）.docx	53496cbb1dc36aeb	1923934	moved
2026年新高考资料(3)/一轮复习/2026年高考化学一轮复习知识清单（全国通用）/2026版/专题04 金属材料及金属矿物的开发利用（知识清单）（全国通用）（教师版）.docx	93b6a071df5c3a44	1937869	moved
2026年新高考资料(3)/一轮复习/2026年高考化学一轮复习知识清单（全国通用）/2026版/专题05 化学反应速率和化学平衡图像（知识清单）（全国通用）（学生版）.docx	cb58bd6e62d4fd24	2339330	moved
2026年新高考资料(3)/一轮复习/2026年高考化学一轮复习知识清单（全国通用）/2026版/专题05 化学反应速率和化学平衡图像（知识清单）（全国通用）（教师版）.docx	524c71fd8aeeed77	2650145	moved
2026年新高考资料(3)/一轮复习/2026年高考化学一轮复习考点精讲精练（新高考通用）/2026版/专题01  元素周期表  元素周期律（高效培优讲义）（学生版）.docx	e97ce857cae89802	3419937	moved
2026年新高考资料(3)/一轮复习/2026年高考化学一轮复习考点精讲精练（新高考通用）/2026版/专题01  元素周期表  元素周期律（高效培优讲义）（教师版）.docx	b88e1c6b1c1305e1	3921755	moved
2026年新高考资料(3)/一轮复习/2026年高考化学一轮复习考点精讲精练（新高考通用）/2026版/专题01  化学反应的热效应（高效培优讲义）（学生版）.docx	dff1c6bd9984ad0a	8376034	moved
2026年新高考资料(3)/一轮复习/2026年高考化学一轮复习考点精讲精练（新高考通用）/2026版/专题01  物质的量  气体摩尔体积（高效培优讲义）（学生版）.docx	5182f6c540ba24d9	2395816	moved
2026年新高考资料(3)/一轮复习/2026年高考化学一轮复习考点精讲精练（新高考通用）/2026版/专题01  钠及其重要化合物（高效培优讲义）（学生版）.docx	1f0f5363087e736c	11856643	moved
2026年新高考资料(3)/一轮复习/2026年高考化学一轮复习考点精讲精练（新高考通用）/2026版/专题01 化学反应速率及其影响因素（高效培优讲义）（学生版）.docx	5f52db343b2ead88	19469227	moved
2026年新高考资料(3)/一轮复习/2026年高考化学一轮复习考点精讲精练（新高考通用）/2026版/专题01 氯及其重要化合物（高效培优讲义）（学生版）.docx	97177cf35673ee36	6427771	moved
2026年新高考资料(3)/一轮复习/2026年高考化学一轮复习考点精讲精练（新高考通用）/2026版/专题01 物质的分类及转化（高效培优讲义）（学生版）.docx	c68706eb8996cf1e	3053183	moved
2026年新高考资料(3)/一轮复习/2026年高考化学一轮复习考点精讲精练（新高考通用）/2026版/专题01 物质的分类及转化（高效培优讲义）（教师版）.docx	37bf91cef5ed2803	13598369	moved
2026年新高考资料(3)/一轮复习/2026年高考化学一轮复习考点精讲精练（新高考通用）/2026版/专题02  原子结构与性质（高效培优讲义）（学生版）.docx	72299105884a87a9	3302668	moved
2026年新高考资料(3)/一轮复习/2026年高考化学一轮复习考点精讲精练（新高考通用）/2026版/专题02  原电池 新型电源（高效培优讲义）（学生版）.docx	9a1444abd2483b63	7656401	moved
2026年新高考资料(3)/一轮复习/2026年高考化学一轮复习考点精讲精练（新高考通用）/2026版/专题02  物质的量浓度（高效培优讲义）（学生版）.docx	38d8130e53117c83	8085910	moved
2026年新高考资料(3)/一轮复习/2026年高考化学一轮复习考点精讲精练（新高考通用）/2026版/专题02  铁及其重要化合物（高效培优讲义）（学生版）.docx	a168bc360aadb73c	11543476	moved
2026年新高考资料(3)/一轮复习/2026年高考化学一轮复习考点精讲精练（新高考通用）/2026版/专题02 化学平衡状态、化学平衡的移动（高效培优讲义）（学生版）.docx	01332c97bae10152	6188860	moved
2026年新高考资料(3)/一轮复习/2026年高考化学一轮复习考点精讲精练（新高考通用）/2026版/专题02 化学平衡状态、化学平衡的移动（高效培优讲义）（教师版）.docx	46dc7336b34bc3af	7570005	moved
2026年新高考资料(3)/一轮复习/2026年高考化学一轮复习考点精讲精练（新高考通用）/2026版/专题02 硫及其重要化合物（高效培优讲义）（学生版）.docx	331d63f4fce378e7	4637407	moved
2026年新高考资料(3)/一轮复习/2026年高考化学一轮复习考点精讲精练（新高考通用）/2026版/专题02 离子反应  离子方程式（高效培优讲义）（学生版）.docx	66c1130fd237b779	3735996	moved
2026年新高考资料(3)/一轮复习/2026年高考化学一轮复习考点精讲精练（新高考通用）/2026版/专题02 离子反应  离子方程式（高效培优讲义）（教师版）.docx	6961f927e6d96cf0	4427817	moved
2026年新高考资料(3)/一轮复习/2026年高考化学一轮复习考点精讲精练（新高考通用）/2026版/专题03  分子结构与性质  化学键（高效培优讲义）（学生版）.docx	6fdb2fc6efe3b2a7	5001600	moved
2026年新高考资料(3)/一轮复习/2026年高考化学一轮复习考点精讲精练（新高考通用）/2026版/专题03  物质的量在化学方程式计算中的应用（高效培优讲义）（学生版）.docx	f7ec5e28ad9748ba	2507262	moved
2026年新高考资料(3)/一轮复习/2026年高考化学一轮复习考点精讲精练（新高考通用）/2026版/专题03  电解池 金属的腐蚀与防护（高效培优讲义）（学生版）.docx	e9b07fb82ccb95b1	6143756	moved
2026年新高考资料(3)/一轮复习/2026年高考化学一轮复习考点精讲精练（新高考通用）/2026版/专题03  电解池 金属的腐蚀与防护（高效培优讲义）（教师版）.docx	f7ad97f1447679c7	20146426	moved
2026年新高考资料(3)/一轮复习/2026年高考化学一轮复习考点精讲精练（新高考通用）/2026版/专题03  铝及其重要化合物（高效培优讲义）（学生版）.docx	1cc3d0b04cd68238	14422546	moved
2026年新高考资料(3)/一轮复习/2026年高考化学一轮复习考点精讲精练（新高考通用）/2026版/专题03  铝及其重要化合物（高效培优讲义）（教师版）.docx	faec51c1f606995c	14810342	moved
2026年新高考资料(3)/一轮复习/2026年高考化学一轮复习考点精讲精练（新高考通用）/2026版/专题03 化学平衡常数及其相关计算（高效培优讲义）（学生版）.docx	b8cba1fc3cddf5d0	15153571	moved
2026年新高考资料(3)/一轮复习/2026年高考化学一轮复习考点精讲精练（新高考通用）/2026版/专题03 化学平衡常数及其相关计算（高效培优讲义）（教师版）.docx	b1510f6f996d2d69	6166518	moved
2026年新高考资料(3)/一轮复习/2026年高考化学一轮复习考点精讲精练（新高考通用）/2026版/专题03 氮及其重要化合物（高效培优讲义）（学生版）.docx	603a5cf2ef6c3ee6	19319245	moved
2026年新高考资料(3)/一轮复习/2026年高考化学一轮复习考点精讲精练（新高考通用）/2026版/专题03 离子共存 离子的检验与推断（高效培优讲义）（学生版）.docx	e9eebf6f6b10b8cf	2280418	moved
2026年新高考资料(3)/一轮复习/2026年高考化学一轮复习考点精讲精练（新高考通用）/2026版/专题04  晶体结构与性质（高效培优讲义）（学生版）.docx	db3635226a0395d0	4056164	moved
2026年新高考资料(3)/一轮复习/2026年高考化学一轮复习考点精讲精练（新高考通用）/2026版/专题04  电化学原理的综合应用（高效培优讲义）（学生版）.docx	2e24a5f014f6ffdb	5611201	moved
2026年新高考资料(3)/一轮复习/2026年高考化学一轮复习考点精讲精练（新高考通用）/2026版/专题04  金属材料及金属矿物的开发利用（高效培优讲义）（学生版）.docx	f5077bc2a7ff5b90	13051799	moved
2026年新高考资料(3)/一轮复习/2026年高考化学一轮复习考点精讲精练（新高考通用）/2026版/专题04 化学反应的方向、化学反应的调控（高效培优讲义）（学生版）.docx	699ebc8b7e250b49	4050560	moved
2026年新高考资料(3)/一轮复习/2026年高考化学一轮复习考点精讲精练（新高考通用）/2026版/专题04 化学反应的方向、化学反应的调控（高效培优讲义）（教师版）.docx	0b219a3dd8d57818	4529392	moved
2026年新高考资料(3)/一轮复习/2026年高考化学一轮复习考点精讲精练（新高考通用）/2026版/专题04 氧化还原反应的基本概念和规律（高效培优讲义）（学生版）.docx	7bdb137041522979	4065178	moved
2026年新高考资料(3)/一轮复习/2026年高考化学一轮复习考点精讲精练（新高考通用）/2026版/专题04 氧化还原反应的基本概念和规律（高效培优讲义）（教师版）.docx	0086a8460986c523	10397740	moved
2026年新高考资料(3)/一轮复习/2026年高考化学一轮复习考点精讲精练（新高考通用）/2026版/专题04 碳、硅及无机非金属材料（高效培优讲义）（学生版）.docx	9e5df79b3c307d3d	9037160	moved
2026年新高考资料(3)/一轮复习/2026年高考化学一轮复习考点精讲精练（新高考通用）/2026版/专题05 氧化还原反应方程式的配平与计算（高效培优讲义）（学生版）.docx	7063f949d93705ec	4018940	moved
2026年新高考资料(3)/一轮复习/2026年高考化学一轮复习考点精讲精练（新高考通用）/2026版/微专题  多池 多室的电化学装置（高效培优讲义）（学生版）.docx	b0a64c873fa7c892	5805822	moved
2026年新高考资料(3)/一轮复习/2026年高考化学一轮复习考点精讲精练（新高考通用）/2026版/微专题  晶胞计算（高效培优讲义）（学生版）.docx	68cc4e1d3b75245d	13446200	moved
2026年新高考资料(3)/一轮复习/2026年高考化学一轮复习考点精讲精练（新高考通用）/2026版/微专题  陌生情境下方程式的书写（高效培优讲义）（学生版）.docx	927ddea0beb2eae6	10734511	moved
2026年新高考资料(3)/一轮复习/2026年高考化学一轮复习讲义+练习+课件（新教材新高考）/2026版/第一章 物质及其变化/第01讲  物质的分类及转化（复习讲义）（全国通用）（学生版）.docx	572df04e38c10fdd	4085010	moved
2026年新高考资料(3)/一轮复习/2026年高考化学一轮复习讲义+练习+课件（新教材新高考）/2026版/第一章 物质及其变化/第02讲 离子反应、离子方程式（复习讲义）（全国通用）（学生版）.docx	cc96e333cdfcb470	1877922	moved
2026年新高考资料(3)/一轮复习/2026年高考化学一轮复习讲义+练习+课件（新教材新高考）/2026版/第一章 物质及其变化/第03讲 离子共存、离子的检验与推断（复习讲义）（全国通用）（学生版）.docx	170a07d5e57125b2	1288443	moved
2026年新高考资料(3)/一轮复习/2026年高考化学一轮复习讲义+练习+课件（新教材新高考）/2026版/第一章 物质及其变化/第04讲 氧化还原反应的基本概念和规律（复习讲义）（全国通用）（学生版）.docx	ec9b1d9a6e3dc6ae	2975176	moved
2026年新高考资料(3)/一轮复习/2026年高考化学一轮复习讲义+练习+课件（新教材新高考）/2026版/第一章 物质及其变化/第05讲 氧化还原反应方程式的配平与计算（复习讲义）（全国通用）（学生版）.docx	eb0d2c97f62d08dc	1800975	moved
2026年新高考资料(3)/一轮复习/2026年高考化学一轮复习讲义+练习+课件（新教材新高考）/2026版/第七章 化学反应速率与化学平衡/第01讲 化学反应速率及其影响因素（复习讲义）（全国通用）（学生版）.docx	939edde122164018	2440626	moved
2026年新高考资料(3)/一轮复习/2026年高考化学一轮复习讲义+练习+课件（新教材新高考）/2026版/第七章 化学反应速率与化学平衡/第02讲 化学平衡状态、化学平衡的移动（复习讲义）（全国通用）（学生版）.docx	8e4c91916cafef4b	1915237	moved
2026年新高考资料(3)/一轮复习/2026年高考化学一轮复习讲义+练习+课件（新教材新高考）/2026版/第七章 化学反应速率与化学平衡/第03讲 化学平衡常数及其相关计算（复习讲义）（全国通用）（学生版）.docx	99e8d940d1cb275b	2476523	moved
2026年新高考资料(3)/一轮复习/2026年高考化学一轮复习讲义+练习+课件（新教材新高考）/2026版/第七章 化学反应速率与化学平衡/第03讲 化学平衡常数及其相关计算（复习讲义）（全国通用）（教师版）.docx	072831546ef65004	2795087	moved
2026年新高考资料(3)/一轮复习/2026年高考化学一轮复习讲义+练习+课件（新教材新高考）/2026版/第七章 化学反应速率与化学平衡/第04讲 化学反应的方向、化学反应的调控（复习讲义）（全国通用）（学生版）.docx	4396f832f9c53b72	1491985	moved
2026年新高考资料(3)/一轮复习/2026年高考化学一轮复习讲义+练习+课件（新教材新高考）/2026版/第七章 化学反应速率与化学平衡/第05讲 化学反应速率与化学平衡图像（复习讲义）（全国通用）（学生版）.docx	9268c8d5526dc648	2693044	moved
2026年新高考资料(3)/一轮复习/2026年高考化学一轮复习讲义+练习+课件（新教材新高考）/2026版/第三章 金属及其化合物/第01讲 钠及其重要化合物（复习讲义）（学生版）.docx	e662819a803b94c6	2103100	moved
2026年新高考资料(3)/一轮复习/2026年高考化学一轮复习讲义+练习+课件（新教材新高考）/2026版/第三章 金属及其化合物/第02讲 铁及其重要化合物（复习讲义）（学生版）.docx	704eda895e807344	3181179	moved
2026年新高考资料(3)/一轮复习/2026年高考化学一轮复习讲义+练习+课件（新教材新高考）/2026版/第三章 金属及其化合物/第03讲 铝及其重要化合物（复习讲义）（学生版）.docx	08b1b753d0685a9d	4101781	moved
2026年新高考资料(3)/一轮复习/2026年高考化学一轮复习讲义+练习+课件（新教材新高考）/2026版/第三章 金属及其化合物/第04讲 金属材料及金属矿物的开发利用（复习讲义）（学生版）.docx	f1f20bf999ee6094	2184037	moved
2026年新高考资料(3)/一轮复习/2026年高考化学一轮复习讲义+练习+课件（新教材新高考）/2026版/第三章 金属及其化合物/第04讲 金属材料及金属矿物的开发利用（复习讲义）（教师版）.docx	b7d4fce508436233	2237903	moved
2026年新高考资料(3)/一轮复习/2026年高考化学一轮复习讲义+练习+课件（新教材新高考）/2026版/第九章 有机化学基础/专题01 有机化合物的结构特点与研究方法（知识清单）（全国通用）（学生版）.docx	af52d837057f6d32	2631165	moved
2026年新高考资料(3)/一轮复习/2026年高考化学一轮复习讲义+练习+课件（新教材新高考）/2026版/第九章 有机化学基础/专题01 有机化合物的结构特点与研究方法（知识清单）（全国通用）（教师版）.docx	f165e4e47d943ced	2996443	moved
2026年新高考资料(3)/一轮复习/2026年高考化学一轮复习讲义+练习+课件（新教材新高考）/2026版/第九章 有机化学基础/专题02 烃（知识清单）（全国通用）（学生版）.docx	370f0c7d3b4ada60	2285597	moved
2026年新高考资料(3)/一轮复习/2026年高考化学一轮复习讲义+练习+课件（新教材新高考）/2026版/第九章 有机化学基础/专题02 烃（知识清单）（全国通用）（教师版）.docx	041243b4d5ca2712	2558362	moved
2026年新高考资料(3)/一轮复习/2026年高考化学一轮复习讲义+练习+课件（新教材新高考）/2026版/第九章 有机化学基础/专题05 有机合成与推断（知识清单）（全国通用）（学生版）.docx	60ff7a74d24c4369	6900431	moved
2026年新高考资料(3)/一轮复习/2026年高考化学一轮复习讲义+练习+课件（新教材新高考）/2026版/第九章 有机化学基础/专题05 有机合成与推断（知识清单）（全国通用）（教师版）.docx	a436d5c3c0b0dc48	10874827	moved
2026年新高考资料(3)/一轮复习/2026年高考化学一轮复习讲义+练习+课件（新教材新高考）/2026版/第九章 有机化学基础/第01讲 有机化合物的结构特点与研究方法（复习讲义）（全国通用）（学生版）.docx	cb95562885433ec5	2984327	moved
2026年新高考资料(3)/一轮复习/2026年高考化学一轮复习讲义+练习+课件（新教材新高考）/2026版/第九章 有机化学基础/第01讲 有机化合物的结构特点与研究方法（复习讲义）（全国通用）（教师版）.docx	e87332a0ca766eae	4098622	moved
2026年新高考资料(3)/一轮复习/2026年高考化学一轮复习讲义+练习+课件（新教材新高考）/2026版/第九章 有机化学基础/第02讲 烃（复习讲义）（全国通用）（学生版）.docx	c1f46b753eca2898	2418785	moved
2026年新高考资料(3)/一轮复习/2026年高考化学一轮复习讲义+练习+课件（新教材新高考）/2026版/第九章 有机化学基础/第05讲 有机合成与推断（复习讲义）（全国通用）（学生版）.docx	c43bb14bbe9f0dd8	4615640	moved
2026年新高考资料(3)/一轮复习/2026年高考化学一轮复习讲义+练习+课件（新教材新高考）/2026版/第二章 物质的量/第01讲 物质的量、气体摩尔体积（复习讲义）（全国通用）（学生版）.docx	30dbe6a0411b30df	1623686	moved
2026年新高考资料(3)/一轮复习/2026年高考化学一轮复习讲义+练习+课件（新教材新高考）/2026版/第二章 物质的量/第02讲 物质的量浓度（复习讲义）（全国通用）（学生版）.docx	0f3cc24bb59891bf	2560903	moved
2026年新高考资料(3)/一轮复习/2026年高考化学一轮复习讲义+练习+课件（新教材新高考）/2026版/第二章 物质的量/第03讲 物质的量在化学方程式计算中的应用（复习讲义）（全国通用）（学生版）.docx	623f5df3f55b3332	2800689	moved
2026年新高考资料(3)/一轮复习/2026年高考化学一轮复习讲义+练习+课件（新教材新高考）/2026版/第五章 物质结构与性质 元素周期律/第01讲 元素周期表、元素周期律（复习讲义）（全国通用）（学生版）.docx	01d503d1fd7782b6	1660689	moved
2026年新高考资料(3)/一轮复习/2026年高考化学一轮复习讲义+练习+课件（新教材新高考）/2026版/第五章 物质结构与性质 元素周期律/第02讲 原子结构与性质（复习讲义）（全国通用）（学生版）.docx	de69c0a4f633e5d9	1613162	moved
2026年新高考资料(3)/一轮复习/2026年高考化学一轮复习讲义+练习+课件（新教材新高考）/2026版/第五章 物质结构与性质 元素周期律/第02讲 原子结构与性质（复习讲义）（全国通用）（教师版）.docx	16d03ef0a1115784	1814717	moved
2026年新高考资料(3)/一轮复习/2026年高考化学一轮复习讲义+练习+课件（新教材新高考）/2026版/第五章 物质结构与性质 元素周期律/第03讲 分子结构与性质、化学键（复习讲义）（全国通用）（学生版）.docx	d721d5480963321b	2069021	moved
2026年新高考资料(3)/一轮复习/2026年高考化学一轮复习讲义+练习+课件（新教材新高考）/2026版/第五章 物质结构与性质 元素周期律/第03讲 分子结构与性质、化学键（复习讲义）（全国通用）（教师版）.docx	4fb04b7a0f501278	2251163	moved
2026年新高考资料(3)/一轮复习/2026年高考化学一轮复习讲义+练习+课件（新教材新高考）/2026版/第八章 水溶液中的离子反应与平衡/专题04 沉淀溶解平衡（知识清单）（全国通用）（学生版）.docx	3e04d7a4da03ec0a	2193526	moved
2026年新高考资料(3)/一轮复习/2026年高考化学一轮复习讲义+练习+课件（新教材新高考）/2026版/第八章 水溶液中的离子反应与平衡/专题04 沉淀溶解平衡（知识清单）（全国通用）（教师版）.docx	4c2d02ef7107ecaa	2459083	moved
2026年新高考资料(3)/一轮复习/2026年高考化学一轮复习讲义+练习+课件（新教材新高考）/2026版/第八章 水溶液中的离子反应与平衡/第01讲 电离平衡（复习讲义）（全国通用）（解析版）.docx	2144378c024113d6	3759256	moved
2026年新高考资料(3)/一轮复习/2026年高考化学一轮复习讲义+练习+课件（新教材新高考）/2026版/第八章 水溶液中的离子反应与平衡/第03讲 盐类的水解（复习讲义）（全国通用）（学生版） .docx	34f2da77018f66b2	3262786	moved
2026年新高考资料(3)/一轮复习/2026年高考化学一轮复习讲义+练习+课件（新教材新高考）/2026版/第八章 水溶液中的离子反应与平衡/第04讲 沉淀溶解平衡（复习讲义）（全国通用）（学生版） .docx	15311cdfea7a8eb5	3883142	moved
2026年新高考资料(3)/一轮复习/2026年高考化学一轮复习讲义+练习+课件（新教材新高考）/2026版/第八章 水溶液中的离子反应与平衡/第05讲 工业流程题解题策略（复习讲义）（全国通用）（学生版） .docx	b07e45591d9edc8f	4101154	moved
2026年新高考资料(3)/一轮复习/2026年高考化学一轮复习讲义+练习+课件（新教材新高考）/2026版/第六章 化学反应与能量/第01讲 化学反应的热效应（复习讲义）（全国通用）（学生版）.docx	89c60967bd26b885	5025383	moved
2026年新高考资料(3)/一轮复习/2026年高考化学一轮复习讲义+练习+课件（新教材新高考）/2026版/第六章 化学反应与能量/第01讲 化学反应的热效应（复习讲义）（全国通用）（教师版）.docx	75f55575a8beedf7	5466230	moved
2026年新高考资料(3)/一轮复习/2026年高考化学一轮复习讲义+练习+课件（新教材新高考）/2026版/第六章 化学反应与能量/第02讲 原电池、化学电源（复习讲义）（全国通用）（学生版）.docx	321c596a916d09c1	8031806	moved
2026年新高考资料(3)/一轮复习/2026年高考化学一轮复习讲义+练习+课件（新教材新高考）/2026版/第六章 化学反应与能量/第02讲 原电池、化学电源（复习讲义）（全国通用）（教师版）.docx	2f8d9c7bfd984b18	8720881	moved
2026年新高考资料(3)/一轮复习/2026年高考化学一轮复习讲义+练习+课件（新教材新高考）/2026版/第六章 化学反应与能量/第03讲 电解池、金属的腐蚀与防护（复习讲义）（全国通用）（学生版）.docx	7fbe709fe596fcc4	5456379	moved
2026年新高考资料(3)/一轮复习/2026年高考化学一轮复习讲义+练习+课件（新教材新高考）/2026版/第六章 化学反应与能量/第04讲 电化学原理的综合应用（复习讲义）（全国通用）（学生版）.docx	5847848d6f86ca92	7001980	moved
2026年新高考资料(3)/一轮复习/2026年高考化学一轮复习讲义+练习+课件（新教材新高考）/2026版/第十章 化学实验基础与探究/专题01  化学基本概念（学生版）.docx	1bd24f1378d88fae	1975977	moved
2026年新高考资料(3)/一轮复习/2026年高考化学一轮复习讲义+练习+课件（新教材新高考）/2026版/第十章 化学实验基础与探究/专题02 金属及其化合物（一）（学生版）.docx	aa551042c7d9dca8	1621205	moved
2026年新高考资料(3)/一轮复习/2026年高考化学一轮复习讲义+练习+课件（新教材新高考）/2026版/第十章 化学实验基础与探究/专题03 金属及其化合物（二）（学生版）.docx	a2e170f4df54b861	1664722	moved
2026年新高考资料(3)/一轮复习/2026年高考化学一轮复习讲义+练习+课件（新教材新高考）/2026版/第十章 化学实验基础与探究/专题04 非金属及其化合物（一）（学生版）.docx	de24befd0510ca4f	4112337	moved
2026年新高考资料(3)/一轮复习/2026年高考化学一轮复习讲义+练习+课件（新教材新高考）/2026版/第十章 化学实验基础与探究/专题07 化学反应与能量（一）（学生版）.docx	9aeb05eb0a8f6dd6	3332911	moved
2026年新高考资料(3)/一轮复习/2026年高考化学一轮复习讲义+练习+课件（新教材新高考）/2026版/第十章 化学实验基础与探究/专题08 化学反应与能量（二）（学生版）.docx	8bd2dfb3913bfad7	2131405	moved
2026年新高考资料(3)/一轮复习/2026年高考化学一轮复习讲义+练习+课件（新教材新高考）/2026版/第十章 化学实验基础与探究/专题09 化学反应速率与化学平衡（学生版）.docx	e973c98fb279f4a6	1790305	moved
2026年新高考资料(3)/一轮复习/2026年高考化学一轮复习讲义+练习+课件（新教材新高考）/2026版/第十章 化学实验基础与探究/专题10 水溶液中的离子反应与平衡（学生版）.docx	05d5579a80ed1216	2375001	moved
2026年新高考资料(3)/一轮复习/2026年高考化学一轮复习讲义+练习+课件（新教材新高考）/2026版/第十章 化学实验基础与探究/专题11 有机化学基础（一）（学生版）.docx	3a3546aacc60fadf	2498166	moved
2026年新高考资料(3)/一轮复习/2026年高考化学一轮复习讲义+练习+课件（新教材新高考）/2026版/第十章 化学实验基础与探究/专题12 有机化学基础（二）（学生版）.docx	9a6a05eaa4dbbd57	2451641	moved
2026年新高考资料(3)/一轮复习/2026年高考化学一轮复习讲义+练习+课件（新教材新高考）/2026版/第十章 化学实验基础与探究/专题13 有机化学基础（三）（学生版）.docx	21fccb4d5a079e16	2366051	moved
2026年新高考资料(3)/一轮复习/2026年高考化学一轮复习讲义+练习+课件（新教材新高考）/2026版/第十章 化学实验基础与探究/专题14 有机化学基础（四）（教师版）.docx	621264070f963380	2420346	moved
2026年新高考资料(3)/一轮复习/2026年高考化学一轮复习讲义+练习+课件（新教材新高考）/2026版/第十章 化学实验基础与探究/题型01 常用仪器的使用、药品保存和实验安全（学生版）.docx	57596fb455e20536	1713820	moved
2026年新高考资料(3)/一轮复习/2026年高考化学一轮复习讲义+练习+课件（新教材新高考）/2026版/第十章 化学实验基础与探究/题型03 物质的分离、提纯与检验（学生版）.docx	57e7062ef253cd1d	2169392	moved
2026年新高考资料(3)/一轮复习/2026年高考化学一轮复习讲义+练习+课件（新教材新高考）/2026版/第十章 化学实验基础与探究/题型04 常见气体的制备原理与装置选用（学生版）.docx	c4457558bc489fc8	8019086	moved
2026年新高考资料(3)/一轮复习/2026年高考化学一轮复习讲义+练习+课件（新教材新高考）/2026版/第十章 化学实验基础与探究/题型05 微型实验探究（学生版） .docx	408154e3a4a73c17	6632697	moved
2026年新高考资料(3)/一轮复习/2026年高考化学一轮复习讲义+练习+课件（新教材新高考）/2026版/第十章 化学实验基础与探究/题型06 实验操作、现象和结论的正误判断（学生版） .docx	54322f021a69b081	1643463	moved
2026年新高考资料(3)/一轮复习/2026年高考化学一轮复习讲义+练习+课件（新教材新高考）/2026版/第十章 化学实验基础与探究/题型07 无机物的制备（学生版） .docx	efc3561787c1c1c0	3600665	moved
2026年新高考资料(3)/一轮复习/2026年高考化学一轮复习讲义+练习+课件（新教材新高考）/2026版/第十章 化学实验基础与探究/题型08 有机物的制备（学生版）.docx	9537d695f8f27f49	3721429	moved
2026年新高考资料(3)/一轮复习/2026年高考化学一轮复习讲义+练习+课件（新教材新高考）/2026版/第十章 化学实验基础与探究/题型09 定性探究（学生版）.docx	b2608edc99988224	2824414	moved
2026年新高考资料(3)/一轮复习/2026年高考化学一轮复习讲义+练习+课件（新教材新高考）/2026版/第四章 非金属及其化合物/第01讲 氯及其重要化合物（复习讲义）（全国通用）（学生版）.docx	47931a712c77d308	7009122	moved
2026年新高考资料(3)/一轮复习/2026年高考化学一轮复习讲义+练习+课件（新教材新高考）/2026版/第四章 非金属及其化合物/第02讲 硫及其重要化合物（复习讲义）（全国通用）（学生版）.docx	deece7caeaee8a38	5025525	moved
2026年新高考资料(3)/一轮复习/2026年高考化学一轮复习讲义+练习+课件（新教材新高考）/2026版/第四章 非金属及其化合物/第02讲 硫及其重要化合物（复习讲义）（全国通用）（教师版）.docx	8804b83d69ad8d45	5500535	moved
2026年新高考资料(3)/一轮复习/2026年高考化学一轮复习讲义+练习+课件（新教材新高考）/2026版/第四章 非金属及其化合物/第03讲 氮及其重要化合物（复习讲义）（全国通用）（学生版） .docx	2dff5d7f2f64deff	4717922	moved
2026年新高考资料(3)/一轮复习/2026年高考化学一轮复习讲义+练习+课件（新教材新高考）/2026版/第四章 非金属及其化合物/第03讲 氮及其重要化合物（复习讲义）（全国通用）（教师版） .docx	763d7fa80fb6093b	5057834	moved
2026年新高考资料(3)/一轮复习/2026年高考化学一轮复习讲义+练习+课件（新教材新高考）/2026版/第四章 非金属及其化合物/第04讲 碳、硅及无机非金属材料（复习讲义）（全国通用）（学生版）.docx	391b64e4f8b9e381	4226244	moved
2026年新高考资料(3)/一轮复习/2026年高考化学一轮复习讲义+练习+课件（新教材新高考）/2026版/第四章 非金属及其化合物/第04讲 碳、硅及无机非金属材料（复习讲义）（全国通用）（教师版）.docx	8ee3efdfb4d85fb1	4419070	moved
2026年新高考资料(3)/一轮复习/2026年高考化学一轮课件+讲义+练习（四川专用）/第01讲  化学反应速率及其影响因素（复习讲义）（四川专用）（学生版）.docx	a193ab07965e8821	3167404	moved
2026年新高考资料(3)/一轮复习/2026年高考化学一轮课件+讲义+练习（四川专用）/第01讲  电离平衡（复习讲义）（四川专用）（学生版）.docx	989b4cce82b37143	2358523	moved
2026年新高考资料(3)/一轮复习/2026年高考化学一轮课件+讲义+练习（四川专用）/第01讲  钠及其重要化合物（复习讲义）（四川专用）（学生版）.docx	9757625134c0742f	2640074	moved
2026年新高考资料(3)/一轮复习/2026年高考化学一轮课件+讲义+练习（四川专用）/第01讲 元素周期表、元素周期律（复习讲义）（四川专用）（学生版）.docx	883eb4f4c71b52e2	2680527	moved
2026年新高考资料(3)/一轮复习/2026年高考化学一轮课件+讲义+练习（四川专用）/第01讲 化学反应的热效应（学生版）.docx	afa392f1d78411e7	5074254	moved
2026年新高考资料(3)/一轮复习/2026年高考化学一轮课件+讲义+练习（四川专用）/第01讲 化学实验的常用仪器和基本操作（复习讲义）（四川专用）（学生版）.docx	8eec0da27f1bc3ab	3826829	moved
2026年新高考资料(3)/一轮复习/2026年高考化学一轮课件+讲义+练习（四川专用）/第01讲 有机化合物的结构特点与研究方法（学生版）.docx	be2fd5facfe51803	6095723	moved
2026年新高考资料(3)/一轮复习/2026年高考化学一轮课件+讲义+练习（四川专用）/第01讲 有机化合物的结构特点与研究方法（教师版）.docx	c47ae80005867ab4	4676924	moved
2026年新高考资料(3)/一轮复习/2026年高考化学一轮课件+讲义+练习（四川专用）/第01讲 氯及其重要化合物（复习讲义）（四川专用）（学生版）.docx	83b28745cab04c04	8254247	moved
2026年新高考资料(3)/一轮复习/2026年高考化学一轮课件+讲义+练习（四川专用）/第01讲 氯及其重要化合物（复习讲义）（四川专用）（教师版）.docx	9481519e2cbbb93e	8360304	moved
2026年新高考资料(3)/一轮复习/2026年高考化学一轮课件+讲义+练习（四川专用）/第01讲 物质的分类及转化（复习讲义）（四川专用）（学生版）.docx	e8c3013a26cd14aa	6357818	moved
2026年新高考资料(3)/一轮复习/2026年高考化学一轮课件+讲义+练习（四川专用）/第01讲 物质的分类及转化（复习讲义）（四川专用）（教师版）.docx	3d644fadde2e5142	4914882	moved
2026年新高考资料(3)/一轮复习/2026年高考化学一轮课件+讲义+练习（四川专用）/第01讲 物质的量 气体摩尔质量（学生版）.docx	763456db393718d0	1550359	moved
2026年新高考资料(3)/一轮复习/2026年高考化学一轮课件+讲义+练习（四川专用）/第02讲  水的电离和溶液的酸碱性（复习讲义）（四川专用）（学生版）.docx	63c604292cac160c	2953887	moved
2026年新高考资料(3)/一轮复习/2026年高考化学一轮课件+讲义+练习（四川专用）/第02讲  水的电离和溶液的酸碱性（复习讲义）（四川专用）（教师版）.docx	e3e3b17e3ac4f05a	3088830	moved
2026年新高考资料(3)/一轮复习/2026年高考化学一轮课件+讲义+练习（四川专用）/第02讲  离子反应  离子方程式（复习讲义）（四川专用）（学生版）.docx	8e77a620cae0ac82	3381597	moved
2026年新高考资料(3)/一轮复习/2026年高考化学一轮课件+讲义+练习（四川专用）/第02讲  铁及其重要化合物（复习讲义）（四川专用）（学生版）.docx	820c6cbfc8457735	2702771	moved
2026年新高考资料(3)/一轮复习/2026年高考化学一轮课件+讲义+练习（四川专用）/第02讲 化学平衡状态、化学平衡的移动（复习讲义）（四川专用）（学生版）.docx	f2501d28209eded8	2772256	moved
2026年新高考资料(3)/一轮复习/2026年高考化学一轮课件+讲义+练习（四川专用）/第02讲 原子结构与性质（复习讲义）（四川专用）（学生版）.docx	3cd6b400760aa099	2625779	moved
2026年新高考资料(3)/一轮复习/2026年高考化学一轮课件+讲义+练习（四川专用）/第02讲 原电池、化学电源（学生版）.docx	2985d29eca663ae9	4343842	moved
2026年新高考资料(3)/一轮复习/2026年高考化学一轮课件+讲义+练习（四川专用）/第02讲 烃（复习讲义）（学生版）.docx	dc4b6686aae62805	2230081	moved
2026年新高考资料(3)/一轮复习/2026年高考化学一轮课件+讲义+练习（四川专用）/第02讲 烃（复习讲义）（教师版）.docx	1b819922848c8f78	2410869	moved
2026年新高考资料(3)/一轮复习/2026年高考化学一轮课件+讲义+练习（四川专用）/第02讲 物质的分离、提纯与鉴别（复习讲义）（四川专用）（学生版）.docx	d6bf3c0fdcbff904	3502461	moved
2026年新高考资料(3)/一轮复习/2026年高考化学一轮课件+讲义+练习（四川专用）/第02讲 物质的分离、提纯与鉴别（复习讲义）（四川专用）（教师版）.docx	d01d9d8ff2b289b4	3478008	moved
2026年新高考资料(3)/一轮复习/2026年高考化学一轮课件+讲义+练习（四川专用）/第02讲 物质的量浓度（学生版）.docx	c7c4e3571843f857	2189930	moved
2026年新高考资料(3)/一轮复习/2026年高考化学一轮课件+讲义+练习（四川专用）/第02讲 硫及其重要化合物（复习讲义）（四川专用）（学生版）.docx	9bdf15bf08b5963b	5218154	moved
2026年新高考资料(3)/一轮复习/2026年高考化学一轮课件+讲义+练习（四川专用）/第02讲 硫及其重要化合物（复习讲义）（四川专用）（教师版）.docx	89fd96ae93b7d5ba	5311028	moved
2026年新高考资料(3)/一轮复习/2026年高考化学一轮课件+讲义+练习（四川专用）/第03讲  离子共存、离子的检验与推断（复习讲义）（四川专用）（学生版）.docx	0fe76a2bf92c2293	3009328	moved
2026年新高考资料(3)/一轮复习/2026年高考化学一轮课件+讲义+练习（四川专用）/第03讲  铝及其重要化合物（复习讲义）（四川专用）（学生版）.docx	93fef86b28123087	2779515	moved
2026年新高考资料(3)/一轮复习/2026年高考化学一轮课件+讲义+练习（四川专用）/第03讲  铝及其重要化合物（复习讲义）（四川专用）（教师版）.docx	189b9974584acd38	2794656	moved
2026年新高考资料(3)/一轮复习/2026年高考化学一轮课件+讲义+练习（四川专用）/第03讲 分子结构与性质、化学键（复习讲义）（四川专用）（学生版）.docx	6dc392db317667f0	3498630	moved
2026年新高考资料(3)/一轮复习/2026年高考化学一轮课件+讲义+练习（四川专用）/第03讲 分子结构与性质、化学键（复习讲义）（四川专用）（教师版）.docx	531ada4d876f1acd	3775203	moved
2026年新高考资料(3)/一轮复习/2026年高考化学一轮课件+讲义+练习（四川专用）/第03讲 化学平衡常数及其相关计算（复习讲义）（四川专用）（学生版）.docx	23377131bd11f024	2811637	moved
2026年新高考资料(3)/一轮复习/2026年高考化学一轮课件+讲义+练习（四川专用）/第03讲 常见物质的制备（复习讲义）（四川专用）（学生版）.docx	ea1dcb091bf24ae7	5258926	moved
2026年新高考资料(3)/一轮复习/2026年高考化学一轮课件+讲义+练习（四川专用）/第03讲 氮及其重要化合物（复习讲义）（四川专用）（学生版）.docx	8d52c0fb2764a373	4327150	moved
2026年新高考资料(3)/一轮复习/2026年高考化学一轮课件+讲义+练习（四川专用）/第03讲 物质的量在化学方程式计算中的应用（复习讲义）（学生版）.docx	90f1513f9e8656a1	3627040	moved
2026年新高考资料(3)/一轮复习/2026年高考化学一轮课件+讲义+练习（四川专用）/第03讲 电解池、金属的腐蚀与防护（学生版）.docx	affc2bee8791721b	4119150	moved
2026年新高考资料(3)/一轮复习/2026年高考化学一轮课件+讲义+练习（四川专用）/第03讲 盐类的水解（复习讲义）（四川专用）（学生版）.docx	8f48ee5e349aacc4	2109565	moved
2026年新高考资料(3)/一轮复习/2026年高考化学一轮课件+讲义+练习（四川专用）/第04讲  氧化还原反应的基本概念和规律（复习讲义）（四川专用）（学生版）.docx	41d70fdd957220bb	3760938	moved
2026年新高考资料(3)/一轮复习/2026年高考化学一轮课件+讲义+练习（四川专用）/第04讲  金属材料及金属矿物的开发利用（复习讲义）（四川专用）（学生版）.docx	7de70cabe6a3ed48	5924956	moved
2026年新高考资料(3)/一轮复习/2026年高考化学一轮课件+讲义+练习（四川专用）/第04讲  金属材料及金属矿物的开发利用（复习讲义）（四川专用）（教师版）.docx	fd8593fd953563e6	6011449	moved
2026年新高考资料(3)/一轮复习/2026年高考化学一轮课件+讲义+练习（四川专用）/第04讲 化学反应的方向、化学反应的调控（复习讲义）（四川专用）（学生版）.docx	b8f5f1274bddb26f	1861889	moved
2026年新高考资料(3)/一轮复习/2026年高考化学一轮课件+讲义+练习（四川专用）/第04讲 沉淀溶解平衡（复习讲义）（四川专用）（学生版）.docx	25a2b075ba8b45fb	2441046	moved
2026年新高考资料(3)/一轮复习/2026年高考化学一轮课件+讲义+练习（四川专用）/第04讲 沉淀溶解平衡（复习讲义）（四川专用）（教师版）.docx	043897f774265e11	2652105	moved
2026年新高考资料(3)/一轮复习/2026年高考化学一轮课件+讲义+练习（四川专用）/第04讲 碳、硅及无机非金属材料（复习讲义）（四川专用）（学生版）.docx	ef0595ac46eb5e02	3810618	moved
2026年新高考资料(3)/一轮复习/2026年高考化学一轮课件+讲义+练习（四川专用）/第04讲 综合实验题型探究（复习讲义）（四川专用）（学生版）.docx	388da66a034ab293	11525947	moved
2026年新高考资料(3)/一轮复习/2026年高考化学一轮课件+讲义+练习（四川专用）/第05讲  氧化还原反应方程式的配平与计算（复习讲义）（四川专用）（学生版）.docx	15f903f6b317a47c	3117425	moved
2026年新高考资料(3)/一轮复习/2026年高考化学一轮课件+讲义+练习（四川专用）/第05讲 化学反应速率与化学平衡图像（复习讲义）（四川专用）（学生版）.docx	e58df34b6f09d951	4264488	moved
2026年新高考资料(3)/一轮复习/2026年高考化学一轮课件+讲义+练习（四川专用）/第05讲 工业流程题解题策略（复习讲义）（四川专用）（学生版）.docx	f6ca25227f72a515	3055523	moved
2026年新高考资料(3)/一轮复习/2026年高考化学一轮课件+讲义+练习（四川专用）/第05讲 有机合成与推断（复习讲义）（学生版）.docx	6ddc4922883ecc60	5480657	moved
2026年新高考资料(3)/一轮复习/2026年高考化学一轮课件+讲义+练习（安徽专用）/第01讲 元素周期表、元素周期律（复习讲义）（安徽专用）（学生版）.docx	61e3287f9813fc2f	2176742	moved
2026年新高考资料(3)/一轮复习/2026年高考化学一轮课件+讲义+练习（安徽专用）/第01讲 化学反应的热效应（复习讲义）（安徽专用）（学生版）.docx	f57d35d221afc446	4030547	moved
2026年新高考资料(3)/一轮复习/2026年高考化学一轮课件+讲义+练习（安徽专用）/第01讲 化学反应速率及其影响因素（复习讲义）（安徽专用）（学生版）.docx	a3bdb21121540221	3750012	moved
2026年新高考资料(3)/一轮复习/2026年高考化学一轮课件+讲义+练习（安徽专用）/第01讲 化学实验的常用仪器和基本操作（复习讲义）（安徽专用）（学生版）.docx	f7df0fd7097cbb81	2957423	moved
2026年新高考资料(3)/一轮复习/2026年高考化学一轮课件+讲义+练习（安徽专用）/第01讲 有机化合物的结构特点与研究方法（复习讲义）（安徽专用）（学生版）.docx	17788c46bfb93bdd	3444301	moved
2026年新高考资料(3)/一轮复习/2026年高考化学一轮课件+讲义+练习（安徽专用）/第01讲 氯及其重要化合物（复习讲义）（安徽专用）（学生版).docx	78889f3832179a79	5610173	moved
2026年新高考资料(3)/一轮复习/2026年高考化学一轮课件+讲义+练习（安徽专用）/第01讲 物质的分类及转化（复习讲义）（安徽专用）（学生版）.docx	bfbac6cbb6beddb4	3891258	moved
2026年新高考资料(3)/一轮复习/2026年高考化学一轮课件+讲义+练习（安徽专用）/第01讲 物质的量、气体摩尔体积（复习讲义）（安徽专用）（教师版）.docx	e46c3f8541121460	1873619	moved
2026年新高考资料(3)/一轮复习/2026年高考化学一轮课件+讲义+练习（安徽专用）/第01讲 电离平衡（复习讲义）（安徽专用）（学生版）.docx	81f54ede2634b72f	3628578	moved
2026年新高考资料(3)/一轮复习/2026年高考化学一轮课件+讲义+练习（安徽专用）/第01讲 钠及其重要化合物（复习讲义）（安徽专用）（学生版）.docx	defaded3a04492dc	3393160	moved
2026年新高考资料(3)/一轮复习/2026年高考化学一轮课件+讲义+练习（安徽专用）/第02讲 化学平衡状态、化学平衡的移动（复习讲义）（安徽专用）（学生版）.docx	9b8eb8ff03b2849d	2966694	moved
2026年新高考资料(3)/一轮复习/2026年高考化学一轮课件+讲义+练习（安徽专用）/第02讲 原子结构与性质（复习讲义）（安徽专用）（学生版）.docx	e2574e3bd654ea8e	3234564	moved
2026年新高考资料(3)/一轮复习/2026年高考化学一轮课件+讲义+练习（安徽专用）/第02讲 原电池、化学电源（复习讲义）（安徽专用）（学生版）.docx	4b9b37c2586622a5	4376508	moved
2026年新高考资料(3)/一轮复习/2026年高考化学一轮课件+讲义+练习（安徽专用）/第02讲 水的电离和溶液的酸碱性（复习讲义）（安徽专用）（学生版）.docx	1f8a4c5dc0a1b67c	3306546	moved
2026年新高考资料(3)/一轮复习/2026年高考化学一轮课件+讲义+练习（安徽专用）/第02讲 水的电离和溶液的酸碱性（复习讲义）（安徽专用）（教师版）.docx	cd76cebfef9a696d	3846461	moved
2026年新高考资料(3)/一轮复习/2026年高考化学一轮课件+讲义+练习（安徽专用）/第02讲 烃（复习讲义）（安徽专用）（教师版）.docx	332229d750b119ec	2863408	moved
2026年新高考资料(3)/一轮复习/2026年高考化学一轮课件+讲义+练习（安徽专用）/第02讲 物质的量浓度（复习讲义）（安徽专用）（学生版）.docx	7e8f4dd7cd01de51	2299054	moved
2026年新高考资料(3)/一轮复习/2026年高考化学一轮课件+讲义+练习（安徽专用）/第02讲 硫及其重要化合物（复习讲义）（安徽专用）（学生版）.docx	e4b022caa956f5d9	4968316	moved
2026年新高考资料(3)/一轮复习/2026年高考化学一轮课件+讲义+练习（安徽专用）/第02讲 离子反应、离子方程式（复习讲义）（安徽专用）（学生版）.docx	93b7193d42f26f92	2967855	moved
2026年新高考资料(3)/一轮复习/2026年高考化学一轮课件+讲义+练习（安徽专用）/第02讲 铁及其重要化合物（复习讲义）（安徽专用）（学生版）.docx	bf1408c714502cf2	11687030	moved
2026年新高考资料(3)/一轮复习/2026年高考化学一轮课件+讲义+练习（安徽专用）/第03讲 分子结构与性质、化学键（复习讲义）（安徽专用）（学生版）.docx	af6d9e31841ea25c	5970149	moved
2026年新高考资料(3)/一轮复习/2026年高考化学一轮课件+讲义+练习（安徽专用）/第03讲 化学平衡常数及其相关计算（复习讲义）（安徽专用）（学生版）.docx	565197028c777266	3067500	moved
2026年新高考资料(3)/一轮复习/2026年高考化学一轮课件+讲义+练习（安徽专用）/第03讲 氮及其重要化合物（复习讲义）（安徽专用）（学生版）.docx	8208697756f525d5	5422583	moved
2026年新高考资料(3)/一轮复习/2026年高考化学一轮课件+讲义+练习（安徽专用）/第03讲 物质的量在化学方程式计算中的应用（复习讲义）（安徽专用）（学生版）.docx	b0de675a66e2181b	2339334	moved
2026年新高考资料(3)/一轮复习/2026年高考化学一轮课件+讲义+练习（安徽专用）/第03讲 电解池、金属的腐蚀与防护（复习讲义）（安徽专用）（学生版）.docx	30526419942d3881	4865712	moved
2026年新高考资料(3)/一轮复习/2026年高考化学一轮课件+讲义+练习（安徽专用）/第03讲 电解池、金属的腐蚀与防护（复习讲义）（安徽专用）（教师版）.docx	4d47483d9bb67174	5102245	moved
2026年新高考资料(3)/一轮复习/2026年高考化学一轮课件+讲义+练习（安徽专用）/第03讲 盐类的水解（复习讲义）（安徽专用）（学生版）.docx	8cc3972317ecc8b5	5224691	moved
2026年新高考资料(3)/一轮复习/2026年高考化学一轮课件+讲义+练习（安徽专用）/第03讲 离子共存、离子的检验与推断（复习讲义）（安徽专用）（学生版）.docx	139fa3414ef47eb0	2544292	moved
2026年新高考资料(3)/一轮复习/2026年高考化学一轮课件+讲义+练习（安徽专用）/第03讲 镁、铝及其重要化合物（复习讲义）（安徽专用）（学生版）.docx	c80c0ad3c60cd7bc	5138624	moved
2026年新高考资料(3)/一轮复习/2026年高考化学一轮课件+讲义+练习（安徽专用）/第03讲 镁、铝及其重要化合物（复习讲义）（安徽专用）（教师版）.docx	7df6ee374e2e0fc0	5219397	moved
2026年新高考资料(3)/一轮复习/2026年高考化学一轮课件+讲义+练习（安徽专用）/第04讲 化学反应的方向、化学反应的调控（复习讲义）（安徽专用）（学生版）.docx	045c1180d4ebfcfa	2363681	moved
2026年新高考资料(3)/一轮复习/2026年高考化学一轮课件+讲义+练习（安徽专用）/第04讲 晶体结构与性质（复习讲义）（安徽专用）（学生版）.docx	3dd3a99347b1bbfa	4702281	moved
2026年新高考资料(3)/一轮复习/2026年高考化学一轮课件+讲义+练习（安徽专用）/第04讲 氧化还原反应的基本概念和规律（复习讲义）（安徽专用）（学生版）.docx	2ce4d1b28a94c8de	3915463	moved
2026年新高考资料(3)/一轮复习/2026年高考化学一轮课件+讲义+练习（安徽专用）/第04讲 电化学原理的综合应用（复习讲义）（安徽专用）（学生版）.docx	1722183d7548042e	4279546	moved
2026年新高考资料(3)/一轮复习/2026年高考化学一轮课件+讲义+练习（安徽专用）/第04讲 碳、硅及其重要化合物（复习讲义）（安徽专用）（学生版）.docx	70663eb08a184d90	5749365	moved
2026年新高考资料(3)/一轮复习/2026年高考化学一轮课件+讲义+练习（安徽专用）/第04讲 综合实验题型探究（复习讲义）（安徽专用）（学生版）.docx	d167ddef87faa010	9360056	moved
2026年新高考资料(3)/一轮复习/2026年高考化学一轮课件+讲义+练习（安徽专用）/第04讲 金属材料及金属矿物的开发利用（复习讲义）（安徽专用）（学生版）.docx	b716081516ab4727	3089813	moved
2026年新高考资料(3)/一轮复习/2026年高考化学一轮课件+讲义+练习（安徽专用）/第04讲 金属材料及金属矿物的开发利用（复习讲义）（安徽专用）（教师版）.docx	cc170f5f8033296c	3383753	moved
2026年新高考资料(3)/一轮复习/2026年高考化学一轮课件+讲义+练习（安徽专用）/第05讲 化学反应速率与化学平衡图像（复习讲义）（安徽专用）（学生版）.docx	1dea9f06659a8163	3121774	moved
2026年新高考资料(3)/一轮复习/2026年高考化学一轮课件+讲义+练习（安徽专用）/第05讲 工业流程题解题策略（复习讲义）（安徽专用）（学生版）.docx	4e13eae36809acfc	4601873	moved
2026年新高考资料(3)/一轮复习/2026年高考化学一轮课件+讲义+练习（安徽专用）/第05讲 有机合成与推断（复习讲义）（安徽专用）（学生版）.docx	5b52501a0a29ad24	5306554	moved
2026年新高考资料(3)/一轮复习/2026年高考化学一轮课件+讲义+练习（安徽专用）/第05讲 氧化还原反应方程式的配平与计算（复习讲义）（安徽专用）（学生版）.docx	21f352408a4d5c98	3914068	moved
2026年新高考资料(3)/一轮复习/2026年高考化学一轮课件+讲义+练习（安徽专用）/第05讲 氧化还原反应方程式的配平与计算（复习讲义）（安徽专用）（教师版）.docx	05b373ae0dc357bd	4200337	moved
2026年新高考资料(3)/一轮复习/2026年高考化学一轮课件+讲义+练习（湖南专用）/第01讲 元素周期表、元素周期律（复习讲义）（湖南专用）（学生版）.docx	c25f680218debe07	3284052	moved
2026年新高考资料(3)/一轮复习/2026年高考化学一轮课件+讲义+练习（湖南专用）/第01讲 化学反应的热效应（复习讲义）（湖南专用）（学生版）.docx	708f65b224b01c0e	5522950	moved
2026年新高考资料(3)/一轮复习/2026年高考化学一轮课件+讲义+练习（湖南专用）/第01讲 化学反应速率及其影响因素（复习讲义）（湖南专用）（学生版） .docx	c782c66a14956057	4577366	moved
2026年新高考资料(3)/一轮复习/2026年高考化学一轮课件+讲义+练习（湖南专用）/第01讲 化学实验的常用仪器和基本操作（复习讲义）（湖南专用）（学生版）.docx	626849d6d58fb385	7194133	moved
2026年新高考资料(3)/一轮复习/2026年高考化学一轮课件+讲义+练习（湖南专用）/第01讲 有机化合物的结构特点与研究方法（复习讲义）（湖南专用）（学生版）.docx	a4b1c95b11ec3f00	10481234	moved
2026年新高考资料(3)/一轮复习/2026年高考化学一轮课件+讲义+练习（湖南专用）/第01讲 氯及其重要化合物（复习讲义）（湖南专用）（学生版）.docx	7acb5a8c9714730a	2953411	moved
2026年新高考资料(3)/一轮复习/2026年高考化学一轮课件+讲义+练习（湖南专用）/第01讲 物质的分类及转化（复习讲义）（湖南专用）（学生版）.docx	76cbde25d5580c1b	3706375	moved
2026年新高考资料(3)/一轮复习/2026年高考化学一轮课件+讲义+练习（湖南专用）/第01讲 物质的量、气体摩尔体积（复习讲义）（湖南专用）（学生版）.docx	8910f95892bbba12	4053985	moved
2026年新高考资料(3)/一轮复习/2026年高考化学一轮课件+讲义+练习（湖南专用）/第01讲 钠及其重要化合物（复习讲义）（湖南专用）（学生版）.docx	96c89d6aeea5bbd9	2470611	moved
2026年新高考资料(3)/一轮复习/2026年高考化学一轮课件+讲义+练习（湖南专用）/第02讲  离子反应、离子方程式（复习讲义）（湖南专用）（学生版）.docx	26565f4a81bc2646	4095424	moved
2026年新高考资料(3)/一轮复习/2026年高考化学一轮课件+讲义+练习（湖南专用）/第02讲 化学平衡状态、化学平衡的移动（复习讲义）（湖南专用）（学生版）.docx	363fcd5dafd296b5	3779516	moved
2026年新高考资料(3)/一轮复习/2026年高考化学一轮课件+讲义+练习（湖南专用）/第02讲 原子结构与性质（复习讲义）（湖南专用）（学生版）.docx	d67f9fa43b7ea8d5	4027184	moved
2026年新高考资料(3)/一轮复习/2026年高考化学一轮课件+讲义+练习（湖南专用）/第02讲 原子结构与性质（复习讲义）（湖南专用）（教师版）.docx	aba49bb72ec4c3a6	4509572	moved
2026年新高考资料(3)/一轮复习/2026年高考化学一轮课件+讲义+练习（湖南专用）/第02讲 原电池、化学电源（复习讲义）（湖南专用）（学生版）.docx	9fddccbff89bdc90	4146303	moved
2026年新高考资料(3)/一轮复习/2026年高考化学一轮课件+讲义+练习（湖南专用）/第02讲 水的电离和溶液的酸碱性（复习讲义）（湖南专用）（学生版）.docx	38590c42204aa289	4294697	moved
2026年新高考资料(3)/一轮复习/2026年高考化学一轮课件+讲义+练习（湖南专用）/第02讲 烃（复习讲义）（湖南专用）（学生版）.docx	c008adb0662c1e1d	6848601	moved
2026年新高考资料(3)/一轮复习/2026年高考化学一轮课件+讲义+练习（湖南专用）/第02讲 物质的分离、提纯与鉴别（复习讲义）（湖南专用）（学生版）.docx	a40eddb7dfb0b830	3681757	moved
2026年新高考资料(3)/一轮复习/2026年高考化学一轮课件+讲义+练习（湖南专用）/第02讲 物质的量浓度（复习讲义）（湖南专用）（学生版）.docx	18d799db54a2b157	5030382	moved
2026年新高考资料(3)/一轮复习/2026年高考化学一轮课件+讲义+练习（湖南专用）/第02讲 硫及其重要化合物（复习讲义）（湖南专用）（学生版）.docx	0c4ec6617da71791	3538147	moved
2026年新高考资料(3)/一轮复习/2026年高考化学一轮课件+讲义+练习（湖南专用）/第02讲 铁及其重要化合物（复习讲义）（湖南专用）（学生版）.docx	f398e41d649fafbd	6675990	moved
2026年新高考资料(3)/一轮复习/2026年高考化学一轮课件+讲义+练习（湖南专用）/第03讲 分子结构与性质、化学键（复习讲义）（湖南专用）（学生版）.docx	5facff3e43d952b6	4437108	moved
2026年新高考资料(3)/一轮复习/2026年高考化学一轮课件+讲义+练习（湖南专用）/第03讲 分子结构与性质、化学键（复习讲义）（湖南专用）（教师版）.docx	0be0315fa11c41cd	8834565	moved
2026年新高考资料(3)/一轮复习/2026年高考化学一轮课件+讲义+练习（湖南专用）/第03讲 化学平衡常数及其相关计算（复习讲义）（湖南专用）（学生版）.docx	cc0c677aa00ab6b2	4194197	moved
2026年新高考资料(3)/一轮复习/2026年高考化学一轮课件+讲义+练习（湖南专用）/第03讲 常用物质的制备（复习讲义）（湖南专用）（学生版）.docx	d35e64c1a2cf2ada	4180611	moved
2026年新高考资料(3)/一轮复习/2026年高考化学一轮课件+讲义+练习（湖南专用）/第03讲 常用物质的制备（复习讲义）（湖南专用）（教师版）.docx	f6084675a917b156	7338962	moved
2026年新高考资料(3)/一轮复习/2026年高考化学一轮课件+讲义+练习（湖南专用）/第03讲 氮及其重要化合物（复习讲义）（湖南专用）（学生版）.docx	8885a3d49f356af6	4156651	moved
2026年新高考资料(3)/一轮复习/2026年高考化学一轮课件+讲义+练习（湖南专用）/第03讲 电解池、金属的腐蚀与防护（复习讲义）（湖南专用）（学生版）.docx	58c2a2408349ce58	5094077	moved
2026年新高考资料(3)/一轮复习/2026年高考化学一轮课件+讲义+练习（湖南专用）/第03讲 盐类的水解（复习讲义）（湖南专用）（学生版）.docx	b530a3c22b8e24b2	5341921	moved
2026年新高考资料(3)/一轮复习/2026年高考化学一轮课件+讲义+练习（湖南专用）/第03讲 离子共存、离子的检验与推断（复习讲义）（湖南专用）（学生版）.docx	646dfd610cd08a3e	2819367	moved
2026年新高考资料(3)/一轮复习/2026年高考化学一轮课件+讲义+练习（湖南专用）/第03讲 铝及其重要化合物（复习讲义）（湖南专用）（学生版）.docx	66adda3b8e7ef483	2747288	moved
2026年新高考资料(3)/一轮复习/2026年高考化学一轮课件+讲义+练习（湖南专用）/第04讲 化学反应的方向、化学反应的调控（复习讲义）（湖南专用）（学生版）.docx	c2711e7f5400ff0c	3468959	moved
2026年新高考资料(3)/一轮复习/2026年高考化学一轮课件+讲义+练习（湖南专用）/第04讲 晶体结构与性质（复习讲义）（湖南专用）（学生版）.docx	060c7a0785bc584d	4341382	moved
2026年新高考资料(3)/一轮复习/2026年高考化学一轮课件+讲义+练习（湖南专用）/第04讲 氧化还原反应的基本概念和规律（复习讲义）（湖南专用）（学生版）.docx	f0b57da616ccdd91	7604854	moved
2026年新高考资料(3)/一轮复习/2026年高考化学一轮课件+讲义+练习（湖南专用）/第04讲 沉淀溶解平衡（复习讲义）（湖南专用）（学生版）.docx	1ac1c86a5b071697	3791913	moved
2026年新高考资料(3)/一轮复习/2026年高考化学一轮课件+讲义+练习（湖南专用）/第04讲 电化学原理的综合应用（复习讲义）（湖南专用）（学生版）.docx	56592217c5c7237c	4861700	moved
2026年新高考资料(3)/一轮复习/2026年高考化学一轮课件+讲义+练习（湖南专用）/第04讲 碳、硅及无机非金属材料（复习讲义）（湖南专用）（学生版）.docx	c7d38420376c744c	3097851	moved
2026年新高考资料(3)/一轮复习/2026年高考化学一轮课件+讲义+练习（湖南专用）/第04讲 综合实验题型探究（复习讲义）（湖南专用）（学生版）.docx	c915609071360fb9	4743743	moved
2026年新高考资料(3)/一轮复习/2026年高考化学一轮课件+讲义+练习（湖南专用）/第04讲 金属材料及金属矿物的开发利用（复习讲义）（湖南专用）（学生版）.docx	999c9ced9eaf1092	4140391	moved
2026年新高考资料(3)/一轮复习/2026年高考化学一轮课件+讲义+练习（湖南专用）/第04讲 金属材料及金属矿物的开发利用（复习讲义）（湖南专用）（教师版）.docx	bc5de265b7826f16	4203254	moved
2026年新高考资料(3)/一轮复习/2026年高考化学一轮课件+讲义+练习（湖南专用）/第05讲 化学反应速率与化学平衡图像（复习讲义）（湖南专用）（学生版）.docx	06536d98f58b8c11	3713036	moved
2026年新高考资料(3)/一轮复习/2026年高考化学一轮课件+讲义+练习（湖南专用）/第05讲 工业流程题解题策略（复习讲义）（湖南专用）（学生版）.docx	617cc01a146ce427	4596725	moved
2026年新高考资料(3)/一轮复习/2026年高考化学一轮课件+讲义+练习（湖南专用）/第05讲 有机合成与推断（复习讲义）（湖南专用）（学生版）.docx	25dafedc11477000	4537303	moved
2026年新高考资料(3)/一轮复习/2026年高考化学一轮课件+讲义+练习（湖南专用）/第05讲 氧化还原反应方程式的配平与计算（复习讲义）（湖南专用）（学生版）.docx	ab7704190d5b01cd	4398531	moved
2026年新高考资料(3)/一轮复习/2026年高考化学一轮课件+讲义+练习（福建专用）/第一章 物质及其变化/第01讲 物质的分类及转化（学生版）.docx	9523b2f1713a2302	5950881	moved
2026年新高考资料(3)/一轮复习/2026年高考化学一轮课件+讲义+练习（福建专用）/第一章 物质及其变化/第04讲 氧化还原反应的基本概念和规律（福建专用）（学生版）.docx	06c85b3be16c5995	2134466	moved
2026年新高考资料(3)/一轮复习/2026年高考化学一轮课件+讲义+练习（福建专用）/第一章 物质及其变化/第05讲 氧化还原反应方程式的配平与计算（福建专用）（学生版）.docx	b6a3099fb7acc72c	2005375	moved
2026年新高考资料(3)/一轮复习/2026年高考化学一轮课件+讲义+练习（福建专用）/第一章 物质及其变化/第2讲 离子反应、离子方程式（学生版）.docx	b00c346bba6b9b43	5581806	moved
2026年新高考资料(3)/一轮复习/2026年高考化学一轮课件+讲义+练习（福建专用）/第一章 物质及其变化/第3讲 离子共存、离子的检验与推断（福建专用）（学生版）.docx	ece16037dc41f0a2	4384590	moved
2026年新高考资料(3)/一轮复习/2026年高考化学一轮课件+讲义+练习（福建专用）/第七章 化学反应速率与化学平衡/第01讲 化学反应速率及其影响因素（复习讲义）（福建专用）（学生版）.docx	7fe8d6e676956bd1	3435420	moved
2026年新高考资料(3)/一轮复习/2026年高考化学一轮课件+讲义+练习（福建专用）/第七章 化学反应速率与化学平衡/第01讲 化学反应速率及其影响因素（复习讲义）（福建专用）（教师版）.docx	db0a1985d0eb9d70	3694628	moved
2026年新高考资料(3)/一轮复习/2026年高考化学一轮课件+讲义+练习（福建专用）/第七章 化学反应速率与化学平衡/第02讲 化学平衡状态、化学平衡的移动（复习讲义）（福建专用）（学生版）.docx	b5d0e9006fbb17da	4352035	moved
2026年新高考资料(3)/一轮复习/2026年高考化学一轮课件+讲义+练习（福建专用）/第七章 化学反应速率与化学平衡/第03讲 化学平衡常数及其相关计算（复习讲义）（福建专用）（学生版）.docx	b9be9c5494b87074	1876514	moved
2026年新高考资料(3)/一轮复习/2026年高考化学一轮课件+讲义+练习（福建专用）/第七章 化学反应速率与化学平衡/第04讲 化学反应的方向、化学反应的调控（复习讲义）（福建专用）（学生版）.docx	a4b8d4f38c7abcc7	2310938	moved
2026年新高考资料(3)/一轮复习/2026年高考化学一轮课件+讲义+练习（福建专用）/第七章 化学反应速率与化学平衡/第05讲 化学反应速率与化学平衡图像（复习讲义）（福建专用）（学生版）.docx	6352ac29ed9ccb65	3204679	moved
2026年新高考资料(3)/一轮复习/2026年高考化学一轮课件+讲义+练习（福建专用）/第三章 金属及其化合物/第01讲 钠及其重要化合物（复习讲义）（学生版）.docx	157808ab6c3c4117	3349263	moved
2026年新高考资料(3)/一轮复习/2026年高考化学一轮课件+讲义+练习（福建专用）/第三章 金属及其化合物/第03讲 铝及其重要化合物（学生版）.docx	91de87460c8f61d9	2542405	moved
2026年新高考资料(3)/一轮复习/2026年高考化学一轮课件+讲义+练习（福建专用）/第三章 金属及其化合物/第04讲 金属材料及金属矿物的开发利用（教师版）.docx	c51a1bcdaa283051	2630380	moved
2026年新高考资料(3)/一轮复习/2026年高考化学一轮课件+讲义+练习（福建专用）/第九章 有机化学基础/第01讲 有机化合物的结构特点与研究方法（学生版）.docx	afc5bb3f33fdce6e	2739677	moved
2026年新高考资料(3)/一轮复习/2026年高考化学一轮课件+讲义+练习（福建专用）/第九章 有机化学基础/第02讲 烃（学生版） .docx	eb1d4e558a9488d1	2510378	moved
2026年新高考资料(3)/一轮复习/2026年高考化学一轮课件+讲义+练习（福建专用）/第九章 有机化学基础/第02讲 烃（教师版）.docx	09a7a7e01f5f68f7	2804288	moved
2026年新高考资料(3)/一轮复习/2026年高考化学一轮课件+讲义+练习（福建专用）/第九章 有机化学基础/第05讲 有机合成与推断（学生版）.docx	f0e7598c7777029b	3948572	moved
2026年新高考资料(3)/一轮复习/2026年高考化学一轮课件+讲义+练习（福建专用）/第二章 物质的量/第01讲 物质的量  气体摩尔体积（复习讲义）（学生版）.docx	e3eb7aed1506c563	3748919	moved
2026年新高考资料(3)/一轮复习/2026年高考化学一轮课件+讲义+练习（福建专用）/第二章 物质的量/第02讲 物质的量浓度（复习讲义）（学生版）.docx	9daeaf86fa0643ef	2181243	moved
2026年新高考资料(3)/一轮复习/2026年高考化学一轮课件+讲义+练习（福建专用）/第五章 物质结构与性质 元素周期律/第01讲 元素周期表与元素周期律（学生版）.docx	d7e89685f989005e	3161006	moved
2026年新高考资料(3)/一轮复习/2026年高考化学一轮课件+讲义+练习（福建专用）/第五章 物质结构与性质 元素周期律/第02讲 原子结构与性质（复习讲义）（福建专用）（学生版）.docx	f3f8e17e91cba92c	1923040	moved
2026年新高考资料(3)/一轮复习/2026年高考化学一轮课件+讲义+练习（福建专用）/第五章 物质结构与性质 元素周期律/第03讲 分子结构与性质 化学键（复习讲义）（福建专用）（学生版）.docx	597054e308b926d1	5106725	moved
2026年新高考资料(3)/一轮复习/2026年高考化学一轮课件+讲义+练习（福建专用）/第五章 物质结构与性质 元素周期律/第03讲 分子结构与性质 化学键（复习讲义）（福建专用）（教师版）.docx	c4ad94e6baf4f27a	5418113	moved
2026年新高考资料(3)/一轮复习/2026年高考化学一轮课件+讲义+练习（福建专用）/第五章 物质结构与性质 元素周期律/第04讲 晶体结构与性质（复习讲义）（学生版）.docx	03c20680c5be225b	3636854	moved
2026年新高考资料(3)/一轮复习/2026年高考化学一轮课件+讲义+练习（福建专用）/第八章 水溶液中的离子反应与平衡/第01讲 电离平衡（学生版）.docx	740e4c5c78372465	1995274	moved
2026年新高考资料(3)/一轮复习/2026年高考化学一轮课件+讲义+练习（福建专用）/第八章 水溶液中的离子反应与平衡/第02讲 水的电离和溶液的酸碱性（学生版） .docx	f2aba2ee714be286	2764372	moved
2026年新高考资料(3)/一轮复习/2026年高考化学一轮课件+讲义+练习（福建专用）/第八章 水溶液中的离子反应与平衡/第03讲 盐类的水解（学生版）.docx	600d19ae1909ca5c	2151249	moved
2026年新高考资料(3)/一轮复习/2026年高考化学一轮课件+讲义+练习（福建专用）/第八章 水溶液中的离子反应与平衡/第03讲 盐类的水解（教师版）.docx	9996a85e4423e60a	2357076	moved
2026年新高考资料(3)/一轮复习/2026年高考化学一轮课件+讲义+练习（福建专用）/第八章 水溶液中的离子反应与平衡/第04讲 沉淀溶解平衡（学生版）.docx	99f86a0667d51351	2509160	moved
2026年新高考资料(3)/一轮复习/2026年高考化学一轮课件+讲义+练习（福建专用）/第八章 水溶液中的离子反应与平衡/第04讲 沉淀溶解平衡（教师版）.docx	60feb670f7fd2fc5	2697460	moved
2026年新高考资料(3)/一轮复习/2026年高考化学一轮课件+讲义+练习（福建专用）/第八章 水溶液中的离子反应与平衡/第05讲 工业流程题解题策略（学生版）.docx	80cf223a4937529b	3385780	moved
2026年新高考资料(3)/一轮复习/2026年高考化学一轮课件+讲义+练习（福建专用）/第六章 化学反应与能量/第01讲 化学反应的热效应（复习讲义）（福建专用）（学生版）.docx	17a32c6f36cb812a	4915003	moved
2026年新高考资料(3)/一轮复习/2026年高考化学一轮课件+讲义+练习（福建专用）/第六章 化学反应与能量/第01讲 化学反应的热效应（复习讲义）（福建专用）（教师版）.docx	5839e98042e6d355	5239262	moved
2026年新高考资料(3)/一轮复习/2026年高考化学一轮课件+讲义+练习（福建专用）/第六章 化学反应与能量/第02讲原电池 与化学电源（复习讲义）（学生版）（福建专用）.docx	a7efc6c10d97ede4	5664313	moved
2026年新高考资料(3)/一轮复习/2026年高考化学一轮课件+讲义+练习（福建专用）/第六章 化学反应与能量/第03讲 电解池 金属的腐蚀与防护（复习讲义）（学生版）（福建专用）(1).docx	56b4d018e0e11004	4719293	moved
2026年新高考资料(3)/一轮复习/2026年高考化学一轮课件+讲义+练习（福建专用）/第六章 化学反应与能量/第04讲电化学原理综合运用（复习讲义）（学生版）（福建专用）.docx	0757ddaf0d039443	4197757	moved
2026年新高考资料(3)/一轮复习/2026年高考化学一轮课件+讲义+练习（福建专用）/第十章 化学实验基础与探究/第01讲 化学实验的常用仪器和基本操作（复习讲义）（福建专用）（学生版）.docx	65d79e1faf2de60e	5868640	moved
2026年新高考资料(3)/一轮复习/2026年高考化学一轮课件+讲义+练习（福建专用）/第四章 非金属及其化合物/第01讲 氯及其重要化合物（复习讲义）（福建专用）（学生版）.docx	d905e5d41a37d954	3839851	moved
2026年新高考资料(3)/一轮复习/2026年高考化学一轮课件+讲义+练习（福建专用）/第四章 非金属及其化合物/第02讲 硫及其重要化合物（复习讲义）（福建专用）（学生版）.docx	09047ae755cebdbb	6716781	moved
2026年新高考资料(3)/一轮复习/2026年高考化学一轮课件+讲义+练习（福建专用）/第四章 非金属及其化合物/第03讲 氮及其重要化合物（复习讲义）（福建专用）（学生版）.docx	b8939649d84f89f3	6909691	moved
2026年新高考资料(3)/一轮复习/2026年高考化学一轮课件+讲义+练习（福建专用）/第四章 非金属及其化合物/第04讲 碳、硅及无机非金属材料（复习讲义）（福建专用）（学生版）.docx	cd093ed459ef5ac3	4324108	moved
2026年新高考资料(3)/一轮复习/2026年高考化学一轮课件+讲义+练习（黑吉辽蒙专用）/第01讲   电离平衡（复习讲义）（黑吉辽蒙专用）（教师版）.docx	eae85f2e4ffdf0e9	2009853	moved
2026年新高考资料(3)/一轮复习/2026年高考化学一轮课件+讲义+练习（黑吉辽蒙专用）/第01讲 元素周期表、元素周期律（复习讲义）（黑吉辽蒙专用）（学生版）.docx	c36bbc08e2052c52	1806177	moved
2026年新高考资料(3)/一轮复习/2026年高考化学一轮课件+讲义+练习（黑吉辽蒙专用）/第01讲 化学反应的热效应（复习讲义）（黑吉辽蒙专用）（学生版）.docx	2887ff12e41595e0	2446199	moved
2026年新高考资料(3)/一轮复习/2026年高考化学一轮课件+讲义+练习（黑吉辽蒙专用）/第01讲 化学反应速率及其影响因素（复习讲义）（黑吉辽蒙专用）（学生版）.docx	5e6e8fe321435e57	2118783	moved
2026年新高考资料(3)/一轮复习/2026年高考化学一轮课件+讲义+练习（黑吉辽蒙专用）/第01讲 化学实验的常用仪器和基本操作（复习讲义）（黑吉辽蒙专用）（学生版）.docx	a3893b72661baa12	2209095	moved
2026年新高考资料(3)/一轮复习/2026年高考化学一轮课件+讲义+练习（黑吉辽蒙专用）/第01讲 有机化合物的结构特点与研究方法（复习讲义）（黑吉辽蒙专用）（学生版）.docx	c07583f22cfbea43	2780345	moved
2026年新高考资料(3)/一轮复习/2026年高考化学一轮课件+讲义+练习（黑吉辽蒙专用）/第01讲 氯及其重要化合物（复习讲义）（黑吉辽蒙专用）（学生版）.docx	c0055981ac7610e1	2263579	moved
2026年新高考资料(3)/一轮复习/2026年高考化学一轮课件+讲义+练习（黑吉辽蒙专用）/第01讲 物质的分类及转化（复习讲义）（黑吉辽蒙专用）（学生版）.docx	01db2398d3aa2ca9	4351740	moved
2026年新高考资料(3)/一轮复习/2026年高考化学一轮课件+讲义+练习（黑吉辽蒙专用）/第01讲 物质的量、气体摩尔体积（复习讲义）（黑吉辽蒙专用）（学生版）.docx	fd1067079f6b6b04	2443521	moved
2026年新高考资料(3)/一轮复习/2026年高考化学一轮课件+讲义+练习（黑吉辽蒙专用）/第01讲 钠及其重要化合物（复习讲义）（黑吉辽蒙专用）（学生版）.docx	2bf9abe5266f76b7	1892404	moved
2026年新高考资料(3)/一轮复习/2026年高考化学一轮课件+讲义+练习（黑吉辽蒙专用）/第02讲 化学平衡状态、化学平衡的移动（复习讲义）（黑吉辽蒙专用）（学生版）.docx	6d8eb300ef57a0cb	2029501	moved
2026年新高考资料(3)/一轮复习/2026年高考化学一轮课件+讲义+练习（黑吉辽蒙专用）/第02讲 原子结构与性质（复习讲义）（黑吉辽蒙专用）（学生版）.docx	0a4422798e712be2	1790920	moved
2026年新高考资料(3)/一轮复习/2026年高考化学一轮课件+讲义+练习（黑吉辽蒙专用）/第02讲 原电池、化学电源（复习讲义）（黑吉辽蒙专用）（学生版）.docx	1aece5ed9e38897d	2257492	moved
2026年新高考资料(3)/一轮复习/2026年高考化学一轮课件+讲义+练习（黑吉辽蒙专用）/第02讲 水的电离和溶液的酸碱性（复习讲义）（黑吉辽蒙专用）（学生版）.docx	10a6f524a4c4fd5d	2011484	moved
2026年新高考资料(3)/一轮复习/2026年高考化学一轮课件+讲义+练习（黑吉辽蒙专用）/第02讲 烃（复习讲义）（黑吉辽蒙专用）（学生版）.docx	babebb5d7e335c75	1899066	moved
2026年新高考资料(3)/一轮复习/2026年高考化学一轮课件+讲义+练习（黑吉辽蒙专用）/第02讲 烃（复习讲义）（黑吉辽蒙专用）（教师版）.docx	cc9b931aad74f9a6	2030665	moved
2026年新高考资料(3)/一轮复习/2026年高考化学一轮课件+讲义+练习（黑吉辽蒙专用）/第02讲 物质的分离、提纯与鉴别（复习讲义）（黑吉辽蒙专用）（学生版）.docx	9405d93791c9babb	2287688	moved
2026年新高考资料(3)/一轮复习/2026年高考化学一轮课件+讲义+练习（黑吉辽蒙专用）/第02讲 物质的量浓度（复习讲义）（黑吉辽蒙专用）（学生版）.docx	615dcd582661812a	2621944	moved
2026年新高考资料(3)/一轮复习/2026年高考化学一轮课件+讲义+练习（黑吉辽蒙专用）/第02讲 硫及其重要化合物（复习讲义）（黑吉辽蒙专用）（学生版）.docx	e9b651b14df10d7d	2580917	moved
2026年新高考资料(3)/一轮复习/2026年高考化学一轮课件+讲义+练习（黑吉辽蒙专用）/第02讲 铁及其重要化合物（复习讲义）（黑吉辽蒙专用）（学生版）.docx	40b66104160fee79	1918117	moved
2026年新高考资料(3)/一轮复习/2026年高考化学一轮课件+讲义+练习（黑吉辽蒙专用）/第03讲 分子结构与性质、化学键（复习讲义）（黑吉辽蒙专用）（学生版）.docx	ba66cc1be8ccc519	1520877	moved
2026年新高考资料(3)/一轮复习/2026年高考化学一轮课件+讲义+练习（黑吉辽蒙专用）/第03讲 化学平衡常数及其相关计算（复习讲义）（黑吉辽蒙专用）（学生版）.docx	5b48191fa500ac07	2377308	moved
2026年新高考资料(3)/一轮复习/2026年高考化学一轮课件+讲义+练习（黑吉辽蒙专用）/第03讲 常见物质的制备（复习讲义）（黑吉辽蒙专用）（学生版）.docx	1c49c5b9684afb4a	4016780	moved
2026年新高考资料(3)/一轮复习/2026年高考化学一轮课件+讲义+练习（黑吉辽蒙专用）/第03讲 氮及其重要化合物（复习讲义）（黑吉辽蒙专用）（学生版）.docx	cdf6201039ba68cc	2400874	moved
2026年新高考资料(3)/一轮复习/2026年高考化学一轮课件+讲义+练习（黑吉辽蒙专用）/第03讲 物质的量在化学方程式计算中的应用（复习讲义）（黑吉辽蒙专用）（学生版）.docx	ff29c9df6e77071a	2614852	moved
2026年新高考资料(3)/一轮复习/2026年高考化学一轮课件+讲义+练习（黑吉辽蒙专用）/第03讲 电解池、金属的腐蚀与防护（复习讲义）（黑吉辽蒙专用）（学生版）.docx	74dc45a1f1d02922	2034145	moved
2026年新高考资料(3)/一轮复习/2026年高考化学一轮课件+讲义+练习（黑吉辽蒙专用）/第03讲 盐类的水解（复习讲义）（黑吉辽蒙专用）（学生版）.docx	b876756e9b6811dc	2316679	moved
2026年新高考资料(3)/一轮复习/2026年高考化学一轮课件+讲义+练习（黑吉辽蒙专用）/第03讲 离子共存、离子的检验与推断（复习讲义）（黑吉辽蒙专用）（学生版）.docx	ca7daf341af06567	2223446	moved
2026年新高考资料(3)/一轮复习/2026年高考化学一轮课件+讲义+练习（黑吉辽蒙专用）/第03讲 铝及其重要化合物（复习讲义）（黑吉辽蒙专用）（学生版）.docx	1b6628e498123f36	4278769	moved
2026年新高考资料(3)/一轮复习/2026年高考化学一轮课件+讲义+练习（黑吉辽蒙专用）/第04讲 化学反应的方向、化学反应的调控（复习讲义）（黑吉辽蒙专用）（学生版）.docx	2481ee59690d5c04	1983487	moved
2026年新高考资料(3)/一轮复习/2026年高考化学一轮课件+讲义+练习（黑吉辽蒙专用）/第04讲 晶体结构与性质（复习讲义）（黑吉辽蒙专用）（学生版）.docx	3c91c70c97223ffb	2826342	moved
2026年新高考资料(3)/一轮复习/2026年高考化学一轮课件+讲义+练习（黑吉辽蒙专用）/第04讲 氧化还原反应的基本概念和规律（复习讲义）（黑吉辽蒙专用）（学生版）.docx	76503f14548311f7	2969132	moved
2026年新高考资料(3)/一轮复习/2026年高考化学一轮课件+讲义+练习（黑吉辽蒙专用）/第04讲 沉淀溶解平衡（复习讲义）（黑吉辽蒙专用）（学生版）.docx	7dba132567c7ed17	2323691	moved
2026年新高考资料(3)/一轮复习/2026年高考化学一轮课件+讲义+练习（黑吉辽蒙专用）/第04讲 电化学原理的综合应用（复习讲义）（黑吉辽蒙专用）（学生版）.docx	9d56b216891e8b58	2018078	moved
2026年新高考资料(3)/一轮复习/2026年高考化学一轮课件+讲义+练习（黑吉辽蒙专用）/第04讲 碳、硅及无机非金属材料（复习讲义）（黑吉辽蒙专用）（学生版）.docx	4a1683633e5fb244	1630618	moved
2026年新高考资料(3)/一轮复习/2026年高考化学一轮课件+讲义+练习（黑吉辽蒙专用）/第04讲 综合实验题型探究（复习讲义）（黑吉辽蒙专用）（学生版）.docx	e1df979f6cddca5d	2753949	moved
2026年新高考资料(3)/一轮复习/2026年高考化学一轮课件+讲义+练习（黑吉辽蒙专用）/第04讲 金属材料及金属矿物的开发利用（复习讲义）（黑吉辽蒙专用）（学生版）.docx	d03b03abe5050728	2884997	moved
2026年新高考资料(3)/一轮复习/2026年高考化学一轮课件+讲义+练习（黑吉辽蒙专用）/第05讲 化学反应速率与化学平衡图像（复习讲义）（黑吉辽蒙专用）（学生版）.docx	84bda649f3972ea2	2555556	moved
2026年新高考资料(3)/一轮复习/2026年高考化学一轮课件+讲义+练习（黑吉辽蒙专用）/第05讲 工业流程题解题策略（复习讲义）（黑吉辽蒙专用）（学生版）.docx	aee0e80058ed2c6a	2714618	moved
2026年新高考资料(3)/一轮复习/2026年高考化学一轮课件+讲义+练习（黑吉辽蒙专用）/第05讲 有机合成与推断（复习讲义）（黑吉辽蒙专用）（学生版）.docx	676175e3a15561dd	3273548	moved
2026年新高考资料(3)/一轮复习/2026年高考化学一轮课件+讲义+练习（黑吉辽蒙专用）/第05讲 氧化还原反应方程式的配平与计算（复习讲义）（黑吉辽蒙专用）（学生版）.docx	222ea1dd0084a928	2797622	moved
2026年新高考资料(3)/一轮复习/2026年高考化学大一轮复习/资料/第九章 第2讲 烃（讲义及教师版） .docx	492e86d5edee4b97	2798396	moved
2026年新高考资料(3)/一轮复习/2026年高考化学大一轮复习/资料/第九章 第3讲 卤代烃、醇和酚（讲义及教师版） .docx	921ad8e2ecdcf95d	2325272	moved
2026年新高考资料(3)/一轮复习/2026年高考化学大一轮复习/资料/第九章 第4讲 醛  酮（讲义及教师版） .docx	bdd2fd4570faeeea	1970410	moved
2026年新高考资料(3)/一轮复习/2026年高考化学大一轮复习/资料/第九章 第7讲 合成高分子 .docx	560d5942ea9a7517	1862489	moved
2026年新高考资料(3)/一轮复习/2026年高考化学大一轮复习/资料/第五章 第2讲 化学键、电子式及化学用语（讲义及教师版） .docx	2d6a61c1c81c9260	1866869	moved
2026年新高考资料(3)/一轮复习/2026年高考化学大一轮复习卓越讲义重难点/资料/（重点·方法·点拨）第01讲 物质的量　气体摩尔体积- （学生版）.docx	5c1ee7b34e73694f	1168045	moved
2026年新高考资料(3)/一轮复习/2026年高考化学大一轮复习卓越讲义重难点/资料/（重点·方法·点拨）第02讲 物质的量浓度- （学生版）.docx	a4e325d21f034789	2890393	moved
2026年新高考资料(3)/一轮复习/2026年高考化学大一轮复习卓越讲义重难点/资料/（重点·方法·点拨）第03讲 化学计算的常用方法- （学生版）.docx	d264fd91e3d98655	1075295	moved
2026年新高考资料(3)/一轮复习/2026年高考化学大一轮复习卓越讲义重难点/资料/（重点·方法·点拨）第04讲 元素与物质的分类- （学生版）.docx	8d308e87a456362c	2217382	moved
2026年新高考资料(3)/一轮复习/2026年高考化学大一轮复习卓越讲义重难点/资料/（重点·方法·点拨）第05讲 离子反应　离子方程式- （学生版）.docx	c3232ce7483f631b	1827519	moved
2026年新高考资料(3)/一轮复习/2026年高考化学大一轮复习卓越讲义重难点/资料/（重点·方法·点拨）第06讲 离子共存、离子检验与推断- （学生版）.docx	106eca4b0f209e99	1620788	moved
2026年新高考资料(3)/一轮复习/2026年高考化学大一轮复习卓越讲义重难点/资料/（重点·方法·点拨）第07讲 氧化还原反应的概念和规律- （学生版）.docx	72723e60c378cf5b	1593547	moved
2026年新高考资料(3)/一轮复习/2026年高考化学大一轮复习卓越讲义重难点/资料/（重点·方法·点拨）第08讲 氧化还原反应方程式的书写与配平- （学生版）.docx	a3cdb9e4c82c7834	2367187	moved
2026年新高考资料(3)/一轮复习/2026年高考化学大一轮复习卓越讲义重难点/资料/（重点·方法·点拨）第09讲 钠及其氧化物- （学生版）.docx	b7fe26b564bef056	1198928	moved
2026年新高考资料(3)/一轮复习/2026年高考化学大一轮复习卓越讲义重难点/资料/（重点·方法·点拨）第10讲 碳酸钠和碳酸氢钠　碱金属- （学生版）.docx	4a63bfcb6ad85093	1636462	moved
2026年新高考资料(3)/一轮复习/2026年高考化学大一轮复习卓越讲义重难点/资料/（重点·方法·点拨）第11讲 侯氏制碱法与Na2CO3含量的测定- （学生版）.docx	b0a8b1363e9aeedc	2672687	moved
2026年新高考资料(3)/一轮复习/2026年高考化学大一轮复习卓越讲义重难点/资料/（重点·方法·点拨）第12讲 铁及其氧化物和氢氧化物- （学生版）.docx	f3222e3fa6b6318c	1816343	moved
2026年新高考资料(3)/一轮复习/2026年高考化学大一轮复习卓越讲义重难点/资料/（重点·方法·点拨）第13讲 铁及其化合物的转化关系- （学生版）.docx	4f87e6ec3dc80cb3	1913334	moved
2026年新高考资料(3)/一轮复习/2026年高考化学大一轮复习卓越讲义重难点/资料/（重点·方法·点拨）第14讲 金属材料和金属的冶炼- （学生版）.docx	c9eb0f2dcdef93a3	2713197	moved
2026年新高考资料(3)/一轮复习/2026年高考化学大一轮复习卓越讲义重难点/资料/（重点·方法·点拨）第15讲 硅　无机非金属材料- （学生版）.docx	343ead4f4f9f7c5f	1859747	moved
2026年新高考资料(3)/一轮复习/2026年高考化学大一轮复习卓越讲义重难点/资料/（重点·方法·点拨）第16讲 氯及其化合物- （学生版）.docx	1bf61504b559177e	2135048	moved
2026年新高考资料(3)/一轮复习/2026年高考化学大一轮复习卓越讲义重难点/资料/（重点·方法·点拨）第17讲 氯气的实验室制法及应用- （学生版）.docx	d8e3d8f8bb6141f0	2888300	moved
2026年新高考资料(3)/一轮复习/2026年高考化学大一轮复习卓越讲义重难点/资料/（重点·方法·点拨）第18讲 卤族元素　溴、碘单质的提取- （学生版）.docx	2491d35d7b37b658	2016516	moved
2026年新高考资料(3)/一轮复习/2026年高考化学大一轮复习卓越讲义重难点/资料/（重点·方法·点拨）第19讲 硫及其氧化物- （学生版）.docx	0c64bc6235081a6a	2332195	moved
2026年新高考资料(3)/一轮复习/2026年高考化学大一轮复习卓越讲义重难点/资料/（重点·方法·点拨）第20讲 硫酸、酸雨及防治- （学生版）.docx	c8991f43d731d3dd	2466287	moved
2026年新高考资料(3)/一轮复习/2026年高考化学大一轮复习卓越讲义重难点/资料/（重点·方法·点拨）第21讲 硫及其化合物的相互转化- （学生版）.docx	fdd2dedde745843f	3495872	moved
2026年新高考资料(3)/一轮复习/2026年高考化学大一轮复习卓越讲义重难点/资料/（重点·方法·点拨）第23讲 氨和铵盐- （学生版）.docx	fb39b0fcc54a387a	4354457	moved
2026年新高考资料(3)/一轮复习/2026年高考化学大一轮复习卓越讲义重难点/资料/（重点·方法·点拨）第25讲 常见气体的实验室制备、净化和收集- （学生版）.docx	468f1e53ed1c99c1	5059460	moved
2026年新高考资料(3)/一轮复习/2026年高考化学大一轮复习卓越讲义重难点/资料/（重点·方法·点拨）第26讲原子结构　核外电子排布规律 - （学生版）.docx	d1e0edef8b310d58	2534630	moved
2026年新高考资料(3)/一轮复习/2026年高考化学大一轮复习卓越讲义重难点/资料/（重点·方法·点拨）第28讲 化学键- （学生版）.docx	07b8752036881b46	3203773	moved
2026年新高考资料(3)/一轮复习/2026年高考化学大一轮复习卓越讲义重难点/资料/（重点·方法·点拨）第30讲 分子的性质　配合物与超分子- （学生版）.docx	2dc1bfe957ab73df	2899523	moved
2026年新高考资料(3)/一轮复习/2026年高考化学大一轮复习卓越讲义重难点/资料/（重点·方法·点拨）第32讲 晶胞结构分析与计算- （学生版）.docx	aa1d83c9b01b09b7	5984115	moved
2026年新高考资料(3)/一轮复习/2026年高考化学大一轮复习卓越讲义重难点/资料/（重点·方法·点拨）第33讲 　物质结构与性质综合题突破- （学生版）.docx	1ace89d1dab1afb2	7063234	moved
2026年新高考资料(3)/一轮复习/2026年高考化学大一轮复习卓越讲义重难点/资料/（重点·方法·点拨）第34讲 化学反应的热效应- （学生版）.docx	3eb6b6e35860e56b	2644898	moved
2026年新高考资料(3)/一轮复习/2026年高考化学大一轮复习卓越讲义重难点/资料/（重点·方法·点拨）第35讲 反应热的测定与计算- （学生版）.docx	9ff77387f1c949fe	2584168	moved
2026年新高考资料(3)/一轮复习/2026年高考化学大一轮复习卓越讲义重难点/资料/（重点·方法·点拨）第36讲 化学能转化为电能——电池- （学生版）.docx	a556f7e3e342fdc2	3668578	moved
2026年新高考资料(3)/一轮复习/2026年高考化学大一轮复习卓越讲义重难点/资料/（重点·方法·点拨）第36讲 化学能转化为电能——电池- （教师版）.docx	8750175ea6d3f622	3771660	moved
2026年新高考资料(3)/一轮复习/2026年高考化学大一轮复习卓越讲义重难点/资料/（重点·方法·点拨）第37讲 常考新型化学电源- （学生版）.docx	a07651d7cc9550b8	3175477	moved
2026年新高考资料(3)/一轮复习/2026年高考化学大一轮复习卓越讲义重难点/资料/（重点·方法·点拨）第38讲 电解池　金属的腐蚀与防护- （学生版）.docx	d7d2388cb527c535	3091862	moved
2026年新高考资料(3)/一轮复习/2026年高考化学大一轮复习卓越讲义重难点/资料/（重点·方法·点拨）第39讲 多池、多室的电化学装置- （学生版）.docx	8049eea2aed19dab	3066086	moved
2026年新高考资料(3)/一轮复习/2026年高考化学大一轮复习卓越讲义重难点/资料/（重点·方法·点拨）第40讲 化学反应的方向和限度- （学生版）.docx	1ce76499dc8ab9ba	2743203	moved
2026年新高考资料(3)/一轮复习/2026年高考化学大一轮复习卓越讲义重难点/资料/（重点·方法·点拨）第41讲 化学平衡常数的计算- （学生版）.docx	c901e08bb5b5d557	3146167	moved
2026年新高考资料(3)/一轮复习/2026年高考化学大一轮复习卓越讲义重难点/资料/（重点·方法·点拨）第42讲 反应条件对化学平衡移动的影响- （学生版）.docx	fa2a12c10234a422	2680495	moved
2026年新高考资料(3)/一轮复习/2026年高考化学大一轮复习卓越讲义重难点/资料/（重点·方法·点拨）第43讲 化学反应速率　工业合成氨- （学生版）.docx	15f880f4c9dda251	4635008	moved
2026年新高考资料(3)/一轮复习/2026年高考化学大一轮复习卓越讲义重难点/资料/（重点·方法·点拨）第45讲 水的电离和溶液的酸碱性- （学生版）.docx	c1daa39d79072da5	1882695	moved
2026年新高考资料(3)/一轮复习/2026年高考化学大一轮复习卓越讲义重难点/资料/（重点·方法·点拨）第48讲 酸碱中和滴定及拓展应用- （学生版）.docx	65fdf4d1f3272c03	4048607	moved
2026年新高考资料(3)/一轮复习/2026年高考化学大一轮复习卓越讲义重难点/资料/（重点·方法·点拨）第49讲 溶液中“粒子”浓度关系- （学生版）.docx	abb4772c5b4090ed	3290360	moved
2026年新高考资料(3)/一轮复习/2026年高考化学大一轮复习卓越讲义重难点/资料/（重点·方法·点拨）第51讲 沉淀溶解平衡- （学生版）.docx	79e5246e037f31c4	2394178	moved
2026年新高考资料(3)/一轮复习/2026年高考化学大一轮复习卓越讲义重难点/资料/（重点·方法·点拨）第52讲 沉淀溶解平衡图像的分析- （学生版）.docx	f7c3a6108160db3f	2602710	moved
2026年新高考资料(3)/一轮复习/2026年高考化学大一轮复习卓越讲义重难点/资料/（重点·方法·点拨）第53讲 无机化工流程题的解题策略- （学生版）.docx	45098a089fe632e5	2939709	moved
2026年新高考资料(3)/一轮复习/2026年高考化学大一轮复习卓越讲义重难点/资料/（重点·方法·点拨）第54讲 认识有机化合物- （学生版）.docx	cb8117b79db7f5b2	2476058	moved
2026年新高考资料(3)/一轮复习/2026年高考化学大一轮复习卓越讲义重难点/资料/（重点·方法·点拨）第56讲 烃　化石燃料- （学生版）.docx	801bbcaa16aaa566	2416372	moved
2026年新高考资料(3)/一轮复习/2026年高考化学大一轮复习卓越讲义重难点/资料/（重点·方法·点拨）第56讲 烃　化石燃料- （教师版）.docx	87e2e47071d44ad0	2739411	moved
2026年新高考资料(3)/一轮复习/2026年高考化学大一轮复习卓越讲义重难点/资料/（重点·方法·点拨）第57讲 卤代烃　醇　酚- （学生版）.docx	699c81f0b807c1ac	2274940	moved
2026年新高考资料(3)/一轮复习/2026年高考化学大一轮复习卓越讲义重难点/资料/（重点·方法·点拨）第57讲 卤代烃　醇　酚- （教师版）.docx	8a1c162fce884483	2403347	moved
2026年新高考资料(3)/一轮复习/2026年高考化学大一轮复习卓越讲义重难点/资料/（重点·方法·点拨）第58讲 醛、酮、羧酸、酯、酰胺- （学生版）.docx	741129698701527a	4596949	moved
2026年新高考资料(3)/一轮复习/2026年高考化学大一轮复习卓越讲义重难点/资料/（重点·方法·点拨）第58讲 醛、酮、羧酸、酯、酰胺- （教师版）.docx	4a7bb26a509764b5	5013749	moved
2026年新高考资料(3)/一轮复习/2026年高考化学大一轮复习卓越讲义重难点/资料/（重点·方法·点拨）第60讲 合成高分子　有机合成路线设计- （学生版）.docx	f5ee269521c1ab0b	5468866	moved
2026年新高考资料(3)/一轮复习/2026年高考化学大一轮复习卓越讲义重难点/资料/（重点·方法·点拨）第60讲 合成高分子　有机合成路线设计- （教师版）.docx	63da5b6f364cace4	7236672	moved
2026年新高考资料(3)/一轮复习/2026年高考化学大一轮复习卓越讲义重难点/资料/（重点·方法·点拨）第61讲 有机合成与推断综合题突破- （学生版）.docx	d2f7b4e1af0573f1	3288018	moved
2026年新高考资料(3)/一轮复习/2026年高考化学大一轮复习卓越讲义重难点/资料/（重点·方法·点拨）第62讲 化学实验基础知识和技能- （学生版）.docx	55acbbe62c056231	3140893	moved
2026年新高考资料(3)/一轮复习/2026年高考化学大一轮复习卓越讲义重难点/资料/（重点·方法·点拨）第63讲 仪器的组合与创新使用- （学生版）.docx	a8e37bccf1e8ea74	4714882	moved
2026年新高考资料(3)/一轮复习/2026年高考化学大一轮复习卓越讲义重难点/资料/（重点·方法·点拨）第64讲 物质的分离与提纯- （学生版）.docx	ab5cdaabda4207b4	2521391	moved
2026年新高考资料(3)/一轮复习/2026年高考化学大一轮复习卓越讲义重难点/资料/（重点·方法·点拨）第66讲 　以物质制备为主的综合实验- （学生版）.docx	2ce41f01877b5871	6247254	moved
2026年新高考资料(3)/一轮复习/2026年高考化学大一轮复习卓越讲义重难点/资料/（重点·方法·点拨）第67讲 以物质含量或组成测定为主的综合实验- （学生版）.docx	7619f377199ede7b	3323760	moved
2026年新高考资料(3)/一轮复习/2026年高考化学大一轮复习卓越讲义重难点/资料/（重点·方法·点拨）第68讲 以性质为主的探究类综合实验- （学生版）.docx	911ab63f96221c05	2913165	moved
2026年新高考资料(3)/一轮复习/2026年高考化学精讲精练复习讲义（新教材新高考）/资料/第01讲 物质的组成与分类、分散系（讲义、学生版）- （新教材新高考）.docx	639e98dc9cfaf10e	2549911	moved
2026年新高考资料(3)/一轮复习/2026年高考化学精讲精练复习讲义（新教材新高考）/资料/第02讲 化学与传统文化、中华文明（讲义、学生版）- （新教材新高考）.docx	368853a6665914b6	1003076	moved
2026年新高考资料(3)/一轮复习/2026年高考化学精讲精练复习讲义（新教材新高考）/资料/第03讲 离子反应、与量有关的离子方程式书写（讲义、学生版）- （新教材新高考）.docx	68c6e80a385db2bb	1356270	moved
2026年新高考资料(3)/专项复习/2026年高考化学知识总结/资料/高考化学化学与传统文化及STSE(学生版)-20页.docx	b29af1c7d01601cd	25838369	moved
2026年新高考资料(3)/专项复习/2026年高考化学知识总结/资料/高考化学化学实验基础(选择题)(学生版)-34页.docx	6fb15ab3ab3ade64	5937682	moved
2026年新高考资料(3)/专项复习/2026年高考化学知识总结/资料/高考化学离子反应与离子方程式(学生版)-20页.docx	bc1f01a21a28aee0	1277593	moved
2026年新高考资料(3)/专项复习/2026年高考化学知识总结/资料/高考化学离子检验、推断与共存(学生版)-26页.docx	858cfb89797c6ca3	1760501	moved
2026年新高考资料(3)/专项复习/2026年高考化学知识总结/资料/高考化学阿伏加德罗常数(学生版)-22页.docx	ca49e962f979fa5f	1724810	moved
2026年新高考资料(3)/二轮复习/2026年高考化学二轮复习知识清单（全国通用）/2026版/清单02 阿伏加德罗常数（知识·方法·能力清单）（全国通用）（学生版）.docx	7067f9940bd7781f	1932321	moved
2026年新高考资料(3)/二轮复习/2026年高考化学二轮复习知识清单（全国通用）/2026版/清单03 化学（离子）方程式的判断（知识·方法·能力清单）（学生版）.docx	e6f91dfa58955040	1714359	moved
2026年新高考资料(3)/二轮复习/2026年高考化学二轮复习知识清单（全国通用）/2026版/清单04 氧化还原反应的分析和判断（知识·方法·能力清单）（学生版）.docx	1d9d60c0f728184f	2621487	moved
2026年新高考资料(3)/二轮复习/2026年高考化学二轮复习讲义+练习（黑吉辽蒙专用）/2026版/题型01 化学与STSE  传统文化与化学用语（黑吉辽蒙专用）（学生版）.docx	b2691a4a42c6ecdc	2071279	moved
2026年新高考资料(3)/二轮复习/2026年高考化学二轮复习讲义+练习（黑吉辽蒙专用）/2026版/题型02 阿伏加德罗常数的判断（黑吉辽蒙专用）（学生版）.docx	8a58471f14166e59	1383152	moved
2026年新高考资料(3)/二轮复习/2026年高考化学二轮复习讲义+练习（黑吉辽蒙专用）/2026版/题型03 离子方程式正误判断 离子共存、检验和推断 （黑吉辽蒙专用）（学生版）.docx	66cc0ac0cb0e9203	1734262	moved
2026年新高考资料(3)/二轮复习/2026年高考化学二轮复习讲义+练习（黑吉辽蒙专用）/2026版/题型04 氧化还原反应的分析及应用（黑吉辽蒙专用）（学生版）.docx	21f01a746ffd0975	2077033	moved
2026年新高考资料(3)/二轮复习/2026年高考化学二轮复习课件+讲义+练习（新高考通用）/2026版/专题01 物质的组成、分类、性质及变化（复习讲义）（学生版）.docx	6a81c686aba76dff	5153492	moved
2026年新高考资料(3)/二轮复习/2026年高考化学二轮复习课件+讲义+练习（新高考通用）/2026版/专题02 化学计量及其应用（复习讲义）（学生版）.docx	e588488ab581e05a	2932324	moved
2026年新高考资料(3)/二轮复习/2026年高考化学二轮复习课件+讲义+练习（新高考通用）/2026版/专题03 离子反应（复习讲义）（学生版）.docx	7ffeed318e4ca84c	2350905	moved
2026年新高考资料(3)/二轮复习/2026年高考化学二轮复习课件+讲义+练习（新高考通用）/2026版/专题04 氧化还原反应（复习讲义）（学生版）.docx	fdca8ab4f4b90010	2633141	moved
2026年新高考资料(3)/二轮复习/2026年高考化学二轮复习课件+讲义+练习（新高考通用）/2026版/题型01 化学与STSE  传统文化与化学用语（全国通用）（学生版）.docx	e95a5166aa9ac8b3	2872189	moved
2026年新高考资料(3)/二轮复习/2026年高考化学二轮复习课件+讲义+练习（新高考通用）/2026版/题型02   阿伏加德罗常数的判断（全国通用）（学生版）.docx	df4546aaaf3eae8c	1410952	moved
2026年新高考资料(3)/二轮复习/2026年高考化学二轮复习课件+讲义+练习（新高考通用）/2026版/题型03 离子方程式正误判断 离子共存、检验和推断 （全国通用）（学生版）.docx	ae39884f3287521d	1749301	moved
2026年新高考资料(3)/二轮复习/2026年高考化学二轮复习课件+讲义+练习（新高考通用）/2026版/题型04 氧化还原反应的分析及应用（全国通用）（学生版）.docx	9456a0e04c543e8f	2308525	moved
2026年新高考资料(3)/二轮复习/2026年高考化学二轮复习课件+讲义+练习（新高考通用）/2026版/题型05 物质的性质与应用 （全国通用）（学生版）.docx	5905db398cf1b91c	1955063	moved
2026年新高考资料(3)/二轮复习/2026年高考化学二轮复习课件+讲义+练习（新高考通用）/2026版/题型06 微型化工流程分析  （全国通用）（学生版）.docx	76fd24b4d3cc1d0d	3279787	moved
2026年新高考资料(3)/二轮复习/2026年高考化学二轮复习课件+讲义+练习（新高考通用）/2026版/题型07 化学实验基础（全国通用）（学生版）.docx	ac740f16e4e37574	3641131	moved
2026年新高考资料(3)/二轮复习/2026年高考化学二轮复习课件+讲义+练习（新高考通用）/2026版/题型08 反应历程分析（全国通用）（学生版）.docx	7e5741b9d550f35d	4526330	moved
2026年新高考资料(3)/二轮复习/2026年高考化学二轮复习高效培优讲义（全国通用）/2026版/专题01 化学与STSE、传统文化（培优讲义）（学生版）.docx	87d17129c8b69911	1795229	moved
2026年新高考资料(3)/二轮复习/2026年高考化学二轮复习高效培优讲义（全国通用）/2026版/专题02 阿伏加德罗常数(NA)（培优讲义）（全国通用）（学生版）.docx	1406cd8e74b2ec22	1645276	moved
2026年新高考资料(3)/二轮复习/2026年高考化学二轮复习高效培优讲义（全国通用）/2026版/专题03 离子反应（培优讲义）（全国通用）（学生版） .docx	4b545aefdcaaaa10	1705638	moved
2026年新高考资料(3)/二轮复习/【1】2026年高考化学【二轮·析考点·练题型】提升突破复习讲义（全国通用）/考点02 键角大小的比较（学生版）（全国通用）.docx	daeacd6746f8657b	1686596	moved
2026年新高考资料(3)/二轮复习/【1】2026年高考化学【二轮·析考点·练题型】提升突破复习讲义（全国通用）/考点03 大π键（离域π键、大派键）（学生版）（全国通用）.docx	1bd8b0da41f5b4ca	1766519	moved
2026年新高考资料(3)/二轮复习/【1】2026年高考化学【二轮·析考点·练题型】提升突破复习讲义（全国通用）/考点04 阿伏伽德罗常数的陷阱（学生版）（全国通用）.docx	52bc6445b769cc61	1766755	moved
2026年新高考资料(3)/二轮复习/【1】2026年高考化学【二轮·析考点·练题型】提升突破复习讲义（全国通用）/考点05 离子方程式的正误判断（学生版）（全国通用）.docx	c1ce5a2616855e59	1649570	moved
2026年新高考资料(3)/二轮复习/【1】2026年高考化学【二轮·析考点·练题型】提升突破复习讲义（全国通用）/考点08 化学与STSE、传统文化（学生版）（全国通用）.docx	f88f399b3f80135e	1378964	moved
2026年新高考资料(3)/二轮复习/【1】2026年高考化学【二轮·析考点·练题型】提升突破复习讲义（全国通用）/考点09 无机工艺小流程（学生版）（全国通用）.docx	00959b372cd277a6	3068735	moved
2026年新高考资料(3)/二轮复习/【1】2026年高考化学【二轮·析考点·练题型】提升突破复习讲义（全国通用）/考点10 元素推断与元素周期律（学生版）（全国通用）.docx	312fd2afdf60c02c	1723714	moved
2026年新高考资料(3)/二轮复习/【1】2026年高考化学【二轮·析考点·练题型】提升突破复习讲义（全国通用）/考点12 实验方案的设计与评价（学生版）（全国通用）.docx	feafe3eb24ff491c	1450114	moved
2026年新高考资料(3)/二轮复习/【1】2026年高考化学【二轮·析考点·练题型】提升突破复习讲义（全国通用）/考点13 化学反应机理（历程）探究与分析（学生版）（全国通用）.docx	e582f8d706a44c34	5059035	moved
2026年新高考资料(3)/二轮复习/【1】2026年高考化学【二轮·析考点·练题型】提升突破复习讲义（全国通用）/考点14 多官能团有机物的结构与性质（学生版）（全国通用）.docx	55d8debf4bf985c8	2548285	moved
2026年新高考资料(3)/二轮复习/【1】2026年高考化学【二轮·析考点·练题型】提升突破复习讲义（全国通用）/考点15 新型电化学装置分析（学生版）（全国通用）.docx	83179b75ca51eef3	4578189	moved
2026年新高考资料(3)/二轮复习/【1】2026年高考化学【二轮·析考点·练题型】提升突破复习讲义（全国通用）/考点17 电解质溶液的图像分析（学生版）（全国通用）.docx	e57b3cb4581d00f8	4102237	moved
2026年新高考资料(3)/二轮复习/【1】2026年高考化学【二轮·析考点·练题型】提升突破复习讲义（全国通用）/考点18 化学实验仪器与操作、实验安全和药品保存（学生版）（全国通用）.docx	c63ab30c5be01181	3953473	moved
2026年新高考资料(3)/二轮复习/【1】2026年高考化学【二轮·析考点·练题型】提升突破复习讲义（全国通用）/考点19 新情境信息型陌生方程式的书写（学生版）（全国通用）.docx	9c1942ccdbafc47c	4158774	moved
2026年新高考资料(4)/一轮复习/2026年高考生物一轮复习知识清单（全国通用）/2026版/第01讲 走近细胞（知识清单）（全国通用）（学生版）.docx	05345ba1f11b7282	1895195	moved
2026年新高考资料(4)/一轮复习/2026年高考生物一轮复习知识清单（全国通用）/2026版/第02讲 细胞中的元素和化合物（知识清单）（全国通用）（学生版）.docx	ff442510bd68c53a	1211372	moved
2026年新高考资料(4)/一轮复习/2026年高考生物一轮复习知识清单（全国通用）/2026版/第02讲 细胞中的元素和化合物（知识清单）（全国通用）（教师版）.docx	982ef6e2e565ceb5	1214205	moved
2026年新高考资料(4)/一轮复习/2026年高考生物一轮复习知识清单（全国通用）/2026版/第03讲 糖类和脂质（知识清单）（全国通用）（教师版）.docx	cef8c313a09b5f4d	1172832	moved
2026年新高考资料(4)/一轮复习/2026年高考生物一轮复习知识清单（全国通用）/2026版/第04讲 蛋白质和核酸（知识清单）（全国通用）（学生版）.docx	28842d3f33ff99d1	1642232	moved
2026年新高考资料(4)/一轮复习/2026年高考生物一轮复习知识清单（全国通用）/2026版/第05讲 细胞膜和细胞核（知识清单）（全国通用）（学生版）.docx	0a59089fd448580d	2791935	moved
2026年新高考资料(4)/一轮复习/2026年高考生物一轮复习知识清单（全国通用）/2026版/第06讲 细胞器和生物膜系统（知识清单）（全国通用）（学生版）.docx	2eb3c657bb115f84	2926511	moved
2026年新高考资料(4)/一轮复习/2026年高考生物一轮复习知识清单（全国通用）/2026版/第07讲 物质运输（知识清单）（全国通用）（学生版）.docx	fc4c296e9b1e83dd	2353738	moved
2026年新高考资料(4)/一轮复习/2026年高考生物一轮复习知识清单（全国通用）/2026版/第08讲 酶和ATP（知识清单）（全国通用）（学生版）.docx	c7441e34ea913343	1777517	moved
2026年新高考资料(4)/一轮复习/2026年高考生物一轮复习知识清单（全国通用）/2026版/第09讲 细胞呼吸（知识清单）（全国通用）（学生版）.docx	2153da5e25c365cd	2859065	moved
2026年新高考资料(4)/一轮复习/2026年高考生物一轮复习知识清单（全国通用）/2026版/第10讲 光合作用（知识清单）（全国通用）（学生版）.docx	2e7d88f73c445cc0	4018918	moved
2026年新高考资料(4)/一轮复习/2026年高考生物一轮复习知识清单（全国通用）/2026版/第11讲 细胞代谢综合分析（知识清单）（全国通用）（学生版）.docx	cbac470615cb9f3c	2952279	moved
2026年新高考资料(4)/一轮复习/2026年高考生物一轮复习知识清单（全国通用）/2026版/第12讲 细胞的增殖（知识清单）（全国通用）（学生版）.docx	04f9e9185083433b	1944749	moved
2026年新高考资料(4)/一轮复习/2026年高考生物一轮复习知识清单（全国通用）/2026版/第13讲 减数分裂和受精作用（知识清单）（全国通用）（学生版）.docx	c787bb2bde18b43e	3370655	moved
2026年新高考资料(4)/一轮复习/2026年高考生物一轮复习知识清单（全国通用）/2026版/第14讲 细胞的分化、衰老和死亡（知识清单）（全国通用）（学生版）.docx	179ee9f4423464fd	1221326	moved
2026年新高考资料(4)/一轮复习/2026年高考生物一轮复习知识清单（全国通用）/2026版/第15讲 分离定律（知识清单）（全国通用）（学生版）.docx	eaf52ec453f98c3c	3140277	moved
2026年新高考资料(4)/一轮复习/2026年高考生物一轮复习知识清单（全国通用）/2026版/第16讲 自由组合定律（知识清单）（全国通用）（学生版）.docx	7cbe32ee25e5bf85	2184544	moved
2026年新高考资料(4)/一轮复习/2026年高考生物一轮复习知识清单（全国通用）/2026版/第17讲 伴性遗传和人类遗传病（知识清单）（全国通用）（学生版）.docx	df2368e2f1d829d0	2043945	moved
2026年新高考资料(4)/一轮复习/2026年高考生物一轮复习知识清单（全国通用）/2026版/第18讲 遗传综合实验分析（知识清单）（全国通用）（学生版）.docx	c813efa1d6c626e6	1597079	moved
2026年新高考资料(4)/一轮复习/2026年高考生物一轮复习知识清单（全国通用）/2026版/第19讲 DNA是主要的遗传物质（知识清单）（全国通用）（学生版）.docx	1c3950943139389e	1625031	moved
2026年新高考资料(4)/一轮复习/2026年高考生物一轮复习知识清单（全国通用）/2026版/第20讲 DNA分子的结构、复制与基因的本质（知识清单）（全国通用）（学生版）.docx	2ce56e0b81b6474d	2511359	moved
2026年新高考资料(4)/一轮复习/2026年高考生物一轮复习知识清单（全国通用）/2026版/第21讲 基因的表达、基因与性状的关系（知识清单）（全国通用）（学生版）.docx	88bd19b7fa3e4e78	2094494	moved
2026年新高考资料(4)/一轮复习/2026年高考生物一轮复习知识清单（全国通用）/2026版/第22讲 生物的变异（知识清单）（全国通用）（学生版）.docx	cbd81a6730031069	2317259	moved
2026年新高考资料(4)/一轮复习/2026年高考生物一轮复习知识清单（全国通用）/2026版/第23讲 生物的进化（知识清单）（全国通用）（学生版）.docx	0f9612f77705944f	1596377	moved
2026年新高考资料(4)/一轮复习/2026年高考生物一轮复习知识清单（全国通用）/2026版/第23讲 生物的进化（知识清单）（全国通用）（教师版）.docx	8c0dec0334064477	1603663	moved
2026年新高考资料(4)/一轮复习/2026年高考生物一轮复习知识清单（全国通用）/2026版/第24讲 内环境与稳态（知识清单）（全国通用）（学生版）.docx	2003b0981934e485	2025422	moved
2026年新高考资料(4)/一轮复习/2026年高考生物一轮复习知识清单（全国通用）/2026版/第27讲 体液调节与神经调节的关系（知识清单）（全国通用）（学生版）.docx	fbba93986ad8f934	2545256	moved
2026年新高考资料(4)/一轮复习/2026年高考生物一轮复习知识清单（全国通用）/2026版/第28讲 免疫调节（知识清单）（全国通用）（教师版）.docx	fb22531475a9d6f0	1713418	moved
2026年新高考资料(4)/一轮复习/2026年高考生物一轮复习知识清单（全国通用）/2026版/第29讲 免疫失调和免疫学的应用（知识清单）（全国通用）（学生版）.docx	88aa0e90fb6d6637	1988723	moved
2026年新高考资料(4)/一轮复习/2026年高考生物一轮复习知识清单（全国通用）/2026版/第30讲 动物生命活动调节的综合分析（知识清单）（全国通用）（学生版）.docx	b33a168ca2acce52	2077970	moved
2026年新高考资料(4)/一轮复习/2026年高考生物一轮复习知识清单（全国通用）/2026版/第31讲 植物生命活动调节（知识清单）（全国通用）（学生版）.docx	9c3e471c7c3700a8	2564315	moved
2026年新高考资料(4)/一轮复习/2026年高考生物一轮复习讲义+练习+课件（新教材新高考）/2026版/第一单元 细胞的概述及其分子组成/第01讲 走近细胞（复习讲义）（全国通用）（学生版）.docx	46fe868f939f450c	2552189	moved
2026年新高考资料(4)/一轮复习/2026年高考生物一轮复习讲义+练习+课件（新教材新高考）/2026版/第一单元 细胞的概述及其分子组成/第02讲 细胞中的元素和化合物（复习讲义）（全国通用）（学生版）.docx	9de4104c202f23f1	1736381	moved
2026年新高考资料(4)/一轮复习/2026年高考生物一轮复习讲义+练习+课件（新教材新高考）/2026版/第一单元 细胞的概述及其分子组成/第02讲 细胞中的元素和化合物（复习讲义）（全国通用）（教师版）.docx	fb5e07aa76ae6fc7	1801376	moved
2026年新高考资料(4)/一轮复习/2026年高考生物一轮复习讲义+练习+课件（新教材新高考）/2026版/第一单元 细胞的概述及其分子组成/第03讲 糖类和脂质（复习讲义）（全国通用）（学生版）.docx	f8b31aed72f0efd7	1642711	moved
2026年新高考资料(4)/一轮复习/2026年高考生物一轮复习讲义+练习+课件（新教材新高考）/2026版/第一单元 细胞的概述及其分子组成/第03讲 糖类和脂质（复习讲义）（全国通用）（教师版）.docx	8746843defd82e6d	1737654	moved
2026年新高考资料(4)/一轮复习/2026年高考生物一轮复习讲义+练习+课件（新教材新高考）/2026版/第一单元 细胞的概述及其分子组成/第04讲 蛋白质和核酸（复习讲义）（全国通用）（学生版）.docx	1fc6fe68bab42405	2224511	moved
2026年新高考资料(4)/一轮复习/2026年高考生物一轮复习讲义+练习+课件（新教材新高考）/2026版/第一单元 细胞的概述及其分子组成/第04讲 蛋白质和核酸（复习讲义）（全国通用）（教师版）.docx	f80f09d48bd83b11	2315541	moved
2026年新高考资料(4)/一轮复习/2026年高考生物一轮复习讲义+练习+课件（新教材新高考）/2026版/第七单元 生物的变异和进化/第22讲 生物的变异（复习讲义）（全国通用）（学生版）.docx	f16fa7c8e489c199	3718254	moved
2026年新高考资料(4)/一轮复习/2026年高考生物一轮复习讲义+练习+课件（新教材新高考）/2026版/第七单元 生物的变异和进化/第23讲 生物的进化（复习讲义）（全国通用）（解析版）.docx	0bc936988fe51749	2454887	moved
2026年新高考资料(4)/一轮复习/2026年高考生物一轮复习讲义+练习+课件（新教材新高考）/2026版/第三单元 细胞的能量供应和利用/第08讲 酶和ATP（复习讲义）（全国通用）（学生版）.docx	58b959c2780db637	2727066	moved
2026年新高考资料(4)/一轮复习/2026年高考生物一轮复习讲义+练习+课件（新教材新高考）/2026版/第三单元 细胞的能量供应和利用/第09讲 细胞呼吸（复习讲义）（全国通用）（学生版）.docx	fca6faecb5be8d6b	3168769	moved
2026年新高考资料(4)/一轮复习/2026年高考生物一轮复习讲义+练习+课件（新教材新高考）/2026版/第三单元 细胞的能量供应和利用/第10讲 光合作用（复习讲义）（全国通用）（学生版） .docx	73e81bef39ae77b4	3651398	moved
2026年新高考资料(4)/一轮复习/2026年高考生物一轮复习讲义+练习+课件（新教材新高考）/2026版/第三单元 细胞的能量供应和利用/第11讲 细胞代谢综合分析（复习讲义）（全国通用）（学生版）.docx	763d8f889d5a41c3	3326686	moved
2026年新高考资料(4)/一轮复习/2026年高考生物一轮复习讲义+练习+课件（新教材新高考）/2026版/第九单元 生物与环境/第32讲 种群（复习讲义）（全国通用）（学生版）.docx	d8fef0a04bf879c4	1914354	moved
2026年新高考资料(4)/一轮复习/2026年高考生物一轮复习讲义+练习+课件（新教材新高考）/2026版/第九单元 生物与环境/第32讲 种群（复习讲义）（全国通用）（教师版）.docx	8214083413720ce6	2016891	moved
2026年新高考资料(4)/一轮复习/2026年高考生物一轮复习讲义+练习+课件（新教材新高考）/2026版/第九单元 生物与环境/第32讲 种群（知识清单）（全国通用）（学生版）.docx	5fc9af022ab9ec9a	2238846	moved
2026年新高考资料(4)/一轮复习/2026年高考生物一轮复习讲义+练习+课件（新教材新高考）/2026版/第九单元 生物与环境/第33讲 群落（知识清单）（全国通用）（学生版）.docx	63541cd7f1be702a	1420195	moved
2026年新高考资料(4)/一轮复习/2026年高考生物一轮复习讲义+练习+课件（新教材新高考）/2026版/第二单元 细胞的结构、功能和物质运输/第05讲 细胞膜和细胞核（复习讲义）（全国通用）（学生版）.docx	e71cb9e25582eafc	3570772	moved
2026年新高考资料(4)/一轮复习/2026年高考生物一轮复习讲义+练习+课件（新教材新高考）/2026版/第二单元 细胞的结构、功能和物质运输/第06讲 细胞器和生物膜系统（复习讲义）（全国通用）（学生版）.docx	ae551d21c277fee4	3307980	moved
2026年新高考资料(4)/一轮复习/2026年高考生物一轮复习讲义+练习+课件（新教材新高考）/2026版/第二单元 细胞的结构、功能和物质运输/第06讲 细胞器和生物膜系统（复习课件）（全国通用）.pptx	1f252f991c9872d7	42205271	moved
2026年新高考资料(4)/一轮复习/2026年高考生物一轮复习讲义+练习+课件（新教材新高考）/2026版/第二单元 细胞的结构、功能和物质运输/第07讲 物质运输（复习讲义）（全国通用）（学生版）.docx	ad901335255721a7	4920278	moved
2026年新高考资料(4)/一轮复习/2026年高考生物一轮复习讲义+练习+课件（新教材新高考）/2026版/第五单元 基因的传递规律/第15讲 分离定律（复习讲义）（全国通用）（学生版）.docx	8b8b48521695b1ba	3058199	moved
2026年新高考资料(4)/一轮复习/2026年高考生物一轮复习讲义+练习+课件（新教材新高考）/2026版/第五单元 基因的传递规律/第15讲 分离定律（复习讲义）（全国通用）（教师版）.docx	bef8b58e1ead960e	3151533	moved
2026年新高考资料(4)/一轮复习/2026年高考生物一轮复习讲义+练习+课件（新教材新高考）/2026版/第五单元 基因的传递规律/第16讲 自由组合定律（复习讲义）（全国通用）（学生版）.docx	0cb8e11a62f661fb	2559398	moved
2026年新高考资料(4)/一轮复习/2026年高考生物一轮复习讲义+练习+课件（新教材新高考）/2026版/第五单元 基因的传递规律/第17讲 伴性遗传和人类遗传病（复习讲义）（全国通用）（学生版）.docx	73601f9d23d305ab	2799818	moved
2026年新高考资料(4)/一轮复习/2026年高考生物一轮复习讲义+练习+课件（新教材新高考）/2026版/第五单元 基因的传递规律/第17讲 伴性遗传和人类遗传病（复习讲义）（全国通用）（教师版）.docx	48600caca4cd2aa9	2876848	moved
2026年新高考资料(4)/一轮复习/2026年高考生物一轮复习讲义+练习+课件（新教材新高考）/2026版/第五单元 基因的传递规律/第18讲 遗传综合实验分析（复习讲义）（全国通用）（学生版）.docx	3a6663e72b71c6ad	2426922	moved
2026年新高考资料(4)/一轮复习/2026年高考生物一轮复习讲义+练习+课件（新教材新高考）/2026版/第八单元 稳态与调节/第24讲  内环境与稳态（复习讲义）（全国通用）（学生版）.docx	60208dd0fa712beb	2092544	moved
2026年新高考资料(4)/一轮复习/2026年高考生物一轮复习讲义+练习+课件（新教材新高考）/2026版/第八单元 稳态与调节/第24讲  内环境与稳态（复习讲义）（全国通用）（教师版）.docx	85138f3b20f0b79f	2180396	moved
2026年新高考资料(4)/一轮复习/2026年高考生物一轮复习讲义+练习+课件（新教材新高考）/2026版/第六单元 遗传的分子基础/第21讲 基因的表达、基因与性状的关系（复习讲义）（全国通用）（学生版）.docx	7b0db13f09d388d3	4016962	moved
2026年新高考资料(4)/一轮复习/2026年高考生物一轮复习讲义+练习+课件（新教材新高考）/2026版/第四单元 细胞的生命历程/第12讲 细胞增殖（复习讲义）（全国通用）（学生版） .docx	5f9ba406c58a83b2	3740381	moved
2026年新高考资料(4)/一轮复习/2026年高考生物一轮复习讲义+练习+课件（新教材新高考）/2026版/第四单元 细胞的生命历程/第14讲 细胞的分化、衰老和死亡（复习讲义）（全国通用）（学生版）.docx	0b25ba0c886686c7	2788903	moved
2026年新高考资料(4)/一轮复习/【1】2026届高三生物一轮复习讲义/微专题8：分离定律重点题型的解题建模.docx	59664b39a3e15c97	1751839	moved
2026年新高考资料(4)/专项复习/高考生物必背知识清单及晨读晚默   填空版+背诵版(完整版)/第2章 神经调节-【晨读晚默】备战高考生物必背知识清单/第2章 神经调节（背诵版）.docx	46010240162a3f99	690200	moved
2026年新高考资料(4)/专项复习/高考生物必背知识清单及晨读晚默   填空版+背诵版(完整版)/第3章 基因工程、第4章 生物技术的安全性与伦理问题-【晨读晚默】备战高考生物必背知识清单/第3章 基因工程、第4章 生物技术的安全性与伦理问题（背诵版）.docx	47f969facda4b15b	459624	moved
2026年新高考资料(4)/专项复习/高考生物必背知识清单及晨读晚默   填空版+背诵版(完整版)/第4章 免疫调节-【晨读晚默】备战高考生物必背知识清单/第4章 免疫调节（背诵版）.docx	199738e3cade6a69	526032	moved
2026年新高考资料(4)/二轮复习/2026年高考生物二轮复习知识清单（全国通用）/2026版/宝典01  细胞的分子组成、基本结构和物质运输（3类解题大招）（学生版）.docx	c799cc02fa1492a1	1539541	moved
2026年新高考资料(4)/二轮复习/2026年高考生物二轮复习课件+讲义+练习（新高考通用）/2026版/题型01 根基筑梦场 —— 基础知识型选择题（7大类别）（学生版）.docx	234022247c91079c	1246394	moved
2026年新高考资料(4)/二轮复习/2026高考生物二轮课件/高考总复习二轮生物PPT课件/配套课件/大单元1　细胞是生物体结构与生命活动的基本单位/层级3　素养整合 诠释应用.pptx	8f6e9bdf70d96acd	3314696	moved
27版五三/53模拟B版（2027版）/2027版.5·3B版.新教材.化学.新高考版.高三.全一册_学生用书全一册/一、本书配套电子教参/专题一 物质的分类及转化物质的量/专题PDF/专题一  物质的分类及转化   物质的量.pdf	7f6c6803dc219dd5	17346736	moved
27版五三/53模拟B版（2027版）/2027版.5·3B版.新教材.化学.新高考版.高三.全一册_学生用书全一册/一、本书配套电子教参/专题七化学反应与电能/专题PDF/专题七  化学反应与电能.pdf	ae9941dc42e4b4f4	23942782	moved
27版五三/53模拟B版（2027版）/2027版.5·3B版.新教材.化学.新高考版.高三.全一册_学生用书全一册/一、本书配套电子教参/专题三元素及其化合物/专题PDF/专题三  元素及其化合物.pdf	f8b10c0b951715d3	37131022	moved
27版五三/53模拟B版（2027版）/2027版.5·3B版.新教材.化学.新高考版.高三.全一册_学生用书全一册/一、本书配套电子教参/专题九水溶液中的离子反应与平衡/专题PDF/专题九  水溶液中的离子反应与平衡.pdf	0739b322ab8a7c1d	28222216	moved
27版五三/53模拟B版（2027版）/2027版.5·3B版.新教材.化学.新高考版.高三.全一册_学生用书全一册/一、本书配套电子教参/专题二离子反应氧化还原反应/专题PDF/专题二  离子反应  氧化还原反应.pdf	7154c4f23c25daad	12203803	moved
27版五三/53模拟B版（2027版）/2027版.5·3B版.新教材.化学.新高考版.高三.全一册_学生用书全一册/一、本书配套电子教参/专题五 化学键分子和晶体的结构与性质/专题PDF/专题五  化学键  分子和晶体的结构与性质.pdf	bcf8d790a0601890	27119471	moved
27版五三/53模拟B版（2027版）/2027版.5·3B版.新教材.化学.新高考版.高三.全一册_学生用书全一册/一、本书配套电子教参/专题八化学反应速率与化学平衡/专题PDF/专题八  化学反应速率与化学平衡.pdf	a8ce613125c111c9	39238417	moved
27版五三/53模拟B版（2027版）/2027版.5·3B版.新教材.化学.新高考版.高三.全一册_学生用书全一册/一、本书配套电子教参/专题六化学反应的热效应/专题PDF/专题六  化学反应的热效应.pdf	85b5e33455a145ed	9837919	moved
27版五三/53模拟B版（2027版）/2027版.5·3B版.新教材.化学.新高考版.高三.全一册_学生用书全一册/一、本书配套电子教参/专题十一生命活动的物质基础有机合成/专题PDF/专题十一  生命活动的物质基础  有机合成.pdf	1fda8147895e57d4	20298318	moved
27版五三/53模拟B版（2027版）/2027版.5·3B版.新教材.化学.新高考版.高三.全一册_学生用书全一册/一、本书配套电子教参/专题十二 化学实验综合/专题PDF/专题十二  化学实验综合.pdf	23e60ef043e18770	44976864	moved
27版五三/53模拟B版（2027版）/2027版.5·3B版.新教材.化学.新高考版.高三.全一册_学生用书全一册/一、本书配套电子教参/专题十有机物的结构  烃和烃的衍生物/专题PDF/专题十  有机物的结构  烃和烃的衍生物.pdf	fe07dc18a815acdd	17507623	moved
27版五三/53模拟B版（2027版）/2027版.5·3B版.新教材.化学.新高考版.高三.全一册_学生用书全一册/一、本书配套电子教参/专题四 原子结构元素周期律/专题PDF/专题四  原子结构  元素周期律.pdf	4486523ce411cd43	18682969	moved
27版五三/53模拟B版（2027版）/2027版.5·3B版.新教材.化学.新高考版.高三.全一册_学生用书全一册/二、附赠一轮复习随堂讲解PPT/讲解册PPT/12_第十二章　生命活动的物质基础　有机合成.pptx	640d93f0d23870ba	5485807	moved
27版五三/53模拟B版（2027版）/2027版.5·3B版.新教材.化学.新高考版.高三.全一册_学生用书全一册/二、附赠一轮复习随堂讲解PPT/讲解册PPT/8_第八章　化学反应与电能.pptx	9685178ed2977771	5182320	moved
27版五三/53模拟B版（2027版）/2027版.5·3B版.新教材.化学.新高考版.高三.全一册_学生用书全一册/二、附赠一轮复习随堂讲解PPT/讲解册PPT/9_第九章　化学反应速率与化学平衡.pptx	16b4689ef10fc444	3909498	moved
27版五三/53模拟B版（2027版）/2027版.5·3B版.新教材.数学.新高考版.高三.全一册_学生用书全一册/一、本书配套电子教参/分层训练/专题一 集合、常用逻辑用语与不等式/1.1集合/训练册PDF/1.1　集合.pdf	9b6d35a60fa38141	1703908	moved
27版五三/53模拟B版（2027版）/2027版.5·3B版.新教材.数学.新高考版.高三.全一册_学生用书全一册/一、本书配套电子教参/分层训练/专题一 集合、常用逻辑用语与不等式/1.2常用逻辑用语/训练册PDF/1.2　常用逻辑用语.pdf	8df7cf6a0f8f5e4b	1848115	moved
27版五三/53模拟B版（2027版）/2027版.5·3B版.新教材.数学.新高考版.高三.全一册_学生用书全一册/一、本书配套电子教参/分层训练/专题一 集合、常用逻辑用语与不等式/1.3不等式/训练册PDF/1.3　不等式.pdf	7f7c2b63595cf320	2294204	moved
27版五三/53模拟B版（2027版）/2027版.5·3B版.新教材.数学.新高考版.高三.全一册_学生用书全一册/一、本书配套电子教参/分层训练/专题一 集合、常用逻辑用语与不等式/一年创新•风向练/训练册PDF/一年创新风向练.pdf	7b05acfbba9b1596	1206392	moved
27版五三/53模拟B版（2027版）/2027版.5·3B版.新教材.数学.新高考版.高三.全一册_学生用书全一册/一、本书配套电子教参/分层训练/专题七  立体几何与空间向量/7.1 空间几何体的结构特征、表面积和体积/训练册PDF/7.1　空间几何体的结构特征、表面积和体积.pdf	015db48b19b18bd0	4912730	moved
27版五三/53模拟B版（2027版）/2027版.5·3B版.新教材.数学.新高考版.高三.全一册_学生用书全一册/一、本书配套电子教参/分层训练/专题七  立体几何与空间向量/7.2 直线、平面平行的判定与性质/训练册PDF/7.2　直线、平面平行的判定与性质.pdf	534c2d6439556643	3498917	moved
27版五三/53模拟B版（2027版）/2027版.5·3B版.新教材.数学.新高考版.高三.全一册_学生用书全一册/一、本书配套电子教参/分层训练/专题七  立体几何与空间向量/7.3 直线、平面垂直的判定与性质/训练册PDF/7.3　直线、平面垂直的判定与性质.pdf	533d1e5348ad2f11	3084895	moved
27版五三/53模拟B版（2027版）/2027版.5·3B版.新教材.数学.新高考版.高三.全一册_学生用书全一册/一、本书配套电子教参/分层训练/专题七  立体几何与空间向量/7.4空间角与距离、空间向量及其应用/训练册PDF/7.4　空间角与距离、空间向量及其应用.pdf	9531701fa763ecb8	5708686	moved
27版五三/53模拟B版（2027版）/2027版.5·3B版.新教材.数学.新高考版.高三.全一册_学生用书全一册/一、本书配套电子教参/分层训练/专题七  立体几何与空间向量/一年创新•风向练/训练册PDF/一年创新风向练.pdf	5a380b9519ea54f0	2019466	moved
27版五三/53模拟B版（2027版）/2027版.5·3B版.新教材.数学.新高考版.高三.全一册_学生用书全一册/一、本书配套电子教参/分层训练/专题七  立体几何与空间向量/培优10  球的切、接问题/训练册PDF/培优10　球的切、接问题.pdf	f501652b629242a6	3871516	moved
27版五三/53模拟B版（2027版）/2027版.5·3B版.新教材.数学.新高考版.高三.全一册_学生用书全一册/一、本书配套电子教参/分层训练/专题七  立体几何与空间向量/培优11 空间几何体的截面与交线问题/训练册PDF/培优11　空间几何体的截面与交线问题.pdf	77a655b959367b83	3043587	moved
27版五三/53模拟B版（2027版）/2027版.5·3B版.新教材.数学.新高考版.高三.全一册_学生用书全一册/一、本书配套电子教参/分层训练/专题七  立体几何与空间向量/培优12 空间几何体的动态和探索问题/训练册PDF/培优12　空间几何体的动态和探索问题.pdf	c453d73f014a1106	5393902	moved
27版五三/53模拟B版（2027版）/2027版.5·3B版.新教材.数学.新高考版.高三.全一册_学生用书全一册/一、本书配套电子教参/分层训练/专题三 导数及其应用/3.1 导数的概念及运算/训练册PDF/3.1　导数的概念及运算.pdf	f5d2a3d74ba9055b	3765454	moved
27版五三/53模拟B版（2027版）/2027版.5·3B版.新教材.数学.新高考版.高三.全一册_学生用书全一册/一、本书配套电子教参/分层训练/专题三 导数及其应用/3.2利用导数研究函数的单调性、极值和最值/训练册PDF/3.2　利用导数研究函数的单调性、极值和最值.pdf	de83576331c92930	5445917	moved
27版五三/53模拟B版（2027版）/2027版.5·3B版.新教材.数学.新高考版.高三.全一册_学生用书全一册/一、本书配套电子教参/分层训练/专题三 导数及其应用/3.3导数的综合应用/训练册PDF/3.3　导数的综合应用.pdf	b0e6ab0dfbd57adc	5209517	moved
27版五三/53模拟B版（2027版）/2027版.5·3B版.新教材.数学.新高考版.高三.全一册_学生用书全一册/一、本书配套电子教参/分层训练/专题三 导数及其应用/培优1  三次函数性质综合/训练册PDF/培优1　三次函数性质综合.pdf	071c2c50c58f804f	2895168	moved
27版五三/53模拟B版（2027版）/2027版.5·3B版.新教材.数学.新高考版.高三.全一册_学生用书全一册/一、本书配套电子教参/分层训练/专题三 导数及其应用/培优2 隐零点问题/训练册PDF/培优2　隐零点问题.pdf	6cc4073d0f9a7202	2958040	moved
27版五三/53模拟B版（2027版）/2027版.5·3B版.新教材.数学.新高考版.高三.全一册_学生用书全一册/一、本书配套电子教参/分层训练/专题三 导数及其应用/培优3恒成立和能成立求参问题/训练册PDF/培优3　恒成立和能成立求参问题.pdf	cccbf0bb124466a2	4641369	moved
27版五三/53模拟B版（2027版）/2027版.5·3B版.新教材.数学.新高考版.高三.全一册_学生用书全一册/一、本书配套电子教参/分层训练/专题三 导数及其应用/培优4导数中的双变量问题/训练册PDF/培优4　导数中的双变量问题.pdf	4f37dff89c228a6e	2863772	moved
27版五三/53模拟B版（2027版）/2027版.5·3B版.新教材.数学.新高考版.高三.全一册_学生用书全一册/一、本书配套电子教参/分层训练/专题三 导数及其应用/培优5 极值点偏移问题/训练册PDF/培优5　极值点偏移问题.pdf	8058dba67afb5fd4	3402198	moved
27版五三/53模拟B版（2027版）/2027版.5·3B版.新教材.数学.新高考版.高三.全一册_学生用书全一册/一、本书配套电子教参/分层训练/专题九 计数原理、概率与统计/9.2 随机事件、古典概型与 条件概率/训练册PDF/9.2　随机事件、古典概型与条件概率.pdf	dbc38fd282bffa9a	5785319	moved
27版五三/53模拟B版（2027版）/2027版.5·3B版.新教材.数学.新高考版.高三.全一册_学生用书全一册/一、本书配套电子教参/分层训练/专题九 计数原理、概率与统计/9.3离散型随机变量及其分布列、均值与方差/训练册PDF/9.3　离散型随机变量及其分布列、均值与方差.pdf	57d012c9de1eb78a	3283417	moved
27版五三/53模拟B版（2027版）/2027版.5·3B版.新教材.数学.新高考版.高三.全一册_学生用书全一册/一、本书配套电子教参/分层训练/专题九 计数原理、概率与统计/9.4 二项分布、超几何分布与正态分布/训练册PDF/9.4　二项分布、超几何分布与正态分布.pdf	8cd057b683bab2f8	4902685	moved
27版五三/53模拟B版（2027版）/2027版.5·3B版.新教材.数学.新高考版.高三.全一册_学生用书全一册/一、本书配套电子教参/分层训练/专题九 计数原理、概率与统计/9.5 统计与成对数据的统计分析/训练册PDF/9.5　统计与成对数据的统计分析.pdf	6476d141476930a0	4682034	moved
27版五三/53模拟B版（2027版）/2027版.5·3B版.新教材.数学.新高考版.高三.全一册_学生用书全一册/一、本书配套电子教参/分层训练/专题九 计数原理、概率与统计/培优18 概率与函数综合/训练册PDF/培优18　概率与函数综合.pdf	3627dfdc8ae1b504	2624244	moved
27版五三/53模拟B版（2027版）/2027版.5·3B版.新教材.数学.新高考版.高三.全一册_学生用书全一册/一、本书配套电子教参/分层训练/专题九 计数原理、概率与统计/培优19 概率与数列综合/训练册PDF/培优19　概率与数列综合.pdf	fc1d058767291d6f	2552129	moved
27版五三/53模拟B版（2027版）/2027版.5·3B版.新教材.数学.新高考版.高三.全一册_学生用书全一册/一、本书配套电子教参/分层训练/专题二 函数及其性质/2.1函数的概念及性质/训练册PDF/2.1　函数的概念和基本性质.pdf	0c51862fc3f76749	5677128	moved
27版五三/53模拟B版（2027版）/2027版.5·3B版.新教材.数学.新高考版.高三.全一册_学生用书全一册/一、本书配套电子教参/分层训练/专题二 函数及其性质/2.2基本初等函数/训练册PDF/2.2　基本初等函数.pdf	89e5180d405821e9	4424949	moved
27版五三/53模拟B版（2027版）/2027版.5·3B版.新教材.数学.新高考版.高三.全一册_学生用书全一册/一、本书配套电子教参/分层训练/专题二 函数及其性质/2.3函数的图象/训练册PDF/2.3　函数的图象.pdf	a0bd6a557f309fa6	2474480	moved
27版五三/53模拟B版（2027版）/2027版.5·3B版.新教材.数学.新高考版.高三.全一册_学生用书全一册/一、本书配套电子教参/分层训练/专题二 函数及其性质/2.4函数的零点与方程的根/训练册PDF/2.4　函数的零点与方程的根.pdf	6695c5a4a516e9a0	2958377	moved
27版五三/53模拟B版（2027版）/2027版.5·3B版.新教材.数学.新高考版.高三.全一册_学生用书全一册/一、本书配套电子教参/分层训练/专题二 函数及其性质/2.5函数模型及应用/训练册PDF/2.5　函数模型及应用.pdf	ea6304d6ccd575c4	1855110	moved
27版五三/53模拟B版（2027版）/2027版.5·3B版.新教材.数学.新高考版.高三.全一册_学生用书全一册/一、本书配套电子教参/分层训练/专题二 函数及其性质/一年创新•风向练/训练册PDF/一年创新风向练.pdf	e2a4b68be8800fd9	1457088	moved
27版五三/53模拟B版（2027版）/2027版.5·3B版.新教材.数学.新高考版.高三.全一册_学生用书全一册/一、本书配套电子教参/分层训练/专题五 平面向量与复数/5.1平面向量/训练册PDF/5.1　平面向量.pdf	a861b23a0ee39b14	3840905	moved
27版五三/53模拟B版（2027版）/2027版.5·3B版.新教材.数学.新高考版.高三.全一册_学生用书全一册/一、本书配套电子教参/分层训练/专题五 平面向量与复数/5.2复数/训练册PDF/5.2　复数.pdf	0d9d90a5800a9fd9	1566199	moved
27版五三/53模拟B版（2027版）/2027版.5·3B版.新教材.数学.新高考版.高三.全一册_学生用书全一册/一、本书配套电子教参/分层训练/专题五 平面向量与复数/一年创新•风向练/训练册PDF/一年创新风向练.pdf	b84d62846f7e25c6	1098920	moved
27版五三/53模拟B版（2027版）/2027版.5·3B版.新教材.数学.新高考版.高三.全一册_学生用书全一册/一、本书配套电子教参/分层训练/专题八 平面解析几何/8.1直线与圆/训练册PDF/8.1　直线和圆.pdf	6439b9f40d543bef	6161343	moved
27版五三/53模拟B版（2027版）/2027版.5·3B版.新教材.数学.新高考版.高三.全一册_学生用书全一册/一、本书配套电子教参/分层训练/专题八 平面解析几何/8.2椭圆/训练册PDF/8.2　椭圆.pdf	8bf43fc82e231d38	5623888	moved
27版五三/53模拟B版（2027版）/2027版.5·3B版.新教材.数学.新高考版.高三.全一册_学生用书全一册/一、本书配套电子教参/分层训练/专题八 平面解析几何/8.3双曲线/训练册PDF/8.3　双曲线.pdf	96e7ad1bc772f1dc	5188947	moved
27版五三/53模拟B版（2027版）/2027版.5·3B版.新教材.数学.新高考版.高三.全一册_学生用书全一册/一、本书配套电子教参/分层训练/专题八 平面解析几何/8.4抛物线/训练册PDF/8.4　抛物线.pdf	9bc12b7928ffde22	5544223	moved
27版五三/53模拟B版（2027版）/2027版.5·3B版.新教材.数学.新高考版.高三.全一册_学生用书全一册/一、本书配套电子教参/分层训练/专题八 平面解析几何/8.5 圆锥曲线的综合问题/训练册PDF/8.5　圆锥曲线的综合问题.pdf	b250a281d06ffa97	5658751	moved
27版五三/53模拟B版（2027版）/2027版.5·3B版.新教材.数学.新高考版.高三.全一册_学生用书全一册/一、本书配套电子教参/分层训练/专题八 平面解析几何/一年创新•风向练/训练册PDF/一年创新风向练.pdf	22c2269334fdac39	2090981	moved
27版五三/53模拟B版（2027版）/2027版.5·3B版.新教材.数学.新高考版.高三.全一册_学生用书全一册/一、本书配套电子教参/分层训练/专题八 平面解析几何/培优13 圆锥曲线中的弦长与面积问题/训练册PDF/培优13　圆锥曲线中的弦长与面积问题.pdf	28232d76d71c91b1	3536217	moved
27版五三/53模拟B版（2027版）/2027版.5·3B版.新教材.数学.新高考版.高三.全一册_学生用书全一册/一、本书配套电子教参/分层训练/专题八 平面解析几何/培优14 圆锥曲线中的最值和范围问题/训练册PDF/培优14　圆锥曲线中的最值或范围问题.pdf	81b4592a7a976d01	2201423	moved
27版五三/53模拟B版（2027版）/2027版.5·3B版.新教材.数学.新高考版.高三.全一册_学生用书全一册/一、本书配套电子教参/分层训练/专题八 平面解析几何/培优15 圆锥曲线中的定点、定值和定线问题/训练册PDF/培优15　圆锥曲线中的定点、定值和定线问题.pdf	09dfb91c99a98372	4473287	moved
27版五三/53模拟B版（2027版）/2027版.5·3B版.新教材.数学.新高考版.高三.全一册_学生用书全一册/一、本书配套电子教参/分层训练/专题八 平面解析几何/培优16 圆锥曲线中的角度问题/训练册PDF/培优16　圆锥曲线中的角度问题.pdf	9ace315a81842893	4363966	moved
27版五三/53模拟B版（2027版）/2027版.5·3B版.新教材.数学.新高考版.高三.全一册_学生用书全一册/一、本书配套电子教参/分层训练/专题八 平面解析几何/培优17 圆锥曲线中的非对称问题/训练册PDF/培优17　圆锥曲线中的非对称问题.pdf	85f29dbbb98abb9a	2211404	moved
27版五三/53模拟B版（2027版）/2027版.5·3B版.新教材.数学.新高考版.高三.全一册_学生用书全一册/一、本书配套电子教参/分层训练/专题六 数列/6.1数列的概念及表示/训练册PDF/6.1　数列的概念及表示.pdf	4c782871092d1a5c	2944249	moved
27版五三/53模拟B版（2027版）/2027版.5·3B版.新教材.数学.新高考版.高三.全一册_学生用书全一册/一、本书配套电子教参/分层训练/专题六 数列/6.2等差数列/训练册PDF/6.2　等差数列.pdf	fdb1f23d0db51494	4280388	moved
27版五三/53模拟B版（2027版）/2027版.5·3B版.新教材.数学.新高考版.高三.全一册_学生用书全一册/一、本书配套电子教参/分层训练/专题六 数列/6.3等比数列/训练册PDF/6.3　等比数列.pdf	d37aed0098be9d81	3273243	moved
27版五三/53模拟B版（2027版）/2027版.5·3B版.新教材.数学.新高考版.高三.全一册_学生用书全一册/一、本书配套电子教参/分层训练/专题六 数列/6.4数列求和/训练册PDF/6.4　数列求和.pdf	d9e564a32cf02bd6	2562841	moved
27版五三/53模拟B版（2027版）/2027版.5·3B版.新教材.数学.新高考版.高三.全一册_学生用书全一册/一、本书配套电子教参/分层训练/专题六 数列/6.5数列的综合与创新/训练册PDF/6.5　数列的综合与创新.pdf	292dc6c2c08f95b9	1685855	moved
27版五三/53模拟B版（2027版）/2027版.5·3B版.新教材.数学.新高考版.高三.全一册_学生用书全一册/一、本书配套电子教参/分层训练/专题六 数列/一年创新•风向练/训练册PDF/一年创新风向练.pdf	4d92d818d2f1baf2	1940789	moved
27版五三/53模拟B版（2027版）/2027版.5·3B版.新教材.数学.新高考版.高三.全一册_学生用书全一册/一、本书配套电子教参/分层训练/专题六 数列/培优8 数列中的奇偶项问题/训练册PDF/培优8　数列中的奇偶项问题.pdf	6ad9d2bbec376145	2296217	moved
27版五三/53模拟B版（2027版）/2027版.5·3B版.新教材.数学.新高考版.高三.全一册_学生用书全一册/一、本书配套电子教参/分层训练/专题六 数列/培优9  衍生数列问题/训练册PDF/培优9　衍生数列问题.pdf	350005b60b50753c	2134798	moved
27版五三/53模拟B版（2027版）/2027版.5·3B版.新教材.数学.新高考版.高三.全一册_学生用书全一册/一、本书配套电子教参/分层训练/专题四 三角函数与解三角形/4.1三角函数的概念、诱导公式、三角恒等变换/训练册PDF/4.1　三角函数的概念、诱导公式、三角恒等变换.pdf	b93c75982cf99d34	3660170	moved
27版五三/53模拟B版（2027版）/2027版.5·3B版.新教材.数学.新高考版.高三.全一册_学生用书全一册/一、本书配套电子教参/分层训练/专题四 三角函数与解三角形/4.2三角函数的图象与性质/训练册PDF/4.2　三角函数的图象与性质.pdf	a205c2ba42d1d036	4148685	moved
27版五三/53模拟B版（2027版）/2027版.5·3B版.新教材.数学.新高考版.高三.全一册_学生用书全一册/一、本书配套电子教参/分层训练/专题四 三角函数与解三角形/4.3解三角形/训练册PDF/4.3　解三角形.pdf	bc88e4ccac2c8ef2	4827802	moved
27版五三/53模拟B版（2027版）/2027版.5·3B版.新教材.数学.新高考版.高三.全一册_学生用书全一册/一、本书配套电子教参/分层训练/专题四 三角函数与解三角形/一年创新•风向练/训练册PDF/一年创新风向练.pdf	326c55fce6cbff75	940068	moved
27版五三/53模拟B版（2027版）/2027版.5·3B版.新教材.数学.新高考版.高三.全一册_学生用书全一册/一、本书配套电子教参/分层训练/专题四 三角函数与解三角形/培优6 三角函数中ω的范围范围/训练册PDF/培优6　三角函数中ω的范围问题.pdf	1ff9dcb913364307	3027681	moved
27版五三/53模拟B版（2027版）/2027版.5·3B版.新教材.数学.新高考版.高三.全一册_学生用书全一册/一、本书配套电子教参/分层训练/专题四 三角函数与解三角形/培优7 解三角形中的最值和范围问题/训练册PDF/培优7　解三角形中的最值和范围问题.pdf	9a9e2282e4c81230	2585097	moved
27版五三/53模拟B版（2027版）/2027版.5·3B版.新教材.数学.新高考版.高三.全一册_学生用书全一册/一、本书配套电子教参/重难突破/专题一 集合、常用逻辑用语与不等式/题型透析/讲解册PDF/专题一 集合、常用逻辑用语与不等式.pdf	47b5af5760a8c53f	3754162	moved
27版五三/53模拟B版（2027版）/2027版.5·3B版.新教材.数学.新高考版.高三.全一册_学生用书全一册/一、本书配套电子教参/重难突破/专题七  立体几何与空间向量/培优10  球的切、接问题/讲解册PDF/培优10　球的切、接问题.pdf	f501652b629242a6	3871516	moved
27版五三/53模拟B版（2027版）/2027版.5·3B版.新教材.数学.新高考版.高三.全一册_学生用书全一册/一、本书配套电子教参/重难突破/专题七  立体几何与空间向量/培优11 空间几何体的截面与交线问题/讲解册PDF/培优11　空间几何体的截面与交线问题.pdf	77a655b959367b83	3043587	moved
27版五三/53模拟B版（2027版）/2027版.5·3B版.新教材.数学.新高考版.高三.全一册_学生用书全一册/一、本书配套电子教参/重难突破/专题七  立体几何与空间向量/培优12 空间几何体的动态和探索问题/讲解册PDF/培优12　空间几何体的动态和探索问题.pdf	c453d73f014a1106	5393902	moved
27版五三/53模拟B版（2027版）/2027版.5·3B版.新教材.数学.新高考版.高三.全一册_学生用书全一册/一、本书配套电子教参/重难突破/专题七  立体几何与空间向量/培优12 空间几何体的动态和探索问题/讲解册PPT/培优12　空间几何体的动态和探索问题.pptx	f1907b943ed9822e	883554	moved
27版五三/53模拟B版（2027版）/2027版.5·3B版.新教材.数学.新高考版.高三.全一册_学生用书全一册/一、本书配套电子教参/重难突破/专题七  立体几何与空间向量/题型透析/讲解册PDF/专题七　立体几何与空间向量.pdf	e0848acb16d76c5f	5493510	moved
27版五三/53模拟B版（2027版）/2027版.5·3B版.新教材.数学.新高考版.高三.全一册_学生用书全一册/一、本书配套电子教参/重难突破/专题三 导数及其应用/培优1  三次函数的性质研究/讲解册PDF/培优1　三次函数性质综合.pdf	071c2c50c58f804f	2895168	moved
27版五三/53模拟B版（2027版）/2027版.5·3B版.新教材.数学.新高考版.高三.全一册_学生用书全一册/一、本书配套电子教参/重难突破/专题三 导数及其应用/培优2 隐零点问题/讲解册PDF/培优2　隐零点问题.pdf	6cc4073d0f9a7202	2958040	moved
27版五三/53模拟B版（2027版）/2027版.5·3B版.新教材.数学.新高考版.高三.全一册_学生用书全一册/一、本书配套电子教参/重难突破/专题三 导数及其应用/培优3恒成立和能成立求参问题/讲解册PDF/培优3　恒成立和能成立求参问题.pdf	cccbf0bb124466a2	4641369	moved
27版五三/53模拟B版（2027版）/2027版.5·3B版.新教材.数学.新高考版.高三.全一册_学生用书全一册/一、本书配套电子教参/重难突破/专题三 导数及其应用/培优4导数中的双变量问题/讲解册PDF/培优4　导数中的双变量问题.pdf	4f37dff89c228a6e	2863772	moved
27版五三/53模拟B版（2027版）/2027版.5·3B版.新教材.数学.新高考版.高三.全一册_学生用书全一册/一、本书配套电子教参/重难突破/专题三 导数及其应用/培优5 极值点偏移问题/讲解册PDF/培优5　极值点偏移问题.pdf	8058dba67afb5fd4	3402198	moved
27版五三/53模拟B版（2027版）/2027版.5·3B版.新教材.数学.新高考版.高三.全一册_学生用书全一册/一、本书配套电子教参/重难突破/专题三 导数及其应用/题型透析/讲解册PDF/专题三　导数及其应用.pdf	983f6bbc22684be6	4665100	moved
27版五三/53模拟B版（2027版）/2027版.5·3B版.新教材.数学.新高考版.高三.全一册_学生用书全一册/一、本书配套电子教参/重难突破/专题九 计数原理、概率与统计/培优18 概率与函数综合/讲解册PDF/培优18　概率与函数综合.pdf	3627dfdc8ae1b504	2624244	moved
27版五三/53模拟B版（2027版）/2027版.5·3B版.新教材.数学.新高考版.高三.全一册_学生用书全一册/一、本书配套电子教参/重难突破/专题九 计数原理、概率与统计/培优19 概率与数列综合/讲解册PDF/培优19　概率与数列综合.pdf	fc1d058767291d6f	2552129	moved
27版五三/53模拟B版（2027版）/2027版.5·3B版.新教材.数学.新高考版.高三.全一册_学生用书全一册/一、本书配套电子教参/重难突破/专题九 计数原理、概率与统计/题型透析/讲解册PDF/专题九　计数原理、概率与统计.pdf	abc15624404a8093	8325898	moved
27版五三/53模拟B版（2027版）/2027版.5·3B版.新教材.数学.新高考版.高三.全一册_学生用书全一册/一、本书配套电子教参/重难突破/专题二 函数及其性质/题型透析/讲解册PDF/专题二 函数及其性质.pdf	87eb1ae894c1f6a7	7946777	moved
27版五三/53模拟B版（2027版）/2027版.5·3B版.新教材.数学.新高考版.高三.全一册_学生用书全一册/一、本书配套电子教参/重难突破/专题五 平面向量与复数/题型透析/讲解册PDF/专题五　平面向量与复数.pdf	b528c041939e01c2	3152536	moved
27版五三/53模拟B版（2027版）/2027版.5·3B版.新教材.数学.新高考版.高三.全一册_学生用书全一册/一、本书配套电子教参/重难突破/专题八 平面解析几何/培优13 圆锥曲线中的弦长与面积问题/讲解册PDF/培优13　圆锥曲线中的弦长与面积问题.pdf	28232d76d71c91b1	3536217	moved
27版五三/53模拟B版（2027版）/2027版.5·3B版.新教材.数学.新高考版.高三.全一册_学生用书全一册/一、本书配套电子教参/重难突破/专题八 平面解析几何/培优14 圆锥曲线中的最值和范围问题/讲解册PDF/培优14　圆锥曲线中的最值或范围问题.pdf	81b4592a7a976d01	2201423	moved
27版五三/53模拟B版（2027版）/2027版.5·3B版.新教材.数学.新高考版.高三.全一册_学生用书全一册/一、本书配套电子教参/重难突破/专题八 平面解析几何/培优15 圆锥曲线中的定点、定值和定线问题/讲解册PDF/培优15　圆锥曲线中的定点、定值和定线问题.pdf	09dfb91c99a98372	4473287	moved
27版五三/53模拟B版（2027版）/2027版.5·3B版.新教材.数学.新高考版.高三.全一册_学生用书全一册/一、本书配套电子教参/重难突破/专题八 平面解析几何/培优16 圆锥曲线中的角度问题/讲解册PDF/培优16　圆锥曲线中的角度问题.pdf	9ace315a81842893	4363966	moved
27版五三/53模拟B版（2027版）/2027版.5·3B版.新教材.数学.新高考版.高三.全一册_学生用书全一册/一、本书配套电子教参/重难突破/专题八 平面解析几何/培优17 圆锥曲线中的非对称问题/讲解册PDF/培优17　圆锥曲线中的非对称问题.pdf	85f29dbbb98abb9a	2211404	moved
27版五三/53模拟B版（2027版）/2027版.5·3B版.新教材.数学.新高考版.高三.全一册_学生用书全一册/一、本书配套电子教参/重难突破/专题八 平面解析几何/题型透析/讲解册PDF/专题八　平面解析几何.pdf	76e2ecc0a0c51afc	8504670	moved
27版五三/53模拟B版（2027版）/2027版.5·3B版.新教材.数学.新高考版.高三.全一册_学生用书全一册/一、本书配套电子教参/重难突破/专题六 数列/培优8 数列中的奇偶项问题/讲解册PDF/培优8　数列中的奇偶项问题.pdf	6ad9d2bbec376145	2296217	moved
27版五三/53模拟B版（2027版）/2027版.5·3B版.新教材.数学.新高考版.高三.全一册_学生用书全一册/一、本书配套电子教参/重难突破/专题六 数列/培优9  衍生数列问题/讲解册PDF/培优9　衍生数列问题.pdf	350005b60b50753c	2134798	moved
27版五三/53模拟B版（2027版）/2027版.5·3B版.新教材.数学.新高考版.高三.全一册_学生用书全一册/一、本书配套电子教参/重难突破/专题六 数列/题型透析/讲解册PDF/专题六　数列.pdf	567542be2cea9282	6091036	moved
27版五三/53模拟B版（2027版）/2027版.5·3B版.新教材.数学.新高考版.高三.全一册_学生用书全一册/一、本书配套电子教参/重难突破/专题四 三角函数与解三角形/培优6 三角函数中ω的范围范围/讲解册PDF/培优6　三角函数中ω的范围问题.pdf	1ff9dcb913364307	3027681	moved
27版五三/53模拟B版（2027版）/2027版.5·3B版.新教材.数学.新高考版.高三.全一册_学生用书全一册/一、本书配套电子教参/重难突破/专题四 三角函数与解三角形/培优7 解三角形中的最值和范围问题/讲解册PDF/培优7　解三角形中的最值和范围问题.pdf	9a9e2282e4c81230	2585097	moved
27版五三/53模拟B版（2027版）/2027版.5·3B版.新教材.数学.新高考版.高三.全一册_学生用书全一册/一、本书配套电子教参/重难突破/专题四 三角函数与解三角形/题型透析/讲解册PDF/专题四　三角函数与解三角形.pdf	ff11822fa48592c7	4481337	moved
27版五三/53模拟B版（2027版）/2027版.5·3B版.新教材.数学.新高考版.高三.全一册_学生用书全一册/五、53提分资料包/1.链接教材/提分资料包/27版53B-链接教材正文.pdf	6c33e7046fe4773a	1154041	moved
27版五三/53模拟B版（2027版）/2027版.5·3B版.新教材.数学.新高考版.高三.全一册_学生用书全一册/五、53提分资料包/2.数学建模/提分资料包/27版53B-数学建模正文.pdf	0bbc5db501142124	679786	moved
27版五三/53模拟B版（2027版）/2027版.5·3B版.新教材.物理.新高考版.高三.全一册_学生用书全一册/一、本书配套电子教参/专题一  直线运动/专题PDF/01：专题一  PDF.pdf	0a90f585017a920b	14077417	moved
27版五三/53模拟B版（2027版）/2027版.5·3B版.新教材.物理.新高考版.高三.全一册_学生用书全一册/一、本书配套电子教参/专题七  动量守恒定律/专题PDF/07：专题七  PDF.pdf	928382a5f02d6ca2	26224221	moved
27版五三/53模拟B版（2027版）/2027版.5·3B版.新教材.物理.新高考版.高三.全一册_学生用书全一册/一、本书配套电子教参/专题三  牛顿运动定律/专题PDF/03：专题三  PDF.pdf	f08accceff868b78	22351247	moved
27版五三/53模拟B版（2027版）/2027版.5·3B版.新教材.物理.新高考版.高三.全一册_学生用书全一册/一、本书配套电子教参/专题九  静电场/专题PDF/09：专题九  PDF.pdf	f4aed04a342c257d	30165473	moved
27版五三/53模拟B版（2027版）/2027版.5·3B版.新教材.物理.新高考版.高三.全一册_学生用书全一册/一、本书配套电子教参/专题二  相互作用/专题PDF/02：专题二  PDF.pdf	7769603d4294e2a9	16423207	moved
27版五三/53模拟B版（2027版）/2027版.5·3B版.新教材.物理.新高考版.高三.全一册_学生用书全一册/一、本书配套电子教参/专题五  万有引力与宇宙航行/专题PDF/05：专题五  PDF.pdf	025c455fe7699a25	14089995	moved
27版五三/53模拟B版（2027版）/2027版.5·3B版.新教材.物理.新高考版.高三.全一册_学生用书全一册/一、本书配套电子教参/专题八  机械振动  机械波/专题PDF/08：专题八  PDF.pdf	15195732a8aea1a7	13721795	moved
27版五三/53模拟B版（2027版）/2027版.5·3B版.新教材.物理.新高考版.高三.全一册_学生用书全一册/一、本书配套电子教参/专题六  机械能守恒定律/专题PDF/06：专题六  PDF.pdf	4c0329b18c141e13	27511046	moved
27版五三/53模拟B版（2027版）/2027版.5·3B版.新教材.物理.新高考版.高三.全一册_学生用书全一册/一、本书配套电子教参/专题十  恒定电流/专题PDF/10：专题十  PDF.pdf	a27a7416039440ce	15521829	moved
27版五三/53模拟B版（2027版）/2027版.5·3B版.新教材.物理.新高考版.高三.全一册_学生用书全一册/一、本书配套电子教参/专题十一  磁场/专题PDF/11：专题十一  PDF.pdf	3e79af840c873b3b	32271872	moved
27版五三/53模拟B版（2027版）/2027版.5·3B版.新教材.物理.新高考版.高三.全一册_学生用书全一册/一、本书配套电子教参/专题十三  交变电流/专题PDF/13：专题十三  PDF.pdf	9383a29bbff41189	8319702	moved
27版五三/53模拟B版（2027版）/2027版.5·3B版.新教材.物理.新高考版.高三.全一册_学生用书全一册/一、本书配套电子教参/专题十二  电磁感应/专题PDF/12：专题十二  PDF.pdf	9c8e6105b9e22628	27988987	moved
27版五三/53模拟B版（2027版）/2027版.5·3B版.新教材.物理.新高考版.高三.全一册_学生用书全一册/一、本书配套电子教参/专题十五  热学/专题PDF/15：专题十五  PDF.pdf	a9ddae90341eddd8	15907986	moved
27版五三/53模拟B版（2027版）/2027版.5·3B版.新教材.物理.新高考版.高三.全一册_学生用书全一册/一、本书配套电子教参/专题十六  近代物理初步/专题PDF/16：专题十六  PDF.pdf	d3abd64dde28accb	10545083	moved
27版五三/53模拟B版（2027版）/2027版.5·3B版.新教材.物理.新高考版.高三.全一册_学生用书全一册/一、本书配套电子教参/专题十四  光/专题PDF/14：专题十四  PDF.pdf	bc37ef98923245c5	11869951	moved
27版五三/53模拟B版（2027版）/2027版.5·3B版.新教材.物理.新高考版.高三.全一册_学生用书全一册/一、本书配套电子教参/专题四  曲线运动/专题PDF/04：专题四  PDF.pdf	44032976a5a60b4c	19874511	moved
27版五三/53模拟B版（2027版）/2027版.5·3B版.新教材.物理.新高考版.高三.全一册_学生用书全一册/一、本书配套电子教参/专题四  曲线运动/讲解册PPT/04：专题四　曲线运动   讲解PPT.pptx	fb0b523403d0caba	1308120	moved
27版五三/53模拟B版（2027版）/2027版.5·3B版.新教材.物理.新高考版.高三.全一册_学生用书全一册/五、53提分资料包/1.教考衔接（100%原创题）/原创题加练1  必修第一册/提分资料包/必修第一册.pdf	b647d704ed2f7c09	1045260	moved
27版五三/53模拟B版（2027版）/2027版.5·3B版.新教材.物理.新高考版.高三.全一册_学生用书全一册/五、53提分资料包/2.思维方法微专题：物理培优加餐/提分加练1  匀变速直线运动中的逆向思维/提分资料包/提分加练1　匀变速直线运动中的逆向思维.pdf	35037678581451fc	1517218	moved
27版五三/53模拟B版（2027版）/2027版.5·3B版.新教材.物理.新高考版.高三.全一册_学生用书全一册/五、53提分资料包/2.思维方法微专题：物理培优加餐/提分加练10  转换法/提分资料包/提分加练10　转换法.pdf	183165f3c4ee0b64	1922995	moved
27版五三/53模拟B版（2027版）/2027版.5·3B版.新教材.物理.新高考版.高三.全一册_学生用书全一册/五、53提分资料包/2.思维方法微专题：物理培优加餐/提分加练11  假设法/提分资料包/提分加练11　假设法.pdf	54508e8548c43e1c	2764745	moved
27版五三/53模拟B版（2027版）/2027版.5·3B版.新教材.物理.新高考版.高三.全一册_学生用书全一册/五、53提分资料包/2.思维方法微专题：物理培优加餐/提分加练12  图像法/提分资料包/提分加练12　图像法.pdf	3c1a7c5e172dc210	5124087	moved
27版五三/53模拟B版（2027版）/2027版.5·3B版.新教材.物理.新高考版.高三.全一册_学生用书全一册/五、53提分资料包/2.思维方法微专题：物理培优加餐/提分加练13  磁场中的动态圆模型/提分资料包/提分加练13　磁场中的动态圆模型.pdf	04c2401acfa0d582	5157948	moved
27版五三/53模拟B版（2027版）/2027版.5·3B版.新教材.物理.新高考版.高三.全一册_学生用书全一册/五、53提分资料包/2.思维方法微专题：物理培优加餐/提分加练14  理想模型与比值定义法/提分资料包/提分加练14　理想模型与比值定义法.pdf	8ac6b1853d3b2a9a	1587614	moved
27版五三/53模拟B版（2027版）/2027版.5·3B版.新教材.物理.新高考版.高三.全一册_学生用书全一册/五、53提分资料包/2.思维方法微专题：物理培优加餐/提分加练15  控制变量法/提分资料包/提分加练15　控制变量法.pdf	0b74f056406115a2	1571758	moved
27版五三/53模拟B版（2027版）/2027版.5·3B版.新教材.物理.新高考版.高三.全一册_学生用书全一册/五、53提分资料包/2.思维方法微专题：物理培优加餐/提分加练16  等效替代法/提分资料包/提分加练16　等效替代法.pdf	cfce16c7e6000e4b	1622174	moved
27版五三/53模拟B版（2027版）/2027版.5·3B版.新教材.物理.新高考版.高三.全一册_学生用书全一册/五、53提分资料包/2.思维方法微专题：物理培优加餐/提分加练17  解析式法/提分资料包/提分加练17　解析式法.pdf	f6658a0081147d72	2122130	moved
27版五三/53模拟B版（2027版）/2027版.5·3B版.新教材.物理.新高考版.高三.全一册_学生用书全一册/五、53提分资料包/2.思维方法微专题：物理培优加餐/提分加练18  三角函数法/提分资料包/提分加练18　三角函数法.pdf	95e76ddea3660ebe	1148947	moved
27版五三/53模拟B版（2027版）/2027版.5·3B版.新教材.物理.新高考版.高三.全一册_学生用书全一册/五、53提分资料包/2.思维方法微专题：物理培优加餐/提分加练19  基本不等式法/提分资料包/提分加练19　基本不等式法.pdf	80b5299d2517ff8d	672681	moved
27版五三/53模拟B版（2027版）/2027版.5·3B版.新教材.物理.新高考版.高三.全一册_学生用书全一册/五、53提分资料包/2.思维方法微专题：物理培优加餐/提分加练2  斜上抛运动中的逆向思维/提分资料包/提分加练2　斜上抛运动中的逆向思维.pdf	342df3c2d624293d	1664084	moved
27版五三/53模拟B版（2027版）/2027版.5·3B版.新教材.物理.新高考版.高三.全一册_学生用书全一册/五、53提分资料包/2.思维方法微专题：物理培优加餐/提分加练20  类比法/提分资料包/提分加练20　类比法.pdf	faef8431e90bf2be	1917985	moved
27版五三/53模拟B版（2027版）/2027版.5·3B版.新教材.物理.新高考版.高三.全一册_学生用书全一册/五、53提分资料包/2.思维方法微专题：物理培优加餐/提分加练21  归纳递推法/提分资料包/提分加练21　归纳递推法.pdf	2aa9b01ce3439cf7	2343252	moved
27版五三/53模拟B版（2027版）/2027版.5·3B版.新教材.物理.新高考版.高三.全一册_学生用书全一册/五、53提分资料包/2.思维方法微专题：物理培优加餐/提分加练22  矢量图解法/提分资料包/提分加练22　矢量图解法.pdf	ca8dbc0f28ec0a33	1534782	moved
27版五三/53模拟B版（2027版）/2027版.5·3B版.新教材.物理.新高考版.高三.全一册_学生用书全一册/五、53提分资料包/2.思维方法微专题：物理培优加餐/提分加练23  对称法/提分资料包/提分加练23　对称法.pdf	f31a221a75817d5f	1342675	moved
27版五三/53模拟B版（2027版）/2027版.5·3B版.新教材.物理.新高考版.高三.全一册_学生用书全一册/五、53提分资料包/2.思维方法微专题：物理培优加餐/提分加练24  割补法/提分资料包/提分加练24　割补法.pdf	6deef19a20429c65	2280963	moved
27版五三/53模拟B版（2027版）/2027版.5·3B版.新教材.物理.新高考版.高三.全一册_学生用书全一册/五、53提分资料包/2.思维方法微专题：物理培优加餐/提分加练25  代入法/提分资料包/提分加练25　代入法.pdf	9d76a679539496e1	1216272	moved
27版五三/53模拟B版（2027版）/2027版.5·3B版.新教材.物理.新高考版.高三.全一册_学生用书全一册/五、53提分资料包/2.思维方法微专题：物理培优加餐/提分加练26  比例法/提分资料包/提分加练26　比例法.pdf	64abe6ee1d1c5efe	1131364	moved
27版五三/53模拟B版（2027版）/2027版.5·3B版.新教材.物理.新高考版.高三.全一册_学生用书全一册/五、53提分资料包/2.思维方法微专题：物理培优加餐/提分加练27  估算法/提分资料包/提分加练27　估算法.pdf	506a6bd8dfd6213a	1197599	moved
27版五三/53模拟B版（2027版）/2027版.5·3B版.新教材.物理.新高考版.高三.全一册_学生用书全一册/五、53提分资料包/2.思维方法微专题：物理培优加餐/提分加练3  运动的合成与分解/提分资料包/提分加练3　运动的合成与分解.pdf	234a93f4ee195c5f	1668074	moved
27版五三/53模拟B版（2027版）/2027版.5·3B版.新教材.物理.新高考版.高三.全一册_学生用书全一册/五、53提分资料包/2.思维方法微专题：物理培优加餐/提分加练4  全程法与分段法/提分资料包/提分加练4　全程法与分段法.pdf	ad3aead22a60128f	1578431	moved
27版五三/53模拟B版（2027版）/2027版.5·3B版.新教材.物理.新高考版.高三.全一册_学生用书全一册/五、53提分资料包/2.思维方法微专题：物理培优加餐/提分加练5  力的合成与分解/提分资料包/提分加练5　力的合成与分解.pdf	131a18ec4dcef17a	2002405	moved
27版五三/53模拟B版（2027版）/2027版.5·3B版.新教材.物理.新高考版.高三.全一册_学生用书全一册/五、53提分资料包/2.思维方法微专题：物理培优加餐/提分加练6  整体法与隔离法/提分资料包/提分加练6　整体法与隔离法.pdf	e9374ea68f8bc002	1523466	moved
27版五三/53模拟B版（2027版）/2027版.5·3B版.新教材.物理.新高考版.高三.全一册_学生用书全一册/五、53提分资料包/2.思维方法微专题：物理培优加餐/提分加练7  空间微元/提分资料包/提分加练7　空间微元.pdf	91e6d16850d2a9ed	3705590	moved
27版五三/53模拟B版（2027版）/2027版.5·3B版.新教材.物理.新高考版.高三.全一册_学生用书全一册/五、53提分资料包/2.思维方法微专题：物理培优加餐/提分加练8  时间微元/提分资料包/提分加练8　时间微元.pdf	6ce86c451a2d2336	4090229	moved
27版五三/53模拟B版（2027版）/2027版.5·3B版.新教材.物理.新高考版.高三.全一册_学生用书全一册/五、53提分资料包/2.思维方法微专题：物理培优加餐/提分加练9  物理量等效/提分资料包/提分加练9　物理量等效.pdf	c65bdc9ba90617f7	4508163	moved
27版五三/53模拟B版（2027版）/2027版.5·3B版.新教材.生物学.新高考版.高三.全一册_学生用书全一册/本书配套电子教参/不定项和多项选择题/专题PDF/不定项和多项选择题 《分层训练》PDF.pdf	fcdba63012ed24bd	15692872	moved
27版五三/53模拟B版（2027版）/2027版.5·3B版.新教材.生物学.新高考版.高三.全一册_学生用书全一册/本书配套电子教参/专题1 细胞的分子组成/专题PDF/专题1 细胞的分子组成 《分层训练》PDF.pdf	661605077d0041c1	6453778	moved
27版五三/53模拟B版（2027版）/2027版.5·3B版.新教材.生物学.新高考版.高三.全一册_学生用书全一册/本书配套电子教参/专题10 遗传的分子基础/专题PDF/专题10 遗传的分子基础 《分层训练》PDF.pdf	c9df35b07e5074ac	12565013	moved
27版五三/53模拟B版（2027版）/2027版.5·3B版.新教材.生物学.新高考版.高三.全一册_学生用书全一册/本书配套电子教参/专题11 生物的变异与进化/专题PDF/专题11 生物的变异与进化 《分层训练》PDF.pdf	b0d3b770cbc59de9	11157827	moved
27版五三/53模拟B版（2027版）/2027版.5·3B版.新教材.生物学.新高考版.高三.全一册_学生用书全一册/本书配套电子教参/专题12 人体的内环境与稳态/专题PDF/专题12 人体的内环境与稳态 《分层训练》PDF.pdf	274d6dae060b2d9e	4650771	moved
27版五三/53模拟B版（2027版）/2027版.5·3B版.新教材.生物学.新高考版.高三.全一册_学生用书全一册/本书配套电子教参/专题13 神经调节/专题PDF/专题13 神经调节 《分层训练》PDF.pdf	aa080071b28021ab	19723577	moved
27版五三/53模拟B版（2027版）/2027版.5·3B版.新教材.生物学.新高考版.高三.全一册_学生用书全一册/本书配套电子教参/专题14 体液调节/专题PDF/专题14 体液调节 《分层训练》PDF.pdf	9d69de2a6c08363e	10698812	moved
27版五三/53模拟B版（2027版）/2027版.5·3B版.新教材.生物学.新高考版.高三.全一册_学生用书全一册/本书配套电子教参/专题15 免疫调节/专题PDF/专题15 免疫调节 《分层训练》PDF.pdf	82ce06fcaa4638d3	9791995	moved
27版五三/53模拟B版（2027版）/2027版.5·3B版.新教材.生物学.新高考版.高三.全一册_学生用书全一册/本书配套电子教参/专题16 植物生命活动的调节/专题PDF/专题16 植物生命活动的调节 《分层训练》PDF.pdf	a19c095b4bc047cf	6805222	moved
27版五三/53模拟B版（2027版）/2027版.5·3B版.新教材.生物学.新高考版.高三.全一册_学生用书全一册/本书配套电子教参/专题17 种群及其动态/专题PDF/专题17 种群及其动态 《分层训练》PDF.pdf	e0825f4f03e69aac	9784318	moved
27版五三/53模拟B版（2027版）/2027版.5·3B版.新教材.生物学.新高考版.高三.全一册_学生用书全一册/本书配套电子教参/专题18 群落及其演替/专题PDF/专题18 群落及其演替 《分层训练》PDF.pdf	fc8b8bdcf52c7829	7949992	moved
27版五三/53模拟B版（2027版）/2027版.5·3B版.新教材.生物学.新高考版.高三.全一册_学生用书全一册/本书配套电子教参/专题19 生态系统及其稳定性、人与环境/专题PDF/专题19 生态系统及其稳定性、人与环境 《分层训练》PDF.pdf	ef74f5057dee9eb2	15218190	moved
27版五三/53模拟B版（2027版）/2027版.5·3B版.新教材.生物学.新高考版.高三.全一册_学生用书全一册/本书配套电子教参/专题2 细胞的结构与功能/专题PDF/专题2 细胞的结构与功能 《分层训练》PDF.pdf	474f373af84419f6	10540875	moved
27版五三/53模拟B版（2027版）/2027版.5·3B版.新教材.生物学.新高考版.高三.全一册_学生用书全一册/本书配套电子教参/专题20 发酵工程/专题PDF/专题20 发酵工程 《分层训练》PDF.pdf	350b3b38f64083ab	6945812	moved
27版五三/53模拟B版（2027版）/2027版.5·3B版.新教材.生物学.新高考版.高三.全一册_学生用书全一册/本书配套电子教参/专题21 细胞工程/专题PDF/专题21 细胞工程 《分层训练》PDF.pdf	247251e130c6f756	5961343	moved
27版五三/53模拟B版（2027版）/2027版.5·3B版.新教材.生物学.新高考版.高三.全一册_学生用书全一册/本书配套电子教参/专题22 基因工程/专题PDF/专题22 基因工程 《分层训练》PDF.pdf	8f150ceab9c20c1b	34850195	moved
27版五三/53模拟B版（2027版）/2027版.5·3B版.新教材.生物学.新高考版.高三.全一册_学生用书全一册/本书配套电子教参/专题3 细胞的物质输入和输出/专题PDF/专题3 细胞的物质输入和输出 《分层训练》PDF.pdf	0908f23ccdc9d022	11085083	moved
27版五三/53模拟B版（2027版）/2027版.5·3B版.新教材.生物学.新高考版.高三.全一册_学生用书全一册/本书配套电子教参/专题4 酶和ATP/专题PDF/专题4 酶和ATP 《分层训练》PDF.pdf	3c508629f56016af	4132694	moved
27版五三/53模拟B版（2027版）/2027版.5·3B版.新教材.生物学.新高考版.高三.全一册_学生用书全一册/本书配套电子教参/专题5 细胞呼吸/专题PDF/专题5 细胞呼吸 《分层训练》PDF.pdf	0aad3786497581aa	10153955	moved
27版五三/53模拟B版（2027版）/2027版.5·3B版.新教材.生物学.新高考版.高三.全一册_学生用书全一册/本书配套电子教参/专题6 光合作用/专题PDF/专题6 光合作用 《分层训练》PDF.pdf	84efb70569aa7f6a	20618922	moved
27版五三/53模拟B版（2027版）/2027版.5·3B版.新教材.生物学.新高考版.高三.全一册_学生用书全一册/本书配套电子教参/专题7 细胞的生命历程/专题PDF/专题7 细胞的生命历程 《分层训练》PDF.pdf	75cb79910da60ded	17932692	moved
27版五三/53模拟B版（2027版）/2027版.5·3B版.新教材.生物学.新高考版.高三.全一册_学生用书全一册/本书配套电子教参/专题8 基因的分离定律和自由组合定律/专题PDF/专题8 基因的分离定律和自由组合定律 《分层训练》PDF.pdf	13be2a8da4ac0c78	22097437	moved
27版五三/53模拟B版（2027版）/2027版.5·3B版.新教材.生物学.新高考版.高三.全一册_学生用书全一册/本书配套电子教参/专题9 伴性遗传与人类遗传病/专题PDF/专题9 伴性遗传与人类遗传病 《分层训练》PDF.pdf	1aac6c72345bc74b	25879416	moved
27版五三/53模拟B版（2027版）/2027版.5·3B版.新教材.生物学.新高考版.高三.全一册_学生用书全一册/本书配套电子教参/知识清单/专题PDF/专题1 细胞的分子组成.pdf	4c46a1716885d8e6	1799997	moved
27版五三/53模拟B版（2027版）/2027版.5·3B版.新教材.生物学.新高考版.高三.全一册_学生用书全一册/本书配套电子教参/知识清单/专题PDF/专题10 遗传的分子基础.pdf	733b88ea7425cd71	4020820	moved
27版五三/53模拟B版（2027版）/2027版.5·3B版.新教材.生物学.新高考版.高三.全一册_学生用书全一册/本书配套电子教参/知识清单/专题PDF/专题11 生物的变异与进化.pdf	6fa42046e425440e	3056355	moved
27版五三/53模拟B版（2027版）/2027版.5·3B版.新教材.生物学.新高考版.高三.全一册_学生用书全一册/本书配套电子教参/知识清单/专题PDF/专题12 人体的内环境与稳态.pdf	6046b7730e4ea537	515103	moved
27版五三/53模拟B版（2027版）/2027版.5·3B版.新教材.生物学.新高考版.高三.全一册_学生用书全一册/本书配套电子教参/知识清单/专题PDF/专题13 神经调节.pdf	058fc48ea0fe72c2	1664728	moved
27版五三/53模拟B版（2027版）/2027版.5·3B版.新教材.生物学.新高考版.高三.全一册_学生用书全一册/本书配套电子教参/知识清单/专题PDF/专题14 体液调节.pdf	f33a96d9fda7b82c	2422170	moved
27版五三/53模拟B版（2027版）/2027版.5·3B版.新教材.生物学.新高考版.高三.全一册_学生用书全一册/本书配套电子教参/知识清单/专题PDF/专题15 免疫调节.pdf	a586e59cfd5cf78d	2336851	moved
27版五三/53模拟B版（2027版）/2027版.5·3B版.新教材.生物学.新高考版.高三.全一册_学生用书全一册/本书配套电子教参/知识清单/专题PDF/专题16 植物生命活动的调节.pdf	439db0736553c967	2467780	moved
27版五三/53模拟B版（2027版）/2027版.5·3B版.新教材.生物学.新高考版.高三.全一册_学生用书全一册/本书配套电子教参/知识清单/专题PDF/专题17 种群及其动态.pdf	e2d08a111eaa6657	1398914	moved
27版五三/53模拟B版（2027版）/2027版.5·3B版.新教材.生物学.新高考版.高三.全一册_学生用书全一册/本书配套电子教参/知识清单/专题PDF/专题18 群落及其演替.pdf	f742a5862f678703	1830030	moved
27版五三/53模拟B版（2027版）/2027版.5·3B版.新教材.生物学.新高考版.高三.全一册_学生用书全一册/本书配套电子教参/知识清单/专题PDF/专题19 生态系统及其稳定性、人与环境.pdf	2d670ee5c5f24195	3577017	moved
27版五三/53模拟B版（2027版）/2027版.5·3B版.新教材.生物学.新高考版.高三.全一册_学生用书全一册/本书配套电子教参/知识清单/专题PDF/专题2 细胞的结构与功能.pdf	6a65a93a697cdc9a	2519493	moved
27版五三/53模拟B版（2027版）/2027版.5·3B版.新教材.生物学.新高考版.高三.全一册_学生用书全一册/本书配套电子教参/知识清单/专题PDF/专题20 发酵工程.pdf	0a39b4e7f0c2e20a	2919281	moved
27版五三/53模拟B版（2027版）/2027版.5·3B版.新教材.生物学.新高考版.高三.全一册_学生用书全一册/本书配套电子教参/知识清单/专题PDF/专题21 细胞工程.pdf	ce78e0bc6aabe4a2	4457243	moved
27版五三/53模拟B版（2027版）/2027版.5·3B版.新教材.生物学.新高考版.高三.全一册_学生用书全一册/本书配套电子教参/知识清单/专题PDF/专题22 基因工程.pdf	1d3c62981b8cd408	3427465	moved
27版五三/53模拟B版（2027版）/2027版.5·3B版.新教材.生物学.新高考版.高三.全一册_学生用书全一册/本书配套电子教参/知识清单/专题PDF/专题3 细胞的物质输入和输出.pdf	573bcad40bd303f3	1749341	moved
27版五三/53模拟B版（2027版）/2027版.5·3B版.新教材.生物学.新高考版.高三.全一册_学生用书全一册/本书配套电子教参/知识清单/专题PDF/专题4 酶和ATP.pdf	b8f726dad0ff6e1f	1868219	moved
27版五三/53模拟B版（2027版）/2027版.5·3B版.新教材.生物学.新高考版.高三.全一册_学生用书全一册/本书配套电子教参/知识清单/专题PDF/专题5 细胞呼吸.pdf	dc71396648ccf395	1844611	moved
27版五三/53模拟B版（2027版）/2027版.5·3B版.新教材.生物学.新高考版.高三.全一册_学生用书全一册/本书配套电子教参/知识清单/专题PDF/专题6 光合作用.pdf	aa51a78e04d5a392	1860101	moved
27版五三/53模拟B版（2027版）/2027版.5·3B版.新教材.生物学.新高考版.高三.全一册_学生用书全一册/本书配套电子教参/知识清单/专题PDF/专题7 细胞的生命历程.pdf	f76999f35331d98a	3372786	moved
27版五三/53模拟B版（2027版）/2027版.5·3B版.新教材.生物学.新高考版.高三.全一册_学生用书全一册/本书配套电子教参/知识清单/专题PDF/专题8 基因的分离定律和自由组合定律.pdf	2706aa9326bf19c6	2229923	moved
27版五三/53模拟B版（2027版）/2027版.5·3B版.新教材.生物学.新高考版.高三.全一册_学生用书全一册/本书配套电子教参/知识清单/专题PDF/专题9 伴性遗传与人类遗传病.pdf	d39421648d780bfb	2091432	moved
27版五三/53模拟B版（2027版）/2027版.5·3B版.新教材.生物学.新高考版.高三.全一册_学生用书全一册/附赠一轮复习随堂讲解PPT/知识精讲/第二十四章 基因工程  精讲册PPT.pptx	d48d451b5cfc94f7	4305379	moved
27版五三/【01】2027版53 A版新高考一轮复习（PDF+word）/2027版.新高考版.选考总复习.化学.5·3A版/一、本书电子教参/第七章化学反应的热效应/5_精讲册PDF/3_07-第七章　化学反应的热效应.pdf	395f2c43870abfb2	2291906	moved
27版五三/【01】2027版53 A版新高考一轮复习（PDF+word）/2027版.新高考版.选考总复习.化学.5·3A版/一、本书电子教参/第三章金属及其化合物/5_精讲册PDF/3_03-第三章　金属及其化合物.pdf	573ad5ab62e78a46	2275886	moved
27版五三/【01】2027版53 A版新高考一轮复习（PDF+word）/2027版.新高考版.选考总复习.化学.5·3A版/一、本书电子教参/第九章化学反应速率与化学平衡/5_精讲册PDF/3_09-第九章　化学反应速率与化学平衡.pdf	2182bb72acae2e0f	3607927	moved
27版五三/【01】2027版53 A版新高考一轮复习（PDF+word）/2027版.新高考版.选考总复习.化学.5·3A版/一、本书电子教参/第五章原子结构元素周期律/5_精讲册PDF/3_05-第五章　原子结构元素周期律.pdf	0fbe0183f1bb723a	1821940	moved
27版五三/【01】2027版53 A版新高考一轮复习（PDF+word）/2027版.新高考版.选考总复习.化学.5·3A版/一、本书电子教参/第八章化学反应与电能/5_精讲册PDF/3_08-第八章　化学反应与电能.pdf	ea4d8f83a0842d8a	2661176	moved
27版五三/【01】2027版53 A版新高考一轮复习（PDF+word）/2027版.新高考版.选考总复习.化学.5·3A版/一、本书电子教参/第六章化学键分子和晶体的结构与性质/5_精讲册PDF/3_06-第六章　化学键分子和晶体的结构与性质.pdf	a861d7504a3511ab	2851016	moved
27版五三/【01】2027版53 A版新高考一轮复习（PDF+word）/2027版.新高考版.选考总复习.化学.5·3A版/一、本书电子教参/第十三章化学实验基本方法/5_精讲册PDF/3_13-第十三章　化学实验基本方法.pdf	558c76a941376531	1874160	moved
27版五三/【01】2027版53 A版新高考一轮复习（PDF+word）/2027版.新高考版.选考总复习.化学.5·3A版/一、本书电子教参/第十四章实验方案的设计与评价/5_精讲册PDF/3_14-第十四章　实验方案的设计与评价.pdf	1672515a07ed4d0b	2298129	moved
27版五三/【01】2027版53 A版新高考一轮复习（PDF+word）/2027版.新高考版.选考总复习.化学.5·3A版/一、本书电子教参/第十章水溶液中的离子反应与平衡/5_精讲册PDF/3_10-第十章　水溶液中的离子反应与平衡.pdf	ab20d2e8fd0e4623	2729270	moved
27版五三/【01】2027版53 A版新高考一轮复习（PDF+word）/2027版.新高考版.选考总复习.物理.5·3A版/一、本书精品电子资源/第一章匀变速直线运动/1_专题资料包/1_讲册PDF 01-第一章 匀变速直线运动.pdf	651cc8b5e7ac83b7	6725092	moved
27版五三/【01】2027版53 A版新高考一轮复习（PDF+word）/2027版.新高考版.选考总复习.物理.5·3A版/一、本书精品电子资源/第七章动量守恒定律/1_专题资料包/1_讲册PDF 07-第七章 动量守恒定律.pdf	1a2969fa6fa70911	9329812	moved
27版五三/【01】2027版53 A版新高考一轮复习（PDF+word）/2027版.新高考版.选考总复习.物理.5·3A版/一、本书精品电子资源/第三章牛顿运动定律/1_专题资料包/1_讲册PDF 03-第三章 牛顿运动定律.pdf	8c6545e390d0c2cd	7682250	moved
27版五三/【01】2027版53 A版新高考一轮复习（PDF+word）/2027版.新高考版.选考总复习.物理.5·3A版/一、本书精品电子资源/第九章静电场/1_专题资料包/1_讲册PDF 09-第九章 静电场.pdf	3f29094ca2c692ff	10145083	moved
27版五三/【01】2027版53 A版新高考一轮复习（PDF+word）/2027版.新高考版.选考总复习.物理.5·3A版/一、本书精品电子资源/第二章相互作用/1_专题资料包/1_讲册PDF 02-第二章 相互作用.pdf	38a325466f1c0174	6865551	moved
27版五三/【01】2027版53 A版新高考一轮复习（PDF+word）/2027版.新高考版.选考总复习.物理.5·3A版/一、本书精品电子资源/第五章万有引力与宇宙航行/1_专题资料包/1_讲册PDF 05-第五章 万有引力与宇宙航行.pdf	74c4b23ad483c89c	3730962	moved
27版五三/【01】2027版53 A版新高考一轮复习（PDF+word）/2027版.新高考版.选考总复习.物理.5·3A版/一、本书精品电子资源/第六章机械能守恒定律/1_专题资料包/1_讲册PDF 06-第六章 机械能守恒定律.pdf	617f8955047689b6	8011630	moved
27版五三/【01】2027版53 A版新高考一轮复习（PDF+word）/2027版.新高考版.选考总复习.物理.5·3A版/一、本书精品电子资源/第十一章磁场/1_专题资料包/1_讲册PDF 11-第十一章 磁场.pdf	391378bf5a80f1d2	12210578	moved
27版五三/【01】2027版53 A版新高考一轮复习（PDF+word）/2027版.新高考版.选考总复习.物理.5·3A版/一、本书精品电子资源/第十三章交变电流电磁波/1_专题资料包/1_讲册PDF 13-第十三章 交变电流　电磁波.pdf	9c283d079d84e4f3	3928033	moved
27版五三/【01】2027版53 A版新高考一轮复习（PDF+word）/2027版.新高考版.选考总复习.物理.5·3A版/一、本书精品电子资源/第十二章电磁感应/1_专题资料包/1_讲册PDF 12-第十二章 电磁感应.pdf	83a862df880c18f8	9944591	moved
27版五三/【01】2027版53 A版新高考一轮复习（PDF+word）/2027版.新高考版.选考总复习.物理.5·3A版/一、本书精品电子资源/第十五章热学/1_专题资料包/1_讲册PDF 15-第十五章 热学.pdf	ad17b1a2a9ba6152	7216797	moved
27版五三/【01】2027版53 A版新高考一轮复习（PDF+word）/2027版.新高考版.选考总复习.物理.5·3A版/一、本书精品电子资源/第十六章近代物理初步/1_专题资料包/1_讲册PDF 16-第十六章 近代物理初步.pdf	f3eb7c61630febe2	3526096	moved
27版五三/【01】2027版53 A版新高考一轮复习（PDF+word）/2027版.新高考版.选考总复习.物理.5·3A版/一、本书精品电子资源/第十四章光/1_专题资料包/1_讲册PDF 14-第十四章 光.pdf	66fd8e050fe33643	3421254	moved
27版五三/【01】2027版53 A版新高考一轮复习（PDF+word）/2027版.新高考版.选考总复习.物理.5·3A版/一、本书精品电子资源/第十章电路及其应用/1_专题资料包/1_讲册PDF 10-第十章 电路及其应用.pdf	3617581091f4ee1b	6944747	moved
27版五三/【01】2027版53 A版新高考一轮复习（PDF+word）/2027版.新高考版.选考总复习.物理.5·3A版/一、本书精品电子资源/第十章电路及其应用/1_专题资料包/4_精讲册PPT 10_第十章　电路及其应用.pptx	97699e8887881b66	3659215	moved
27版五三/【01】2027版53 A版新高考一轮复习（PDF+word）/2027版.新高考版.选考总复习.物理.5·3A版/一、本书精品电子资源/第四章曲线运动/1_专题资料包/1_讲册PDF 04-第四章 曲线运动.pdf	9bf60f791bfaf1aa	7758844	moved
27版五三/【01】2027版53 A版新高考一轮复习（PDF+word）/2027版.新高考版.选考总复习.生物学.5·3A版/加赠电子资源/十年高考真题分类（注：20162025真题分类汇编）/1_资源拓展/14_真题分类  专题15  免疫调节.docx	eb8a83a22d4e89ae	4835544	moved
27版五三/【01】2027版53 A版新高考一轮复习（PDF+word）/2027版.新高考版.选考总复习.生物学.5·3A版/本书电子教参/第七章遗传因子的发现/1_专题资料包/1_第七章 遗传因子的发现  精讲册PDF.pdf	05d3eeed922c65ae	2513552	moved
27版五三/【01】2027版53 A版新高考一轮复习（PDF+word）/2027版.新高考版.选考总复习.生物学.5·3A版/本书电子教参/第三章细胞的基本结构/1_专题资料包/5_第三章 细胞的基本结构  精讲册PDF.pdf	9917e249831fd626	3559288	moved
27版五三/【01】2027版53 A版新高考一轮复习（PDF+word）/2027版.新高考版.选考总复习.生物学.5·3A版/本书电子教参/第二章组成细胞的分子/1_专题资料包/5_第二章 组成细胞的分子  精讲册PDF.pdf	b199c7f6f9f33e00	1889962	moved
27版五三/【01】2027版53 A版新高考一轮复习（PDF+word）/2027版.新高考版.选考总复习.生物学.5·3A版/本书电子教参/第五章细胞的能量供应和利用/1_专题资料包/1_第五章 细胞的能量供应和利用  精讲册PDF.pdf	9527b61b03f470fb	5001048	moved
27版五三/【01】2027版53 A版新高考一轮复习（PDF+word）/2027版.新高考版.选考总复习.生物学.5·3A版/本书电子教参/第八章伴性遗传和人类遗传病/1_专题资料包/1_第八章 伴性遗传和人类遗传病  精讲册PDF.pdf	bba8ca3c2804c1af	2397828	moved
27版五三/【01】2027版53 A版新高考一轮复习（PDF+word）/2027版.新高考版.选考总复习.生物学.5·3A版/本书电子教参/第十二章生物的进化/1_专题资料包/1_第十二章 生物的进化  精讲册PDF.pdf	aa94316d26f7a15f	1566861	moved
27版五三/【01】2027版53 A版新高考一轮复习（PDF+word）/2027版.新高考版.选考总复习.生物学.5·3A版/本书电子教参/第十六章免疫调节/1_专题资料包/1_第十六章 免疫调节  精讲册PDF.pdf	c8ac61be4ae42727	1969117	moved
27版五三/【01】2027版53 A版新高考一轮复习（PDF+word）/2027版.新高考版.选考总复习.生物学.5·3A版/本书电子教参/第十四章神经调节/1_专题资料包/1_第十四章 神经调节  精讲册PDF.pdf	82f623be7a279a7c	2742366	moved
6. 2026生物总复习/2027年新高考资料【上新中】/2027年高考生物一轮/2027年高考生物一轮复习知识清单（全国通用）-G56/2027版/第01讲 走近细胞（图文版知识清单）.pdf	7cc33dffa071d28c	5810963	moved
6. 2026生物总复习/2027年新高考资料【上新中】/2027年高考生物一轮/2027年高考生物一轮复习知识清单（全国通用）-G56/2027版/第01讲 走近细胞（知识清单）（全国通用）（学生版）.docx	9b092dcead766088	6625132	moved
6. 2026生物总复习/2027年新高考资料【上新中】/2027年高考生物一轮/2027年高考生物一轮复习知识清单（全国通用）-G56/2027版/第02讲 细胞中的元素和化合物（知识清单）（全国通用）（学生版）.docx	d75b8e1cece7722c	3037861	moved
6. 2026生物总复习/2027年新高考资料【上新中】/2027年高考生物一轮/2027年高考生物一轮复习知识清单（全国通用）-G56/2027版/第03讲 细胞中的糖类和脂质（知识清单）（全国通用）（学生版）.docx	b7ccbd6a0e060dca	2421363	moved
6. 2026生物总复习/2027年新高考资料【上新中】/2027年高考生物一轮/2027年高考生物一轮复习知识清单（全国通用）-G56/2027版/第04讲 蛋白质和核酸（知识清单）（全国通用）（学生版）.docx	87f89c1c5c163283	2947068	moved
6. 2026生物总复习/2027年新高考资料【上新中】/2027年高考生物一轮/2027年高考生物一轮复习知识清单（全国通用）-G56/2027版/第06讲 细胞器和生物膜系统（知识清单）（全国通用）（学生版）.docx	a15c12f1185aabf2	9412059	moved
6. 2026生物总复习/2027年新高考资料【上新中】/2027年高考生物一轮/2027年高考生物一轮复习知识清单（全国通用）-G56/2027版/第08讲 酶和ATP（知识清单）（全国通用）（学生版）.docx	959d375b3224b673	2830438	moved
6. 2026生物总复习/2027年新高考资料【上新中】/2027年高考生物一轮/2027年高考生物一轮复习知识清单（全国通用）-G56/2027版/第09讲 细胞呼吸（知识清单）（全国通用）（学生版）.docx	87219383b533cd0f	4084328	moved
6. 2026生物总复习/2027年新高考资料【上新中】/2027年高考生物一轮/2027年高考生物一轮复习知识清单（全国通用）-G56/2027版/第15讲 分离定律（图文版知识清单）.pdf	fa1740f31408409b	6569489	moved
6. 2026生物总复习/2027年新高考资料【上新中】/2027年高考生物一轮/2027年高考生物一轮复习知识清单（全国通用）-G56/2027版/第15讲 分离定律（知识清单）（全国通用）（学生版）.docx	bd2aec96c1b7fb31	3151268	moved
6. 2026生物总复习/2027年新高考资料【上新中】/2027年高考生物一轮/2027年高考生物一轮复习知识清单（全国通用）-G56/2027版/第16讲 自由组合定律（图文版知识清单）.pdf	c0bb5be6ef4f0040	5142760	moved
6. 2026生物总复习/2027年新高考资料【上新中】/2027年高考生物一轮/2027年高考生物一轮复习知识清单（全国通用）-G56/2027版/第16讲 自由组合定律（知识清单）（全国通用）（学生版）.docx	7793383a3c6971ce	2277974	moved
6. 2026生物总复习/2027年新高考资料【上新中】/2027年高考生物一轮/2027年高考生物一轮复习知识清单（全国通用）-G56/2027版/第17讲 伴性遗传和人类遗传病（图文版知识清单）.pdf	662437a31485ff74	6732090	moved
6. 2026生物总复习/2027年新高考资料【上新中】/2027年高考生物一轮/2027年高考生物一轮复习知识清单（全国通用）-G56/2027版/第17讲 伴性遗传和人类遗传病（知识清单）（全国通用）（学生版）.docx	9bf80508c011b6a0	2558457	moved
6. 2026生物总复习/2027年新高考资料【上新中】/2027年高考生物一轮/2027年高考生物一轮复习讲义+练习+课件（新教材新高考）-G55/2027版/第01讲 走近细胞（复习讲义）（全国通用）（学生版）.docx	5f5c6e74a2335c83	2831137	moved
6. 2026生物总复习/2027年新高考资料【上新中】/2027年高考生物一轮/2027年高考生物一轮复习讲义+练习+课件（新教材新高考）-G55/2027版/第02讲 细胞中的元素和化合物（复习讲义）（全国通用）（学生版）.docx	350c103c22448b26	2298771	moved
6. 2026生物总复习/2027年新高考资料【上新中】/2027年高考生物一轮/2027年高考生物一轮复习讲义+练习+课件（新教材新高考）-G55/2027版/第03讲 糖类和脂质（复习讲义）（全国通用）（学生版）.docx	f2d321d68dd5651e	1920389	moved
6. 2026生物总复习/2027年新高考资料【上新中】/2027年高考生物一轮/2027年高考生物一轮复习讲义+练习+课件（新教材新高考）-G55/2027版/第04讲 蛋白质和核酸（复习讲义）（全国通用）（学生版）.docx	0e05a9a3d2240f7a	1376767	moved
6. 2026生物总复习/2027年新高考资料【上新中】/2027年高考生物一轮/2027年高考生物一轮复习讲义+练习+课件（新教材新高考）-G55/2027版/第15讲 分离定律（复习讲义）（全国通用）（学生版）.docx	6d5d24693308ffe5	2509765	moved
6. 2026生物总复习/2027年新高考资料【上新中】/2027年高考生物一轮/2027年高考生物一轮复习讲义+练习+课件（新教材新高考）-G55/2027版/第16讲 自由组合定律（复习讲义）（全国通用）（学生版）.docx	16236ddd27a932ce	4590574	moved
6. 2026生物总复习/2027年新高考资料【上新中】/2027年高考生物一轮/2027年高考生物一轮复习讲义+练习+课件（新教材新高考）-G55/2027版/第17讲 伴性遗传和人类遗传病（复习讲义）（全国通用）（学生版）.docx	7e4d370d4d3996fc	4253372	moved
6. 2026生物总复习/2027年新高考资料【上新中】/2027年高考生物一轮/2027年高考生物一轮复习讲义+练习+课件（新教材新高考）-G55/2027版/第22讲 生物的变异（复习讲义）（全国通用）（学生版）.docx	06adbb645fad8ad7	3401251	moved
6. 2026生物总复习/2027年新高考资料【上新中】/2027年高考生物一轮/2027年高考生物一轮课件+讲义+练习（黑吉辽蒙专用）-G330/2027版/第01讲 走近细胞（学生版）.docx	ccc3cda932c4d592	2049476	moved
6. 2026生物总复习/2027年新高考资料【上新中】/2027年高考生物一轮/2027年高考生物一轮课件+讲义+练习（黑吉辽蒙专用）-G330/2027版/第02讲 细胞中的元素和化合物（学生版） .docx	35ce2c589e1e6ac8	1928808	moved
6. 2026生物总复习/2027年新高考资料【上新中】/2027年高考生物一轮/2027年高考生物一轮课件+讲义+练习（黑吉辽蒙专用）-G330/2027版/第03讲 糖类和脂质（学生版）.docx	07f8ebe1b4e80b78	1624499	moved
6. 2026生物总复习/2027年新高考资料【上新中】/2027年高考生物一轮/2027年高考生物一轮课件+讲义+练习（黑吉辽蒙专用）-G330/2027版/第04讲 蛋白质和核酸（学生版） .docx	84a2acd805352336	2035914	moved
6. 2026生物总复习/2027年新高考资料【上新中】/2027年高考生物一轮/2027年高考生物一轮课件+讲义+练习（黑吉辽蒙专用）-G330/2027版/第06讲 细胞器和生物膜系统（学生版） .docx	5a0d8ccdbdf3c568	3803784	moved
6. 2026生物总复习/2027年新高考资料【上新中】/2027年高考生物一轮/2027年高考生物一轮课件+讲义+练习（黑吉辽蒙专用）-G330/2027版/第07讲 物质运输（学生版）.docx	f768f0ac20cedbd7	5355223	moved
6. 2026生物总复习/2027年新高考资料【上新中】/2027年高考生物一轮/2027年高考生物一轮课件+讲义+练习（黑吉辽蒙专用）-G330/2027版/第08讲 酶与ATP（黑吉辽蒙专用）（学生版）.docx	4a02fcf4dd4d18bd	4315262	moved
6. 2026生物总复习/2027年新高考资料【上新中】/2027年高考生物一轮/2027年高考生物一轮课件+讲义+练习（黑吉辽蒙专用）-G330/2027版/第11讲 细胞的增殖（学生版）.docx	9f1feef11c865a7f	4233424	moved
6. 2026生物总复习/2027年新高考资料【上新中】/2027年高考生物一轮/【1】2027年高考生物一轮复习讲义（考点详解）/第19讲 自由组合定律.docx	fa7623b65438e19c	1828472	moved
6. 2026生物总复习/2027年新高考资料【上新中】/2027年高考生物一轮/【1】2027年高考生物一轮复习讲义（考点详解）/第31讲 神经调节的结构基础和基本方式.docx	bd0e0e6a6ef22d6a	2232499	moved
6. 2026生物总复习/2027年新高考资料【上新中】/2027年高考生物一轮/【1】2027年高考生物一轮复习讲义（考点详解）/第8讲 酶和ATP.docx	91217f796a312ed4	2766340	moved
6. 2026生物总复习/2027年新高考资料【上新中】/2027年高考生物一轮/【1】2027年高考生物一轮复习讲义（考点详解）/第三单元 第10课时 细胞的能量“货币”ATP.docx	7171502dd924a8fc	2420722	moved
6. 2026生物总复习/2027年新高考资料【上新中】/2027年高考生物一轮/【1】2027年高考生物一轮复习讲义（考点详解）/第八单元 第32课时 人体的内环境与稳态.docx	f54acf27f13e4242	2820114	moved
6. 2026生物总复习/2027年新高考资料【上新中】/2027年高考生物一轮/【1】2027年高考生物一轮复习讲义（考点详解）/第八单元 第38课时 免疫系统的组成、功能及特异性免疫.docx	4d6497aa491284fd	4638250	moved
6. 2026生物总复习/2027年新高考资料【上新中】/2027年高考生物一轮/【4】2027届高考生物一轮复习知识清单填空/2027届高三生物一轮复习知识清单4：分子与细胞基础.docx	a5deb58ca8086581	5862127	moved
6. 2026生物总复习/2027年新高考资料【上新中】/2027年高考生物一轮/【6】2027届高考生物一轮复习主干知识汇总课件/2027届高三生物一轮复习课件：必修一第四章主干知识汇总.pptx	dc232046ecf3f340	1379670	moved
6. 2026生物总复习/2027年新高考资料【上新中】/2027年高考生物一轮/【6】2027届高考生物一轮复习主干知识汇总课件/2027届高三生物一轮复习课件：选必一第三、四章主干知识汇总.pptx	a08b00dac8a1aa06	4328119	moved
