subject,pdf_rel,page,page_kind,ink,rows,rule,fig,formulas,figs,note
MATH,2027版高中《53知识清单》彩色版（数学）/【2027】53高中知识清单高中数学必修+选择性必修.pdf,1,封面/扉页,0.3467,5,383,0.4034,0.0,2,前 3 页
MATH,2027版高中《53知识清单》彩色版（数学）/【2027】53高中知识清单高中数学必修+选择性必修.pdf,2,封面/扉页,0.037,11,0,0.0311,0.0,2,前 3 页
MATH,2027版高中《53知识清单》彩色版（数学）/【2027】53高中知识清单高中数学必修+选择性必修.pdf,3,公式密排,0.0166,59,0,0.0,25.3,0,公式 25.3/千字
MATH,2027版高中《53知识清单》彩色版（数学）/【2027】53高中知识清单高中数学必修+选择性必修.pdf,4,公式密排,0.0262,68,0,0.0,32.1,3,公式 32.1/千字
MATH,2027版高中《53知识清单》彩色版（数学）/【2027】53高中知识清单高中数学必修+选择性必修.pdf,5,公式密排,0.0223,49,0,0.0,30.9,2,公式 30.9/千字
MATH,2027版高中《53知识清单》彩色版（数学）/【2027】53高中知识清单高中数学必修+选择性必修.pdf,6,公式密排,0.029,59,0,0.0,37.8,6,公式 37.8/千字
MATH,2027版高中《53知识清单》彩色版（数学）/【2027】53高中知识清单高中数学必修+选择性必修.pdf,7,表格式,0.1749,17,247,0.1907,0.0,1,横线 247
MATH,2027版高中《53知识清单》彩色版（数学）/【2027】53高中知识清单高中数学必修+选择性必修.pdf,8,图密集,0.0378,70,0,0.0244,0.0,5,【图】5
MATH,2027版高中《53知识清单》彩色版（数学）/【2027】53高中知识清单高中数学必修+选择性必修.pdf,9,图密集,0.0228,58,0,0.0153,0.0,7,【图】7
MATH,2027版高中《53知识清单》彩色版（数学）/【2027】53高中知识清单高中数学必修+选择性必修.pdf,10,叙述,0.0422,54,0,0.0073,0.6,0,行 54
MATH,2027版高中《53知识清单》彩色版（数学）/【2027】53高中知识清单高中数学必修+选择性必修.pdf,11,叙述,0.0276,73,0,0.0,2.4,0,行 73
MATH,2027版高中《53知识清单》彩色版（数学）/【2027】53高中知识清单高中数学必修+选择性必修.pdf,12,叙述,0.0515,46,0,0.0,6.3,0,行 46
MATH,2027版高中《53知识清单》彩色版（数学）/【2027】53高中知识清单高中数学必修+选择性必修.pdf,13,叙述,0.0288,55,0,0.0036,1.7,0,行 55
MATH,2027版高中《53知识清单》彩色版（数学）/【2027】53高中知识清单高中数学必修+选择性必修.pdf,14,叙述,0.0441,50,0,0.0021,2.7,0,行 50
MATH,2027版高中《53知识清单》彩色版（数学）/【2027】53高中知识清单高中数学必修+选择性必修.pdf,15,叙述,0.0294,54,0,0.0057,0.0,0,行 54
MATH,2027版高中《53知识清单》彩色版（数学）/【2027】53高中知识清单高中数学必修+选择性必修.pdf,16,叙述,0.0357,63,0,0.0,0.0,0,行 63
MATH,2027版高中《53知识清单》彩色版（数学）/【2027】53高中知识清单高中数学必修+选择性必修.pdf,17,叙述,0.0298,53,0,0.0071,0.6,0,行 53
MATH,2027版高中《53知识清单》彩色版（数学）/【2027】53高中知识清单高中数学必修+选择性必修.pdf,18,叙述,0.0418,62,0,0.0068,0.0,0,行 62
MATH,2027版高中《53知识清单》彩色版（数学）/【2027】53高中知识清单高中数学必修+选择性必修.pdf,19,叙述,0.0178,44,0,0.0,0.0,0,行 44
MATH,2027版高中《53知识清单》彩色版（数学）/【2027】53高中知识清单高中数学必修+选择性必修.pdf,20,叙述,0.0627,46,0,0.0036,3.4,0,行 46
MATH,2027版高中《53知识清单》彩色版（数学）/【2027】53高中知识清单高中数学必修+选择性必修.pdf,21,叙述,0.0203,69,0,0.0,1.4,0,行 69
MATH,2027版高中《53知识清单》彩色版（数学）/【2027】53高中知识清单高中数学必修+选择性必修.pdf,22,叙述,0.0607,42,0,0.0,1.1,0,行 42
MATH,2027版高中《53知识清单》彩色版（数学）/【2027】53高中知识清单高中数学必修+选择性必修.pdf,23,公式密排,0.0174,32,0,0.0066,42.0,4,公式 42.0/千字
MATH,2027版高中《53知识清单》彩色版（数学）/【2027】53高中知识清单高中数学必修+选择性必修.pdf,24,公式密排,0.0585,42,2,0.014,33.5,2,公式 33.5/千字
MATH,2027版高中《53知识清单》彩色版（数学）/【2027】53高中知识清单高中数学必修+选择性必修.pdf,25,叙述,0.0259,58,1,0.0042,19.4,1,行 58
MATH,2027版高中《53知识清单》彩色版（数学）/【2027】53高中知识清单高中数学必修+选择性必修.pdf,26,公式密排,0.0442,38,0,0.0031,38.1,0,公式 38.1/千字
MATH,2027版高中《53知识清单》彩色版（数学）/【2027】53高中知识清单高中数学必修+选择性必修.pdf,27,公式密排,0.034,60,0,0.0066,49.5,2,公式 49.5/千字
MATH,2027版高中《53知识清单》彩色版（数学）/【2027】53高中知识清单高中数学必修+选择性必修.pdf,28,公式密排,0.0504,54,0,0.0047,35.6,3,公式 35.6/千字
MATH,2027版高中《53知识清单》彩色版（数学）/【2027】53高中知识清单高中数学必修+选择性必修.pdf,29,公式密排,0.0355,43,0,0.0051,37.1,2,公式 37.1/千字
MATH,2027版高中《53知识清单》彩色版（数学）/【2027】53高中知识清单高中数学必修+选择性必修.pdf,30,公式密排,0.0474,45,0,0.0073,44.2,2,公式 44.2/千字
MATH,2027版高中《53知识清单》彩色版（数学）/【2027】53高中知识清单高中数学必修+选择性必修.pdf,31,公式密排,0.0335,58,0,0.0068,33.7,3,公式 33.7/千字
MATH,2027版高中《53知识清单》彩色版（数学）/【2027】53高中知识清单高中数学必修+选择性必修.pdf,32,公式密排,0.0381,45,0,0.0005,37.3,2,公式 37.3/千字
MATH,2027版高中《53知识清单》彩色版（数学）/【2027】53高中知识清单高中数学必修+选择性必修.pdf,33,公式密排,0.0405,52,0,0.0047,32.2,5,公式 32.2/千字
MATH,2027版高中《53知识清单》彩色版（数学）/【2027】53高中知识清单高中数学必修+选择性必修.pdf,34,公式密排,0.041,45,0,0.0047,30.8,2,公式 30.8/千字
MATH,2027版高中《53知识清单》彩色版（数学）/【2027】53高中知识清单高中数学必修+选择性必修.pdf,35,公式密排,0.0346,44,0,0.0068,56.5,1,公式 56.5/千字
MATH,2027版高中《53知识清单》彩色版（数学）/【2027】53高中知识清单高中数学必修+选择性必修.pdf,36,公式密排,0.0471,40,0,0.001,40.3,0,公式 40.3/千字
MATH,2027版高中《53知识清单》彩色版（数学）/【2027】53高中知识清单高中数学必修+选择性必修.pdf,37,公式密排,0.0288,53,1,0.0062,32.7,1,公式 32.7/千字
MATH,2027版高中《53知识清单》彩色版（数学）/【2027】53高中知识清单高中数学必修+选择性必修.pdf,38,表格式,0.0525,48,2,0.0161,24.4,0,含表行
MATH,2027版高中《53知识清单》彩色版（数学）/【2027】53高中知识清单高中数学必修+选择性必修.pdf,39,表格式,0.0406,39,0,0.0088,24.1,0,含表行
MATH,2027版高中《53知识清单》彩色版（数学）/【2027】53高中知识清单高中数学必修+选择性必修.pdf,40,公式密排,0.0418,47,0,0.0016,30.2,0,公式 30.2/千字
MATH,2027版高中《53知识清单》彩色版（数学）/【2027】53高中知识清单高中数学必修+选择性必修.pdf,41,公式密排,0.0236,38,0,0.0071,53.5,4,公式 53.5/千字
MATH,2027版高中《53知识清单》彩色版（数学）/【2027】53高中知识清单高中数学必修+选择性必修.pdf,42,公式密排,0.0494,60,3,0.0078,33.0,1,公式 33.0/千字
MATH,2027版高中《53知识清单》彩色版（数学）/【2027】53高中知识清单高中数学必修+选择性必修.pdf,43,公式密排,0.0275,48,0,0.0042,39.2,1,公式 39.2/千字
MATH,2027版高中《53知识清单》彩色版（数学）/【2027】53高中知识清单高中数学必修+选择性必修.pdf,44,表格式,0.0302,67,0,0.0068,21.8,0,含表行
MATH,2027版高中《53知识清单》彩色版（数学）/【2027】53高中知识清单高中数学必修+选择性必修.pdf,45,叙述,0.024,59,1,0.003,19.5,0,行 59
MATH,2027版高中《53知识清单》彩色版（数学）/【2027】53高中知识清单高中数学必修+选择性必修.pdf,46,公式密排,0.0438,51,0,0.0036,26.2,0,公式 26.2/千字
MATH,2027版高中《53知识清单》彩色版（数学）/【2027】53高中知识清单高中数学必修+选择性必修.pdf,47,公式密排,0.0345,60,1,0.0114,33.0,1,公式 33.0/千字
MATH,2027版高中《53知识清单》彩色版（数学）/【2027】53高中知识清单高中数学必修+选择性必修.pdf,48,公式密排,0.0335,46,0,0.0016,48.1,2,公式 48.1/千字
MATH,2027版高中《53知识清单》彩色版（数学）/【2027】53高中知识清单高中数学必修+选择性必修.pdf,49,叙述,0.0268,58,0,0.0047,17.8,0,行 58
MATH,2027版高中《53知识清单》彩色版（数学）/【2027】53高中知识清单高中数学必修+选择性必修.pdf,50,叙述,0.0275,64,0,0.0,20.1,0,行 64
MATH,2027版高中《53知识清单》彩色版（数学）/【2027】53高中知识清单高中数学必修+选择性必修.pdf,51,公式密排,0.0297,42,0,0.0062,27.7,0,公式 27.7/千字
MATH,2027版高中《53知识清单》彩色版（数学）/【2027】53高中知识清单高中数学必修+选择性必修.pdf,52,叙述,0.0359,62,0,0.0021,15.4,0,行 62
MATH,2027版高中《53知识清单》彩色版（数学）/【2027】53高中知识清单高中数学必修+选择性必修.pdf,53,公式密排,0.0357,51,0,0.0068,28.0,0,公式 28.0/千字
MATH,2027版高中《53知识清单》彩色版（数学）/【2027】53高中知识清单高中数学必修+选择性必修.pdf,54,叙述,0.0482,49,2,0.0052,13.0,1,行 49
MATH,2027版高中《53知识清单》彩色版（数学）/【2027】53高中知识清单高中数学必修+选择性必修.pdf,55,公式密排,0.0333,56,0,0.0052,38.3,5,公式 38.3/千字
MATH,2027版高中《53知识清单》彩色版（数学）/【2027】53高中知识清单高中数学必修+选择性必修.pdf,56,公式密排,0.0408,48,0,0.0,32.0,1,公式 32.0/千字
MATH,2027版高中《53知识清单》彩色版（数学）/【2027】53高中知识清单高中数学必修+选择性必修.pdf,57,公式密排,0.0273,65,0,0.0025,32.2,0,公式 32.2/千字
MATH,2027版高中《53知识清单》彩色版（数学）/【2027】53高中知识清单高中数学必修+选择性必修.pdf,58,公式密排,0.0498,42,0,0.0005,30.3,1,公式 30.3/千字
MATH,2027版高中《53知识清单》彩色版（数学）/【2027】53高中知识清单高中数学必修+选择性必修.pdf,59,公式密排,0.0369,46,0,0.0062,26.3,0,公式 26.3/千字
MATH,2027版高中《53知识清单》彩色版（数学）/【2027】53高中知识清单高中数学必修+选择性必修.pdf,60,公式密排,0.0328,53,0,0.0005,38.7,3,公式 38.7/千字
MATH,2027版高中《53知识清单》彩色版（数学）/【2027】53高中知识清单高中数学必修+选择性必修.pdf,61,公式密排,0.0356,57,0,0.0057,35.6,0,公式 35.6/千字
MATH,2027版高中《53知识清单》彩色版（数学）/【2027】53高中知识清单高中数学必修+选择性必修.pdf,62,公式密排,0.0453,41,0,0.0026,27.1,2,公式 27.1/千字
MATH,2027版高中《53知识清单》彩色版（数学）/【2027】53高中知识清单高中数学必修+选择性必修.pdf,63,公式密排,0.0242,30,0,0.0092,37.5,6,公式 37.5/千字
MATH,2027版高中《53知识清单》彩色版（数学）/【2027】53高中知识清单高中数学必修+选择性必修.pdf,64,公式密排,0.0529,50,0,0.0068,58.7,0,公式 58.7/千字
MATH,2027版高中《53知识清单》彩色版（数学）/【2027】53高中知识清单高中数学必修+选择性必修.pdf,65,公式密排,0.0426,49,0,0.0057,57.3,6,公式 57.3/千字
MATH,2027版高中《53知识清单》彩色版（数学）/【2027】53高中知识清单高中数学必修+选择性必修.pdf,66,公式密排,0.0396,75,0,0.001,34.0,2,公式 34.0/千字
MATH,2027版高中《53知识清单》彩色版（数学）/【2027】53高中知识清单高中数学必修+选择性必修.pdf,67,叙述,0.0382,52,0,0.0088,13.3,1,行 52
MATH,2027版高中《53知识清单》彩色版（数学）/【2027】53高中知识清单高中数学必修+选择性必修.pdf,68,公式密排,0.0429,57,0,0.0,51.4,0,公式 51.4/千字
MATH,2027版高中《53知识清单》彩色版（数学）/【2027】53高中知识清单高中数学必修+选择性必修.pdf,69,公式密排,0.0267,54,0,0.0016,33.8,0,公式 33.8/千字
MATH,2027版高中《53知识清单》彩色版（数学）/【2027】53高中知识清单高中数学必修+选择性必修.pdf,70,公式密排,0.0413,57,0,0.0,39.1,0,公式 39.1/千字
MATH,2027版高中《53知识清单》彩色版（数学）/【2027】53高中知识清单高中数学必修+选择性必修.pdf,71,公式密排,0.0285,47,0,0.0052,35.6,0,公式 35.6/千字
MATH,2027版高中《53知识清单》彩色版（数学）/【2027】53高中知识清单高中数学必修+选择性必修.pdf,72,公式密排,0.0407,44,0,0.0036,39.2,0,公式 39.2/千字
MATH,2027版高中《53知识清单》彩色版（数学）/【2027】53高中知识清单高中数学必修+选择性必修.pdf,73,公式密排,0.0228,58,1,0.0052,46.3,9,公式 46.3/千字
MATH,2027版高中《53知识清单》彩色版（数学）/【2027】53高中知识清单高中数学必修+选择性必修.pdf,74,公式密排,0.0428,54,2,0.0062,36.1,2,公式 36.1/千字
MATH,2027版高中《53知识清单》彩色版（数学）/【2027】53高中知识清单高中数学必修+选择性必修.pdf,75,公式密排,0.0412,54,1,0.0042,36.9,0,公式 36.9/千字
MATH,2027版高中《53知识清单》彩色版（数学）/【2027】53高中知识清单高中数学必修+选择性必修.pdf,76,公式密排,0.045,67,0,0.001,43.7,4,公式 43.7/千字
MATH,2027版高中《53知识清单》彩色版（数学）/【2027】53高中知识清单高中数学必修+选择性必修.pdf,77,公式密排,0.035,47,0,0.0068,33.0,1,公式 33.0/千字
MATH,2027版高中《53知识清单》彩色版（数学）/【2027】53高中知识清单高中数学必修+选择性必修.pdf,78,公式密排,0.0461,45,0,0.0005,30.7,0,公式 30.7/千字
MATH,2027版高中《53知识清单》彩色版（数学）/【2027】53高中知识清单高中数学必修+选择性必修.pdf,79,公式密排,0.0219,67,0,0.0025,32.2,0,公式 32.2/千字
MATH,2027版高中《53知识清单》彩色版（数学）/【2027】53高中知识清单高中数学必修+选择性必修.pdf,80,公式密排,0.0341,49,0,0.0,33.5,1,公式 33.5/千字
MATH,2027版高中《53知识清单》彩色版（数学）/【2027】53高中知识清单高中数学必修+选择性必修.pdf,81,公式密排,0.0238,44,0,0.0,33.7,1,公式 33.7/千字
MATH,2027版高中《53知识清单》彩色版（数学）/【2027】53高中知识清单高中数学必修+选择性必修.pdf,82,公式密排,0.0341,52,0,0.0021,35.6,2,公式 35.6/千字
MATH,2027版高中《53知识清单》彩色版（数学）/【2027】53高中知识清单高中数学必修+选择性必修.pdf,83,公式密排,0.0306,58,0,0.0057,40.5,0,公式 40.5/千字
MATH,2027版高中《53知识清单》彩色版（数学）/【2027】53高中知识清单高中数学必修+选择性必修.pdf,84,公式密排,0.0425,48,0,0.0021,43.2,1,公式 43.2/千字
MATH,2027版高中《53知识清单》彩色版（数学）/【2027】53高中知识清单高中数学必修+选择性必修.pdf,85,公式密排,0.0255,66,0,0.001,42.9,2,公式 42.9/千字
MATH,2027版高中《53知识清单》彩色版（数学）/【2027】53高中知识清单高中数学必修+选择性必修.pdf,86,公式密排,0.05,44,0,0.0026,42.0,0,公式 42.0/千字
MATH,2027版高中《53知识清单》彩色版（数学）/【2027】53高中知识清单高中数学必修+选择性必修.pdf,87,公式密排,0.0327,67,0,0.0087,42.1,2,公式 42.1/千字
MATH,2027版高中《53知识清单》彩色版（数学）/【2027】53高中知识清单高中数学必修+选择性必修.pdf,88,公式密排,0.042,81,0,0.0036,48.3,9,公式 48.3/千字
MATH,2027版高中《53知识清单》彩色版（数学）/【2027】53高中知识清单高中数学必修+选择性必修.pdf,89,公式密排,0.021,60,0,0.0042,44.0,6,公式 44.0/千字
MATH,2027版高中《53知识清单》彩色版（数学）/【2027】53高中知识清单高中数学必修+选择性必修.pdf,90,公式密排,0.0422,48,0,0.0005,35.7,1,公式 35.7/千字
MATH,2027版高中《53知识清单》彩色版（数学）/【2027】53高中知识清单高中数学必修+选择性必修.pdf,91,图密集,0.0322,45,1,0.0109,21.3,5,【图】5
MATH,2027版高中《53知识清单》彩色版（数学）/【2027】53高中知识清单高中数学必修+选择性必修.pdf,92,叙述,0.0548,40,0,0.0083,18.7,0,行 40
MATH,2027版高中《53知识清单》彩色版（数学）/【2027】53高中知识清单高中数学必修+选择性必修.pdf,93,图密集,0.0277,48,2,0.0025,24.8,3,【图】3
MATH,2027版高中《53知识清单》彩色版（数学）/【2027】53高中知识清单高中数学必修+选择性必修.pdf,94,叙述,0.0443,43,0,0.0026,14.3,0,行 43
MATH,2027版高中《53知识清单》彩色版（数学）/【2027】53高中知识清单高中数学必修+选择性必修.pdf,95,公式密排,0.0177,34,0,0.001,25.1,1,公式 25.1/千字
MATH,2027版高中《53知识清单》彩色版（数学）/【2027】53高中知识清单高中数学必修+选择性必修.pdf,96,公式密排,0.0394,40,2,0.0114,37.3,4,公式 37.3/千字
MATH,2027版高中《53知识清单》彩色版（数学）/【2027】53高中知识清单高中数学必修+选择性必修.pdf,97,公式密排,0.0356,53,4,0.0062,44.1,0,公式 44.1/千字
MATH,2027版高中《53知识清单》彩色版（数学）/【2027】53高中知识清单高中数学必修+选择性必修.pdf,98,表格式,0.0435,48,0,0.0102,21.3,0,含表行
MATH,2027版高中《53知识清单》彩色版（数学）/【2027】53高中知识清单高中数学必修+选择性必修.pdf,99,表格式,0.0185,64,0,0.002,15.0,0,含表行
MATH,2027版高中《53知识清单》彩色版（数学）/【2027】53高中知识清单高中数学必修+选择性必修.pdf,100,叙述,0.0362,58,0,0.0036,20.9,0,行 58
MATH,2027版高中《53知识清单》彩色版（数学）/【2027】53高中知识清单高中数学必修+选择性必修.pdf,101,公式密排,0.0252,55,0,0.0031,34.0,1,公式 34.0/千字
MATH,2027版高中《53知识清单》彩色版（数学）/【2027】53高中知识清单高中数学必修+选择性必修.pdf,102,公式密排,0.0439,57,0,0.0088,54.7,3,公式 54.7/千字
MATH,2027版高中《53知识清单》彩色版（数学）/【2027】53高中知识清单高中数学必修+选择性必修.pdf,103,公式密排,0.0351,50,0,0.0061,45.8,0,公式 45.8/千字
MATH,2027版高中《53知识清单》彩色版（数学）/【2027】53高中知识清单高中数学必修+选择性必修.pdf,104,公式密排,0.0348,52,0,0.0,55.7,4,公式 55.7/千字
MATH,2027版高中《53知识清单》彩色版（数学）/【2027】53高中知识清单高中数学必修+选择性必修.pdf,105,公式密排,0.0302,60,0,0.0042,33.3,2,公式 33.3/千字
MATH,2027版高中《53知识清单》彩色版（数学）/【2027】53高中知识清单高中数学必修+选择性必修.pdf,106,公式密排,0.0358,46,0,0.001,45.8,0,公式 45.8/千字
MATH,2027版高中《53知识清单》彩色版（数学）/【2027】53高中知识清单高中数学必修+选择性必修.pdf,107,公式密排,0.0227,48,0,0.0016,32.6,0,公式 32.6/千字
MATH,2027版高中《53知识清单》彩色版（数学）/【2027】53高中知识清单高中数学必修+选择性必修.pdf,108,公式密排,0.034,53,0,0.0047,31.4,1,公式 31.4/千字
MATH,2027版高中《53知识清单》彩色版（数学）/【2027】53高中知识清单高中数学必修+选择性必修.pdf,109,公式密排,0.0388,57,0,0.0109,52.7,2,公式 52.7/千字
MATH,2027版高中《53知识清单》彩色版（数学）/【2027】53高中知识清单高中数学必修+选择性必修.pdf,110,叙述,0.0383,46,0,0.0057,23.5,0,行 46
MATH,2027版高中《53知识清单》彩色版（数学）/【2027】53高中知识清单高中数学必修+选择性必修.pdf,111,公式密排,0.0279,57,0,0.0031,29.4,0,公式 29.4/千字
MATH,2027版高中《53知识清单》彩色版（数学）/【2027】53高中知识清单高中数学必修+选择性必修.pdf,112,公式密排,0.0282,68,0,0.0,31.1,0,公式 31.1/千字
MATH,2027版高中《53知识清单》彩色版（数学）/【2027】53高中知识清单高中数学必修+选择性必修.pdf,113,公式密排,0.0335,54,0,0.0078,27.5,1,公式 27.5/千字
MATH,2027版高中《53知识清单》彩色版（数学）/【2027】53高中知识清单高中数学必修+选择性必修.pdf,114,公式密排,0.0492,60,0,0.0094,47.9,2,公式 47.9/千字
MATH,2027版高中《53知识清单》彩色版（数学）/【2027】53高中知识清单高中数学必修+选择性必修.pdf,115,公式密排,0.0296,58,0,0.0051,35.8,0,公式 35.8/千字
MATH,2027版高中《53知识清单》彩色版（数学）/【2027】53高中知识清单高中数学必修+选择性必修.pdf,116,公式密排,0.0439,49,0,0.0,35.3,6,公式 35.3/千字
MATH,2027版高中《53知识清单》彩色版（数学）/【2027】53高中知识清单高中数学必修+选择性必修.pdf,117,公式密排,0.0303,54,0,0.0021,26.2,0,公式 26.2/千字
MATH,2027版高中《53知识清单》彩色版（数学）/【2027】53高中知识清单高中数学必修+选择性必修.pdf,118,公式密排,0.041,49,0,0.0,29.3,1,公式 29.3/千字
MATH,2027版高中《53知识清单》彩色版（数学）/【2027】53高中知识清单高中数学必修+选择性必修.pdf,119,叙述,0.023,61,1,0.0015,23.0,0,行 61
MATH,2027版高中《53知识清单》彩色版（数学）/【2027】53高中知识清单高中数学必修+选择性必修.pdf,120,公式密排,0.0553,42,0,0.0088,28.3,1,公式 28.3/千字
MATH,2027版高中《53知识清单》彩色版（数学）/【2027】53高中知识清单高中数学必修+选择性必修.pdf,121,公式密排,0.0397,50,6,0.0085,28.6,3,公式 28.6/千字
MATH,2027版高中《53知识清单》彩色版（数学）/【2027】53高中知识清单高中数学必修+选择性必修.pdf,122,公式密排,0.0439,49,0,0.0005,25.1,2,公式 25.1/千字
MATH,2027版高中《53知识清单》彩色版（数学）/【2027】53高中知识清单高中数学必修+选择性必修.pdf,123,叙述,0.0363,35,0,0.0073,18.6,2,行 35
MATH,2027版高中《53知识清单》彩色版（数学）/【2027】53高中知识清单高中数学必修+选择性必修.pdf,124,公式密排,0.0416,44,0,0.0047,30.0,1,公式 30.0/千字
MATH,2027版高中《53知识清单》彩色版（数学）/【2027】53高中知识清单高中数学必修+选择性必修.pdf,125,叙述,0.0386,47,0,0.0057,23.5,1,行 47
MATH,2027版高中《53知识清单》彩色版（数学）/【2027】53高中知识清单高中数学必修+选择性必修.pdf,126,公式密排,0.0323,53,0,0.0005,29.5,7,公式 29.5/千字
MATH,2027版高中《53知识清单》彩色版（数学）/【2027】53高中知识清单高中数学必修+选择性必修.pdf,127,公式密排,0.028,47,0,0.0025,33.6,2,公式 33.6/千字
MATH,2027版高中《53知识清单》彩色版（数学）/【2027】53高中知识清单高中数学必修+选择性必修.pdf,128,表格式,0.0414,49,0,0.0,20.7,5,含表行
MATH,2027版高中《53知识清单》彩色版（数学）/【2027】53高中知识清单高中数学必修+选择性必修.pdf,129,公式密排,0.0218,51,0,0.0036,33.8,4,公式 33.8/千字
MATH,2027版高中《53知识清单》彩色版（数学）/【2027】53高中知识清单高中数学必修+选择性必修.pdf,130,公式密排,0.0443,47,1,0.0057,30.3,4,公式 30.3/千字
MATH,2027版高中《53知识清单》彩色版（数学）/【2027】53高中知识清单高中数学必修+选择性必修.pdf,131,叙述,0.0256,62,0,0.0005,24.2,2,行 62
MATH,2027版高中《53知识清单》彩色版（数学）/【2027】53高中知识清单高中数学必修+选择性必修.pdf,132,公式密排,0.0468,55,0,0.0042,27.7,2,公式 27.7/千字
MATH,2027版高中《53知识清单》彩色版（数学）/【2027】53高中知识清单高中数学必修+选择性必修.pdf,133,叙述,0.0388,51,0,0.0062,23.7,0,行 51
MATH,2027版高中《53知识清单》彩色版（数学）/【2027】53高中知识清单高中数学必修+选择性必修.pdf,134,图密集,0.049,45,0,0.0005,23.8,3,【图】3
MATH,2027版高中《53知识清单》彩色版（数学）/【2027】53高中知识清单高中数学必修+选择性必修.pdf,135,公式密排,0.0271,47,0,0.0025,32.3,0,公式 32.3/千字
MATH,2027版高中《53知识清单》彩色版（数学）/【2027】53高中知识清单高中数学必修+选择性必修.pdf,136,公式密排,0.0394,38,0,0.0021,31.1,2,公式 31.1/千字
MATH,2027版高中《53知识清单》彩色版（数学）/【2027】53高中知识清单高中数学必修+选择性必修.pdf,137,公式密排,0.0312,54,1,0.0094,35.5,3,公式 35.5/千字
MATH,2027版高中《53知识清单》彩色版（数学）/【2027】53高中知识清单高中数学必修+选择性必修.pdf,138,公式密排,0.0421,62,0,0.0052,47.0,2,公式 47.0/千字
MATH,2027版高中《53知识清单》彩色版（数学）/【2027】53高中知识清单高中数学必修+选择性必修.pdf,139,公式密排,0.0261,48,0,0.0055,29.3,2,公式 29.3/千字
MATH,2027版高中《53知识清单》彩色版（数学）/【2027】53高中知识清单高中数学必修+选择性必修.pdf,140,公式密排,0.044,54,0,0.0041,36.8,1,公式 36.8/千字
MATH,2027版高中《53知识清单》彩色版（数学）/【2027】53高中知识清单高中数学必修+选择性必修.pdf,141,叙述,0.0302,68,2,0.0055,24.4,0,行 68
MATH,2027版高中《53知识清单》彩色版（数学）/【2027】53高中知识清单高中数学必修+选择性必修.pdf,142,叙述,0.0374,53,0,0.0005,23.1,0,行 53
MATH,2027版高中《53知识清单》彩色版（数学）/【2027】53高中知识清单高中数学必修+选择性必修.pdf,143,表格式,0.0246,56,0,0.0026,17.7,1,含表行
MATH,2027版高中《53知识清单》彩色版（数学）/【2027】53高中知识清单高中数学必修+选择性必修.pdf,144,叙述,0.0353,53,0,0.0036,16.1,1,行 53
MATH,2027版高中《53知识清单》彩色版（数学）/【2027】53高中知识清单高中数学必修+选择性必修.pdf,145,表格式,0.0276,49,1,0.0071,21.0,2,含表行
MATH,2027版高中《53知识清单》彩色版（数学）/【2027】53高中知识清单高中数学必修+选择性必修.pdf,146,叙述,0.0319,58,0,0.0,18.2,0,行 58
MATH,2027版高中《53知识清单》彩色版（数学）/【2027】53高中知识清单高中数学必修+选择性必修.pdf,147,叙述,0.0263,57,0,0.0066,15.1,0,行 57
MATH,2027版高中《53知识清单》彩色版（数学）/【2027】53高中知识清单高中数学必修+选择性必修.pdf,148,叙述,0.0359,61,0,0.0016,15.5,0,行 61
MATH,2027版高中《53知识清单》彩色版（数学）/【2027】53高中知识清单高中数学必修+选择性必修.pdf,149,公式密排,0.034,45,2,0.0042,36.6,3,公式 36.6/千字
MATH,2027版高中《53知识清单》彩色版（数学）/【2027】53高中知识清单高中数学必修+选择性必修.pdf,150,公式密排,0.0462,47,0,0.0036,35.4,1,公式 35.4/千字
MATH,2027版高中《53知识清单》彩色版（数学）/【2027】53高中知识清单高中数学必修+选择性必修.pdf,151,公式密排,0.0249,78,0,0.0036,33.8,2,公式 33.8/千字
MATH,2027版高中《53知识清单》彩色版（数学）/【2027】53高中知识清单高中数学必修+选择性必修.pdf,152,公式密排,0.0473,52,0,0.0042,28.9,1,公式 28.9/千字
MATH,2027版高中《53知识清单》彩色版（数学）/【2027】53高中知识清单高中数学必修+选择性必修.pdf,153,公式密排,0.03,49,0,0.0021,27.5,1,公式 27.5/千字
MATH,2027版高中《53知识清单》彩色版（数学）/【2027】53高中知识清单高中数学必修+选择性必修.pdf,154,公式密排,0.0433,53,0,0.0005,27.8,0,公式 27.8/千字
MATH,2027版高中《53知识清单》彩色版（数学）/【2027】53高中知识清单高中数学必修+选择性必修.pdf,155,公式密排,0.0246,52,0,0.0031,25.5,1,公式 25.5/千字
MATH,2027版高中《53知识清单》彩色版（数学）/【2027】53高中知识清单高中数学必修+选择性必修.pdf,156,公式密排,0.0397,48,0,0.0,28.1,1,公式 28.1/千字
MATH,2027版高中《53知识清单》彩色版（数学）/【2027】53高中知识清单高中数学必修+选择性必修.pdf,157,公式密排,0.0366,60,0,0.0057,28.2,0,公式 28.2/千字
MATH,2027版高中《53知识清单》彩色版（数学）/【2027】53高中知识清单高中数学必修+选择性必修.pdf,158,表格式,0.0361,57,0,0.0005,24.2,1,含表行
MATH,2027版高中《53知识清单》彩色版（数学）/【2027】53高中知识清单高中数学必修+选择性必修.pdf,159,公式密排,0.0277,59,0,0.002,31.3,1,公式 31.3/千字
MATH,2027版高中《53知识清单》彩色版（数学）/【2027】53高中知识清单高中数学必修+选择性必修.pdf,160,图密集,0.0334,55,0,0.0005,21.9,3,【图】3
MATH,2027版高中《53知识清单》彩色版（数学）/【2027】53高中知识清单高中数学必修+选择性必修.pdf,161,公式密排,0.0249,60,0,0.001,26.1,0,公式 26.1/千字
MATH,2027版高中《53知识清单》彩色版（数学）/【2027】53高中知识清单高中数学必修+选择性必修.pdf,162,公式密排,0.0384,52,0,0.0026,30.0,1,公式 30.0/千字
MATH,2027版高中《53知识清单》彩色版（数学）/【2027】53高中知识清单高中数学必修+选择性必修.pdf,163,图密集,0.0274,66,0,0.0025,20.8,4,【图】4
MATH,2027版高中《53知识清单》彩色版（数学）/【2027】53高中知识清单高中数学必修+选择性必修.pdf,164,叙述,0.0424,54,0,0.0047,20.2,2,行 54
MATH,2027版高中《53知识清单》彩色版（数学）/【2027】53高中知识清单高中数学必修+选择性必修.pdf,165,叙述,0.0261,61,0,0.0036,22.2,1,行 61
MATH,2027版高中《53知识清单》彩色版（数学）/【2027】53高中知识清单高中数学必修+选择性必修.pdf,166,叙述,0.0381,62,0,0.0026,21.4,0,行 62
MATH,2027版高中《53知识清单》彩色版（数学）/【2027】53高中知识清单高中数学必修+选择性必修.pdf,167,叙述,0.0334,50,0,0.0073,13.5,0,行 50
MATH,2027版高中《53知识清单》彩色版（数学）/【2027】53高中知识清单高中数学必修+选择性必修.pdf,168,叙述,0.0389,59,0,0.0016,15.6,0,行 59
MATH,2027版高中《53知识清单》彩色版（数学）/【2027】53高中知识清单高中数学必修+选择性必修.pdf,169,表格式,0.0283,66,0,0.0042,10.9,0,含表行
MATH,2027版高中《53知识清单》彩色版（数学）/【2027】53高中知识清单高中数学必修+选择性必修.pdf,170,叙述,0.0382,64,0,0.0016,11.8,0,行 64
MATH,2027版高中《53知识清单》彩色版（数学）/【2027】53高中知识清单高中数学必修+选择性必修.pdf,171,叙述,0.026,48,0,0.0052,13.8,0,行 48
MATH,2027版高中《53知识清单》彩色版（数学）/【2027】53高中知识清单高中数学必修+选择性必修.pdf,172,公式密排,0.0468,45,2,0.0125,38.1,3,公式 38.1/千字
MATH,2027版高中《53知识清单》彩色版（数学）/【2027】53高中知识清单高中数学必修+选择性必修.pdf,173,公式密排,0.0356,50,0,0.0083,29.5,1,公式 29.5/千字
MATH,2027版高中《53知识清单》彩色版（数学）/【2027】53高中知识清单高中数学必修+选择性必修.pdf,174,公式密排,0.039,69,0,0.0073,36.9,1,公式 36.9/千字
MATH,2027版高中《53知识清单》彩色版（数学）/【2027】53高中知识清单高中数学必修+选择性必修.pdf,175,公式密排,0.0337,49,0,0.0042,30.0,1,公式 30.0/千字
MATH,2027版高中《53知识清单》彩色版（数学）/【2027】53高中知识清单高中数学必修+选择性必修.pdf,176,公式密排,0.041,56,0,0.0026,32.0,2,公式 32.0/千字
MATH,2027版高中《53知识清单》彩色版（数学）/【2027】53高中知识清单高中数学必修+选择性必修.pdf,177,公式密排,0.0358,56,0,0.0073,25.3,1,公式 25.3/千字
MATH,2027版高中《53知识清单》彩色版（数学）/【2027】53高中知识清单高中数学必修+选择性必修.pdf,178,公式密排,0.0423,49,2,0.0073,27.5,1,公式 27.5/千字
MATH,2027版高中《53知识清单》彩色版（数学）/【2027】53高中知识清单高中数学必修+选择性必修.pdf,179,叙述,0.0326,59,0,0.0071,10.0,2,行 59
MATH,2027版高中《53知识清单》彩色版（数学）/【2027】53高中知识清单高中数学必修+选择性必修.pdf,180,公式密排,0.0354,47,0,0.0026,30.0,1,公式 30.0/千字
MATH,2027版高中《53知识清单》彩色版（数学）/【2027】53高中知识清单高中数学必修+选择性必修.pdf,181,公式密排,0.0264,49,0,0.0099,32.5,4,公式 32.5/千字
MATH,2027版高中《53知识清单》彩色版（数学）/【2027】53高中知识清单高中数学必修+选择性必修.pdf,182,公式密排,0.0557,40,0,0.0172,26.6,4,公式 26.6/千字
MATH,2027版高中《53知识清单》彩色版（数学）/【2027】53高中知识清单高中数学必修+选择性必修.pdf,183,表格式,0.0313,38,0,0.0057,0.0,2,含表行
MATH,2027版高中《53知识清单》彩色版（数学）/【2027】53高中知识清单高中数学必修+选择性必修.pdf,184,表格式,0.0385,44,1,0.0036,0.0,1,含表行
MATH,2027版高中《53知识清单》彩色版（数学）/【2027】53高中知识清单高中数学必修+选择性必修.pdf,185,表格式,0.0403,43,0,0.0068,0.0,3,含表行
MATH,2027版高中《53知识清单》彩色版（数学）/【2027】53高中知识清单高中数学必修+选择性必修.pdf,186,表格式,0.0403,42,0,0.0088,0.0,1,含表行
MATH,2027版高中《53知识清单》彩色版（数学）/【2027】53高中知识清单高中数学必修+选择性必修.pdf,187,表格式,0.0344,40,0,0.0036,0.0,4,含表行
MATH,2027版高中《53知识清单》彩色版（数学）/【2027】53高中知识清单高中数学必修+选择性必修.pdf,188,表格式,0.0346,47,0,0.0047,0.0,2,含表行
MATH,2027版高中《53知识清单》彩色版（数学）/【2027】53高中知识清单高中数学必修+选择性必修.pdf,189,表格式,0.0383,42,0,0.0047,0.0,1,含表行
MATH,2027版高中《53知识清单》彩色版（数学）/【2027】53高中知识清单高中数学必修+选择性必修.pdf,190,表格式,0.0372,51,0,0.0026,0.0,1,含表行
MATH,2027版高中《53知识清单》彩色版（数学）/【2027】53高中知识清单高中数学必修+选择性必修.pdf,191,表格式,0.0262,58,0,0.0,0.0,3,含表行
MATH,2027版高中《53知识清单》彩色版（数学）/【2027】53高中知识清单高中数学必修+选择性必修.pdf,192,表格式,0.0471,57,0,0.0026,0.0,0,含表行
MATH,2027版高中《53知识清单》彩色版（数学）/【2027】53高中知识清单高中数学必修+选择性必修.pdf,193,表格式,0.0262,72,2,0.0005,0.0,3,含表行
MATH,2027版高中《53知识清单》彩色版（数学）/【2027】53高中知识清单高中数学必修+选择性必修.pdf,194,表格式,0.0342,59,0,0.0031,0.0,3,含表行
MATH,2027版高中《53知识清单》彩色版（数学）/【2027】53高中知识清单高中数学必修+选择性必修.pdf,195,叙述,0.0217,50,0,0.0031,0.0,2,行 50
MATH,2027版高中《53知识清单》彩色版（数学）/【2027】53高中知识清单高中数学必修+选择性必修.pdf,196,图密集,0.0395,50,0,0.0109,0.0,4,【图】4
MATH,2027版高中《53知识清单》彩色版（数学）/【2027】53高中知识清单高中数学必修+选择性必修.pdf,197,表格式,0.0298,54,0,0.0083,20.5,1,含表行
MATH,2027版高中《53知识清单》彩色版（数学）/【2027】53高中知识清单高中数学必修+选择性必修.pdf,198,叙述,0.0318,47,0,0.0005,19.4,2,行 47
MATH,2027版高中《53知识清单》彩色版（数学）/【2027】53高中知识清单高中数学必修+选择性必修.pdf,199,公式密排,0.0305,57,0,0.0,27.7,2,公式 27.7/千字
MATH,2027版高中《53知识清单》彩色版（数学）/【2027】53高中知识清单高中数学必修+选择性必修.pdf,200,表格式,0.04,52,0,0.0016,21.2,2,含表行
MATH,2027版高中《53知识清单》彩色版（数学）/【2027】53高中知识清单高中数学必修+选择性必修.pdf,201,公式密排,0.0157,62,0,0.001,30.8,2,公式 30.8/千字
MATH,2027版高中《53知识清单》彩色版（数学）/【2027】53高中知识清单高中数学必修+选择性必修.pdf,202,表格式,0.0336,73,0,0.0,24.9,0,含表行
MATH,2027版高中《53知识清单》彩色版（数学）/【2027】53高中知识清单高中数学必修+选择性必修.pdf,203,公式密排,0.0264,48,0,0.001,27.6,3,公式 27.6/千字
MATH,2027版高中《53知识清单》彩色版（数学）/【2027】53高中知识清单高中数学必修+选择性必修.pdf,204,表格式,0.0415,52,0,0.0109,10.7,2,含表行
MATH,2027版高中《53知识清单》彩色版（数学）/【2027】53高中知识清单高中数学必修+选择性必修.pdf,205,公式密排,0.0251,65,0,0.0036,31.2,3,公式 31.2/千字
MATH,2027版高中《53知识清单》彩色版（数学）/【2027】53高中知识清单高中数学必修+选择性必修.pdf,206,公式密排,0.0327,64,0,0.0,27.3,5,公式 27.3/千字
MATH,2027版高中《53知识清单》彩色版（数学）/【2027】53高中知识清单高中数学必修+选择性必修.pdf,207,公式密排,0.0233,63,1,0.0,27.0,7,公式 27.0/千字
MATH,2027版高中《53知识清单》彩色版（数学）/【2027】53高中知识清单高中数学必修+选择性必修.pdf,208,公式密排,0.0418,57,0,0.0078,39.9,4,公式 39.9/千字
MATH,2027版高中《53知识清单》彩色版（数学）/【2027】53高中知识清单高中数学必修+选择性必修.pdf,209,表格式,0.0206,54,0,0.0,22.8,3,含表行
MATH,2027版高中《53知识清单》彩色版（数学）/【2027】53高中知识清单高中数学必修+选择性必修.pdf,210,表格式,0.0438,50,0,0.0,20.1,3,含表行
MATH,2027版高中《53知识清单》彩色版（数学）/【2027】53高中知识清单高中数学必修+选择性必修.pdf,211,表格式,0.0217,57,0,0.0005,0.0,5,含表行
MATH,2027版高中《53知识清单》彩色版（数学）/【2027】53高中知识清单高中数学必修+选择性必修.pdf,212,叙述,0.0368,56,0,0.0026,0.0,2,行 56
MATH,2027版高中《53知识清单》彩色版（数学）/【2027】53高中知识清单高中数学必修+选择性必修.pdf,213,表格式,0.0194,49,3,0.0,0.0,1,含表行
MATH,2027版高中《53知识清单》彩色版（数学）/【2027】53高中知识清单高中数学必修+选择性必修.pdf,214,叙述,0.0356,59,0,0.0,0.0,0,行 59
MATH,2027版高中《53知识清单》彩色版（数学）/【2027】53高中知识清单高中数学必修+选择性必修.pdf,215,表格式,0.0276,52,0,0.0016,0.0,0,含表行
MATH,2027版高中《53知识清单》彩色版（数学）/【2027】53高中知识清单高中数学必修+选择性必修.pdf,216,叙述,0.032,64,0,0.0021,0.0,1,行 64
MATH,2027版高中《53知识清单》彩色版（数学）/【2027】53高中知识清单高中数学必修+选择性必修.pdf,217,叙述,0.0233,37,0,0.001,0.0,2,行 37
MATH,2027版高中《53知识清单》彩色版（数学）/【2027】53高中知识清单高中数学必修+选择性必修.pdf,218,叙述,0.0386,51,0,0.0,0.0,2,行 51
MATH,2027版高中《53知识清单》彩色版（数学）/【2027】53高中知识清单高中数学必修+选择性必修.pdf,219,叙述,0.0185,53,0,0.0,0.0,1,行 53
MATH,2027版高中《53知识清单》彩色版（数学）/【2027】53高中知识清单高中数学必修+选择性必修.pdf,220,叙述,0.0329,43,0,0.001,0.0,0,行 43
MATH,2027版高中《53知识清单》彩色版（数学）/【2027】53高中知识清单高中数学必修+选择性必修.pdf,221,表格式,0.025,51,0,0.0,0.0,5,含表行
MATH,2027版高中《53知识清单》彩色版（数学）/【2027】53高中知识清单高中数学必修+选择性必修.pdf,222,表格式,0.041,49,0,0.0,0.0,3,含表行
MATH,2027版高中《53知识清单》彩色版（数学）/【2027】53高中知识清单高中数学必修+选择性必修.pdf,223,叙述,0.021,59,0,0.0,0.0,2,行 59
MATH,2027版高中《53知识清单》彩色版（数学）/【2027】53高中知识清单高中数学必修+选择性必修.pdf,224,图密集,0.024,37,2,0.0104,0.0,4,【图】4
MATH,2027版高中《53知识清单》彩色版（数学）/【2027】53高中知识清单高中数学必修+选择性必修.pdf,225,叙述,0.0313,45,1,0.0052,1.6,2,行 45
MATH,2027版高中《53知识清单》彩色版（数学）/【2027】53高中知识清单高中数学必修+选择性必修.pdf,226,表格式,0.0433,55,0,0.0031,10.5,3,含表行
MATH,2027版高中《53知识清单》彩色版（数学）/【2027】53高中知识清单高中数学必修+选择性必修.pdf,227,叙述,0.0223,56,0,0.0015,1.6,0,行 56
MATH,2027版高中《53知识清单》彩色版（数学）/【2027】53高中知识清单高中数学必修+选择性必修.pdf,228,表格式,0.0419,47,0,0.0005,8.0,1,含表行
MATH,2027版高中《53知识清单》彩色版（数学）/【2027】53高中知识清单高中数学必修+选择性必修.pdf,229,图密集,0.0284,46,1,0.0052,8.8,3,【图】3
MATH,2027版高中《53知识清单》彩色版（数学）/【2027】53高中知识清单高中数学必修+选择性必修.pdf,230,表格式,0.0412,54,0,0.0037,7.3,1,含表行
MATH,2027版高中《53知识清单》彩色版（数学）/【2027】53高中知识清单高中数学必修+选择性必修.pdf,231,表格式,0.0257,61,0,0.0042,0.0,0,含表行
MATH,2027版高中《53知识清单》彩色版（数学）/【2027】53高中知识清单高中数学必修+选择性必修.pdf,232,表格式,0.0358,59,0,0.0021,19.9,0,含表行
MATH,2027版高中《53知识清单》彩色版（数学）/【2027】53高中知识清单高中数学必修+选择性必修.pdf,233,表格式,0.0235,55,0,0.0005,4.5,0,含表行
MATH,2027版高中《53知识清单》彩色版（数学）/【2027】53高中知识清单高中数学必修+选择性必修.pdf,234,表格式,0.0384,51,2,0.0042,7.7,1,含表行
MATH,2027版高中《53知识清单》彩色版（数学）/【2027】53高中知识清单高中数学必修+选择性必修.pdf,235,叙述,0.0385,40,0,0.0036,4.5,2,行 40
MATH,2027版高中《53知识清单》彩色版（数学）/【2027】53高中知识清单高中数学必修+选择性必修.pdf,236,叙述,0.0423,52,0,0.0047,5.9,1,行 52
MATH,2027版高中《53知识清单》彩色版（数学）/【2027】53高中知识清单高中数学必修+选择性必修.pdf,237,叙述,0.0255,70,0,0.0016,0.0,0,行 70
MATH,2027版高中《53知识清单》彩色版（数学）/【2027】53高中知识清单高中数学必修+选择性必修.pdf,238,表格式,0.0352,51,0,0.0,0.0,1,含表行
MATH,2027版高中《53知识清单》彩色版（数学）/【2027】53高中知识清单高中数学必修+选择性必修.pdf,239,公式密排,0.0209,52,0,0.0,41.2,2,公式 41.2/千字
MATH,2027版高中《53知识清单》彩色版（数学）/【2027】53高中知识清单高中数学必修+选择性必修.pdf,240,公式密排,0.0338,49,0,0.0069,27.3,2,公式 27.3/千字
MATH,2027版高中《53知识清单》彩色版（数学）/【2027】53高中知识清单高中数学必修+选择性必修.pdf,241,图密集,0.032,52,2,0.0047,8.9,4,【图】4
MATH,2027版高中《53知识清单》彩色版（数学）/【2027】53高中知识清单高中数学必修+选择性必修.pdf,242,图密集,0.0442,57,0,0.0015,5.2,4,【图】4
MATH,2027版高中《53知识清单》彩色版（数学）/【2027】53高中知识清单高中数学必修+选择性必修.pdf,243,图密集,0.026,44,0,0.001,10.4,4,【图】4
MATH,2027版高中《53知识清单》彩色版（数学）/【2027】53高中知识清单高中数学必修+选择性必修.pdf,244,表格式,0.0318,61,0,0.0031,7.4,6,含表行
MATH,2027版高中《53知识清单》彩色版（数学）/【2027】53高中知识清单高中数学必修+选择性必修.pdf,245,表格式,0.0277,71,0,0.0005,9.7,4,含表行
MATH,2027版高中《53知识清单》彩色版（数学）/【2027】53高中知识清单高中数学必修+选择性必修.pdf,246,图密集,0.0526,52,0,0.0057,23.8,3,【图】3
MATH,2027版高中《53知识清单》彩色版（数学）/【2027】53高中知识清单高中数学必修+选择性必修.pdf,247,公式密排,0.0265,58,0,0.0005,28.1,2,公式 28.1/千字
MATH,2027版高中《53知识清单》彩色版（数学）/【2027】53高中知识清单高中数学必修+选择性必修.pdf,248,公式密排,0.0445,55,0,0.0,27.0,4,公式 27.0/千字
MATH,2027版高中《53知识清单》彩色版（数学）/【2027】53高中知识清单高中数学必修+选择性必修.pdf,249,表格式,0.0316,70,0,0.0,16.8,4,含表行
MATH,2027版高中《53知识清单》彩色版（数学）/【2027】53高中知识清单高中数学必修+选择性必修.pdf,250,叙述,0.0482,40,0,0.0056,15.8,1,行 40
MATH,2027版高中《53知识清单》彩色版（数学）/【2027】53高中知识清单高中数学必修+选择性必修.pdf,251,叙述,0.0317,48,0,0.0005,17.0,2,行 48
MATH,2027版高中《53知识清单》彩色版（数学）/【2027】53高中知识清单高中数学必修+选择性必修.pdf,252,公式密排,0.0417,39,0,0.0057,34.9,4,公式 34.9/千字
MATH,2027版高中《53知识清单》彩色版（数学）/【2027】53高中知识清单高中数学必修+选择性必修.pdf,253,图密集,0.0297,75,1,0.0099,0.0,11,【图】11
MATH,2027版高中《53知识清单》彩色版（数学）/【2027】53高中知识清单高中数学必修+选择性必修.pdf,254,表格式,0.0334,81,2,0.0005,0.0,7,含表行
MATH,2027版高中《53知识清单》彩色版（数学）/【2027】53高中知识清单高中数学必修+选择性必修.pdf,255,叙述,0.0357,49,0,0.0021,24.6,0,行 49
MATH,2027版高中《53知识清单》彩色版（数学）/【2027】53高中知识清单高中数学必修+选择性必修.pdf,256,公式密排,0.0392,47,0,0.0016,28.2,3,公式 28.2/千字
MATH,2027版高中《53知识清单》彩色版（数学）/【2027】53高中知识清单高中数学必修+选择性必修.pdf,257,图密集,0.0309,59,0,0.0021,21.5,8,【图】8
MATH,2027版高中《53知识清单》彩色版（数学）/【2027】53高中知识清单高中数学必修+选择性必修.pdf,258,图密集,0.0443,42,0,0.0016,22.8,6,【图】6
MATH,2027版高中《53知识清单》彩色版（数学）/【2027】53高中知识清单高中数学必修+选择性必修.pdf,259,公式密排,0.0262,53,0,0.0,29.9,1,公式 29.9/千字
MATH,2027版高中《53知识清单》彩色版（数学）/【2027】53高中知识清单高中数学必修+选择性必修.pdf,260,公式密排,0.0388,48,0,0.0032,25.9,3,公式 25.9/千字
MATH,2027版高中《53知识清单》彩色版（数学）/【2027】53高中知识清单高中数学必修+选择性必修.pdf,261,公式密排,0.0264,53,0,0.0,35.3,3,公式 35.3/千字
MATH,2027版高中《53知识清单》彩色版（数学）/【2027】53高中知识清单高中数学必修+选择性必修.pdf,262,公式密排,0.0399,43,0,0.0,32.4,1,公式 32.4/千字
MATH,2027版高中《53知识清单》彩色版（数学）/【2027】53高中知识清单高中数学必修+选择性必修.pdf,263,图密集,0.0404,44,0,0.014,20.7,4,【图】4
MATH,2027版高中《53知识清单》彩色版（数学）/【2027】53高中知识清单高中数学必修+选择性必修.pdf,264,叙述,0.0501,50,0,0.012,21.2,1,行 50
MATH,2027版高中《53知识清单》彩色版（数学）/【2027】53高中知识清单高中数学必修+选择性必修.pdf,265,图密集,0.0319,64,0,0.0026,0.0,7,【图】7
MATH,2027版高中《53知识清单》彩色版（数学）/【2027】53高中知识清单高中数学必修+选择性必修.pdf,266,表格式,0.0377,62,0,0.0016,0.0,9,含表行
MATH,2027版高中《53知识清单》彩色版（数学）/【2027】53高中知识清单高中数学必修+选择性必修.pdf,267,公式密排,0.0229,70,0,0.0052,36.0,10,公式 36.0/千字
MATH,2027版高中《53知识清单》彩色版（数学）/【2027】53高中知识清单高中数学必修+选择性必修.pdf,268,公式密排,0.0397,49,0,0.0026,55.1,5,公式 55.1/千字
MATH,2027版高中《53知识清单》彩色版（数学）/【2027】53高中知识清单高中数学必修+选择性必修.pdf,269,公式密排,0.0337,49,0,0.001,50.6,3,公式 50.6/千字
MATH,2027版高中《53知识清单》彩色版（数学）/【2027】53高中知识清单高中数学必修+选择性必修.pdf,270,公式密排,0.046,44,0,0.0021,52.4,2,公式 52.4/千字
MATH,2027版高中《53知识清单》彩色版（数学）/【2027】53高中知识清单高中数学必修+选择性必修.pdf,271,公式密排,0.0288,54,0,0.0064,36.1,3,公式 36.1/千字
MATH,2027版高中《53知识清单》彩色版（数学）/【2027】53高中知识清单高中数学必修+选择性必修.pdf,272,公式密排,0.0479,62,1,0.0094,35.9,5,公式 35.9/千字
MATH,2027版高中《53知识清单》彩色版（数学）/【2027】53高中知识清单高中数学必修+选择性必修.pdf,273,公式密排,0.0301,49,0,0.001,44.6,2,公式 44.6/千字
MATH,2027版高中《53知识清单》彩色版（数学）/【2027】53高中知识清单高中数学必修+选择性必修.pdf,274,公式密排,0.04,45,0,0.0026,57.0,3,公式 57.0/千字
MATH,2027版高中《53知识清单》彩色版（数学）/【2027】53高中知识清单高中数学必修+选择性必修.pdf,275,公式密排,0.0292,51,0,0.0042,52.7,3,公式 52.7/千字
MATH,2027版高中《53知识清单》彩色版（数学）/【2027】53高中知识清单高中数学必修+选择性必修.pdf,276,公式密排,0.0322,50,0,0.0005,50.6,3,公式 50.6/千字
MATH,2027版高中《53知识清单》彩色版（数学）/【2027】53高中知识清单高中数学必修+选择性必修.pdf,277,公式密排,0.0438,45,0,0.0078,29.2,4,公式 29.2/千字
MATH,2027版高中《53知识清单》彩色版（数学）/【2027】53高中知识清单高中数学必修+选择性必修.pdf,278,公式密排,0.0416,58,2,0.0,26.1,4,公式 26.1/千字
MATH,2027版高中《53知识清单》彩色版（数学）/【2027】53高中知识清单高中数学必修+选择性必修.pdf,279,公式密排,0.0459,43,0,0.0036,29.0,3,公式 29.0/千字
MATH,2027版高中《53知识清单》彩色版（数学）/【2027】53高中知识清单高中数学必修+选择性必修.pdf,280,公式密排,0.0499,48,0,0.0078,33.7,5,公式 33.7/千字
MATH,2027版高中《53知识清单》彩色版（数学）/【2027】53高中知识清单高中数学必修+选择性必修.pdf,281,公式密排,0.029,56,0,0.0016,47.4,3,公式 47.4/千字
MATH,2027版高中《53知识清单》彩色版（数学）/【2027】53高中知识清单高中数学必修+选择性必修.pdf,282,公式密排,0.0471,50,0,0.0005,45.9,5,公式 45.9/千字
MATH,2027版高中《53知识清单》彩色版（数学）/【2027】53高中知识清单高中数学必修+选择性必修.pdf,283,公式密排,0.0294,57,0,0.0016,33.9,2,公式 33.9/千字
MATH,2027版高中《53知识清单》彩色版（数学）/【2027】53高中知识清单高中数学必修+选择性必修.pdf,284,公式密排,0.0348,42,0,0.0,60.1,4,公式 60.1/千字
MATH,2027版高中《53知识清单》彩色版（数学）/【2027】53高中知识清单高中数学必修+选择性必修.pdf,285,公式密排,0.0374,52,0,0.0021,51.7,4,公式 51.7/千字
MATH,2027版高中《53知识清单》彩色版（数学）/【2027】53高中知识清单高中数学必修+选择性必修.pdf,286,公式密排,0.0427,60,0,0.0016,48.6,4,公式 48.6/千字
MATH,2027版高中《53知识清单》彩色版（数学）/【2027】53高中知识清单高中数学必修+选择性必修.pdf,287,公式密排,0.026,60,0,0.0005,39.8,3,公式 39.8/千字
MATH,2027版高中《53知识清单》彩色版（数学）/【2027】53高中知识清单高中数学必修+选择性必修.pdf,288,公式密排,0.0368,49,0,0.0,46.0,2,公式 46.0/千字
MATH,2027版高中《53知识清单》彩色版（数学）/【2027】53高中知识清单高中数学必修+选择性必修.pdf,289,公式密排,0.0305,49,0,0.0026,50.8,3,公式 50.8/千字
MATH,2027版高中《53知识清单》彩色版（数学）/【2027】53高中知识清单高中数学必修+选择性必修.pdf,290,公式密排,0.0407,47,0,0.0031,45.8,2,公式 45.8/千字
MATH,2027版高中《53知识清单》彩色版（数学）/【2027】53高中知识清单高中数学必修+选择性必修.pdf,291,公式密排,0.0285,44,0,0.0016,45.6,1,公式 45.6/千字
MATH,2027版高中《53知识清单》彩色版（数学）/【2027】53高中知识清单高中数学必修+选择性必修.pdf,292,公式密排,0.0277,48,0,0.0,39.4,1,公式 39.4/千字
MATH,2027版高中《53知识清单》彩色版（数学）/【2027】53高中知识清单高中数学必修+选择性必修.pdf,293,叙述,0.0253,46,0,0.0042,21.4,2,行 46
MATH,2027版高中《53知识清单》彩色版（数学）/【2027】53高中知识清单高中数学必修+选择性必修.pdf,294,叙述,0.0563,46,0,0.0062,7.0,1,行 46
MATH,2027版高中《53知识清单》彩色版（数学）/【2027】53高中知识清单高中数学必修+选择性必修.pdf,295,表格式,0.0323,57,0,0.0,0.0,1,含表行
MATH,2027版高中《53知识清单》彩色版（数学）/【2027】53高中知识清单高中数学必修+选择性必修.pdf,296,表格式,0.0535,50,0,0.0021,14.8,1,含表行
MATH,2027版高中《53知识清单》彩色版（数学）/【2027】53高中知识清单高中数学必修+选择性必修.pdf,297,叙述,0.0366,48,0,0.0088,22.9,0,行 48
MATH,2027版高中《53知识清单》彩色版（数学）/【2027】53高中知识清单高中数学必修+选择性必修.pdf,298,表格式,0.039,61,0,0.0005,19.0,0,含表行
MATH,2027版高中《53知识清单》彩色版（数学）/【2027】53高中知识清单高中数学必修+选择性必修.pdf,299,叙述,0.0375,58,1,0.0057,9.5,1,行 58
MATH,2027版高中《53知识清单》彩色版（数学）/【2027】53高中知识清单高中数学必修+选择性必修.pdf,300,表格式,0.0468,58,0,0.0021,9.0,2,含表行
MATH,2027版高中《53知识清单》彩色版（数学）/【2027】53高中知识清单高中数学必修+选择性必修.pdf,301,表格式,0.0383,56,0,0.0021,12.6,1,含表行
MATH,2027版高中《53知识清单》彩色版（数学）/【2027】53高中知识清单高中数学必修+选择性必修.pdf,302,叙述,0.0482,47,0,0.0021,19.9,1,行 47
MATH,2027版高中《53知识清单》彩色版（数学）/【2027】53高中知识清单高中数学必修+选择性必修.pdf,303,公式密排,0.0305,47,0,0.0021,35.1,0,公式 35.1/千字
MATH,2027版高中《53知识清单》彩色版（数学）/【2027】53高中知识清单高中数学必修+选择性必修.pdf,304,表格式,0.047,48,0,0.0016,20.5,0,含表行
MATH,2027版高中《53知识清单》彩色版（数学）/【2027】53高中知识清单高中数学必修+选择性必修.pdf,305,叙述,0.032,53,0,0.0021,5.0,1,行 53
MATH,2027版高中《53知识清单》彩色版（数学）/【2027】53高中知识清单高中数学必修+选择性必修.pdf,306,表格式,0.0495,52,0,0.0016,22.3,1,含表行
MATH,2027版高中《53知识清单》彩色版（数学）/【2027】53高中知识清单高中数学必修+选择性必修.pdf,307,公式密排,0.0206,40,0,0.0042,38.8,7,公式 38.8/千字
MATH,2027版高中《53知识清单》彩色版（数学）/【2027】53高中知识清单高中数学必修+选择性必修.pdf,308,表格式,0.0479,52,0,0.0109,19.3,1,含表行
MATH,2027版高中《53知识清单》彩色版（数学）/【2027】53高中知识清单高中数学必修+选择性必修.pdf,309,表格式,0.0286,71,0,0.0047,0.0,7,含表行
MATH,2027版高中《53知识清单》彩色版（数学）/【2027】53高中知识清单高中数学必修+选择性必修.pdf,310,表格式,0.0494,54,0,0.0021,0.0,0,含表行
MATH,2027版高中《53知识清单》彩色版（数学）/【2027】53高中知识清单高中数学必修+选择性必修.pdf,311,叙述,0.0381,42,0,0.0031,0.0,1,行 42
MATH,2027版高中《53知识清单》彩色版（数学）/【2027】53高中知识清单高中数学必修+选择性必修.pdf,312,表格式,0.0401,46,0,0.0021,0.0,3,含表行
MATH,2027版高中《53知识清单》彩色版（数学）/【2027】53高中知识清单高中数学必修+选择性必修.pdf,313,叙述,0.0314,41,0,0.0031,0.0,2,行 41
MATH,2027版高中《53知识清单》彩色版（数学）/【2027】53高中知识清单高中数学必修+选择性必修.pdf,314,叙述,0.0395,48,0,0.0,0.0,0,行 48
MATH,2027版高中《53知识清单》彩色版（数学）/【2027】53高中知识清单高中数学必修+选择性必修.pdf,315,叙述,0.0335,47,1,0.0061,0.0,1,行 47
MATH,2027版高中《53知识清单》彩色版（数学）/【2027】53高中知识清单高中数学必修+选择性必修.pdf,316,表格式,0.0467,53,0,0.0005,0.0,0,含表行
MATH,2027版高中《53知识清单》彩色版（数学）/【2027】53高中知识清单高中数学必修+选择性必修.pdf,317,表格式,0.0569,46,41,0.039,0.0,1,横线 41
MATH,2027版高中《53知识清单》彩色版（数学）/【2027】53高中知识清单高中数学必修+选择性必修.pdf,318,表格式,0.0492,47,0,0.0073,0.0,0,含表行
MATH,2027版高中《53知识清单》彩色版（数学）/【2027】53高中知识清单高中数学必修+选择性必修.pdf,319,表格式,0.0296,59,0,0.0031,0.0,0,含表行
MATH,2027版高中《53知识清单》彩色版（数学）/【2027】53高中知识清单高中数学必修+选择性必修.pdf,320,表格式,0.0518,58,0,0.0005,0.0,1,含表行
MATH,2027版高中《53知识清单》彩色版（数学）/【2027】53高中知识清单高中数学必修+选择性必修.pdf,321,表格式,0.0326,47,2,0.001,0.0,1,含表行
MATH,2027版高中《53知识清单》彩色版（数学）/【2027】53高中知识清单高中数学必修+选择性必修.pdf,322,叙述,0.0464,43,0,0.0,0.0,1,行 43
MATH,2027版高中《53知识清单》彩色版（数学）/【2027】53高中知识清单高中数学必修+选择性必修.pdf,323,表格式,0.0246,43,0,0.0083,24.4,5,含表行
MATH,2027版高中《53知识清单》彩色版（数学）/【2027】53高中知识清单高中数学必修+选择性必修.pdf,324,公式密排,0.0455,60,0,0.0099,26.4,3,公式 26.4/千字
MATH,2027版高中《53知识清单》彩色版（数学）/【2027】53高中知识清单高中数学必修+选择性必修.pdf,325,表格式,0.0304,48,0,0.0057,24.0,1,含表行
MATH,2027版高中《53知识清单》彩色版（数学）/【2027】53高中知识清单高中数学必修+选择性必修.pdf,326,公式密排,0.0441,50,0,0.0073,31.4,3,公式 31.4/千字
MATH,2027版高中《53知识清单》彩色版（数学）/【2027】53高中知识清单高中数学必修+选择性必修.pdf,327,公式密排,0.037,53,0,0.0042,28.8,1,公式 28.8/千字
MATH,2027版高中《53知识清单》彩色版（数学）/【2027】53高中知识清单高中数学必修+选择性必修.pdf,328,公式密排,0.0395,43,0,0.0,28.1,2,公式 28.1/千字
MATH,2027版高中《53知识清单》彩色版（数学）/【2027】53高中知识清单高中数学必修+选择性必修.pdf,329,公式密排,0.0318,49,1,0.0151,34.6,3,公式 34.6/千字
MATH,2027版高中《53知识清单》彩色版（数学）/【2027】53高中知识清单高中数学必修+选择性必修.pdf,330,公式密排,0.0404,59,0,0.0005,34.1,2,公式 34.1/千字
MATH,2027版高中《53知识清单》彩色版（数学）/【2027】53高中知识清单高中数学必修+选择性必修.pdf,331,表格式,0.0354,51,0,0.009,23.3,3,含表行
MATH,2027版高中《53知识清单》彩色版（数学）/【2027】53高中知识清单高中数学必修+选择性必修.pdf,332,公式密排,0.0526,51,1,0.0132,34.9,3,公式 34.9/千字
MATH,2027版高中《53知识清单》彩色版（数学）/【2027】53高中知识清单高中数学必修+选择性必修.pdf,333,表格式,0.0358,50,0,0.0085,22.7,0,含表行
MATH,2027版高中《53知识清单》彩色版（数学）/【2027】53高中知识清单高中数学必修+选择性必修.pdf,334,公式密排,0.0383,54,0,0.0036,33.1,1,公式 33.1/千字
MATH,2027版高中《53知识清单》彩色版（数学）/【2027】53高中知识清单高中数学必修+选择性必修.pdf,335,公式密排,0.0287,45,0,0.0042,48.5,2,公式 48.5/千字
MATH,2027版高中《53知识清单》彩色版（数学）/【2027】53高中知识清单高中数学必修+选择性必修.pdf,336,公式密排,0.0419,56,2,0.0122,38.6,6,公式 38.6/千字
MATH,2027版高中《53知识清单》彩色版（数学）/【2027】53高中知识清单高中数学必修+选择性必修.pdf,337,公式密排,0.0376,45,0,0.0064,26.9,2,公式 26.9/千字
MATH,2027版高中《53知识清单》彩色版（数学）/【2027】53高中知识清单高中数学必修+选择性必修.pdf,338,公式密排,0.0361,44,0,0.0021,31.0,3,公式 31.0/千字
MATH,2027版高中《53知识清单》彩色版（数学）/【2027】53高中知识清单高中数学必修+选择性必修.pdf,339,公式密排,0.0337,40,0,0.0062,25.3,2,公式 25.3/千字
MATH,2027版高中《53知识清单》彩色版（数学）/【2027】53高中知识清单高中数学必修+选择性必修.pdf,340,公式密排,0.0399,51,0,0.0005,38.1,2,公式 38.1/千字
MATH,2027版高中《53知识清单》彩色版（数学）/【2027】53高中知识清单高中数学必修+选择性必修.pdf,341,公式密排,0.0248,51,0,0.0026,32.4,2,公式 32.4/千字
MATH,2027版高中《53知识清单》彩色版（数学）/【2027】53高中知识清单高中数学必修+选择性必修.pdf,342,公式密排,0.0416,58,0,0.0021,37.9,3,公式 37.9/千字
MATH,2027版高中《53知识清单》彩色版（数学）/【2027】53高中知识清单高中数学必修+选择性必修.pdf,343,公式密排,0.0311,43,3,0.0026,42.0,2,公式 42.0/千字
MATH,2027版高中《53知识清单》彩色版（数学）/【2027】53高中知识清单高中数学必修+选择性必修.pdf,344,公式密排,0.0463,49,0,0.0,47.8,2,公式 47.8/千字
MATH,2027版高中《53知识清单》彩色版（数学）/【2027】53高中知识清单高中数学必修+选择性必修.pdf,345,公式密排,0.0295,45,2,0.0031,52.5,5,公式 52.5/千字
MATH,2027版高中《53知识清单》彩色版（数学）/【2027】53高中知识清单高中数学必修+选择性必修.pdf,346,公式密排,0.0406,55,0,0.0,42.8,2,公式 42.8/千字
MATH,2027版高中《53知识清单》彩色版（数学）/【2027】53高中知识清单高中数学必修+选择性必修.pdf,347,公式密排,0.0297,50,4,0.0021,46.3,4,公式 46.3/千字
MATH,2027版高中《53知识清单》彩色版（数学）/【2027】53高中知识清单高中数学必修+选择性必修.pdf,348,公式密排,0.0401,49,0,0.0042,45.3,2,公式 45.3/千字
MATH,2027版高中《53知识清单》彩色版（数学）/【2027】53高中知识清单高中数学必修+选择性必修.pdf,349,公式密排,0.0251,48,0,0.0037,38.2,1,公式 38.2/千字
MATH,2027版高中《53知识清单》彩色版（数学）/【2027】53高中知识清单高中数学必修+选择性必修.pdf,350,公式密排,0.0353,51,0,0.0148,25.9,6,公式 25.9/千字
MATH,2027版高中《53知识清单》彩色版（数学）/【2027】53高中知识清单高中数学必修+选择性必修.pdf,351,公式密排,0.0253,53,0,0.0025,42.6,1,公式 42.6/千字
MATH,2027版高中《53知识清单》彩色版（数学）/【2027】53高中知识清单高中数学必修+选择性必修.pdf,352,公式密排,0.0311,40,0,0.0026,47.9,4,公式 47.9/千字
MATH,2027版高中《53知识清单》彩色版（数学）/【2027】53高中知识清单高中数学必修+选择性必修.pdf,353,公式密排,0.0249,55,0,0.0083,44.9,4,公式 44.9/千字
MATH,2027版高中《53知识清单》彩色版（数学）/【2027】53高中知识清单高中数学必修+选择性必修.pdf,354,公式密排,0.0451,52,0,0.001,55.8,1,公式 55.8/千字
MATH,2027版高中《53知识清单》彩色版（数学）/【2027】53高中知识清单高中数学必修+选择性必修.pdf,355,公式密排,0.0354,48,0,0.0058,42.4,2,公式 42.4/千字
MATH,2027版高中《53知识清单》彩色版（数学）/【2027】53高中知识清单高中数学必修+选择性必修.pdf,356,公式密排,0.0461,49,2,0.0016,49.9,0,公式 49.9/千字
MATH,2027版高中《53知识清单》彩色版（数学）/【2027】53高中知识清单高中数学必修+选择性必修.pdf,357,公式密排,0.0345,65,1,0.0088,50.0,1,公式 50.0/千字
MATH,2027版高中《53知识清单》彩色版（数学）/【2027】53高中知识清单高中数学必修+选择性必修.pdf,358,公式密排,0.0518,37,0,0.0058,52.8,0,公式 52.8/千字
MATH,2027版高中《53知识清单》彩色版（数学）/【2027】53高中知识清单高中数学必修+选择性必修.pdf,359,公式密排,0.0251,46,0,0.0042,44.0,1,公式 44.0/千字
MATH,2027版高中《53知识清单》彩色版（数学）/【2027】53高中知识清单高中数学必修+选择性必修.pdf,360,公式密排,0.0404,47,0,0.0005,44.7,0,公式 44.7/千字
MATH,2027版高中《53知识清单》彩色版（数学）/【2027】53高中知识清单高中数学必修+选择性必修.pdf,361,公式密排,0.0419,57,1,0.0095,35.2,0,公式 35.2/千字
MATH,2027版高中《53知识清单》彩色版（数学）/【2027】53高中知识清单高中数学必修+选择性必修.pdf,362,公式密排,0.0398,49,0,0.0058,44.7,0,公式 44.7/千字
MATH,2027版高中《53知识清单》彩色版（数学）/【2027】53高中知识清单高中数学必修+选择性必修.pdf,363,公式密排,0.0387,36,0,0.0057,39.9,0,公式 39.9/千字
MATH,2027版高中《53知识清单》彩色版（数学）/【2027】53高中知识清单高中数学必修+选择性必修.pdf,364,公式密排,0.038,58,0,0.0005,53.7,1,公式 53.7/千字
MATH,2027版高中《53知识清单》彩色版（数学）/【2027】53高中知识清单高中数学必修+选择性必修.pdf,365,公式密排,0.0278,45,0,0.0036,54.3,4,公式 54.3/千字
MATH,2027版高中《53知识清单》彩色版（数学）/【2027】53高中知识清单高中数学必修+选择性必修.pdf,366,公式密排,0.0444,46,0,0.0011,59.7,5,公式 59.7/千字
MATH,2027版高中《53知识清单》彩色版（数学）/【2027】53高中知识清单高中数学必修+选择性必修.pdf,367,公式密排,0.0317,52,0,0.0037,37.4,2,公式 37.4/千字
MATH,2027版高中《53知识清单》彩色版（数学）/【2027】53高中知识清单高中数学必修+选择性必修.pdf,368,公式密排,0.0344,47,0,0.0021,37.7,2,公式 37.7/千字
MATH,2027版高中《53知识清单》彩色版（数学）/【2027】53高中知识清单高中数学必修+选择性必修.pdf,369,公式密排,0.0273,41,0,0.0079,31.6,0,公式 31.6/千字
MATH,2027版高中《53知识清单》彩色版（数学）/【2027】53高中知识清单高中数学必修+选择性必修.pdf,370,公式密排,0.0383,40,0,0.0032,41.3,3,公式 41.3/千字
MATH,2027版高中《53知识清单》彩色版（数学）/【2027】53高中知识清单高中数学必修+选择性必修.pdf,371,公式密排,0.0263,58,0,0.0037,30.9,0,公式 30.9/千字
MATH,2027版高中《53知识清单》彩色版（数学）/【2027】53高中知识清单高中数学必修+选择性必修.pdf,372,公式密排,0.0441,47,0,0.0011,32.8,0,公式 32.8/千字
MATH,2027版高中《53知识清单》彩色版（数学）/【2027】53高中知识清单高中数学必修+选择性必修.pdf,373,公式密排,0.0387,42,0,0.0217,40.0,3,公式 40.0/千字
MATH,2027版高中《53知识清单》彩色版（数学）/【2027】53高中知识清单高中数学必修+选择性必修.pdf,374,公式密排,0.0386,64,2,0.0074,27.7,7,公式 27.7/千字
MATH,2027版高中《53知识清单》彩色版（数学）/【2027】53高中知识清单高中数学必修+选择性必修.pdf,375,表格式,0.0263,54,0,0.0064,24.9,5,含表行
MATH,2027版高中《53知识清单》彩色版（数学）/【2027】53高中知识清单高中数学必修+选择性必修.pdf,376,公式密排,0.0461,49,0,0.001,46.1,0,公式 46.1/千字
MATH,2027版高中《53知识清单》彩色版（数学）/【2027】53高中知识清单高中数学必修+选择性必修.pdf,377,公式密排,0.0278,44,6,0.0021,45.4,0,公式 45.4/千字
MATH,2027版高中《53知识清单》彩色版（数学）/【2027】53高中知识清单高中数学必修+选择性必修.pdf,378,公式密排,0.0295,56,0,0.0,40.4,1,公式 40.4/千字
MATH,2027版高中《53知识清单》彩色版（数学）/【2027】53高中知识清单高中数学必修+选择性必修.pdf,379,表格式,0.0319,40,0,0.0031,19.0,2,含表行
MATH,2027版高中《53知识清单》彩色版（数学）/【2027】53高中知识清单高中数学必修+选择性必修.pdf,380,表格式,0.0379,44,0,0.0,22.8,1,含表行
MATH,2027版高中《53知识清单》彩色版（数学）/【2027】53高中知识清单高中数学必修+选择性必修.pdf,381,公式密排,0.0231,48,0,0.0026,25.0,1,公式 25.0/千字
MATH,2027版高中《53知识清单》彩色版（数学）/【2027】53高中知识清单高中数学必修+选择性必修.pdf,382,公式密排,0.0383,43,0,0.0,29.9,1,公式 29.9/千字
MATH,2027版高中《53知识清单》彩色版（数学）/【2027】53高中知识清单高中数学必修+选择性必修.pdf,383,公式密排,0.0313,52,0,0.0021,25.2,0,公式 25.2/千字
MATH,2027版高中《53知识清单》彩色版（数学）/【2027】53高中知识清单高中数学必修+选择性必修.pdf,384,公式密排,0.038,47,0,0.0021,25.4,2,公式 25.4/千字
MATH,2027版高中《53知识清单》彩色版（数学）/【2027】53高中知识清单高中数学必修+选择性必修.pdf,385,表格式,0.0264,51,0,0.0032,14.5,1,含表行
MATH,2027版高中《53知识清单》彩色版（数学）/【2027】53高中知识清单高中数学必修+选择性必修.pdf,386,表格式,0.0234,50,2,0.0117,15.0,4,含表行
MATH,2027版高中《53知识清单》彩色版（数学）/【2027】53高中知识清单高中数学必修+选择性必修.pdf,387,表格式,0.022,56,0,0.0031,16.9,1,含表行
MATH,2027版高中《53知识清单》彩色版（数学）/【2027】53高中知识清单高中数学必修+选择性必修.pdf,388,表格式,0.0356,48,0,0.0026,22.6,0,含表行
MATH,2027版高中《53知识清单》彩色版（数学）/【2027】53高中知识清单高中数学必修+选择性必修.pdf,389,表格式,0.0263,43,1,0.0042,19.7,0,含表行
MATH,2027版高中《53知识清单》彩色版（数学）/【2027】53高中知识清单高中数学必修+选择性必修.pdf,390,叙述,0.0404,45,0,0.0042,19.9,0,行 45
MATH,2027版高中《53知识清单》彩色版（数学）/【2027】53高中知识清单高中数学必修+选择性必修.pdf,391,表格式,0.0295,68,0,0.0058,18.2,0,含表行
MATH,2027版高中《53知识清单》彩色版（数学）/【2027】53高中知识清单高中数学必修+选择性必修.pdf,392,表格式,0.0367,58,0,0.0037,23.9,0,含表行
MATH,2027版高中《53知识清单》彩色版（数学）/【2027】53高中知识清单高中数学必修+选择性必修.pdf,393,公式密排,0.0186,48,0,0.0047,42.0,1,公式 42.0/千字
MATH,2027版高中《53知识清单》彩色版（数学）/【2027】53高中知识清单高中数学必修+选择性必修.pdf,394,公式密排,0.0464,47,0,0.0026,32.5,0,公式 32.5/千字
MATH,2027版高中《53知识清单》彩色版（数学）/【2027】53高中知识清单高中数学必修+选择性必修.pdf,395,公式密排,0.0326,44,2,0.0095,45.3,4,公式 45.3/千字
MATH,2027版高中《53知识清单》彩色版（数学）/【2027】53高中知识清单高中数学必修+选择性必修.pdf,396,公式密排,0.0408,49,1,0.0074,34.8,1,公式 34.8/千字
MATH,2027版高中《53知识清单》彩色版（数学）/【2027】53高中知识清单高中数学必修+选择性必修.pdf,397,公式密排,0.0304,39,0,0.0088,26.7,1,公式 26.7/千字
MATH,2027版高中《53知识清单》彩色版（数学）/【2027】53高中知识清单高中数学必修+选择性必修.pdf,398,公式密排,0.0367,47,0,0.0026,28.7,0,公式 28.7/千字
MATH,2027版高中《53知识清单》彩色版（数学）/【2027】53高中知识清单高中数学必修+选择性必修.pdf,399,公式密排,0.0198,46,0,0.0026,34.3,1,公式 34.3/千字
MATH,2027版高中《53知识清单》彩色版（数学）/【2027】53高中知识清单高中数学必修+选择性必修.pdf,400,公式密排,0.0276,39,0,0.0,46.8,2,公式 46.8/千字
MATH,2027版高中《53知识清单》彩色版（数学）/【2027】53高中知识清单高中数学必修+选择性必修.pdf,401,公式密排,0.0251,52,3,0.002,29.0,0,公式 29.0/千字
MATH,2027版高中《53知识清单》彩色版（数学）/【2027】53高中知识清单高中数学必修+选择性必修.pdf,402,公式密排,0.0336,66,0,0.0,36.0,1,公式 36.0/千字
MATH,2027版高中《53知识清单》彩色版（数学）/【2027】53高中知识清单高中数学必修+选择性必修.pdf,403,公式密排,0.0195,51,0,0.0026,33.6,1,公式 33.6/千字
MATH,2027版高中《53知识清单》彩色版（数学）/【2027】53高中知识清单高中数学必修+选择性必修.pdf,404,公式密排,0.0479,50,0,0.0064,34.0,2,公式 34.0/千字
MATH,2027版高中《53知识清单》彩色版（数学）/【2027】53高中知识清单高中数学必修+选择性必修.pdf,405,公式密排,0.0286,59,2,0.009,52.1,5,公式 52.1/千字
MATH,2027版高中《53知识清单》彩色版（数学）/【2027】53高中知识清单高中数学必修+选择性必修.pdf,406,公式密排,0.0414,56,2,0.0016,49.6,1,公式 49.6/千字
MATH,2027版高中《53知识清单》彩色版（数学）/【2027】53高中知识清单高中数学必修+选择性必修.pdf,407,表格式,0.0306,35,0,0.0057,0.0,1,含表行
MATH,2027版高中《53知识清单》彩色版（数学）/【2027】53高中知识清单高中数学必修+选择性必修.pdf,408,表格式,0.0453,48,0,0.0016,0.0,0,含表行
MATH,2027版高中《53知识清单》彩色版（数学）/【2027】53高中知识清单高中数学必修+选择性必修.pdf,409,表格式,0.0334,41,0,0.0058,0.0,1,含表行
MATH,2027版高中《53知识清单》彩色版（数学）/【2027】53高中知识清单高中数学必修+选择性必修.pdf,410,表格式,0.0415,45,0,0.0026,0.0,1,含表行
MATH,2027版高中《53知识清单》彩色版（数学）/【2027】53高中知识清单高中数学必修+选择性必修.pdf,411,表格式,0.0262,53,0,0.0021,0.0,2,含表行
MATH,2027版高中《53知识清单》彩色版（数学）/【2027】53高中知识清单高中数学必修+选择性必修.pdf,412,表格式,0.0402,46,0,0.0021,0.0,1,含表行
MATH,2027版高中《53知识清单》彩色版（数学）/【2027】53高中知识清单高中数学必修+选择性必修.pdf,413,表格式,0.0278,51,0,0.0047,0.0,1,含表行
MATH,2027版高中《53知识清单》彩色版（数学）/【2027】53高中知识清单高中数学必修+选择性必修.pdf,414,叙述,0.0383,63,0,0.0042,0.0,0,行 63
MATH,2027版高中《53知识清单》彩色版（数学）/【2027】53高中知识清单高中数学必修+选择性必修.pdf,415,叙述,0.0215,48,0,0.0031,0.0,0,行 48
MATH,2027版高中《53知识清单》彩色版（数学）/【2027】53高中知识清单高中数学必修+选择性必修.pdf,416,叙述,0.0329,76,0,0.0,0.0,0,行 76
MATH,2027版高中《53知识清单》彩色版（数学）/【2027】53高中知识清单高中数学必修+选择性必修.pdf,417,表格式,0.0353,43,0,0.0062,0.0,0,含表行
MATH,2027版高中《53知识清单》彩色版（数学）/【2027】53高中知识清单高中数学必修+选择性必修.pdf,418,表格式,0.0306,80,0,0.0,0.0,0,含表行
MATH,2027版高中《53知识清单》彩色版（数学）/【2027】53高中知识清单高中数学必修+选择性必修.pdf,419,图密集,0.0146,34,0,0.0052,0.0,3,【图】3
MATH,2027版高中《53知识清单》彩色版（数学）/【2027】53高中知识清单高中数学必修+选择性必修.pdf,420,表格式,0.0552,50,2,0.0068,0.0,2,含表行
MATH,2027版高中《53知识清单》彩色版（数学）/【2027】53高中知识清单高中数学必修+选择性必修.pdf,421,表格式,0.0379,51,0,0.0064,0.0,1,含表行
MATH,2027版高中《53知识清单》彩色版（数学）/【2027】53高中知识清单高中数学必修+选择性必修.pdf,422,叙述,0.0375,51,0,0.0068,0.0,0,行 51
MATH,2027版高中《53知识清单》彩色版（数学）/【2027】53高中知识清单高中数学必修+选择性必修.pdf,423,叙述,0.0326,56,0,0.0042,1.0,1,行 56
MATH,2027版高中《53知识清单》彩色版（数学）/【2027】53高中知识清单高中数学必修+选择性必修.pdf,424,叙述,0.0362,56,0,0.0016,0.0,0,行 56
MATH,2027版高中《53知识清单》彩色版（数学）/【2027】53高中知识清单高中数学必修+选择性必修.pdf,425,叙述,0.0265,53,0,0.0042,0.0,0,行 53
MATH,2027版高中《53知识清单》彩色版（数学）/【2027】53高中知识清单高中数学必修+选择性必修.pdf,426,叙述,0.031,82,0,0.001,0.0,0,行 82
MATH,2027版高中《53知识清单》彩色版（数学）/【2027】53高中知识清单高中数学必修+选择性必修.pdf,427,叙述,0.0345,55,3,0.0135,0.0,1,行 55
MATH,2027版高中《53知识清单》彩色版（数学）/【2027】53高中知识清单高中数学必修+选择性必修.pdf,428,叙述,0.0489,44,0,0.0062,0.0,0,行 44
MATH,2027版高中《53知识清单》彩色版（数学）/【2027】53高中知识清单高中数学必修+选择性必修.pdf,429,叙述,0.0324,42,0,0.0057,0.0,0,行 42
MATH,2027版高中《53知识清单》彩色版（数学）/【2027】53高中知识清单高中数学必修+选择性必修.pdf,430,叙述,0.0396,46,0,0.0005,0.0,0,行 46
MATH,2027版高中《53知识清单》彩色版（数学）/【2027】53高中知识清单高中数学必修+选择性必修.pdf,431,叙述,0.0329,50,0,0.012,0.0,2,行 50
MATH,2027版高中《53知识清单》彩色版（数学）/【2027】53高中知识清单高中数学必修+选择性必修.pdf,432,叙述,0.044,46,0,0.0062,0.0,0,行 46
MATH,2027版高中《53知识清单》彩色版（数学）/【2027】53高中知识清单高中数学必修+选择性必修.pdf,433,叙述,0.0267,46,0,0.0052,0.0,0,行 46
MATH,2027版高中《53知识清单》彩色版（数学）/【2027】53高中知识清单高中数学必修+选择性必修.pdf,434,叙述,0.0375,59,0,0.0031,0.0,0,行 59
MATH,2027版高中《53知识清单》彩色版（数学）/【2027】53高中知识清单高中数学必修+选择性必修.pdf,435,公式密排,0.0295,57,0,0.0062,40.5,0,公式 40.5/千字
MATH,2027版高中《53知识清单》彩色版（数学）/【2027】53高中知识清单高中数学必修+选择性必修.pdf,436,公式密排,0.0437,60,0,0.0053,42.9,1,公式 42.9/千字
MATH,2027版高中《53知识清单》彩色版（数学）/【2027】53高中知识清单高中数学必修+选择性必修.pdf,437,公式密排,0.0313,60,2,0.0083,27.9,1,公式 27.9/千字
MATH,2027版高中《53知识清单》彩色版（数学）/【2027】53高中知识清单高中数学必修+选择性必修.pdf,438,公式密排,0.0374,41,0,0.0095,43.4,0,公式 43.4/千字
MATH,2027版高中《53知识清单》彩色版（数学）/【2027】53高中知识清单高中数学必修+选择性必修.pdf,439,公式密排,0.0387,39,0,0.0083,43.2,0,公式 43.2/千字
MATH,2027版高中《53知识清单》彩色版（数学）/【2027】53高中知识清单高中数学必修+选择性必修.pdf,440,公式密排,0.0385,53,0,0.0021,45.5,0,公式 45.5/千字
MATH,2027版高中《53知识清单》彩色版（数学）/【2027】53高中知识清单高中数学必修+选择性必修.pdf,441,公式密排,0.0363,44,0,0.0062,41.9,0,公式 41.9/千字
MATH,2027版高中《53知识清单》彩色版（数学）/【2027】53高中知识清单高中数学必修+选择性必修.pdf,442,公式密排,0.0443,54,0,0.009,33.3,0,公式 33.3/千字
MATH,2027版高中《53知识清单》彩色版（数学）/【2027】53高中知识清单高中数学必修+选择性必修.pdf,443,公式密排,0.0229,42,0,0.0052,45.2,0,公式 45.2/千字
MATH,2027版高中《53知识清单》彩色版（数学）/【2027】53高中知识清单高中数学必修+选择性必修.pdf,444,公式密排,0.0405,49,0,0.0052,42.9,0,公式 42.9/千字
MATH,2027版高中《53知识清单》彩色版（数学）/【2027】53高中知识清单高中数学必修+选择性必修.pdf,445,公式密排,0.0247,75,0,0.0052,38.0,0,公式 38.0/千字
MATH,2027版高中《53知识清单》彩色版（数学）/【2027】53高中知识清单高中数学必修+选择性必修.pdf,446,公式密排,0.0435,51,0,0.0016,42.1,0,公式 42.1/千字
MATH,2027版高中《53知识清单》彩色版（数学）/【2027】53高中知识清单高中数学必修+选择性必修.pdf,447,叙述,0.0396,36,2,0.014,24.7,1,行 36
MATH,2027版高中《53知识清单》彩色版（数学）/【2027】53高中知识清单高中数学必修+选择性必修.pdf,448,公式密排,0.0368,54,0,0.0005,28.8,1,公式 28.8/千字
MATH,2027版高中《53知识清单》彩色版（数学）/【2027】53高中知识清单高中数学必修+选择性必修.pdf,449,公式密排,0.0325,51,0,0.0052,30.9,0,公式 30.9/千字
MATH,2027版高中《53知识清单》彩色版（数学）/【2027】53高中知识清单高中数学必修+选择性必修.pdf,450,公式密排,0.0372,45,0,0.0005,30.2,0,公式 30.2/千字
MATH,2027版高中《53知识清单》彩色版（数学）/【2027】53高中知识清单高中数学必修+选择性必修.pdf,451,叙述,0.0203,59,0,0.0036,22.1,0,行 59
MATH,2027版高中《53知识清单》彩色版（数学）/【2027】53高中知识清单高中数学必修+选择性必修.pdf,452,公式密排,0.0324,57,0,0.0,29.8,0,公式 29.8/千字
MATH,2027版高中《53知识清单》彩色版（数学）/【2027】53高中知识清单高中数学必修+选择性必修.pdf,453,公式密排,0.0266,50,0,0.0037,32.4,0,公式 32.4/千字
MATH,2027版高中《53知识清单》彩色版（数学）/【2027】53高中知识清单高中数学必修+选择性必修.pdf,454,叙述,0.0276,53,0,0.0,23.0,0,行 53
MATH,2027版高中《53知识清单》彩色版（数学）/【2027】53高中知识清单高中数学必修+选择性必修.pdf,455,叙述,0.0302,52,0,0.0052,24.6,0,行 52
MATH,2027版高中《53知识清单》彩色版（数学）/【2027】53高中知识清单高中数学必修+选择性必修.pdf,456,公式密排,0.0379,72,0,0.0,26.3,0,公式 26.3/千字
MATH,2027版高中《53知识清单》彩色版（数学）/【2027】53高中知识清单高中数学必修+选择性必修.pdf,457,叙述,0.0286,48,0,0.0042,23.9,0,行 48
MATH,2027版高中《53知识清单》彩色版（数学）/【2027】53高中知识清单高中数学必修+选择性必修.pdf,458,公式密排,0.0338,53,0,0.0,29.0,0,公式 29.0/千字
MATH,2027版高中《53知识清单》彩色版（数学）/【2027】53高中知识清单高中数学必修+选择性必修.pdf,459,公式密排,0.0343,42,0,0.0047,32.9,0,公式 32.9/千字
MATH,2027版高中《53知识清单》彩色版（数学）/【2027】53高中知识清单高中数学必修+选择性必修.pdf,460,公式密排,0.037,48,0,0.001,31.8,0,公式 31.8/千字
MATH,2027版高中《53知识清单》彩色版（数学）/【2027】53高中知识清单高中数学必修+选择性必修.pdf,461,公式密排,0.034,54,0,0.0047,25.4,0,公式 25.4/千字
MATH,2027版高中《53知识清单》彩色版（数学）/【2027】53高中知识清单高中数学必修+选择性必修.pdf,462,叙述,0.0419,64,0,0.0,23.9,0,行 64
MATH,2027版高中《53知识清单》彩色版（数学）/【2027】53高中知识清单高中数学必修+选择性必修.pdf,463,公式密排,0.0195,44,0,0.0074,49.1,2,公式 49.1/千字
MATH,2027版高中《53知识清单》彩色版（数学）/【2027】53高中知识清单高中数学必修+选择性必修.pdf,464,公式密排,0.0525,46,1,0.013,31.2,1,公式 31.2/千字
MATH,2027版高中《53知识清单》彩色版（数学）/【2027】53高中知识清单高中数学必修+选择性必修.pdf,465,公式密排,0.0405,45,0,0.0083,44.3,0,公式 44.3/千字
MATH,2027版高中《53知识清单》彩色版（数学）/【2027】53高中知识清单高中数学必修+选择性必修.pdf,466,公式密排,0.0334,68,0,0.0052,34.1,1,公式 34.1/千字
MATH,2027版高中《53知识清单》彩色版（数学）/【2027】53高中知识清单高中数学必修+选择性必修.pdf,467,公式密排,0.0287,50,0,0.0047,32.8,1,公式 32.8/千字
MATH,2027版高中《53知识清单》彩色版（数学）/【2027】53高中知识清单高中数学必修+选择性必修.pdf,468,公式密排,0.0413,58,4,0.0057,37.9,1,公式 37.9/千字
MATH,2027版高中《53知识清单》彩色版（数学）/【2027】53高中知识清单高中数学必修+选择性必修.pdf,469,公式密排,0.0351,50,0,0.0104,25.4,1,公式 25.4/千字
MATH,2027版高中《53知识清单》彩色版（数学）/【2027】53高中知识清单高中数学必修+选择性必修.pdf,470,公式密排,0.0366,60,0,0.0047,27.0,0,公式 27.0/千字
MATH,2027版高中《53知识清单》彩色版（数学）/【2027】53高中知识清单高中数学必修+选择性必修.pdf,471,公式密排,0.0373,59,0,0.0078,33.1,0,公式 33.1/千字
MATH,2027版高中《53知识清单》彩色版（数学）/【2027】53高中知识清单高中数学必修+选择性必修.pdf,472,公式密排,0.0395,58,0,0.0016,32.3,0,公式 32.3/千字
MATH,2027版高中《53知识清单》彩色版（数学）/【2027】53高中知识清单高中数学必修+选择性必修.pdf,473,公式密排,0.0439,44,2,0.014,35.8,1,公式 35.8/千字
MATH,2027版高中《53知识清单》彩色版（数学）/【2027】53高中知识清单高中数学必修+选择性必修.pdf,474,公式密排,0.0395,54,0,0.0021,50.8,3,公式 50.8/千字
MATH,2027版高中《53知识清单》彩色版（数学）/【2027】53高中知识清单高中数学必修+选择性必修.pdf,475,公式密排,0.0316,53,0,0.0042,37.9,0,公式 37.9/千字
MATH,2027版高中《53知识清单》彩色版（数学）/【2027】53高中知识清单高中数学必修+选择性必修.pdf,476,公式密排,0.049,42,0,0.0058,39.4,0,公式 39.4/千字
MATH,2027版高中《53知识清单》彩色版（数学）/【2027】53高中知识清单高中数学必修+选择性必修.pdf,477,公式密排,0.021,51,0,0.0036,45.6,0,公式 45.6/千字
MATH,2027版高中《53知识清单》彩色版（数学）/【2027】53高中知识清单高中数学必修+选择性必修.pdf,478,公式密排,0.0432,45,0,0.0036,51.8,0,公式 51.8/千字
MATH,2027版高中《53知识清单》彩色版（数学）/【2027】53高中知识清单高中数学必修+选择性必修.pdf,479,公式密排,0.0229,44,0,0.0042,46.9,1,公式 46.9/千字
MATH,2027版高中《53知识清单》彩色版（数学）/【2027】53高中知识清单高中数学必修+选择性必修.pdf,480,公式密排,0.0389,49,0,0.0021,35.1,0,公式 35.1/千字
MATH,2027版高中《53知识清单》彩色版（数学）/【2027】53高中知识清单高中数学必修+选择性必修.pdf,481,公式密排,0.0336,45,0,0.0047,40.5,1,公式 40.5/千字
MATH,2027版高中《53知识清单》彩色版（数学）/【2027】53高中知识清单高中数学必修+选择性必修.pdf,482,公式密排,0.0255,54,0,0.0021,63.5,0,公式 63.5/千字
MATH,2027版高中《53知识清单》彩色版（数学）/【2027】53高中知识清单高中数学必修+选择性必修.pdf,483,公式密排,0.0302,53,0,0.0047,46.7,0,公式 46.7/千字
MATH,2027版高中《53知识清单》彩色版（数学）/【2027】53高中知识清单高中数学必修+选择性必修.pdf,484,公式密排,0.0376,45,0,0.0,53.0,2,公式 53.0/千字
MATH,2027版高中《53知识清单》彩色版（数学）/【2027】53高中知识清单高中数学必修+选择性必修.pdf,485,公式密排,0.0247,45,0,0.0042,38.9,0,公式 38.9/千字
MATH,2027版高中《53知识清单》彩色版（数学）/【2027】53高中知识清单高中数学必修+选择性必修.pdf,486,公式密排,0.0326,57,0,0.0,40.3,0,公式 40.3/千字
MATH,2027版高中《53知识清单》彩色版（数学）/【2027】53高中知识清单高中数学必修+选择性必修.pdf,487,公式密排,0.026,48,0,0.0042,36.0,0,公式 36.0/千字
MATH,2027版高中《53知识清单》彩色版（数学）/【2027】53高中知识清单高中数学必修+选择性必修.pdf,488,公式密排,0.0355,55,0,0.0005,54.6,1,公式 54.6/千字
MATH,2027版高中《53知识清单》彩色版（数学）/【2027】53高中知识清单高中数学必修+选择性必修.pdf,489,公式密排,0.0231,44,0,0.0042,38.7,0,公式 38.7/千字
MATH,2027版高中《53知识清单》彩色版（数学）/【2027】53高中知识清单高中数学必修+选择性必修.pdf,490,公式密排,0.0304,55,0,0.0005,39.5,0,公式 39.5/千字
MATH,2027版高中《53知识清单》彩色版（数学）/【2027】53高中知识清单高中数学必修+选择性必修.pdf,491,表格式,0.0209,35,1,0.0109,13.6,2,含表行
MATH,2027版高中《53知识清单》彩色版（数学）/【2027】53高中知识清单高中数学必修+选择性必修.pdf,492,图密集,0.058,49,2,0.0146,22.7,4,【图】4
MATH,2027版高中《53知识清单》彩色版（数学）/【2027】53高中知识清单高中数学必修+选择性必修.pdf,493,表格式,0.0419,55,0,0.0106,2.3,0,含表行
MATH,2027版高中《53知识清单》彩色版（数学）/【2027】53高中知识清单高中数学必修+选择性必修.pdf,494,叙述,0.0514,44,0,0.0032,15.0,2,行 44
MATH,2027版高中《53知识清单》彩色版（数学）/【2027】53高中知识清单高中数学必修+选择性必修.pdf,495,叙述,0.036,43,0,0.0047,3.9,1,行 43
MATH,2027版高中《53知识清单》彩色版（数学）/【2027】53高中知识清单高中数学必修+选择性必修.pdf,496,图密集,0.0384,50,1,0.0016,23.2,3,【图】3
MATH,2027版高中《53知识清单》彩色版（数学）/【2027】53高中知识清单高中数学必修+选择性必修.pdf,497,叙述,0.0318,39,0,0.0078,20.4,1,行 39
MATH,2027版高中《53知识清单》彩色版（数学）/【2027】53高中知识清单高中数学必修+选择性必修.pdf,498,公式密排,0.0413,44,0,0.0062,28.4,1,公式 28.4/千字
MATH,2027版高中《53知识清单》彩色版（数学）/【2027】53高中知识清单高中数学必修+选择性必修.pdf,499,叙述,0.0388,39,0,0.0052,15.0,1,行 39
MATH,2027版高中《53知识清单》彩色版（数学）/【2027】53高中知识清单高中数学必修+选择性必修.pdf,500,叙述,0.0564,38,0,0.0,20.7,0,行 38
MATH,2027版高中《53知识清单》彩色版（数学）/【2027】53高中知识清单高中数学必修+选择性必修.pdf,501,叙述,0.0395,36,0,0.0047,12.5,0,行 36
MATH,2027版高中《53知识清单》彩色版（数学）/【2027】53高中知识清单高中数学必修+选择性必修.pdf,502,公式密排,0.0413,54,0,0.0094,31.9,1,公式 31.9/千字
MATH,2027版高中《53知识清单》彩色版（数学）/【2027】53高中知识清单高中数学必修+选择性必修.pdf,503,叙述,0.0268,43,2,0.0061,19.1,0,行 43
MATH,2027版高中《53知识清单》彩色版（数学）/【2027】53高中知识清单高中数学必修+选择性必修.pdf,504,叙述,0.056,40,0,0.001,23.2,0,行 40
MATH,2027版高中《53知识清单》彩色版（数学）/【2027】53高中知识清单高中数学必修+选择性必修.pdf,505,叙述,0.0404,48,0,0.0057,15.9,0,行 48
MATH,2027版高中《53知识清单》彩色版（数学）/【2027】53高中知识清单高中数学必修+选择性必修.pdf,506,叙述,0.0516,45,1,0.0094,13.1,1,行 45
MATH,2027版高中《53知识清单》彩色版（数学）/【2027】53高中知识清单高中数学必修+选择性必修.pdf,507,公式密排,0.0242,58,0,0.0057,35.4,1,公式 35.4/千字
MATH,2027版高中《53知识清单》彩色版（数学）/【2027】53高中知识清单高中数学必修+选择性必修.pdf,508,公式密排,0.0429,39,0,0.0068,26.1,0,公式 26.1/千字
MATH,2027版高中《53知识清单》彩色版（数学）/【2027】53高中知识清单高中数学必修+选择性必修.pdf,509,公式密排,0.0288,47,0,0.0052,29.1,0,公式 29.1/千字
MATH,2027版高中《53知识清单》彩色版（数学）/【2027】53高中知识清单高中数学必修+选择性必修.pdf,510,公式密排,0.0419,44,0,0.0021,25.4,1,公式 25.4/千字
MATH,2027版高中《53知识清单》彩色版（数学）/【2027】53高中知识清单高中数学必修+选择性必修.pdf,511,叙述,0.028,47,0,0.0047,16.0,0,行 47
MATH,2027版高中《53知识清单》彩色版（数学）/【2027】53高中知识清单高中数学必修+选择性必修.pdf,512,叙述,0.0487,51,0,0.001,20.1,2,行 51
MATH,2027版高中《53知识清单》彩色版（数学）/【2027】53高中知识清单高中数学必修+选择性必修.pdf,513,公式密排,0.0234,45,0,0.012,40.1,2,公式 40.1/千字
MATH,2027版高中《53知识清单》彩色版（数学）/【2027】53高中知识清单高中数学必修+选择性必修.pdf,514,公式密排,0.0414,43,1,0.0088,38.4,1,公式 38.4/千字
MATH,2027版高中《53知识清单》彩色版（数学）/【2027】53高中知识清单高中数学必修+选择性必修.pdf,515,公式密排,0.0419,53,0,0.0073,33.5,0,公式 33.5/千字
MATH,2027版高中《53知识清单》彩色版（数学）/【2027】53高中知识清单高中数学必修+选择性必修.pdf,516,表格式,0.0601,49,0,0.001,18.5,0,含表行
MATH,2027版高中《53知识清单》彩色版（数学）/【2027】53高中知识清单高中数学必修+选择性必修.pdf,517,表格式,0.0321,48,0,0.012,23.8,1,含表行
MATH,2027版高中《53知识清单》彩色版（数学）/【2027】53高中知识清单高中数学必修+选择性必修.pdf,518,公式密排,0.0467,54,0,0.0104,43.7,1,公式 43.7/千字
MATH,2027版高中《53知识清单》彩色版（数学）/【2027】53高中知识清单高中数学必修+选择性必修.pdf,519,表格式,0.0356,52,0,0.0078,13.0,3,含表行
MATH,2027版高中《53知识清单》彩色版（数学）/【2027】53高中知识清单高中数学必修+选择性必修.pdf,520,表格式,0.0523,51,0,0.0016,19.0,3,含表行
MATH,2027版高中《53知识清单》彩色版（数学）/【2027】53高中知识清单高中数学必修+选择性必修.pdf,521,表格式,0.0286,45,2,0.0138,24.3,5,含表行
MATH,2027版高中《53知识清单》彩色版（数学）/【2027】53高中知识清单高中数学必修+选择性必修.pdf,522,公式密排,0.0423,60,0,0.0005,36.3,3,公式 36.3/千字
MATH,2027版高中《53知识清单》彩色版（数学）/【2027】53高中知识清单高中数学必修+选择性必修.pdf,523,表格式,0.0292,62,0,0.0074,0.5,1,含表行
MATH,2027版高中《53知识清单》彩色版（数学）/【2027】53高中知识清单高中数学必修+选择性必修.pdf,524,叙述,0.0534,39,0,0.0016,7.5,1,行 39
MATH,2027版高中《53知识清单》彩色版（数学）/【2027】53高中知识清单高中数学必修+选择性必修.pdf,525,表格式,0.0283,45,0,0.0057,14.5,2,含表行
MATH,2027版高中《53知识清单》彩色版（数学）/【2027】53高中知识清单高中数学必修+选择性必修.pdf,526,叙述,0.0523,46,0,0.0094,21.1,0,行 46
MATH,2027版高中《53知识清单》彩色版（数学）/【2027】53高中知识清单高中数学必修+选择性必修.pdf,527,表格式,0.0226,59,0,0.0042,6.4,3,含表行
MATH,2027版高中《53知识清单》彩色版（数学）/【2027】53高中知识清单高中数学必修+选择性必修.pdf,528,公式密排,0.0428,51,0,0.0026,28.3,0,公式 28.3/千字
MATH,2027版高中《53知识清单》彩色版（数学）/【2027】53高中知识清单高中数学必修+选择性必修.pdf,529,表格式,0.0325,50,0,0.0053,15.4,3,含表行
MATH,2027版高中《53知识清单》彩色版（数学）/【2027】53高中知识清单高中数学必修+选择性必修.pdf,530,叙述,0.0384,44,1,0.0062,22.7,1,行 44
MATH,2027版高中《53知识清单》彩色版（数学）/【2027】53高中知识清单高中数学必修+选择性必修.pdf,531,公式密排,0.0321,48,0,0.0088,34.7,2,公式 34.7/千字
MATH,2027版高中《53知识清单》彩色版（数学）/【2027】53高中知识清单高中数学必修+选择性必修.pdf,532,公式密排,0.0409,49,0,0.0021,27.1,1,公式 27.1/千字
MATH,2027版高中《53知识清单》彩色版（数学）/【2027】53高中知识清单高中数学必修+选择性必修.pdf,533,叙述,0.0296,44,0,0.0048,23.7,0,行 44
MATH,2027版高中《53知识清单》彩色版（数学）/【2027】53高中知识清单高中数学必修+选择性必修.pdf,534,叙述,0.0377,54,0,0.0,18.2,0,行 54
MATH,2027版高中《53知识清单》彩色版（数学）/【2027】53高中知识清单高中数学必修+选择性必修.pdf,535,叙述,0.0247,38,0,0.0042,16.3,0,行 38
MATH,2027版高中《53知识清单》彩色版（数学）/【2027】53高中知识清单高中数学必修+选择性必修.pdf,536,公式密排,0.024,38,0,0.0122,34.0,1,公式 34.0/千字
MATH,2027版高中《53知识清单》彩色版（数学）/【2027】53高中知识清单高中数学必修+选择性必修.pdf,537,图密集,0.0319,44,0,0.0074,13.4,3,【图】3
MATH,2027版高中《53知识清单》彩色版（数学）/【2027】53高中知识清单高中数学必修+选择性必修.pdf,538,公式密排,0.0411,55,0,0.0021,30.6,5,公式 30.6/千字
MATH,2027版高中《53知识清单》彩色版（数学）/【2027】53高中知识清单高中数学必修+选择性必修.pdf,539,图密集,0.031,52,0,0.0062,14.8,3,【图】3
MATH,2027版高中《53知识清单》彩色版（数学）/【2027】53高中知识清单高中数学必修+选择性必修.pdf,540,公式密排,0.0448,61,2,0.0083,29.4,0,公式 29.4/千字
MATH,2027版高中《53知识清单》彩色版（数学）/【2027】53高中知识清单高中数学必修+选择性必修.pdf,541,叙述,0.0386,47,0,0.0083,21.6,0,行 47
MATH,2027版高中《53知识清单》彩色版（数学）/【2027】53高中知识清单高中数学必修+选择性必修.pdf,542,叙述,0.0337,65,0,0.0026,15.5,0,行 65
MATH,2027版高中《53知识清单》彩色版（数学）/【2027】53高中知识清单高中数学必修+选择性必修.pdf,543,公式密排,0.0287,48,0,0.0042,35.7,1,公式 35.7/千字
MATH,2027版高中《53知识清单》彩色版（数学）/【2027】53高中知识清单高中数学必修+选择性必修.pdf,544,公式密排,0.0435,63,0,0.0,28.7,1,公式 28.7/千字
MATH,2027版高中《53知识清单》彩色版（数学）/【2027】53高中知识清单高中数学必修+选择性必修.pdf,545,公式密排,0.0261,45,1,0.0085,47.8,1,公式 47.8/千字
MATH,2027版高中《53知识清单》彩色版（数学）/【2027】53高中知识清单高中数学必修+选择性必修.pdf,546,公式密排,0.0386,64,0,0.0031,27.7,2,公式 27.7/千字
MATH,2027版高中《53知识清单》彩色版（数学）/【2027】53高中知识清单高中数学必修+选择性必修.pdf,547,表格式,0.0306,32,0,0.0052,20.0,0,含表行
MATH,2027版高中《53知识清单》彩色版（数学）/【2027】53高中知识清单高中数学必修+选择性必修.pdf,548,叙述,0.0254,48,0,0.0,17.0,0,行 48
MATH,2027版高中《53知识清单》彩色版（数学）/【2027】53高中知识清单高中数学必修+选择性必修.pdf,549,未定,0.0338,19,0,0.0322,,,信号弱（行 19）
MATH,2027版高中《53知识清单》彩色版（数学）/【2027】53高中知识清单高中数学必修+选择性必修.pdf,550,叙述,0.0092,23,0,0.0,,,行 23
MATH,2027版高中《53知识清单》彩色版（数学）/【2027】53高中知识清单高中数学必修+选择性必修.pdf,551,未定,0.1316,12,0,0.1393,,,信号弱（行 12）
MATH,2027版高中《53知识清单》彩色版（数学）/【2027】53高中知识清单高中数学必修+选择性必修.pdf,552,未定,0.0573,14,1,0.0644,,,信号弱（行 14）
PHYSICS,2027版高中《53知识清单》彩色版（物理）/2027高中知识清单物理.pdf,1,封面/扉页,0.214,7,1,0.2568,0.0,2,前 3 页
PHYSICS,2027版高中《53知识清单》彩色版（物理）/2027高中知识清单物理.pdf,2,公式密排,0.0285,49,0,0.0166,25.6,0,公式 25.6/千字
PHYSICS,2027版高中《53知识清单》彩色版（物理）/2027高中知识清单物理.pdf,3,图密集,0.1027,34,0,0.1143,0.0,3,【图】3
PHYSICS,2027版高中《53知识清单》彩色版（物理）/2027高中知识清单物理.pdf,4,表格式,0.03,55,0,0.0052,0.0,5,含表行
PHYSICS,2027版高中《53知识清单》彩色版（物理）/2027高中知识清单物理.pdf,5,叙述,0.0261,55,0,0.0,0.3,0,行 55
PHYSICS,2027版高中《53知识清单》彩色版（物理）/2027高中知识清单物理.pdf,6,叙述,0.0303,57,0,0.0042,0.0,0,行 57
PHYSICS,2027版高中《53知识清单》彩色版（物理）/2027高中知识清单物理.pdf,7,叙述,0.0229,46,0,0.0,0.0,0,行 46
PHYSICS,2027版高中《53知识清单》彩色版（物理）/2027高中知识清单物理.pdf,8,叙述,0.0181,48,0,0.0,0.0,0,行 48
PHYSICS,2027版高中《53知识清单》彩色版（物理）/2027高中知识清单物理.pdf,9,叙述,0.0274,47,0,0.0,0.3,0,行 47
PHYSICS,2027版高中《53知识清单》彩色版（物理）/2027高中知识清单物理.pdf,10,图密集,0.0361,33,0,0.0135,1.9,8,【图】8
PHYSICS,2027版高中《53知识清单》彩色版（物理）/2027高中知识清单物理.pdf,11,表格式,0.0256,39,0,0.0021,15.2,11,含表行
PHYSICS,2027版高中《53知识清单》彩色版（物理）/2027高中知识清单物理.pdf,12,图密集,0.0413,34,0,0.0156,8.9,5,【图】5
PHYSICS,2027版高中《53知识清单》彩色版（物理）/2027高中知识清单物理.pdf,13,表格式,0.0347,40,0,0.0125,7.2,8,含表行
PHYSICS,2027版高中《53知识清单》彩色版（物理）/2027高中知识清单物理.pdf,14,表格式,0.0263,38,0,0.0021,7.4,9,含表行
PHYSICS,2027版高中《53知识清单》彩色版（物理）/2027高中知识清单物理.pdf,15,图密集,0.0271,34,0,0.0094,0.0,8,【图】8
PHYSICS,2027版高中《53知识清单》彩色版（物理）/2027高中知识清单物理.pdf,16,图密集,0.0284,36,0,0.0021,0.0,9,【图】9
PHYSICS,2027版高中《53知识清单》彩色版（物理）/2027高中知识清单物理.pdf,17,表格式,0.0338,35,0,0.0042,0.0,7,含表行
PHYSICS,2027版高中《53知识清单》彩色版（物理）/2027高中知识清单物理.pdf,18,图密集,0.0316,46,0,0.0031,0.0,3,【图】3
PHYSICS,2027版高中《53知识清单》彩色版（物理）/2027高中知识清单物理.pdf,19,表格式,0.0529,38,0,0.0249,0.0,10,含表行
PHYSICS,2027版高中《53知识清单》彩色版（物理）/2027高中知识清单物理.pdf,20,图密集,0.0419,30,0,0.0052,0.0,7,【图】7
PHYSICS,2027版高中《53知识清单》彩色版（物理）/2027高中知识清单物理.pdf,21,表格式,0.0261,27,0,0.0052,0.0,7,含表行
PHYSICS,2027版高中《53知识清单》彩色版（物理）/2027高中知识清单物理.pdf,22,表格式,0.0379,40,0,0.0042,0.0,11,含表行
PHYSICS,2027版高中《53知识清单》彩色版（物理）/2027高中知识清单物理.pdf,23,图密集,0.0398,39,0,0.0031,0.0,12,【图】12
PHYSICS,2027版高中《53知识清单》彩色版（物理）/2027高中知识清单物理.pdf,24,表格式,0.0217,49,0,0.001,0.0,7,含表行
PHYSICS,2027版高中《53知识清单》彩色版（物理）/2027高中知识清单物理.pdf,25,表格式,0.0353,35,0,0.0021,0.0,8,含表行
PHYSICS,2027版高中《53知识清单》彩色版（物理）/2027高中知识清单物理.pdf,26,表格式,0.0326,42,0,0.0073,0.0,6,含表行
PHYSICS,2027版高中《53知识清单》彩色版（物理）/2027高中知识清单物理.pdf,27,图密集,0.0282,31,0,0.0042,0.0,9,【图】9
PHYSICS,2027版高中《53知识清单》彩色版（物理）/2027高中知识清单物理.pdf,28,图密集,0.0286,34,0,0.0021,0.0,15,【图】15
PHYSICS,2027版高中《53知识清单》彩色版（物理）/2027高中知识清单物理.pdf,29,图密集,0.0252,36,0,0.001,2.3,7,【图】7
PHYSICS,2027版高中《53知识清单》彩色版（物理）/2027高中知识清单物理.pdf,30,图密集,0.032,37,0,0.0021,0.7,7,【图】7
PHYSICS,2027版高中《53知识清单》彩色版（物理）/2027高中知识清单物理.pdf,31,表格式,0.0188,39,0,0.0031,0.4,17,含表行
PHYSICS,2027版高中《53知识清单》彩色版（物理）/2027高中知识清单物理.pdf,32,图密集,0.033,43,0,0.0031,0.0,5,【图】5
PHYSICS,2027版高中《53知识清单》彩色版（物理）/2027高中知识清单物理.pdf,33,表格式,0.0222,35,0,0.0062,1.3,9,含表行
PHYSICS,2027版高中《53知识清单》彩色版（物理）/2027高中知识清单物理.pdf,34,图密集,0.0193,45,0,0.0032,1.8,5,【图】5
PHYSICS,2027版高中《53知识清单》彩色版（物理）/2027高中知识清单物理.pdf,35,图密集,0.0398,39,0,0.0021,0.5,10,【图】10
PHYSICS,2027版高中《53知识清单》彩色版（物理）/2027高中知识清单物理.pdf,36,表格式,0.0204,43,0,0.001,0.0,7,含表行
PHYSICS,2027版高中《53知识清单》彩色版（物理）/2027高中知识清单物理.pdf,37,图密集,0.0287,44,0,0.0042,0.0,10,【图】10
PHYSICS,2027版高中《53知识清单》彩色版（物理）/2027高中知识清单物理.pdf,38,图密集,0.0427,38,0,0.0125,0.0,8,【图】8
PHYSICS,2027版高中《53知识清单》彩色版（物理）/2027高中知识清单物理.pdf,39,图密集,0.0296,41,0,0.0,0.0,4,【图】4
PHYSICS,2027版高中《53知识清单》彩色版（物理）/2027高中知识清单物理.pdf,40,表格式,0.0254,39,0,0.001,0.0,9,含表行
PHYSICS,2027版高中《53知识清单》彩色版（物理）/2027高中知识清单物理.pdf,41,图密集,0.0205,39,0,0.0,0.0,10,【图】10
PHYSICS,2027版高中《53知识清单》彩色版（物理）/2027高中知识清单物理.pdf,42,表格式,0.0305,38,0,0.001,0.0,8,含表行
PHYSICS,2027版高中《53知识清单》彩色版（物理）/2027高中知识清单物理.pdf,43,公式密排,0.0256,38,0,0.001,25.2,7,公式 25.2/千字
PHYSICS,2027版高中《53知识清单》彩色版（物理）/2027高中知识清单物理.pdf,44,表格式,0.0313,43,0,0.0,15.0,5,含表行
PHYSICS,2027版高中《53知识清单》彩色版（物理）/2027高中知识清单物理.pdf,45,表格式,0.0227,43,0,0.0,11.2,9,含表行
PHYSICS,2027版高中《53知识清单》彩色版（物理）/2027高中知识清单物理.pdf,46,表格式,0.0215,29,0,0.0042,15.0,10,含表行
PHYSICS,2027版高中《53知识清单》彩色版（物理）/2027高中知识清单物理.pdf,47,表格式,0.0284,48,0,0.001,13.5,10,含表行
PHYSICS,2027版高中《53知识清单》彩色版（物理）/2027高中知识清单物理.pdf,48,表格式,0.0278,43,0,0.0,9.6,10,含表行
PHYSICS,2027版高中《53知识清单》彩色版（物理）/2027高中知识清单物理.pdf,49,表格式,0.0181,40,0,0.0,9.3,10,含表行
PHYSICS,2027版高中《53知识清单》彩色版（物理）/2027高中知识清单物理.pdf,50,图密集,0.0362,30,0,0.0094,15.4,6,【图】6
PHYSICS,2027版高中《53知识清单》彩色版（物理）/2027高中知识清单物理.pdf,51,表格式,0.0302,44,0,0.0073,9.0,8,含表行
PHYSICS,2027版高中《53知识清单》彩色版（物理）/2027高中知识清单物理.pdf,52,表格式,0.0272,49,0,0.0,9.9,8,含表行
PHYSICS,2027版高中《53知识清单》彩色版（物理）/2027高中知识清单物理.pdf,53,表格式,0.0345,24,0,0.0239,16.0,8,含表行
PHYSICS,2027版高中《53知识清单》彩色版（物理）/2027高中知识清单物理.pdf,54,图密集,0.0248,42,0,0.0,10.8,9,【图】9
PHYSICS,2027版高中《53知识清单》彩色版（物理）/2027高中知识清单物理.pdf,55,表格式,0.0248,44,0,0.0,9.8,3,含表行
PHYSICS,2027版高中《53知识清单》彩色版（物理）/2027高中知识清单物理.pdf,56,图密集,0.0236,32,0,0.0062,12.6,5,【图】5
PHYSICS,2027版高中《53知识清单》彩色版（物理）/2027高中知识清单物理.pdf,57,公式密排,0.0209,44,0,0.0,26.8,6,公式 26.8/千字
PHYSICS,2027版高中《53知识清单》彩色版（物理）/2027高中知识清单物理.pdf,58,图密集,0.0253,35,0,0.001,12.1,3,【图】3
PHYSICS,2027版高中《53知识清单》彩色版（物理）/2027高中知识清单物理.pdf,59,表格式,0.0165,34,0,0.001,19.9,6,含表行
PHYSICS,2027版高中《53知识清单》彩色版（物理）/2027高中知识清单物理.pdf,60,公式密排,0.0255,37,0,0.001,27.9,4,公式 27.9/千字
PHYSICS,2027版高中《53知识清单》彩色版（物理）/2027高中知识清单物理.pdf,61,公式密排,0.0277,50,0,0.001,40.7,8,公式 40.7/千字
PHYSICS,2027版高中《53知识清单》彩色版（物理）/2027高中知识清单物理.pdf,62,公式密排,0.0246,46,0,0.0011,26.3,7,公式 26.3/千字
PHYSICS,2027版高中《53知识清单》彩色版（物理）/2027高中知识清单物理.pdf,63,公式密排,0.0216,46,0,0.0,36.8,3,公式 36.8/千字
PHYSICS,2027版高中《53知识清单》彩色版（物理）/2027高中知识清单物理.pdf,64,公式密排,0.0209,44,0,0.001,35.6,4,公式 35.6/千字
PHYSICS,2027版高中《53知识清单》彩色版（物理）/2027高中知识清单物理.pdf,65,公式密排,0.0254,47,0,0.0,33.1,3,公式 33.1/千字
PHYSICS,2027版高中《53知识清单》彩色版（物理）/2027高中知识清单物理.pdf,66,公式密排,0.0248,48,0,0.0,25.1,6,公式 25.1/千字
PHYSICS,2027版高中《53知识清单》彩色版（物理）/2027高中知识清单物理.pdf,67,表格式,0.0308,51,0,0.001,15.2,5,含表行
PHYSICS,2027版高中《53知识清单》彩色版（物理）/2027高中知识清单物理.pdf,68,公式密排,0.0261,47,0,0.0,32.6,6,公式 32.6/千字
PHYSICS,2027版高中《53知识清单》彩色版（物理）/2027高中知识清单物理.pdf,69,公式密排,0.0241,42,0,0.001,35.8,6,公式 35.8/千字
PHYSICS,2027版高中《53知识清单》彩色版（物理）/2027高中知识清单物理.pdf,70,公式密排,0.0345,32,0,0.0146,31.3,11,公式 31.3/千字
PHYSICS,2027版高中《53知识清单》彩色版（物理）/2027高中知识清单物理.pdf,71,表格式,0.0374,36,0,0.0043,6.7,8,含表行
PHYSICS,2027版高中《53知识清单》彩色版（物理）/2027高中知识清单物理.pdf,72,图密集,0.0324,38,0,0.0021,10.0,7,【图】7
PHYSICS,2027版高中《53知识清单》彩色版（物理）/2027高中知识清单物理.pdf,73,表格式,0.0322,39,0,0.0021,12.4,9,含表行
PHYSICS,2027版高中《53知识清单》彩色版（物理）/2027高中知识清单物理.pdf,74,图密集,0.036,35,0,0.0062,7.0,5,【图】5
PHYSICS,2027版高中《53知识清单》彩色版（物理）/2027高中知识清单物理.pdf,75,图密集,0.048,40,0,0.0151,7.3,9,【图】9
PHYSICS,2027版高中《53知识清单》彩色版（物理）/2027高中知识清单物理.pdf,76,图密集,0.0383,34,0,0.0086,13.1,10,【图】10
PHYSICS,2027版高中《53知识清单》彩色版（物理）/2027高中知识清单物理.pdf,77,图密集,0.03,44,0,0.0032,9.0,7,【图】7
PHYSICS,2027版高中《53知识清单》彩色版（物理）/2027高中知识清单物理.pdf,78,图密集,0.0319,38,0,0.0,13.4,10,【图】10
PHYSICS,2027版高中《53知识清单》彩色版（物理）/2027高中知识清单物理.pdf,79,表格式,0.0334,42,0,0.001,2.3,6,含表行
PHYSICS,2027版高中《53知识清单》彩色版（物理）/2027高中知识清单物理.pdf,80,图密集,0.0241,44,0,0.0021,10.9,9,【图】9
PHYSICS,2027版高中《53知识清单》彩色版（物理）/2027高中知识清单物理.pdf,81,图密集,0.0298,47,0,0.0022,16.0,4,【图】4
PHYSICS,2027版高中《53知识清单》彩色版（物理）/2027高中知识清单物理.pdf,82,图密集,0.0325,46,0,0.0032,10.9,10,【图】10
PHYSICS,2027版高中《53知识清单》彩色版（物理）/2027高中知识清单物理.pdf,83,表格式,0.0355,31,0,0.0073,11.9,6,含表行
PHYSICS,2027版高中《53知识清单》彩色版（物理）/2027高中知识清单物理.pdf,84,图密集,0.0274,42,0,0.001,7.2,6,【图】6
PHYSICS,2027版高中《53知识清单》彩色版（物理）/2027高中知识清单物理.pdf,85,图密集,0.0392,43,0,0.0011,15.0,4,【图】4
PHYSICS,2027版高中《53知识清单》彩色版（物理）/2027高中知识清单物理.pdf,86,公式密排,0.0298,48,0,0.001,25.4,3,公式 25.4/千字
PHYSICS,2027版高中《53知识清单》彩色版（物理）/2027高中知识清单物理.pdf,87,公式密排,0.0271,47,0,0.0011,25.5,7,公式 25.5/千字
PHYSICS,2027版高中《53知识清单》彩色版（物理）/2027高中知识清单物理.pdf,88,图密集,0.031,42,0,0.0,20.2,9,【图】9
PHYSICS,2027版高中《53知识清单》彩色版（物理）/2027高中知识清单物理.pdf,89,公式密排,0.0204,36,0,0.0,34.6,8,公式 34.6/千字
PHYSICS,2027版高中《53知识清单》彩色版（物理）/2027高中知识清单物理.pdf,90,公式密排,0.0218,44,0,0.0042,28.1,3,公式 28.1/千字
PHYSICS,2027版高中《53知识清单》彩色版（物理）/2027高中知识清单物理.pdf,91,表格式,0.0308,42,0,0.0,10.5,4,含表行
PHYSICS,2027版高中《53知识清单》彩色版（物理）/2027高中知识清单物理.pdf,92,公式密排,0.0334,39,0,0.0011,26.4,9,公式 26.4/千字
PHYSICS,2027版高中《53知识清单》彩色版（物理）/2027高中知识清单物理.pdf,93,公式密排,0.0362,41,0,0.0108,35.5,6,公式 35.5/千字
PHYSICS,2027版高中《53知识清单》彩色版（物理）/2027高中知识清单物理.pdf,94,公式密排,0.0322,45,0,0.0011,42.3,0,公式 42.3/千字
PHYSICS,2027版高中《53知识清单》彩色版（物理）/2027高中知识清单物理.pdf,95,表格式,0.0302,38,0,0.0021,22.0,3,含表行
PHYSICS,2027版高中《53知识清单》彩色版（物理）/2027高中知识清单物理.pdf,96,公式密排,0.0322,37,0,0.0022,41.2,7,公式 41.2/千字
PHYSICS,2027版高中《53知识清单》彩色版（物理）/2027高中知识清单物理.pdf,97,公式密排,0.0269,46,0,0.0,34.9,4,公式 34.9/千字
PHYSICS,2027版高中《53知识清单》彩色版（物理）/2027高中知识清单物理.pdf,98,公式密排,0.0307,38,0,0.0052,29.7,4,公式 29.7/千字
PHYSICS,2027版高中《53知识清单》彩色版（物理）/2027高中知识清单物理.pdf,99,图密集,0.021,29,0,0.001,12.1,9,【图】9
PHYSICS,2027版高中《53知识清单》彩色版（物理）/2027高中知识清单物理.pdf,100,图密集,0.0301,32,0,0.001,8.6,7,【图】7
PHYSICS,2027版高中《53知识清单》彩色版（物理）/2027高中知识清单物理.pdf,101,图密集,0.0343,49,0,0.0032,3.7,16,【图】16
PHYSICS,2027版高中《53知识清单》彩色版（物理）/2027高中知识清单物理.pdf,102,表格式,0.0309,45,0,0.0021,2.3,7,含表行
PHYSICS,2027版高中《53知识清单》彩色版（物理）/2027高中知识清单物理.pdf,103,表格式,0.0324,32,0,0.0076,3.0,9,含表行
PHYSICS,2027版高中《53知识清单》彩色版（物理）/2027高中知识清单物理.pdf,104,表格式,0.0399,39,0,0.0108,1.0,10,含表行
PHYSICS,2027版高中《53知识清单》彩色版（物理）/2027高中知识清单物理.pdf,105,表格式,0.0294,35,0,0.0086,0.4,8,含表行
PHYSICS,2027版高中《53知识清单》彩色版（物理）/2027高中知识清单物理.pdf,106,图密集,0.0247,45,0,0.0031,10.7,12,【图】12
PHYSICS,2027版高中《53知识清单》彩色版（物理）/2027高中知识清单物理.pdf,107,表格式,0.0244,36,0,0.0042,8.1,6,含表行
PHYSICS,2027版高中《53知识清单》彩色版（物理）/2027高中知识清单物理.pdf,108,表格式,0.0264,43,0,0.0042,9.6,9,含表行
PHYSICS,2027版高中《53知识清单》彩色版（物理）/2027高中知识清单物理.pdf,109,表格式,0.0246,35,0,0.0073,3.5,6,含表行
PHYSICS,2027版高中《53知识清单》彩色版（物理）/2027高中知识清单物理.pdf,110,表格式,0.0345,34,0,0.0162,9.0,4,含表行
PHYSICS,2027版高中《53知识清单》彩色版（物理）/2027高中知识清单物理.pdf,111,表格式,0.019,33,0,0.0065,5.6,11,含表行
PHYSICS,2027版高中《53知识清单》彩色版（物理）/2027高中知识清单物理.pdf,112,图密集,0.0191,53,0,0.0021,11.3,9,【图】9
PHYSICS,2027版高中《53知识清单》彩色版（物理）/2027高中知识清单物理.pdf,113,表格式,0.0221,49,0,0.0022,14.8,3,含表行
PHYSICS,2027版高中《53知识清单》彩色版（物理）/2027高中知识清单物理.pdf,114,叙述,0.0222,30,0,0.0062,14.4,2,行 30
PHYSICS,2027版高中《53知识清单》彩色版（物理）/2027高中知识清单物理.pdf,115,表格式,0.0376,36,0,0.0166,12.7,7,含表行
PHYSICS,2027版高中《53知识清单》彩色版（物理）/2027高中知识清单物理.pdf,116,表格式,0.0289,33,0,0.0054,6.8,4,含表行
PHYSICS,2027版高中《53知识清单》彩色版（物理）/2027高中知识清单物理.pdf,117,图密集,0.0278,40,0,0.0032,8.5,9,【图】9
PHYSICS,2027版高中《53知识清单》彩色版（物理）/2027高中知识清单物理.pdf,118,表格式,0.025,43,0,0.0032,14.6,6,含表行
PHYSICS,2027版高中《53知识清单》彩色版（物理）/2027高中知识清单物理.pdf,119,图密集,0.0218,40,0,0.0043,13.8,8,【图】8
PHYSICS,2027版高中《53知识清单》彩色版（物理）/2027高中知识清单物理.pdf,120,表格式,0.0442,33,0,0.0216,3.6,8,含表行
PHYSICS,2027版高中《53知识清单》彩色版（物理）/2027高中知识清单物理.pdf,121,表格式,0.0434,38,0,0.0166,1.8,5,含表行
PHYSICS,2027版高中《53知识清单》彩色版（物理）/2027高中知识清单物理.pdf,122,表格式,0.0342,40,0,0.0073,6.3,8,含表行
PHYSICS,2027版高中《53知识清单》彩色版（物理）/2027高中知识清单物理.pdf,123,图密集,0.0226,47,0,0.001,12.5,9,【图】9
PHYSICS,2027版高中《53知识清单》彩色版（物理）/2027高中知识清单物理.pdf,124,图密集,0.022,33,0,0.0021,16.4,5,【图】5
PHYSICS,2027版高中《53知识清单》彩色版（物理）/2027高中知识清单物理.pdf,125,图密集,0.0331,25,0,0.0208,10.4,3,【图】3
PHYSICS,2027版高中《53知识清单》彩色版（物理）/2027高中知识清单物理.pdf,126,表格式,0.0386,34,0,0.0229,10.5,4,含表行
PHYSICS,2027版高中《53知识清单》彩色版（物理）/2027高中知识清单物理.pdf,127,表格式,0.0472,27,0,0.0374,0.0,8,含表行
PHYSICS,2027版高中《53知识清单》彩色版（物理）/2027高中知识清单物理.pdf,128,表格式,0.0225,35,0,0.0031,0.0,6,含表行
PHYSICS,2027版高中《53知识清单》彩色版（物理）/2027高中知识清单物理.pdf,129,表格式,0.0238,36,0,0.0032,0.0,7,含表行
PHYSICS,2027版高中《53知识清单》彩色版（物理）/2027高中知识清单物理.pdf,130,表格式,0.048,34,0,0.0405,0.0,11,含表行
PHYSICS,2027版高中《53知识清单》彩色版（物理）/2027高中知识清单物理.pdf,131,表格式,0.0448,24,0,0.0281,0.0,9,含表行
PHYSICS,2027版高中《53知识清单》彩色版（物理）/2027高中知识清单物理.pdf,132,表格式,0.0263,35,0,0.0083,0.0,8,含表行
PHYSICS,2027版高中《53知识清单》彩色版（物理）/2027高中知识清单物理.pdf,133,表格式,0.0255,37,0,0.0022,0.0,5,含表行
PHYSICS,2027版高中《53知识清单》彩色版（物理）/2027高中知识清单物理.pdf,134,图密集,0.0222,36,0,0.0021,0.0,12,【图】12
PHYSICS,2027版高中《53知识清单》彩色版（物理）/2027高中知识清单物理.pdf,135,表格式,0.0265,38,0,0.0021,0.0,8,含表行
PHYSICS,2027版高中《53知识清单》彩色版（物理）/2027高中知识清单物理.pdf,136,图密集,0.0232,37,0,0.0031,0.0,11,【图】11
PHYSICS,2027版高中《53知识清单》彩色版（物理）/2027高中知识清单物理.pdf,137,图密集,0.031,41,0,0.0031,0.0,6,【图】6
PHYSICS,2027版高中《53知识清单》彩色版（物理）/2027高中知识清单物理.pdf,138,表格式,0.0324,43,0,0.0073,0.0,7,含表行
PHYSICS,2027版高中《53知识清单》彩色版（物理）/2027高中知识清单物理.pdf,139,表格式,0.0248,47,0,0.0031,0.0,9,含表行
PHYSICS,2027版高中《53知识清单》彩色版（物理）/2027高中知识清单物理.pdf,140,表格式,0.0239,42,0,0.0042,0.0,8,含表行
PHYSICS,2027版高中《53知识清单》彩色版（物理）/2027高中知识清单物理.pdf,141,表格式,0.0225,35,0,0.0021,4.3,7,含表行
PHYSICS,2027版高中《53知识清单》彩色版（物理）/2027高中知识清单物理.pdf,142,图密集,0.0306,43,0,0.0021,20.0,3,【图】3
PHYSICS,2027版高中《53知识清单》彩色版（物理）/2027高中知识清单物理.pdf,143,表格式,0.0198,39,0,0.0031,9.0,9,含表行
PHYSICS,2027版高中《53知识清单》彩色版（物理）/2027高中知识清单物理.pdf,144,图密集,0.027,39,0,0.0021,3.2,13,【图】13
PHYSICS,2027版高中《53知识清单》彩色版（物理）/2027高中知识清单物理.pdf,145,表格式,0.0273,44,0,0.0021,4.5,17,含表行
PHYSICS,2027版高中《53知识清单》彩色版（物理）/2027高中知识清单物理.pdf,146,表格式,0.024,35,0,0.0042,2.9,5,含表行
PHYSICS,2027版高中《53知识清单》彩色版（物理）/2027高中知识清单物理.pdf,147,表格式,0.0241,25,0,0.0052,8.8,7,含表行
PHYSICS,2027版高中《53知识清单》彩色版（物理）/2027高中知识清单物理.pdf,148,表格式,0.0208,36,0,0.0021,3.5,8,含表行
PHYSICS,2027版高中《53知识清单》彩色版（物理）/2027高中知识清单物理.pdf,149,表格式,0.0224,42,0,0.0021,3.3,9,含表行
PHYSICS,2027版高中《53知识清单》彩色版（物理）/2027高中知识清单物理.pdf,150,表格式,0.0144,30,0,0.0031,12.2,9,含表行
PHYSICS,2027版高中《53知识清单》彩色版（物理）/2027高中知识清单物理.pdf,151,表格式,0.0208,37,0,0.0031,8.3,12,含表行
PHYSICS,2027版高中《53知识清单》彩色版（物理）/2027高中知识清单物理.pdf,152,表格式,0.021,32,0,0.0052,1.2,6,含表行
PHYSICS,2027版高中《53知识清单》彩色版（物理）/2027高中知识清单物理.pdf,153,表格式,0.023,25,0,0.0052,0.4,8,含表行
PHYSICS,2027版高中《53知识清单》彩色版（物理）/2027高中知识清单物理.pdf,154,表格式,0.0253,33,0,0.0094,5.1,10,含表行
PHYSICS,2027版高中《53知识清单》彩色版（物理）/2027高中知识清单物理.pdf,155,公式密排,0.0475,37,0,0.0021,25.6,8,公式 25.6/千字
PHYSICS,2027版高中《53知识清单》彩色版（物理）/2027高中知识清单物理.pdf,156,公式密排,0.0418,42,0,0.0031,39.2,5,公式 39.2/千字
PHYSICS,2027版高中《53知识清单》彩色版（物理）/2027高中知识清单物理.pdf,157,表格式,0.0476,42,0,0.0094,24.2,6,含表行
PHYSICS,2027版高中《53知识清单》彩色版（物理）/2027高中知识清单物理.pdf,158,公式密排,0.0429,43,0,0.0104,31.4,9,公式 31.4/千字
PHYSICS,2027版高中《53知识清单》彩色版（物理）/2027高中知识清单物理.pdf,159,公式密排,0.0329,32,0,0.0031,31.8,6,公式 31.8/千字
PHYSICS,2027版高中《53知识清单》彩色版（物理）/2027高中知识清单物理.pdf,160,公式密排,0.0394,33,0,0.0021,31.1,4,公式 31.1/千字
PHYSICS,2027版高中《53知识清单》彩色版（物理）/2027高中知识清单物理.pdf,161,表格式,0.0398,37,0,0.0083,15.1,13,含表行
PHYSICS,2027版高中《53知识清单》彩色版（物理）/2027高中知识清单物理.pdf,162,公式密排,0.0424,42,0,0.0042,27.5,6,公式 27.5/千字
PHYSICS,2027版高中《53知识清单》彩色版（物理）/2027高中知识清单物理.pdf,163,表格式,0.0307,29,0,0.0146,2.8,8,含表行
PHYSICS,2027版高中《53知识清单》彩色版（物理）/2027高中知识清单物理.pdf,164,公式密排,0.0246,43,0,0.0021,32.2,4,公式 32.2/千字
PHYSICS,2027版高中《53知识清单》彩色版（物理）/2027高中知识清单物理.pdf,165,表格式,0.0373,29,0,0.0094,14.1,9,含表行
PHYSICS,2027版高中《53知识清单》彩色版（物理）/2027高中知识清单物理.pdf,166,表格式,0.0327,29,0,0.0125,22.9,12,含表行
PHYSICS,2027版高中《53知识清单》彩色版（物理）/2027高中知识清单物理.pdf,167,公式密排,0.0206,39,0,0.0031,26.3,6,公式 26.3/千字
PHYSICS,2027版高中《53知识清单》彩色版（物理）/2027高中知识清单物理.pdf,168,图密集,0.0288,47,0,0.0052,20.1,3,【图】3
PHYSICS,2027版高中《53知识清单》彩色版（物理）/2027高中知识清单物理.pdf,169,图密集,0.0316,46,0,0.0031,0.0,7,【图】7
PHYSICS,2027版高中《53知识清单》彩色版（物理）/2027高中知识清单物理.pdf,170,叙述,0.0188,42,0,0.0042,0.0,2,行 42
PHYSICS,2027版高中《53知识清单》彩色版（物理）/2027高中知识清单物理.pdf,171,图密集,0.0386,43,0,0.0042,0.0,4,【图】4
PHYSICS,2027版高中《53知识清单》彩色版（物理）/2027高中知识清单物理.pdf,172,叙述,0.0324,32,0,0.0052,0.0,2,行 32
PHYSICS,2027版高中《53知识清单》彩色版（物理）/2027高中知识清单物理.pdf,173,表格式,0.0298,32,0,0.0094,0.0,8,含表行
PHYSICS,2027版高中《53知识清单》彩色版（物理）/2027高中知识清单物理.pdf,174,图密集,0.0369,36,0,0.0083,0.0,8,【图】8
PHYSICS,2027版高中《53知识清单》彩色版（物理）/2027高中知识清单物理.pdf,175,图密集,0.0202,40,0,0.0042,0.0,6,【图】6
PHYSICS,2027版高中《53知识清单》彩色版（物理）/2027高中知识清单物理.pdf,176,图密集,0.0284,51,0,0.0042,0.0,3,【图】3
PHYSICS,2027版高中《53知识清单》彩色版（物理）/2027高中知识清单物理.pdf,177,叙述,0.0243,38,0,0.0031,0.0,2,行 38
PHYSICS,2027版高中《53知识清单》彩色版（物理）/2027高中知识清单物理.pdf,178,图密集,0.021,35,0,0.0042,0.0,3,【图】3
PHYSICS,2027版高中《53知识清单》彩色版（物理）/2027高中知识清单物理.pdf,179,图密集,0.0325,27,0,0.0177,0.0,7,【图】7
PHYSICS,2027版高中《53知识清单》彩色版（物理）/2027高中知识清单物理.pdf,180,图密集,0.045,35,0,0.0301,0.0,6,【图】6
PHYSICS,2027版高中《53知识清单》彩色版（物理）/2027高中知识清单物理.pdf,181,叙述,0.0338,43,0,0.0031,0.0,2,行 43
PHYSICS,2027版高中《53知识清单》彩色版（物理）/2027高中知识清单物理.pdf,182,图密集,0.0244,43,0,0.0042,0.0,6,【图】6
PHYSICS,2027版高中《53知识清单》彩色版（物理）/2027高中知识清单物理.pdf,183,图密集,0.031,49,0,0.0031,11.5,4,【图】4
PHYSICS,2027版高中《53知识清单》彩色版（物理）/2027高中知识清单物理.pdf,184,图密集,0.0315,38,0,0.0052,5.3,3,【图】3
PHYSICS,2027版高中《53知识清单》彩色版（物理）/2027高中知识清单物理.pdf,185,图密集,0.0284,34,0,0.0042,0.0,4,【图】4
PHYSICS,2027版高中《53知识清单》彩色版（物理）/2027高中知识清单物理.pdf,186,图密集,0.0221,32,0,0.0031,0.0,7,【图】7
PHYSICS,2027版高中《53知识清单》彩色版（物理）/2027高中知识清单物理.pdf,187,表格式,0.033,35,0,0.0031,14.1,6,含表行
PHYSICS,2027版高中《53知识清单》彩色版（物理）/2027高中知识清单物理.pdf,188,图密集,0.03,34,0,0.0042,3.4,7,【图】7
PHYSICS,2027版高中《53知识清单》彩色版（物理）/2027高中知识清单物理.pdf,189,图密集,0.0489,32,0,0.0156,7.3,10,【图】10
PHYSICS,2027版高中《53知识清单》彩色版（物理）/2027高中知识清单物理.pdf,190,图密集,0.0448,36,0,0.0146,4.3,4,【图】4
PHYSICS,2027版高中《53知识清单》彩色版（物理）/2027高中知识清单物理.pdf,191,表格式,0.0136,16,0,0.0021,12.0,3,含表行
PHYSICS,2027版高中《53知识清单》彩色版（物理）/2027高中知识清单物理.pdf,192,图密集,0.0235,44,0,0.0031,5.2,6,【图】6
PHYSICS,2027版高中《53知识清单》彩色版（物理）/2027高中知识清单物理.pdf,193,图密集,0.0323,45,0,0.0073,12.1,7,【图】7
PHYSICS,2027版高中《53知识清单》彩色版（物理）/2027高中知识清单物理.pdf,194,叙述,0.0275,35,0,0.0031,12.9,2,行 35
PHYSICS,2027版高中《53知识清单》彩色版（物理）/2027高中知识清单物理.pdf,195,图密集,0.046,30,0,0.0135,2.0,8,【图】8
PHYSICS,2027版高中《53知识清单》彩色版（物理）/2027高中知识清单物理.pdf,196,图密集,0.0449,28,0,0.0229,11.2,5,【图】5
PHYSICS,2027版高中《53知识清单》彩色版（物理）/2027高中知识清单物理.pdf,197,公式密排,0.0168,22,0,0.0031,27.4,4,公式 27.4/千字
PHYSICS,2027版高中《53知识清单》彩色版（物理）/2027高中知识清单物理.pdf,198,公式密排,0.0266,41,0,0.0031,34.5,10,公式 34.5/千字
PHYSICS,2027版高中《53知识清单》彩色版（物理）/2027高中知识清单物理.pdf,199,公式密排,0.0193,39,0,0.0021,41.9,10,公式 41.9/千字
PHYSICS,2027版高中《53知识清单》彩色版（物理）/2027高中知识清单物理.pdf,200,叙述,0.0066,23,0,0.0021,8.0,0,行 23
PHYSICS,2027版高中《53知识清单》彩色版（物理）/2027高中知识清单物理.pdf,201,表格式,0.0076,17,0,0.0031,8.5,0,含表行
PHYSICS,2027版高中《53知识清单》彩色版（物理）/2027高中知识清单物理.pdf,202,叙述,0.0192,29,0,0.0114,,,行 29
PHYSICS,2027版高中《53知识清单》彩色版（物理）/2027高中知识清单物理.pdf,203,未定,0.0751,5,0,0.078,,,信号弱（行 5）
CHEMISTRY,2027版高中《53知识清单》彩色版（化学）/2027高中知识清单化学.pdf,1,封面/扉页,0.2006,7,3,0.2526,0.0,2,前 3 页
CHEMISTRY,2027版高中《53知识清单》彩色版（化学）/2027高中知识清单化学.pdf,2,图密集,0.0084,38,0,0.0,0.0,5,【图】5
CHEMISTRY,2027版高中《53知识清单》彩色版（化学）/2027高中知识清单化学.pdf,3,表格式,0.0996,27,0,0.1019,0.0,4,含表行
CHEMISTRY,2027版高中《53知识清单》彩色版（化学）/2027高中知识清单化学.pdf,4,图密集,0.0265,56,0,0.0052,0.0,4,【图】4
CHEMISTRY,2027版高中《53知识清单》彩色版（化学）/2027高中知识清单化学.pdf,5,叙述,0.0285,53,0,0.0,0.0,0,行 53
CHEMISTRY,2027版高中《53知识清单》彩色版（化学）/2027高中知识清单化学.pdf,6,叙述,0.0264,53,0,0.0021,0.0,0,行 53
CHEMISTRY,2027版高中《53知识清单》彩色版（化学）/2027高中知识清单化学.pdf,7,叙述,0.0209,43,0,0.0021,0.0,0,行 43
CHEMISTRY,2027版高中《53知识清单》彩色版（化学）/2027高中知识清单化学.pdf,8,叙述,0.0203,55,0,0.0,0.0,0,行 55
CHEMISTRY,2027版高中《53知识清单》彩色版（化学）/2027高中知识清单化学.pdf,9,叙述,0.0165,55,0,0.0,0.0,0,行 55
CHEMISTRY,2027版高中《53知识清单》彩色版（化学）/2027高中知识清单化学.pdf,10,图密集,0.0262,36,0,0.0031,0.0,5,【图】5
CHEMISTRY,2027版高中《53知识清单》彩色版（化学）/2027高中知识清单化学.pdf,11,图密集,0.0268,32,0,0.0062,0.0,8,【图】8
CHEMISTRY,2027版高中《53知识清单》彩色版（化学）/2027高中知识清单化学.pdf,12,图密集,0.0209,36,0,0.0021,0.0,5,【图】5
CHEMISTRY,2027版高中《53知识清单》彩色版（化学）/2027高中知识清单化学.pdf,13,表格式,0.0304,44,0,0.0042,0.0,3,含表行
CHEMISTRY,2027版高中《53知识清单》彩色版（化学）/2027高中知识清单化学.pdf,14,图密集,0.0309,46,0,0.0021,0.0,5,【图】5
CHEMISTRY,2027版高中《53知识清单》彩色版（化学）/2027高中知识清单化学.pdf,15,表格式,0.0224,47,0,0.0042,0.0,4,含表行
CHEMISTRY,2027版高中《53知识清单》彩色版（化学）/2027高中知识清单化学.pdf,16,表格式,0.0249,44,0,0.0042,0.0,4,含表行
CHEMISTRY,2027版高中《53知识清单》彩色版（化学）/2027高中知识清单化学.pdf,17,表格式,0.0248,39,0,0.002,0.0,5,含表行
CHEMISTRY,2027版高中《53知识清单》彩色版（化学）/2027高中知识清单化学.pdf,18,表格式,0.0201,37,0,0.0042,0.0,8,含表行
CHEMISTRY,2027版高中《53知识清单》彩色版（化学）/2027高中知识清单化学.pdf,19,图密集,0.0291,48,0,0.0021,0.0,5,【图】5
CHEMISTRY,2027版高中《53知识清单》彩色版（化学）/2027高中知识清单化学.pdf,20,图密集,0.0358,45,0,0.0083,0.0,5,【图】5
CHEMISTRY,2027版高中《53知识清单》彩色版（化学）/2027高中知识清单化学.pdf,21,图密集,0.0191,41,0,0.001,0.0,7,【图】7
CHEMISTRY,2027版高中《53知识清单》彩色版（化学）/2027高中知识清单化学.pdf,22,图密集,0.0227,39,0,0.0031,0.0,4,【图】4
CHEMISTRY,2027版高中《53知识清单》彩色版（化学）/2027高中知识清单化学.pdf,23,图密集,0.0193,41,0,0.0031,0.0,6,【图】6
CHEMISTRY,2027版高中《53知识清单》彩色版（化学）/2027高中知识清单化学.pdf,24,图密集,0.0357,33,0,0.0229,0.0,4,【图】4
CHEMISTRY,2027版高中《53知识清单》彩色版（化学）/2027高中知识清单化学.pdf,25,图密集,0.017,30,0,0.0021,0.0,4,【图】4
CHEMISTRY,2027版高中《53知识清单》彩色版（化学）/2027高中知识清单化学.pdf,26,图密集,0.0379,40,0,0.027,0.0,6,【图】6
CHEMISTRY,2027版高中《53知识清单》彩色版（化学）/2027高中知识清单化学.pdf,27,叙述,0.0314,39,0,0.0021,,,行 39
CHEMISTRY,2027版高中《53知识清单》彩色版（化学）/2027高中知识清单化学.pdf,28,叙述,0.0311,35,0,0.0031,,,行 35
CHEMISTRY,2027版高中《53知识清单》彩色版（化学）/2027高中知识清单化学.pdf,29,表格式,0.0258,52,0,0.0021,13.4,6,含表行
CHEMISTRY,2027版高中《53知识清单》彩色版（化学）/2027高中知识清单化学.pdf,30,表格式,0.0247,51,0,0.001,12.6,6,含表行
CHEMISTRY,2027版高中《53知识清单》彩色版（化学）/2027高中知识清单化学.pdf,31,表格式,0.0271,39,0,0.0021,2.1,5,含表行
CHEMISTRY,2027版高中《53知识清单》彩色版（化学）/2027高中知识清单化学.pdf,32,图密集,0.0285,37,0,0.0042,4.0,4,【图】4
CHEMISTRY,2027版高中《53知识清单》彩色版（化学）/2027高中知识清单化学.pdf,33,表格式,0.0207,41,0,0.0021,4.7,8,含表行
CHEMISTRY,2027版高中《53知识清单》彩色版（化学）/2027高中知识清单化学.pdf,34,表格式,0.0272,41,0,0.0021,4.6,8,含表行
CHEMISTRY,2027版高中《53知识清单》彩色版（化学）/2027高中知识清单化学.pdf,35,表格式,0.0212,39,0,0.0021,7.3,4,含表行
CHEMISTRY,2027版高中《53知识清单》彩色版（化学）/2027高中知识清单化学.pdf,36,表格式,0.0201,45,0,0.001,0.0,5,含表行
CHEMISTRY,2027版高中《53知识清单》彩色版（化学）/2027高中知识清单化学.pdf,37,表格式,0.0362,42,0,0.0104,6.1,4,含表行
CHEMISTRY,2027版高中《53知识清单》彩色版（化学）/2027高中知识清单化学.pdf,38,表格式,0.0317,38,0,0.0021,7.0,2,含表行
CHEMISTRY,2027版高中《53知识清单》彩色版（化学）/2027高中知识清单化学.pdf,39,表格式,0.0201,48,0,0.0021,1.6,3,含表行
CHEMISTRY,2027版高中《53知识清单》彩色版（化学）/2027高中知识清单化学.pdf,40,表格式,0.0204,28,0,0.0052,0.0,9,含表行
CHEMISTRY,2027版高中《53知识清单》彩色版（化学）/2027高中知识清单化学.pdf,41,表格式,0.0233,44,0,0.0021,0.0,11,含表行
CHEMISTRY,2027版高中《53知识清单》彩色版（化学）/2027高中知识清单化学.pdf,42,表格式,0.0177,41,0,0.001,1.1,11,含表行
CHEMISTRY,2027版高中《53知识清单》彩色版（化学）/2027高中知识清单化学.pdf,43,表格式,0.0204,37,0,0.0032,0.0,9,含表行
CHEMISTRY,2027版高中《53知识清单》彩色版（化学）/2027高中知识清单化学.pdf,44,表格式,0.03,34,0,0.0094,0.0,3,含表行
CHEMISTRY,2027版高中《53知识清单》彩色版（化学）/2027高中知识清单化学.pdf,45,表格式,0.0242,45,0,0.0043,0.0,6,含表行
CHEMISTRY,2027版高中《53知识清单》彩色版（化学）/2027高中知识清单化学.pdf,46,表格式,0.0214,44,0,0.0021,0.0,8,含表行
CHEMISTRY,2027版高中《53知识清单》彩色版（化学）/2027高中知识清单化学.pdf,47,表格式,0.0181,44,0,0.0021,0.0,5,含表行
CHEMISTRY,2027版高中《53知识清单》彩色版（化学）/2027高中知识清单化学.pdf,48,表格式,0.0198,47,0,0.0022,0.0,5,含表行
CHEMISTRY,2027版高中《53知识清单》彩色版（化学）/2027高中知识清单化学.pdf,49,表格式,0.0226,41,0,0.0022,0.0,13,含表行
CHEMISTRY,2027版高中《53知识清单》彩色版（化学）/2027高中知识清单化学.pdf,50,表格式,0.0224,35,0,0.0021,0.0,5,含表行
CHEMISTRY,2027版高中《53知识清单》彩色版（化学）/2027高中知识清单化学.pdf,51,表格式,0.0322,31,0,0.0146,0.0,7,含表行
CHEMISTRY,2027版高中《53知识清单》彩色版（化学）/2027高中知识清单化学.pdf,52,表格式,0.0107,31,0,0.0,0.0,6,含表行
CHEMISTRY,2027版高中《53知识清单》彩色版（化学）/2027高中知识清单化学.pdf,53,表格式,0.015,38,0,0.0,0.0,3,含表行
CHEMISTRY,2027版高中《53知识清单》彩色版（化学）/2027高中知识清单化学.pdf,54,表格式,0.0192,44,0,0.0011,0.0,5,含表行
CHEMISTRY,2027版高中《53知识清单》彩色版（化学）/2027高中知识清单化学.pdf,55,表格式,0.0147,29,0,0.0,0.0,8,含表行
CHEMISTRY,2027版高中《53知识清单》彩色版（化学）/2027高中知识清单化学.pdf,56,表格式,0.0222,49,0,0.001,0.0,5,含表行
CHEMISTRY,2027版高中《53知识清单》彩色版（化学）/2027高中知识清单化学.pdf,57,叙述,0.019,32,0,0.001,18.8,2,行 32
CHEMISTRY,2027版高中《53知识清单》彩色版（化学）/2027高中知识清单化学.pdf,58,表格式,0.0148,35,0,0.0,17.0,7,含表行
CHEMISTRY,2027版高中《53知识清单》彩色版（化学）/2027高中知识清单化学.pdf,59,表格式,0.0215,42,0,0.001,16.4,8,含表行
CHEMISTRY,2027版高中《53知识清单》彩色版（化学）/2027高中知识清单化学.pdf,60,表格式,0.0268,46,0,0.001,22.4,5,含表行
CHEMISTRY,2027版高中《53知识清单》彩色版（化学）/2027高中知识清单化学.pdf,61,图密集,0.0329,41,0,0.0021,24.8,6,【图】6
CHEMISTRY,2027版高中《53知识清单》彩色版（化学）/2027高中知识清单化学.pdf,62,公式密排,0.0291,51,0,0.0,37.1,3,公式 37.1/千字
CHEMISTRY,2027版高中《53知识清单》彩色版（化学）/2027高中知识清单化学.pdf,63,表格式,0.0218,39,0,0.001,12.2,6,含表行
CHEMISTRY,2027版高中《53知识清单》彩色版（化学）/2027高中知识清单化学.pdf,64,表格式,0.0232,41,0,0.0,14.8,5,含表行
CHEMISTRY,2027版高中《53知识清单》彩色版（化学）/2027高中知识清单化学.pdf,65,表格式,0.0268,45,0,0.001,12.4,4,含表行
CHEMISTRY,2027版高中《53知识清单》彩色版（化学）/2027高中知识清单化学.pdf,66,表格式,0.028,40,0,0.0011,6.9,4,含表行
CHEMISTRY,2027版高中《53知识清单》彩色版（化学）/2027高中知识清单化学.pdf,67,表格式,0.0223,46,0,0.0021,9.4,8,含表行
CHEMISTRY,2027版高中《53知识清单》彩色版（化学）/2027高中知识清单化学.pdf,68,叙述,0.0263,45,0,0.0021,,,行 45
CHEMISTRY,2027版高中《53知识清单》彩色版（化学）/2027高中知识清单化学.pdf,69,叙述,0.0273,49,0,0.0,,,行 49
CHEMISTRY,2027版高中《53知识清单》彩色版（化学）/2027高中知识清单化学.pdf,70,叙述,0.0266,37,0,0.0031,,,行 37
CHEMISTRY,2027版高中《53知识清单》彩色版（化学）/2027高中知识清单化学.pdf,71,表格式,0.0283,45,0,0.001,0.0,2,含表行
CHEMISTRY,2027版高中《53知识清单》彩色版（化学）/2027高中知识清单化学.pdf,72,表格式,0.024,50,0,0.0,0.0,2,含表行
CHEMISTRY,2027版高中《53知识清单》彩色版（化学）/2027高中知识清单化学.pdf,73,图密集,0.0272,41,0,0.0,0.0,4,【图】4
CHEMISTRY,2027版高中《53知识清单》彩色版（化学）/2027高中知识清单化学.pdf,74,表格式,0.0156,42,0,0.0,0.0,4,含表行
CHEMISTRY,2027版高中《53知识清单》彩色版（化学）/2027高中知识清单化学.pdf,75,表格式,0.024,47,0,0.001,0.0,3,含表行
CHEMISTRY,2027版高中《53知识清单》彩色版（化学）/2027高中知识清单化学.pdf,76,表格式,0.0224,37,0,0.0,0.0,13,含表行
CHEMISTRY,2027版高中《53知识清单》彩色版（化学）/2027高中知识清单化学.pdf,77,图密集,0.0263,46,0,0.0,0.0,8,【图】8
CHEMISTRY,2027版高中《53知识清单》彩色版（化学）/2027高中知识清单化学.pdf,78,表格式,0.0177,39,0,0.001,0.0,11,含表行
CHEMISTRY,2027版高中《53知识清单》彩色版（化学）/2027高中知识清单化学.pdf,79,表格式,0.0322,23,0,0.0239,0.0,17,含表行
CHEMISTRY,2027版高中《53知识清单》彩色版（化学）/2027高中知识清单化学.pdf,80,表格式,0.0248,44,0,0.0032,0.0,9,含表行
CHEMISTRY,2027版高中《53知识清单》彩色版（化学）/2027高中知识清单化学.pdf,81,表格式,0.0198,45,0,0.0,0.0,12,含表行
CHEMISTRY,2027版高中《53知识清单》彩色版（化学）/2027高中知识清单化学.pdf,82,表格式,0.0226,45,0,0.0021,0.0,8,含表行
CHEMISTRY,2027版高中《53知识清单》彩色版（化学）/2027高中知识清单化学.pdf,83,表格式,0.017,36,0,0.0,0.0,4,含表行
CHEMISTRY,2027版高中《53知识清单》彩色版（化学）/2027高中知识清单化学.pdf,84,表格式,0.0371,41,0,0.013,0.0,9,含表行
CHEMISTRY,2027版高中《53知识清单》彩色版（化学）/2027高中知识清单化学.pdf,85,图密集,0.0252,45,0,0.0,2.6,6,【图】6
CHEMISTRY,2027版高中《53知识清单》彩色版（化学）/2027高中知识清单化学.pdf,86,表格式,0.0256,41,0,0.0043,3.7,4,含表行
CHEMISTRY,2027版高中《53知识清单》彩色版（化学）/2027高中知识清单化学.pdf,87,表格式,0.0344,33,0,0.0249,0.0,3,含表行
CHEMISTRY,2027版高中《53知识清单》彩色版（化学）/2027高中知识清单化学.pdf,88,表格式,0.0225,40,0,0.0,2.9,8,含表行
CHEMISTRY,2027版高中《53知识清单》彩色版（化学）/2027高中知识清单化学.pdf,89,表格式,0.0238,43,0,0.0021,2.6,7,含表行
CHEMISTRY,2027版高中《53知识清单》彩色版（化学）/2027高中知识清单化学.pdf,90,表格式,0.0358,42,0,0.0173,2.6,7,含表行
CHEMISTRY,2027版高中《53知识清单》彩色版（化学）/2027高中知识清单化学.pdf,91,表格式,0.0395,45,0,0.0104,0.0,7,含表行
CHEMISTRY,2027版高中《53知识清单》彩色版（化学）/2027高中知识清单化学.pdf,92,表格式,0.0423,40,0,0.013,0.8,8,含表行
CHEMISTRY,2027版高中《53知识清单》彩色版（化学）/2027高中知识清单化学.pdf,93,表格式,0.0351,50,0,0.0031,0.4,5,含表行
CHEMISTRY,2027版高中《53知识清单》彩色版（化学）/2027高中知识清单化学.pdf,94,叙述,0.0298,44,0,0.0011,,,行 44
CHEMISTRY,2027版高中《53知识清单》彩色版（化学）/2027高中知识清单化学.pdf,95,叙述,0.0394,36,0,0.0086,,,行 36
CHEMISTRY,2027版高中《53知识清单》彩色版（化学）/2027高中知识清单化学.pdf,96,叙述,0.0306,43,0,0.0022,,,行 43
CHEMISTRY,2027版高中《53知识清单》彩色版（化学）/2027高中知识清单化学.pdf,97,叙述,0.0439,31,0,0.0011,,,行 31
CHEMISTRY,2027版高中《53知识清单》彩色版（化学）/2027高中知识清单化学.pdf,98,叙述,0.0343,33,0,0.0032,,,行 33
CHEMISTRY,2027版高中《53知识清单》彩色版（化学）/2027高中知识清单化学.pdf,99,表格式,0.0248,46,0,0.0022,12.9,5,含表行
CHEMISTRY,2027版高中《53知识清单》彩色版（化学）/2027高中知识清单化学.pdf,100,图密集,0.0201,34,0,0.0011,7.2,4,【图】4
CHEMISTRY,2027版高中《53知识清单》彩色版（化学）/2027高中知识清单化学.pdf,101,叙述,0.0161,35,0,0.0011,5.4,2,行 35
CHEMISTRY,2027版高中《53知识清单》彩色版（化学）/2027高中知识清单化学.pdf,102,图密集,0.0179,41,0,0.0011,3.5,3,【图】3
CHEMISTRY,2027版高中《53知识清单》彩色版（化学）/2027高中知识清单化学.pdf,103,图密集,0.0143,34,0,0.0,5.9,5,【图】5
CHEMISTRY,2027版高中《53知识清单》彩色版（化学）/2027高中知识清单化学.pdf,104,图密集,0.0114,45,0,0.0011,6.5,9,【图】9
CHEMISTRY,2027版高中《53知识清单》彩色版（化学）/2027高中知识清单化学.pdf,105,叙述,0.0196,41,0,0.0,,,行 41
CHEMISTRY,2027版高中《53知识清单》彩色版（化学）/2027高中知识清单化学.pdf,106,叙述,0.0166,37,0,0.0022,,,行 37
CHEMISTRY,2027版高中《53知识清单》彩色版（化学）/2027高中知识清单化学.pdf,107,叙述,0.0218,37,0,0.0032,,,行 37
CHEMISTRY,2027版高中《53知识清单》彩色版（化学）/2027高中知识清单化学.pdf,108,叙述,0.0187,49,0,0.0011,,,行 49
CHEMISTRY,2027版高中《53知识清单》彩色版（化学）/2027高中知识清单化学.pdf,109,叙述,0.009,21,0,0.0022,,,行 21
CHEMISTRY,2027版高中《53知识清单》彩色版（化学）/2027高中知识清单化学.pdf,110,叙述,0.0247,45,0,0.0,,,行 45
CHEMISTRY,2027版高中《53知识清单》彩色版（化学）/2027高中知识清单化学.pdf,111,叙述,0.018,39,0,0.0022,,,行 39
CHEMISTRY,2027版高中《53知识清单》彩色版（化学）/2027高中知识清单化学.pdf,112,叙述,0.02,59,0,0.0,,,行 59
CHEMISTRY,2027版高中《53知识清单》彩色版（化学）/2027高中知识清单化学.pdf,113,叙述,0.0226,45,0,0.0011,,,行 45
CHEMISTRY,2027版高中《53知识清单》彩色版（化学）/2027高中知识清单化学.pdf,114,叙述,0.0264,40,0,0.0011,,,行 40
CHEMISTRY,2027版高中《53知识清单》彩色版（化学）/2027高中知识清单化学.pdf,115,叙述,0.0235,41,0,0.0011,,,行 41
CHEMISTRY,2027版高中《53知识清单》彩色版（化学）/2027高中知识清单化学.pdf,116,叙述,0.0247,49,0,0.0,,,行 49
CHEMISTRY,2027版高中《53知识清单》彩色版（化学）/2027高中知识清单化学.pdf,117,叙述,0.0278,47,0,0.0,,,行 47
CHEMISTRY,2027版高中《53知识清单》彩色版（化学）/2027高中知识清单化学.pdf,118,叙述,0.0234,38,0,0.0011,,,行 38
CHEMISTRY,2027版高中《53知识清单》彩色版（化学）/2027高中知识清单化学.pdf,119,叙述,0.0246,42,0,0.0062,,,行 42
CHEMISTRY,2027版高中《53知识清单》彩色版（化学）/2027高中知识清单化学.pdf,120,叙述,0.0242,46,0,0.0022,,,行 46
CHEMISTRY,2027版高中《53知识清单》彩色版（化学）/2027高中知识清单化学.pdf,121,叙述,0.0301,46,0,0.0,,,行 46
CHEMISTRY,2027版高中《53知识清单》彩色版（化学）/2027高中知识清单化学.pdf,122,叙述,0.0317,37,0,0.0022,,,行 37
CHEMISTRY,2027版高中《53知识清单》彩色版（化学）/2027高中知识清单化学.pdf,123,叙述,0.0246,46,0,0.0,,,行 46
CHEMISTRY,2027版高中《53知识清单》彩色版（化学）/2027高中知识清单化学.pdf,124,叙述,0.029,36,0,0.0022,,,行 36
CHEMISTRY,2027版高中《53知识清单》彩色版（化学）/2027高中知识清单化学.pdf,125,叙述,0.0307,33,0,0.0086,,,行 33
CHEMISTRY,2027版高中《53知识清单》彩色版（化学）/2027高中知识清单化学.pdf,126,叙述,0.0281,35,0,0.0,,,行 35
CHEMISTRY,2027版高中《53知识清单》彩色版（化学）/2027高中知识清单化学.pdf,127,叙述,0.0205,39,0,0.0,,,行 39
CHEMISTRY,2027版高中《53知识清单》彩色版（化学）/2027高中知识清单化学.pdf,128,叙述,0.0189,45,0,0.0011,,,行 45
CHEMISTRY,2027版高中《53知识清单》彩色版（化学）/2027高中知识清单化学.pdf,129,叙述,0.0343,36,0,0.0065,,,行 36
CHEMISTRY,2027版高中《53知识清单》彩色版（化学）/2027高中知识清单化学.pdf,130,叙述,0.0201,45,0,0.0022,,,行 45
CHEMISTRY,2027版高中《53知识清单》彩色版（化学）/2027高中知识清单化学.pdf,131,叙述,0.025,49,0,0.0022,,,行 49
CHEMISTRY,2027版高中《53知识清单》彩色版（化学）/2027高中知识清单化学.pdf,132,叙述,0.0224,37,0,0.0073,,,行 37
CHEMISTRY,2027版高中《53知识清单》彩色版（化学）/2027高中知识清单化学.pdf,133,叙述,0.0219,40,0,0.0022,,,行 40
CHEMISTRY,2027版高中《53知识清单》彩色版（化学）/2027高中知识清单化学.pdf,134,叙述,0.0257,41,0,0.0022,,,行 41
CHEMISTRY,2027版高中《53知识清单》彩色版（化学）/2027高中知识清单化学.pdf,135,叙述,0.0233,41,0,0.0043,,,行 41
CHEMISTRY,2027版高中《53知识清单》彩色版（化学）/2027高中知识清单化学.pdf,136,叙述,0.0211,43,0,0.0022,,,行 43
CHEMISTRY,2027版高中《53知识清单》彩色版（化学）/2027高中知识清单化学.pdf,137,叙述,0.0249,39,0,0.0052,,,行 39
CHEMISTRY,2027版高中《53知识清单》彩色版（化学）/2027高中知识清单化学.pdf,138,叙述,0.0229,32,0,0.0021,,,行 32
CHEMISTRY,2027版高中《53知识清单》彩色版（化学）/2027高中知识清单化学.pdf,139,叙述,0.0316,49,0,0.0062,,,行 49
CHEMISTRY,2027版高中《53知识清单》彩色版（化学）/2027高中知识清单化学.pdf,140,叙述,0.0438,37,0,0.0119,,,行 37
CHEMISTRY,2027版高中《53知识清单》彩色版（化学）/2027高中知识清单化学.pdf,141,叙述,0.0409,42,0,0.0151,,,行 42
CHEMISTRY,2027版高中《53知识清单》彩色版（化学）/2027高中知识清单化学.pdf,142,叙述,0.0462,33,0,0.0346,,,行 33
CHEMISTRY,2027版高中《53知识清单》彩色版（化学）/2027高中知识清单化学.pdf,143,叙述,0.0303,38,0,0.0083,,,行 38
CHEMISTRY,2027版高中《53知识清单》彩色版（化学）/2027高中知识清单化学.pdf,144,叙述,0.0329,43,0,0.0198,,,行 43
CHEMISTRY,2027版高中《53知识清单》彩色版（化学）/2027高中知识清单化学.pdf,145,叙述,0.0259,48,0,0.0021,,,行 48
CHEMISTRY,2027版高中《53知识清单》彩色版（化学）/2027高中知识清单化学.pdf,146,叙述,0.0254,41,0,0.0032,,,行 41
CHEMISTRY,2027版高中《53知识清单》彩色版（化学）/2027高中知识清单化学.pdf,147,叙述,0.0306,35,0,0.0021,,,行 35
CHEMISTRY,2027版高中《53知识清单》彩色版（化学）/2027高中知识清单化学.pdf,148,叙述,0.0337,41,0,0.0022,,,行 41
CHEMISTRY,2027版高中《53知识清单》彩色版（化学）/2027高中知识清单化学.pdf,149,叙述,0.021,36,0,0.0,,,行 36
CHEMISTRY,2027版高中《53知识清单》彩色版（化学）/2027高中知识清单化学.pdf,150,叙述,0.03,37,0,0.0032,,,行 37
CHEMISTRY,2027版高中《53知识清单》彩色版（化学）/2027高中知识清单化学.pdf,151,叙述,0.0241,40,0,0.0022,,,行 40
CHEMISTRY,2027版高中《53知识清单》彩色版（化学）/2027高中知识清单化学.pdf,152,叙述,0.0225,46,0,0.0021,,,行 46
CHEMISTRY,2027版高中《53知识清单》彩色版（化学）/2027高中知识清单化学.pdf,153,叙述,0.0267,39,0,0.0054,,,行 39
CHEMISTRY,2027版高中《53知识清单》彩色版（化学）/2027高中知识清单化学.pdf,154,叙述,0.0327,45,0,0.0021,,,行 45
CHEMISTRY,2027版高中《53知识清单》彩色版（化学）/2027高中知识清单化学.pdf,155,图密集,0.0246,36,0,0.0011,0.0,3,【图】3
CHEMISTRY,2027版高中《53知识清单》彩色版（化学）/2027高中知识清单化学.pdf,156,图密集,0.0154,39,0,0.001,0.0,6,【图】6
CHEMISTRY,2027版高中《53知识清单》彩色版（化学）/2027高中知识清单化学.pdf,157,叙述,0.0157,39,0,0.0031,,,行 39
CHEMISTRY,2027版高中《53知识清单》彩色版（化学）/2027高中知识清单化学.pdf,158,叙述,0.0229,35,0,0.0125,,,行 35
CHEMISTRY,2027版高中《53知识清单》彩色版（化学）/2027高中知识清单化学.pdf,159,叙述,0.0156,34,0,0.001,,,行 34
CHEMISTRY,2027版高中《53知识清单》彩色版（化学）/2027高中知识清单化学.pdf,160,叙述,0.018,46,0,0.001,,,行 46
CHEMISTRY,2027版高中《53知识清单》彩色版（化学）/2027高中知识清单化学.pdf,161,叙述,0.0137,20,0,0.001,,,行 20
CHEMISTRY,2027版高中《53知识清单》彩色版（化学）/2027高中知识清单化学.pdf,162,叙述,0.023,36,0,0.0083,,,行 36
CHEMISTRY,2027版高中《53知识清单》彩色版（化学）/2027高中知识清单化学.pdf,163,叙述,0.0366,38,0,0.0097,,,行 38
CHEMISTRY,2027版高中《53知识清单》彩色版（化学）/2027高中知识清单化学.pdf,164,叙述,0.017,34,0,0.001,,,行 34
CHEMISTRY,2027版高中《53知识清单》彩色版（化学）/2027高中知识清单化学.pdf,165,叙述,0.0237,47,0,0.001,,,行 47
CHEMISTRY,2027版高中《53知识清单》彩色版（化学）/2027高中知识清单化学.pdf,166,叙述,0.0284,45,0,0.0043,,,行 45
CHEMISTRY,2027版高中《53知识清单》彩色版（化学）/2027高中知识清单化学.pdf,167,叙述,0.0267,37,0,0.0022,,,行 37
CHEMISTRY,2027版高中《53知识清单》彩色版（化学）/2027高中知识清单化学.pdf,168,叙述,0.019,40,0,0.001,,,行 40
CHEMISTRY,2027版高中《53知识清单》彩色版（化学）/2027高中知识清单化学.pdf,169,图密集,0.0364,37,0,0.0042,16.1,5,【图】5
CHEMISTRY,2027版高中《53知识清单》彩色版（化学）/2027高中知识清单化学.pdf,170,叙述,0.023,33,0,0.001,,,行 33
CHEMISTRY,2027版高中《53知识清单》彩色版（化学）/2027高中知识清单化学.pdf,171,叙述,0.0184,31,0,0.0021,,,行 31
CHEMISTRY,2027版高中《53知识清单》彩色版（化学）/2027高中知识清单化学.pdf,172,叙述,0.022,32,0,0.001,,,行 32
CHEMISTRY,2027版高中《53知识清单》彩色版（化学）/2027高中知识清单化学.pdf,173,叙述,0.0131,28,0,0.0021,,,行 28
CHEMISTRY,2027版高中《53知识清单》彩色版（化学）/2027高中知识清单化学.pdf,174,叙述,0.0226,47,0,0.0011,,,行 47
CHEMISTRY,2027版高中《53知识清单》彩色版（化学）/2027高中知识清单化学.pdf,175,叙述,0.0238,34,0,0.0021,,,行 34
CHEMISTRY,2027版高中《53知识清单》彩色版（化学）/2027高中知识清单化学.pdf,176,叙述,0.0195,49,0,0.001,,,行 49
CHEMISTRY,2027版高中《53知识清单》彩色版（化学）/2027高中知识清单化学.pdf,177,叙述,0.0195,34,0,0.0021,,,行 34
CHEMISTRY,2027版高中《53知识清单》彩色版（化学）/2027高中知识清单化学.pdf,178,叙述,0.0231,37,0,0.001,,,行 37
CHEMISTRY,2027版高中《53知识清单》彩色版（化学）/2027高中知识清单化学.pdf,179,叙述,0.0175,37,0,0.001,,,行 37
CHEMISTRY,2027版高中《53知识清单》彩色版（化学）/2027高中知识清单化学.pdf,180,叙述,0.0232,39,0,0.0021,,,行 39
CHEMISTRY,2027版高中《53知识清单》彩色版（化学）/2027高中知识清单化学.pdf,181,叙述,0.0171,42,0,0.0011,,,行 42
CHEMISTRY,2027版高中《53知识清单》彩色版（化学）/2027高中知识清单化学.pdf,182,叙述,0.0164,34,0,0.001,,,行 34
CHEMISTRY,2027版高中《53知识清单》彩色版（化学）/2027高中知识清单化学.pdf,183,叙述,0.0217,37,0,0.0021,,,行 37
CHEMISTRY,2027版高中《53知识清单》彩色版（化学）/2027高中知识清单化学.pdf,184,叙述,0.0232,46,0,0.0042,,,行 46
CHEMISTRY,2027版高中《53知识清单》彩色版（化学）/2027高中知识清单化学.pdf,185,叙述,0.0157,43,0,0.0021,,,行 43
CHEMISTRY,2027版高中《53知识清单》彩色版（化学）/2027高中知识清单化学.pdf,186,叙述,0.0187,35,0,0.0031,,,行 35
CHEMISTRY,2027版高中《53知识清单》彩色版（化学）/2027高中知识清单化学.pdf,187,叙述,0.0326,39,0,0.001,,,行 39
CHEMISTRY,2027版高中《53知识清单》彩色版（化学）/2027高中知识清单化学.pdf,188,叙述,0.0252,41,0,0.0021,,,行 41
CHEMISTRY,2027版高中《53知识清单》彩色版（化学）/2027高中知识清单化学.pdf,189,叙述,0.0283,39,0,0.0032,,,行 39
CHEMISTRY,2027版高中《53知识清单》彩色版（化学）/2027高中知识清单化学.pdf,190,叙述,0.0212,35,0,0.0021,,,行 35
CHEMISTRY,2027版高中《53知识清单》彩色版（化学）/2027高中知识清单化学.pdf,191,叙述,0.0273,36,0,0.0021,,,行 36
CHEMISTRY,2027版高中《53知识清单》彩色版（化学）/2027高中知识清单化学.pdf,192,叙述,0.0228,43,0,0.0042,,,行 43
CHEMISTRY,2027版高中《53知识清单》彩色版（化学）/2027高中知识清单化学.pdf,193,叙述,0.024,40,0,0.0031,,,行 40
CHEMISTRY,2027版高中《53知识清单》彩色版（化学）/2027高中知识清单化学.pdf,194,叙述,0.0244,43,0,0.0021,,,行 43
CHEMISTRY,2027版高中《53知识清单》彩色版（化学）/2027高中知识清单化学.pdf,195,叙述,0.0254,39,0,0.0031,,,行 39
CHEMISTRY,2027版高中《53知识清单》彩色版（化学）/2027高中知识清单化学.pdf,196,叙述,0.0182,41,0,0.001,,,行 41
CHEMISTRY,2027版高中《53知识清单》彩色版（化学）/2027高中知识清单化学.pdf,197,叙述,0.0278,45,0,0.0022,,,行 45
CHEMISTRY,2027版高中《53知识清单》彩色版（化学）/2027高中知识清单化学.pdf,198,叙述,0.0204,31,0,0.0021,,,行 31
CHEMISTRY,2027版高中《53知识清单》彩色版（化学）/2027高中知识清单化学.pdf,199,叙述,0.0206,39,0,0.0021,,,行 39
CHEMISTRY,2027版高中《53知识清单》彩色版（化学）/2027高中知识清单化学.pdf,200,叙述,0.0233,40,0,0.0021,,,行 40
CHEMISTRY,2027版高中《53知识清单》彩色版（化学）/2027高中知识清单化学.pdf,201,叙述,0.0075,21,0,0.0021,,,行 21
CHEMISTRY,2027版高中《53知识清单》彩色版（化学）/2027高中知识清单化学.pdf,202,叙述,0.0232,34,0,0.0021,,,行 34
CHEMISTRY,2027版高中《53知识清单》彩色版（化学）/2027高中知识清单化学.pdf,203,叙述,0.0087,23,0,0.0021,,,行 23
CHEMISTRY,2027版高中《53知识清单》彩色版（化学）/2027高中知识清单化学.pdf,204,叙述,0.0201,43,0,0.0,,,行 43
CHEMISTRY,2027版高中《53知识清单》彩色版（化学）/2027高中知识清单化学.pdf,205,叙述,0.014,35,0,0.0021,,,行 35
CHEMISTRY,2027版高中《53知识清单》彩色版（化学）/2027高中知识清单化学.pdf,206,叙述,0.0158,28,0,0.0022,,,行 28
CHEMISTRY,2027版高中《53知识清单》彩色版（化学）/2027高中知识清单化学.pdf,207,叙述,0.021,41,0,0.0011,,,行 41
CHEMISTRY,2027版高中《53知识清单》彩色版（化学）/2027高中知识清单化学.pdf,208,叙述,0.0197,35,0,0.0021,,,行 35
CHEMISTRY,2027版高中《53知识清单》彩色版（化学）/2027高中知识清单化学.pdf,209,叙述,0.0147,32,0,0.0021,,,行 32
CHEMISTRY,2027版高中《53知识清单》彩色版（化学）/2027高中知识清单化学.pdf,210,叙述,0.0136,42,0,0.0021,,,行 42
CHEMISTRY,2027版高中《53知识清单》彩色版（化学）/2027高中知识清单化学.pdf,211,叙述,0.0221,37,0,0.0021,,,行 37
CHEMISTRY,2027版高中《53知识清单》彩色版（化学）/2027高中知识清单化学.pdf,212,叙述,0.0222,40,0,0.0021,,,行 40
CHEMISTRY,2027版高中《53知识清单》彩色版（化学）/2027高中知识清单化学.pdf,213,叙述,0.0218,28,0,0.0052,,,行 28
CHEMISTRY,2027版高中《53知识清单》彩色版（化学）/2027高中知识清单化学.pdf,214,叙述,0.0131,37,0,0.0021,,,行 37
CHEMISTRY,2027版高中《53知识清单》彩色版（化学）/2027高中知识清单化学.pdf,215,叙述,0.0165,37,0,0.0021,,,行 37
CHEMISTRY,2027版高中《53知识清单》彩色版（化学）/2027高中知识清单化学.pdf,216,叙述,0.0156,31,0,0.0054,,,行 31
CHEMISTRY,2027版高中《53知识清单》彩色版（化学）/2027高中知识清单化学.pdf,217,叙述,0.0134,31,0,0.0021,,,行 31
CHEMISTRY,2027版高中《53知识清单》彩色版（化学）/2027高中知识清单化学.pdf,218,叙述,0.02,31,0,0.0021,,,行 31
CHEMISTRY,2027版高中《53知识清单》彩色版（化学）/2027高中知识清单化学.pdf,219,叙述,0.022,47,0,0.0021,,,行 47
CHEMISTRY,2027版高中《53知识清单》彩色版（化学）/2027高中知识清单化学.pdf,220,叙述,0.0226,30,0,0.0021,,,行 30
CHEMISTRY,2027版高中《53知识清单》彩色版（化学）/2027高中知识清单化学.pdf,221,叙述,0.0132,28,0,0.0022,,,行 28
CHEMISTRY,2027版高中《53知识清单》彩色版（化学）/2027高中知识清单化学.pdf,222,未定,0.0095,19,0,0.0021,,,信号弱（行 19）
CHEMISTRY,2027版高中《53知识清单》彩色版（化学）/2027高中知识清单化学.pdf,223,叙述,0.0104,28,0,0.0021,,,行 28
CHEMISTRY,2027版高中《53知识清单》彩色版（化学）/2027高中知识清单化学.pdf,224,叙述,0.0139,30,0,0.0021,,,行 30
CHEMISTRY,2027版高中《53知识清单》彩色版（化学）/2027高中知识清单化学.pdf,225,叙述,0.0175,38,0,0.0021,,,行 38
CHEMISTRY,2027版高中《53知识清单》彩色版（化学）/2027高中知识清单化学.pdf,226,叙述,0.0233,38,0,0.0021,,,行 38
CHEMISTRY,2027版高中《53知识清单》彩色版（化学）/2027高中知识清单化学.pdf,227,叙述,0.0332,38,0,0.0021,,,行 38
CHEMISTRY,2027版高中《53知识清单》彩色版（化学）/2027高中知识清单化学.pdf,228,叙述,0.0256,57,0,0.0031,,,行 57
CHEMISTRY,2027版高中《53知识清单》彩色版（化学）/2027高中知识清单化学.pdf,229,叙述,0.0348,31,0,0.0021,,,行 31
CHEMISTRY,2027版高中《53知识清单》彩色版（化学）/2027高中知识清单化学.pdf,230,叙述,0.016,34,0,0.0032,,,行 34
CHEMISTRY,2027版高中《53知识清单》彩色版（化学）/2027高中知识清单化学.pdf,231,叙述,0.0107,34,0,0.0021,,,行 34
CHEMISTRY,2027版高中《53知识清单》彩色版（化学）/2027高中知识清单化学.pdf,232,叙述,0.0205,34,0,0.0021,,,行 34
CHEMISTRY,2027版高中《53知识清单》彩色版（化学）/2027高中知识清单化学.pdf,233,未定,0.0761,6,0,0.0425,,,信号弱（行 6）
CHEMISTRY,2027版高中《53知识清单》彩色版（化学）/2027高中知识清单化学.pdf,234,叙述,0.0219,21,0,0.0104,,,行 21
CHEMISTRY,2027版高中《53知识清单》彩色版（化学）/2027高中知识清单化学.pdf,235,未定,0.084,7,0,0.08,,,信号弱（行 7）
BIOLOGY,2027版高中《53知识清单》彩色版（生物）/2027高中知识清单生物.pdf,1,封面/扉页,0.2015,8,12,0.2495,,,前 3 页且行数少
BIOLOGY,2027版高中《53知识清单》彩色版（生物）/2027高中知识清单生物.pdf,2,叙述,0.0276,32,0,0.0094,,,行 32
BIOLOGY,2027版高中《53知识清单》彩色版（生物）/2027高中知识清单生物.pdf,3,叙述,0.0961,45,0,0.1071,,,行 45
BIOLOGY,2027版高中《53知识清单》彩色版（生物）/2027高中知识清单生物.pdf,4,叙述,0.0251,48,0,0.0083,,,行 48
BIOLOGY,2027版高中《53知识清单》彩色版（生物）/2027高中知识清单生物.pdf,5,叙述,0.0225,40,0,0.0,,,行 40
BIOLOGY,2027版高中《53知识清单》彩色版（生物）/2027高中知识清单生物.pdf,6,叙述,0.0363,50,0,0.0043,,,行 50
BIOLOGY,2027版高中《53知识清单》彩色版（生物）/2027高中知识清单生物.pdf,7,叙述,0.0266,53,0,0.0011,,,行 53
BIOLOGY,2027版高中《53知识清单》彩色版（生物）/2027高中知识清单生物.pdf,8,叙述,0.0199,51,0,0.0021,,,行 51
BIOLOGY,2027版高中《53知识清单》彩色版（生物）/2027高中知识清单生物.pdf,9,叙述,0.0324,34,0,0.0125,,,行 34
BIOLOGY,2027版高中《53知识清单》彩色版（生物）/2027高中知识清单生物.pdf,10,叙述,0.0371,38,0,0.0076,,,行 38
BIOLOGY,2027版高中《53知识清单》彩色版（生物）/2027高中知识清单生物.pdf,11,叙述,0.0307,35,0,0.0086,,,行 35
BIOLOGY,2027版高中《53知识清单》彩色版（生物）/2027高中知识清单生物.pdf,12,叙述,0.019,45,0,0.0052,,,行 45
BIOLOGY,2027版高中《53知识清单》彩色版（生物）/2027高中知识清单生物.pdf,13,叙述,0.0362,24,0,0.0177,,,行 24
BIOLOGY,2027版高中《53知识清单》彩色版（生物）/2027高中知识清单生物.pdf,14,叙述,0.0227,42,0,0.0,,,行 42
BIOLOGY,2027版高中《53知识清单》彩色版（生物）/2027高中知识清单生物.pdf,15,表格式,0.0243,39,0,0.001,3.2,9,含表行
BIOLOGY,2027版高中《53知识清单》彩色版（生物）/2027高中知识清单生物.pdf,16,叙述,0.0299,43,0,0.0032,,,行 43
BIOLOGY,2027版高中《53知识清单》彩色版（生物）/2027高中知识清单生物.pdf,17,叙述,0.0275,41,0,0.0065,,,行 41
BIOLOGY,2027版高中《53知识清单》彩色版（生物）/2027高中知识清单生物.pdf,18,叙述,0.0303,47,0,0.0022,,,行 47
BIOLOGY,2027版高中《53知识清单》彩色版（生物）/2027高中知识清单生物.pdf,19,叙述,0.0196,27,0,0.0032,,,行 27
BIOLOGY,2027版高中《53知识清单》彩色版（生物）/2027高中知识清单生物.pdf,20,叙述,0.0187,39,0,0.0021,,,行 39
BIOLOGY,2027版高中《53知识清单》彩色版（生物）/2027高中知识清单生物.pdf,21,叙述,0.0219,38,0,0.0032,,,行 38
BIOLOGY,2027版高中《53知识清单》彩色版（生物）/2027高中知识清单生物.pdf,22,叙述,0.0176,39,0,0.0011,,,行 39
BIOLOGY,2027版高中《53知识清单》彩色版（生物）/2027高中知识清单生物.pdf,23,叙述,0.0254,35,0,0.001,,,行 35
BIOLOGY,2027版高中《53知识清单》彩色版（生物）/2027高中知识清单生物.pdf,24,叙述,0.0326,21,0,0.0166,,,行 21
BIOLOGY,2027版高中《53知识清单》彩色版（生物）/2027高中知识清单生物.pdf,25,叙述,0.0424,24,0,0.0303,,,行 24
BIOLOGY,2027版高中《53知识清单》彩色版（生物）/2027高中知识清单生物.pdf,26,叙述,0.0298,20,0,0.0205,,,行 20
BIOLOGY,2027版高中《53知识清单》彩色版（生物）/2027高中知识清单生物.pdf,27,叙述,0.0272,29,0,0.0156,,,行 29
BIOLOGY,2027版高中《53知识清单》彩色版（生物）/2027高中知识清单生物.pdf,28,叙述,0.0351,28,0,0.0173,,,行 28
BIOLOGY,2027版高中《53知识清单》彩色版（生物）/2027高中知识清单生物.pdf,29,叙述,0.0231,41,0,0.0032,,,行 41
BIOLOGY,2027版高中《53知识清单》彩色版（生物）/2027高中知识清单生物.pdf,30,叙述,0.0372,35,0,0.0173,,,行 35
BIOLOGY,2027版高中《53知识清单》彩色版（生物）/2027高中知识清单生物.pdf,31,叙述,0.0397,36,0,0.0054,,,行 36
BIOLOGY,2027版高中《53知识清单》彩色版（生物）/2027高中知识清单生物.pdf,32,叙述,0.0256,43,0,0.001,,,行 43
BIOLOGY,2027版高中《53知识清单》彩色版（生物）/2027高中知识清单生物.pdf,33,叙述,0.026,46,0,0.0,,,行 46
BIOLOGY,2027版高中《53知识清单》彩色版（生物）/2027高中知识清单生物.pdf,34,叙述,0.0288,41,0,0.0022,,,行 41
BIOLOGY,2027版高中《53知识清单》彩色版（生物）/2027高中知识清单生物.pdf,35,叙述,0.0542,33,0,0.0097,,,行 33
BIOLOGY,2027版高中《53知识清单》彩色版（生物）/2027高中知识清单生物.pdf,36,叙述,0.0462,35,0,0.0218,,,行 35
BIOLOGY,2027版高中《53知识清单》彩色版（生物）/2027高中知识清单生物.pdf,37,叙述,0.0411,51,0,0.0031,,,行 51
BIOLOGY,2027版高中《53知识清单》彩色版（生物）/2027高中知识清单生物.pdf,38,叙述,0.0468,29,0,0.0162,,,行 29
BIOLOGY,2027版高中《53知识清单》彩色版（生物）/2027高中知识清单生物.pdf,39,叙述,0.045,42,0,0.0021,,,行 42
BIOLOGY,2027版高中《53知识清单》彩色版（生物）/2027高中知识清单生物.pdf,40,叙述,0.0322,35,0,0.0022,,,行 35
BIOLOGY,2027版高中《53知识清单》彩色版（生物）/2027高中知识清单生物.pdf,41,叙述,0.0443,41,0,0.0022,,,行 41
BIOLOGY,2027版高中《53知识清单》彩色版（生物）/2027高中知识清单生物.pdf,42,叙述,0.0539,37,0,0.0032,,,行 37
BIOLOGY,2027版高中《53知识清单》彩色版（生物）/2027高中知识清单生物.pdf,43,叙述,0.0438,33,0,0.0076,,,行 33
BIOLOGY,2027版高中《53知识清单》彩色版（生物）/2027高中知识清单生物.pdf,44,叙述,0.0284,40,0,0.0022,,,行 40
BIOLOGY,2027版高中《53知识清单》彩色版（生物）/2027高中知识清单生物.pdf,45,叙述,0.0394,41,0,0.0097,,,行 41
BIOLOGY,2027版高中《53知识清单》彩色版（生物）/2027高中知识清单生物.pdf,46,叙述,0.0307,42,0,0.0022,,,行 42
BIOLOGY,2027版高中《53知识清单》彩色版（生物）/2027高中知识清单生物.pdf,47,叙述,0.0325,40,0,0.0054,,,行 40
BIOLOGY,2027版高中《53知识清单》彩色版（生物）/2027高中知识清单生物.pdf,48,叙述,0.0401,39,0,0.0227,,,行 39
BIOLOGY,2027版高中《53知识清单》彩色版（生物）/2027高中知识清单生物.pdf,49,叙述,0.0317,41,0,0.0065,,,行 41
BIOLOGY,2027版高中《53知识清单》彩色版（生物）/2027高中知识清单生物.pdf,50,叙述,0.0283,41,0,0.0032,,,行 41
BIOLOGY,2027版高中《53知识清单》彩色版（生物）/2027高中知识清单生物.pdf,51,叙述,0.0273,39,0,0.001,,,行 39
BIOLOGY,2027版高中《53知识清单》彩色版（生物）/2027高中知识清单生物.pdf,52,叙述,0.0249,48,0,0.0022,,,行 48
BIOLOGY,2027版高中《53知识清单》彩色版（生物）/2027高中知识清单生物.pdf,53,叙述,0.0176,33,0,0.0062,,,行 33
BIOLOGY,2027版高中《53知识清单》彩色版（生物）/2027高中知识清单生物.pdf,54,叙述,0.031,38,0,0.0042,,,行 38
BIOLOGY,2027版高中《53知识清单》彩色版（生物）/2027高中知识清单生物.pdf,55,叙述,0.0217,33,0,0.0011,,,行 33
BIOLOGY,2027版高中《53知识清单》彩色版（生物）/2027高中知识清单生物.pdf,56,叙述,0.0251,37,0,0.0021,,,行 37
BIOLOGY,2027版高中《53知识清单》彩色版（生物）/2027高中知识清单生物.pdf,57,叙述,0.0234,42,0,0.0021,,,行 42
BIOLOGY,2027版高中《53知识清单》彩色版（生物）/2027高中知识清单生物.pdf,58,叙述,0.0244,35,0,0.0011,,,行 35
BIOLOGY,2027版高中《53知识清单》彩色版（生物）/2027高中知识清单生物.pdf,59,叙述,0.0323,36,0,0.0062,,,行 36
BIOLOGY,2027版高中《53知识清单》彩色版（生物）/2027高中知识清单生物.pdf,60,叙述,0.0248,30,0,0.0097,,,行 30
BIOLOGY,2027版高中《53知识清单》彩色版（生物）/2027高中知识清单生物.pdf,61,叙述,0.0225,35,0,0.0022,,,行 35
BIOLOGY,2027版高中《53知识清单》彩色版（生物）/2027高中知识清单生物.pdf,62,叙述,0.0283,44,0,0.0065,,,行 44
BIOLOGY,2027版高中《53知识清单》彩色版（生物）/2027高中知识清单生物.pdf,63,叙述,0.0252,50,0,0.0022,,,行 50
BIOLOGY,2027版高中《53知识清单》彩色版（生物）/2027高中知识清单生物.pdf,64,叙述,0.017,33,0,0.0022,,,行 33
BIOLOGY,2027版高中《53知识清单》彩色版（生物）/2027高中知识清单生物.pdf,65,叙述,0.0216,42,0,0.0011,,,行 42
BIOLOGY,2027版高中《53知识清单》彩色版（生物）/2027高中知识清单生物.pdf,66,叙述,0.0275,31,0,0.0043,,,行 31
BIOLOGY,2027版高中《53知识清单》彩色版（生物）/2027高中知识清单生物.pdf,67,叙述,0.0212,41,0,0.0,,,行 41
BIOLOGY,2027版高中《53知识清单》彩色版（生物）/2027高中知识清单生物.pdf,68,叙述,0.0165,41,0,0.0011,,,行 41
BIOLOGY,2027版高中《53知识清单》彩色版（生物）/2027高中知识清单生物.pdf,69,叙述,0.0156,26,0,0.0,,,行 26
BIOLOGY,2027版高中《53知识清单》彩色版（生物）/2027高中知识清单生物.pdf,70,叙述,0.0179,41,0,0.0,,,行 41
BIOLOGY,2027版高中《53知识清单》彩色版（生物）/2027高中知识清单生物.pdf,71,叙述,0.0439,32,0,0.0205,,,行 32
BIOLOGY,2027版高中《53知识清单》彩色版（生物）/2027高中知识清单生物.pdf,72,叙述,0.017,31,0,0.0,,,行 31
BIOLOGY,2027版高中《53知识清单》彩色版（生物）/2027高中知识清单生物.pdf,73,叙述,0.0189,35,0,0.0,,,行 35
BIOLOGY,2027版高中《53知识清单》彩色版（生物）/2027高中知识清单生物.pdf,74,叙述,0.023,43,0,0.0,,,行 43
BIOLOGY,2027版高中《53知识清单》彩色版（生物）/2027高中知识清单生物.pdf,75,叙述,0.0234,39,0,0.0043,,,行 39
BIOLOGY,2027版高中《53知识清单》彩色版（生物）/2027高中知识清单生物.pdf,76,叙述,0.03,36,0,0.0151,,,行 36
BIOLOGY,2027版高中《53知识清单》彩色版（生物）/2027高中知识清单生物.pdf,77,叙述,0.0242,43,0,0.0,,,行 43
BIOLOGY,2027版高中《53知识清单》彩色版（生物）/2027高中知识清单生物.pdf,78,叙述,0.0227,44,0,0.0022,,,行 44
BIOLOGY,2027版高中《53知识清单》彩色版（生物）/2027高中知识清单生物.pdf,79,叙述,0.0255,36,0,0.0,,,行 36
BIOLOGY,2027版高中《53知识清单》彩色版（生物）/2027高中知识清单生物.pdf,80,叙述,0.0208,37,0,0.0022,,,行 37
BIOLOGY,2027版高中《53知识清单》彩色版（生物）/2027高中知识清单生物.pdf,81,叙述,0.0259,27,0,0.0054,,,行 27
BIOLOGY,2027版高中《53知识清单》彩色版（生物）/2027高中知识清单生物.pdf,82,叙述,0.0267,48,0,0.0022,,,行 48
BIOLOGY,2027版高中《53知识清单》彩色版（生物）/2027高中知识清单生物.pdf,83,叙述,0.025,48,0,0.0,,,行 48
BIOLOGY,2027版高中《53知识清单》彩色版（生物）/2027高中知识清单生物.pdf,84,叙述,0.0291,31,0,0.0043,,,行 31
BIOLOGY,2027版高中《53知识清单》彩色版（生物）/2027高中知识清单生物.pdf,85,叙述,0.0264,32,0,0.0,,,行 32
BIOLOGY,2027版高中《53知识清单》彩色版（生物）/2027高中知识清单生物.pdf,86,叙述,0.0357,25,0,0.013,,,行 25
BIOLOGY,2027版高中《53知识清单》彩色版（生物）/2027高中知识清单生物.pdf,87,叙述,0.0213,29,0,0.0,,,行 29
BIOLOGY,2027版高中《53知识清单》彩色版（生物）/2027高中知识清单生物.pdf,88,叙述,0.0281,32,0,0.0022,,,行 32
BIOLOGY,2027版高中《53知识清单》彩色版（生物）/2027高中知识清单生物.pdf,89,叙述,0.0308,33,0,0.0022,,,行 33
BIOLOGY,2027版高中《53知识清单》彩色版（生物）/2027高中知识清单生物.pdf,90,叙述,0.0378,38,0,0.0097,,,行 38
BIOLOGY,2027版高中《53知识清单》彩色版（生物）/2027高中知识清单生物.pdf,91,叙述,0.0294,31,0,0.0076,,,行 31
BIOLOGY,2027版高中《53知识清单》彩色版（生物）/2027高中知识清单生物.pdf,92,未定,0.0328,19,0,0.0173,,,信号弱（行 19）
BIOLOGY,2027版高中《53知识清单》彩色版（生物）/2027高中知识清单生物.pdf,93,叙述,0.0286,39,0,0.0032,,,行 39
BIOLOGY,2027版高中《53知识清单》彩色版（生物）/2027高中知识清单生物.pdf,94,叙述,0.0305,32,0,0.0086,,,行 32
BIOLOGY,2027版高中《53知识清单》彩色版（生物）/2027高中知识清单生物.pdf,95,叙述,0.027,38,0,0.0011,,,行 38
BIOLOGY,2027版高中《53知识清单》彩色版（生物）/2027高中知识清单生物.pdf,96,叙述,0.0174,43,0,0.0022,,,行 43
BIOLOGY,2027版高中《53知识清单》彩色版（生物）/2027高中知识清单生物.pdf,97,叙述,0.0176,27,0,0.0,,,行 27
BIOLOGY,2027版高中《53知识清单》彩色版（生物）/2027高中知识清单生物.pdf,98,叙述,0.0169,32,0,0.0022,,,行 32
BIOLOGY,2027版高中《53知识清单》彩色版（生物）/2027高中知识清单生物.pdf,99,叙述,0.0207,41,0,0.0043,,,行 41
BIOLOGY,2027版高中《53知识清单》彩色版（生物）/2027高中知识清单生物.pdf,100,叙述,0.0201,30,0,0.0032,,,行 30
BIOLOGY,2027版高中《53知识清单》彩色版（生物）/2027高中知识清单生物.pdf,101,叙述,0.0205,33,0,0.0043,,,行 33
BIOLOGY,2027版高中《53知识清单》彩色版（生物）/2027高中知识清单生物.pdf,102,叙述,0.0307,22,0,0.0195,,,行 22
BIOLOGY,2027版高中《53知识清单》彩色版（生物）/2027高中知识清单生物.pdf,103,叙述,0.0253,31,0,0.0032,,,行 31
BIOLOGY,2027版高中《53知识清单》彩色版（生物）/2027高中知识清单生物.pdf,104,叙述,0.0362,29,0,0.0238,,,行 29
BIOLOGY,2027版高中《53知识清单》彩色版（生物）/2027高中知识清单生物.pdf,105,叙述,0.0187,35,0,0.0011,,,行 35
BIOLOGY,2027版高中《53知识清单》彩色版（生物）/2027高中知识清单生物.pdf,106,叙述,0.0222,45,0,0.0,,,行 45
BIOLOGY,2027版高中《53知识清单》彩色版（生物）/2027高中知识清单生物.pdf,107,叙述,0.0293,31,0,0.0173,,,行 31
BIOLOGY,2027版高中《53知识清单》彩色版（生物）/2027高中知识清单生物.pdf,108,叙述,0.0165,28,0,0.0022,,,行 28
BIOLOGY,2027版高中《53知识清单》彩色版（生物）/2027高中知识清单生物.pdf,109,叙述,0.0229,33,0,0.0032,,,行 33
BIOLOGY,2027版高中《53知识清单》彩色版（生物）/2027高中知识清单生物.pdf,110,叙述,0.0196,34,0,0.0022,,,行 34
BIOLOGY,2027版高中《53知识清单》彩色版（生物）/2027高中知识清单生物.pdf,111,叙述,0.0264,45,0,0.0011,,,行 45
BIOLOGY,2027版高中《53知识清单》彩色版（生物）/2027高中知识清单生物.pdf,112,叙述,0.0244,39,0,0.0032,,,行 39
BIOLOGY,2027版高中《53知识清单》彩色版（生物）/2027高中知识清单生物.pdf,113,叙述,0.0158,24,0,0.0011,,,行 24
BIOLOGY,2027版高中《53知识清单》彩色版（生物）/2027高中知识清单生物.pdf,114,叙述,0.0208,33,0,0.0022,,,行 33
BIOLOGY,2027版高中《53知识清单》彩色版（生物）/2027高中知识清单生物.pdf,115,叙述,0.0238,30,0,0.0108,,,行 30
BIOLOGY,2027版高中《53知识清单》彩色版（生物）/2027高中知识清单生物.pdf,116,叙述,0.0293,20,0,0.0173,,,行 20
BIOLOGY,2027版高中《53知识清单》彩色版（生物）/2027高中知识清单生物.pdf,117,叙述,0.0187,39,0,0.0022,,,行 39
BIOLOGY,2027版高中《53知识清单》彩色版（生物）/2027高中知识清单生物.pdf,118,叙述,0.0266,39,0,0.0022,,,行 39
BIOLOGY,2027版高中《53知识清单》彩色版（生物）/2027高中知识清单生物.pdf,119,叙述,0.0212,30,0,0.0043,,,行 30
BIOLOGY,2027版高中《53知识清单》彩色版（生物）/2027高中知识清单生物.pdf,120,叙述,0.0263,32,0,0.0065,,,行 32
BIOLOGY,2027版高中《53知识清单》彩色版（生物）/2027高中知识清单生物.pdf,121,叙述,0.0184,25,0,0.0032,,,行 25
BIOLOGY,2027版高中《53知识清单》彩色版（生物）/2027高中知识清单生物.pdf,122,叙述,0.021,29,0,0.0054,,,行 29
BIOLOGY,2027版高中《53知识清单》彩色版（生物）/2027高中知识清单生物.pdf,123,叙述,0.0168,34,0,0.0011,,,行 34
BIOLOGY,2027版高中《53知识清单》彩色版（生物）/2027高中知识清单生物.pdf,124,叙述,0.0211,20,0,0.0097,,,行 20
BIOLOGY,2027版高中《53知识清单》彩色版（生物）/2027高中知识清单生物.pdf,125,叙述,0.0189,41,0,0.0022,,,行 41
BIOLOGY,2027版高中《53知识清单》彩色版（生物）/2027高中知识清单生物.pdf,126,叙述,0.0241,39,0,0.0076,,,行 39
BIOLOGY,2027版高中《53知识清单》彩色版（生物）/2027高中知识清单生物.pdf,127,叙述,0.0251,31,0,0.0032,,,行 31
BIOLOGY,2027版高中《53知识清单》彩色版（生物）/2027高中知识清单生物.pdf,128,叙述,0.0184,26,0,0.0032,,,行 26
BIOLOGY,2027版高中《53知识清单》彩色版（生物）/2027高中知识清单生物.pdf,129,未定,0.0202,19,0,0.0065,,,信号弱（行 19）
BIOLOGY,2027版高中《53知识清单》彩色版（生物）/2027高中知识清单生物.pdf,130,叙述,0.0256,43,0,0.001,,,行 43
BIOLOGY,2027版高中《53知识清单》彩色版（生物）/2027高中知识清单生物.pdf,131,叙述,0.0257,38,0,0.0,,,行 38
BIOLOGY,2027版高中《53知识清单》彩色版（生物）/2027高中知识清单生物.pdf,132,叙述,0.0161,28,0,0.0011,,,行 28
BIOLOGY,2027版高中《53知识清单》彩色版（生物）/2027高中知识清单生物.pdf,133,叙述,0.0179,35,0,0.0022,,,行 35
BIOLOGY,2027版高中《53知识清单》彩色版（生物）/2027高中知识清单生物.pdf,134,叙述,0.0221,41,0,0.0022,,,行 41
BIOLOGY,2027版高中《53知识清单》彩色版（生物）/2027高中知识清单生物.pdf,135,叙述,0.0288,37,0,0.0022,,,行 37
BIOLOGY,2027版高中《53知识清单》彩色版（生物）/2027高中知识清单生物.pdf,136,叙述,0.0215,40,0,0.0021,,,行 40
BIOLOGY,2027版高中《53知识清单》彩色版（生物）/2027高中知识清单生物.pdf,137,叙述,0.0212,39,0,0.0,,,行 39
BIOLOGY,2027版高中《53知识清单》彩色版（生物）/2027高中知识清单生物.pdf,138,叙述,0.0162,39,0,0.0022,,,行 39
BIOLOGY,2027版高中《53知识清单》彩色版（生物）/2027高中知识清单生物.pdf,139,叙述,0.0173,30,0,0.0032,,,行 30
BIOLOGY,2027版高中《53知识清单》彩色版（生物）/2027高中知识清单生物.pdf,140,叙述,0.0211,28,0,0.0076,,,行 28
BIOLOGY,2027版高中《53知识清单》彩色版（生物）/2027高中知识清单生物.pdf,141,叙述,0.0191,37,0,0.0022,,,行 37
BIOLOGY,2027版高中《53知识清单》彩色版（生物）/2027高中知识清单生物.pdf,142,叙述,0.0317,20,0,0.0173,,,行 20
BIOLOGY,2027版高中《53知识清单》彩色版（生物）/2027高中知识清单生物.pdf,143,叙述,0.026,33,0,0.0022,,,行 33
BIOLOGY,2027版高中《53知识清单》彩色版（生物）/2027高中知识清单生物.pdf,144,叙述,0.019,34,0,0.0022,,,行 34
BIOLOGY,2027版高中《53知识清单》彩色版（生物）/2027高中知识清单生物.pdf,145,叙述,0.0169,39,0,0.0022,,,行 39
BIOLOGY,2027版高中《53知识清单》彩色版（生物）/2027高中知识清单生物.pdf,146,叙述,0.0262,32,0,0.0097,,,行 32
BIOLOGY,2027版高中《53知识清单》彩色版（生物）/2027高中知识清单生物.pdf,147,叙述,0.0181,38,0,0.0,,,行 38
BIOLOGY,2027版高中《53知识清单》彩色版（生物）/2027高中知识清单生物.pdf,148,叙述,0.0218,41,0,0.0022,,,行 41
BIOLOGY,2027版高中《53知识清单》彩色版（生物）/2027高中知识清单生物.pdf,149,叙述,0.0264,24,0,0.0227,,,行 24
BIOLOGY,2027版高中《53知识清单》彩色版（生物）/2027高中知识清单生物.pdf,150,叙述,0.0202,44,0,0.0043,,,行 44
BIOLOGY,2027版高中《53知识清单》彩色版（生物）/2027高中知识清单生物.pdf,151,叙述,0.0282,42,0,0.0032,,,行 42
BIOLOGY,2027版高中《53知识清单》彩色版（生物）/2027高中知识清单生物.pdf,152,叙述,0.0173,37,0,0.0043,,,行 37
BIOLOGY,2027版高中《53知识清单》彩色版（生物）/2027高中知识清单生物.pdf,153,叙述,0.02,39,0,0.0031,,,行 39
BIOLOGY,2027版高中《53知识清单》彩色版（生物）/2027高中知识清单生物.pdf,154,叙述,0.0258,30,0,0.0141,,,行 30
BIOLOGY,2027版高中《53知识清单》彩色版（生物）/2027高中知识清单生物.pdf,155,叙述,0.0274,34,0,0.0151,,,行 34
BIOLOGY,2027版高中《53知识清单》彩色版（生物）/2027高中知识清单生物.pdf,156,叙述,0.0253,35,0,0.0104,,,行 35
BIOLOGY,2027版高中《53知识清单》彩色版（生物）/2027高中知识清单生物.pdf,157,叙述,0.018,29,0,0.0022,,,行 29
BIOLOGY,2027版高中《53知识清单》彩色版（生物）/2027高中知识清单生物.pdf,158,叙述,0.0367,34,0,0.0162,,,行 34
BIOLOGY,2027版高中《53知识清单》彩色版（生物）/2027高中知识清单生物.pdf,159,叙述,0.0352,38,0,0.0162,,,行 38
BIOLOGY,2027版高中《53知识清单》彩色版（生物）/2027高中知识清单生物.pdf,160,叙述,0.0277,45,0,0.0021,,,行 45
BIOLOGY,2027版高中《53知识清单》彩色版（生物）/2027高中知识清单生物.pdf,161,叙述,0.0208,45,0,0.0011,,,行 45
BIOLOGY,2027版高中《53知识清单》彩色版（生物）/2027高中知识清单生物.pdf,162,叙述,0.0239,36,0,0.0032,,,行 36
BIOLOGY,2027版高中《53知识清单》彩色版（生物）/2027高中知识清单生物.pdf,163,叙述,0.0187,24,0,0.0043,,,行 24
BIOLOGY,2027版高中《53知识清单》彩色版（生物）/2027高中知识清单生物.pdf,164,叙述,0.0171,31,0,0.0032,,,行 31
BIOLOGY,2027版高中《53知识清单》彩色版（生物）/2027高中知识清单生物.pdf,165,叙述,0.0209,45,0,0.0022,,,行 45
BIOLOGY,2027版高中《53知识清单》彩色版（生物）/2027高中知识清单生物.pdf,166,叙述,0.0356,25,0,0.0238,,,行 25
BIOLOGY,2027版高中《53知识清单》彩色版（生物）/2027高中知识清单生物.pdf,167,叙述,0.0202,36,0,0.0021,,,行 36
BIOLOGY,2027版高中《53知识清单》彩色版（生物）/2027高中知识清单生物.pdf,168,叙述,0.0161,26,0,0.0031,,,行 26
BIOLOGY,2027版高中《53知识清单》彩色版（生物）/2027高中知识清单生物.pdf,169,叙述,0.0167,32,0,0.0032,,,行 32
BIOLOGY,2027版高中《53知识清单》彩色版（生物）/2027高中知识清单生物.pdf,170,叙述,0.0263,32,0,0.0052,,,行 32
BIOLOGY,2027版高中《53知识清单》彩色版（生物）/2027高中知识清单生物.pdf,171,叙述,0.0268,27,0,0.0125,,,行 27
BIOLOGY,2027版高中《53知识清单》彩色版（生物）/2027高中知识清单生物.pdf,172,叙述,0.0207,38,0,0.0054,,,行 38
BIOLOGY,2027版高中《53知识清单》彩色版（生物）/2027高中知识清单生物.pdf,173,叙述,0.0241,32,0,0.0062,,,行 32
BIOLOGY,2027版高中《53知识清单》彩色版（生物）/2027高中知识清单生物.pdf,174,叙述,0.0136,35,0,0.0021,,,行 35
BIOLOGY,2027版高中《53知识清单》彩色版（生物）/2027高中知识清单生物.pdf,175,叙述,0.0279,35,0,0.0052,,,行 35
BIOLOGY,2027版高中《53知识清单》彩色版（生物）/2027高中知识清单生物.pdf,176,叙述,0.0146,32,0,0.001,,,行 32
BIOLOGY,2027版高中《53知识清单》彩色版（生物）/2027高中知识清单生物.pdf,177,叙述,0.0288,40,0,0.0086,,,行 40
BIOLOGY,2027版高中《53知识清单》彩色版（生物）/2027高中知识清单生物.pdf,178,叙述,0.023,43,0,0.0031,,,行 43
BIOLOGY,2027版高中《53知识清单》彩色版（生物）/2027高中知识清单生物.pdf,179,叙述,0.0227,46,0,0.0032,,,行 46
BIOLOGY,2027版高中《53知识清单》彩色版（生物）/2027高中知识清单生物.pdf,180,叙述,0.0375,32,0,0.0227,,,行 32
BIOLOGY,2027版高中《53知识清单》彩色版（生物）/2027高中知识清单生物.pdf,181,叙述,0.0279,21,0,0.0166,,,行 21
BIOLOGY,2027版高中《53知识清单》彩色版（生物）/2027高中知识清单生物.pdf,182,叙述,0.0198,46,0,0.0062,,,行 46
BIOLOGY,2027版高中《53知识清单》彩色版（生物）/2027高中知识清单生物.pdf,183,叙述,0.0286,37,0,0.0052,,,行 37
BIOLOGY,2027版高中《53知识清单》彩色版（生物）/2027高中知识清单生物.pdf,184,叙述,0.0258,34,0,0.0054,,,行 34
BIOLOGY,2027版高中《53知识清单》彩色版（生物）/2027高中知识清单生物.pdf,185,叙述,0.0274,36,0,0.0054,,,行 36
BIOLOGY,2027版高中《53知识清单》彩色版（生物）/2027高中知识清单生物.pdf,186,叙述,0.032,40,0,0.0062,,,行 40
BIOLOGY,2027版高中《53知识清单》彩色版（生物）/2027高中知识清单生物.pdf,187,叙述,0.0263,37,0,0.0062,,,行 37
BIOLOGY,2027版高中《53知识清单》彩色版（生物）/2027高中知识清单生物.pdf,188,叙述,0.0191,36,0,0.0042,,,行 36
BIOLOGY,2027版高中《53知识清单》彩色版（生物）/2027高中知识清单生物.pdf,189,叙述,0.0238,45,0,0.0062,,,行 45
BIOLOGY,2027版高中《53知识清单》彩色版（生物）/2027高中知识清单生物.pdf,190,叙述,0.0245,32,0,0.0094,,,行 32
BIOLOGY,2027版高中《53知识清单》彩色版（生物）/2027高中知识清单生物.pdf,191,叙述,0.0241,38,0,0.0031,,,行 38
BIOLOGY,2027版高中《53知识清单》彩色版（生物）/2027高中知识清单生物.pdf,192,叙述,0.0225,37,0,0.0073,,,行 37
BIOLOGY,2027版高中《53知识清单》彩色版（生物）/2027高中知识清单生物.pdf,193,叙述,0.0205,30,0,0.0043,,,行 30
BIOLOGY,2027版高中《53知识清单》彩色版（生物）/2027高中知识清单生物.pdf,194,叙述,0.0229,45,0,0.0,,,行 45
BIOLOGY,2027版高中《53知识清单》彩色版（生物）/2027高中知识清单生物.pdf,195,叙述,0.0249,41,0,0.0043,,,行 41
BIOLOGY,2027版高中《53知识清单》彩色版（生物）/2027高中知识清单生物.pdf,196,叙述,0.0291,37,0,0.0073,,,行 37
BIOLOGY,2027版高中《53知识清单》彩色版（生物）/2027高中知识清单生物.pdf,197,叙述,0.023,21,0,0.0054,,,行 21
BIOLOGY,2027版高中《53知识清单》彩色版（生物）/2027高中知识清单生物.pdf,198,叙述,0.0236,42,0,0.0032,,,行 42
BIOLOGY,2027版高中《53知识清单》彩色版（生物）/2027高中知识清单生物.pdf,199,叙述,0.0171,44,0,0.0021,,,行 44
BIOLOGY,2027版高中《53知识清单》彩色版（生物）/2027高中知识清单生物.pdf,200,叙述,0.0266,22,0,0.0125,,,行 22
BIOLOGY,2027版高中《53知识清单》彩色版（生物）/2027高中知识清单生物.pdf,201,叙述,0.0268,32,0,0.0104,,,行 32
BIOLOGY,2027版高中《53知识清单》彩色版（生物）/2027高中知识清单生物.pdf,202,叙述,0.0274,32,0,0.0054,,,行 32
BIOLOGY,2027版高中《53知识清单》彩色版（生物）/2027高中知识清单生物.pdf,203,叙述,0.034,38,0,0.0195,,,行 38
BIOLOGY,2027版高中《53知识清单》彩色版（生物）/2027高中知识清单生物.pdf,204,叙述,0.0492,28,0,0.0083,,,行 28
BIOLOGY,2027版高中《53知识清单》彩色版（生物）/2027高中知识清单生物.pdf,205,叙述,0.0353,42,0,0.0042,,,行 42
BIOLOGY,2027版高中《53知识清单》彩色版（生物）/2027高中知识清单生物.pdf,206,叙述,0.0356,35,0,0.0146,,,行 35
BIOLOGY,2027版高中《53知识清单》彩色版（生物）/2027高中知识清单生物.pdf,207,未定,0.0102,18,0,0.0021,,,信号弱（行 18）
BIOLOGY,2027版高中《53知识清单》彩色版（生物）/2027高中知识清单生物.pdf,208,未定,0.0091,15,0,0.0042,,,信号弱（行 15）
BIOLOGY,2027版高中《53知识清单》彩色版（生物）/2027高中知识清单生物.pdf,209,叙述,0.0209,24,0,0.0042,,,行 24
BIOLOGY,2027版高中《53知识清单》彩色版（生物）/2027高中知识清单生物.pdf,210,叙述,0.0248,37,0,0.0031,,,行 37
BIOLOGY,2027版高中《53知识清单》彩色版（生物）/2027高中知识清单生物.pdf,211,叙述,0.0298,45,0,0.0042,,,行 45
BIOLOGY,2027版高中《53知识清单》彩色版（生物）/2027高中知识清单生物.pdf,212,叙述,0.0276,53,0,0.0022,,,行 53
BIOLOGY,2027版高中《53知识清单》彩色版（生物）/2027高中知识清单生物.pdf,213,叙述,0.0254,28,0,0.0031,,,行 28
BIOLOGY,2027版高中《53知识清单》彩色版（生物）/2027高中知识清单生物.pdf,214,叙述,0.0216,26,0,0.0104,,,行 26
BIOLOGY,2027版高中《53知识清单》彩色版（生物）/2027高中知识清单生物.pdf,215,未定,0.0922,5,0,0.0865,,,信号弱（行 5）
