subject,material_slug,node_slug,node_name,confidence,evidence,slice
BIOLOGY,bio-adrenal-cortex-glucocorticoid,激素,激素,medium,材料讲肾上腺皮质分泌糖皮质激素（皮质醇）促进糖异生升血糖并与胰岛素拮抗与胰高血糖素协同；该节点已收录皮质醇分级调节与激素协同拮抗类条目,slice_01
BIOLOGY,bio-age-structure-types,种群的数量特征,种群的数量特征,high,材料讲年龄结构三种类型并按幼年与老年个体比例预测种群扩大稳定或缩小；属种群数量特征中的年龄结构,slice_02
BIOLOGY,bio-atp-driven-pump,主动运输,主动运输,high,材料讲ATP驱动泵水解ATP直接供能逆浓度转运离子；节点别名含ATP驱动的主动运输泵,slice_03
BIOLOGY,bio-axis-confirmation-open-vs-closed,测定光合速率与呼吸速率的常用方法,测定光合速率与呼吸速率的常用方法,medium,材料区分开放环境测CO2吸收速率与密闭容器测CO2浓度变化的两种测定情境并要求先确认纵轴含义；服务光合与呼吸速率的测定方法,slice_04
BIOLOGY,bio-breeding-selection-by-keyword,育种,育种,high,材料按设问关键词在杂交、单倍体、诱变、基因工程、体细胞杂交、多倍体之间选育种方案；主题就是育种方式选择,slice_05
BIOLOGY,bio-c3-plants-pertinent,c4植物-cam植物等特殊代谢类型,C4植物、CAM植物等特殊代谢类型,medium,材料以「无CO2泵」把C3与C4对照来讲（适用性即「C3与C4比较」）；服务C4等特殊代谢类型的比较考点,slice_06
BIOLOGY,bio-c4-pepc-affinity,c4植物-cam植物等特殊代谢类型,C4植物、CAM植物等特殊代谢类型,high,材料讲C4叶肉细胞PEPC对CO2亲和力高并利用HCO3−形成CO2浓缩机制；正对C4植物特殊代谢类型的CO2固定途径,slice_07
BIOLOGY,bio-c4-suppresses-photorespiration,c4植物-cam植物等特殊代谢类型,C4植物、CAM植物等特殊代谢类型,medium,材料讲C4维管束鞘内高CO2低O2环境抑制Rubisco加氧使光呼吸弱；同源P380-381重难3·题型1的C4途径材料均归此节点,slice_08
BIOLOGY,bio-cam-drought-adaptation,c4植物-cam植物等特殊代谢类型,C4植物、CAM植物等特殊代谢类型,high,材料讲CAM夜固定昼利用的时间分离兼顾获CO2与减少失水；正是C4与CAM等特殊代谢类型的适应意义考点,slice_09
BIOLOGY,bio-channels-vs-carriers,通道蛋白与载体蛋白的辨析,通道蛋白与载体蛋白的辨析,high,材料讲通道蛋白不与被运物结合而载体蛋白需结合后构象改变再释放；就是该点的辨析内容,slice_10
BIOLOGY,bio-chlorophyll-increase-worsens-photoinhibition,影响光合作用强度的环境因素,影响光合作用强度的环境因素,medium,材料讲提高叶绿素含量会增强光能吸收而加剧光抑制并给出减少吸收与增强耗散与清除自由基等减缓途径；与已绑同节点的『减轻光抑制的途径』属同一考点,slice_11
BIOLOGY,bio-circrna-sponge-mechanism,基因的表达,基因的表达,high,材料讲circRNA竞争性吸附miRNA从而解除对靶mRNA的抑制属转译水平的表达调控；该节点范围含RNA干扰的基因沉默机制,slice_12
BIOLOGY,bio-closed-chamber-area-sign-convention,测定光合速率与呼吸速率的常用方法,测定光合速率与呼吸速率的常用方法,medium,材料讲密闭容器CO2浓度曲线中积累量按下降段面积减上升段面积计算并要先确认纵轴含义；服务光合与呼吸速率的测定方法（同类开放与密闭情境材料已归此节点）,slice_13
BIOLOGY,bio-co2-fertilization-suppress-photorespiration,光呼吸,光呼吸,high,材料讲增施CO2使Rubisco处CO2与O2比值升高从而固碳占优光呼吸下降产量提高；节点即光呼吸且已收录改造光呼吸支路提高净光合速率类条目,slice_14
BIOLOGY,bio-compensation-point-respiration-increase,光合作用与细胞呼吸“关键点”的移动,光合作用与细胞呼吸“关键点”的移动,high,材料讲细胞呼吸增强使净光合为0的位置右移即使光与CO2补偿点右移；属光合与呼吸关键点移动的判断,slice_15
BIOLOGY,bio-complete-dominance,分离定律,分离定律,medium,材料讲完全显性下杂合子Aa表现显性性状且自交呈3:1；属分离定律一对相对性状遗传的基本结论,slice_16
BIOLOGY,bio-concept-question-routine,长句应答题的作答方法,长句应答题的作答方法,medium,材料讲概念原理类题的作答步骤（抓内涵抓外延并紧扣关键词句）；属作答方法一类,slice_17
BIOLOGY,bio-consanguinity-multiplier,分离定律的概率计算-含自交与自由交配,分离定律的概率计算（含自交与自由交配）,medium,材料是同书同页同重难「隐性病随机婚配风险＝携带率×1/4」的互补片段；即近亲与随机婚配风险倍数计算,slice_18
BIOLOGY,bio-cotransporter-electrochemical-gradient,主动运输的类型,主动运输的类型,high,材料讲协同转运蛋白借H+/Na+电化学梯度间接耗能转运；属主动运输的具体类型,slice_19
BIOLOGY,bio-diurnal-dawn-respiration-valley,一昼夜CO2浓度变化曲线,一昼夜CO2浓度变化曲线,high,材料讲一昼夜CO2曲线凌晨3-4时低谷由低温下呼吸减弱导致；正是该节点的一昼夜曲线关键点成因,slice_20
BIOLOGY,bio-diurnal-noon-depression-stomata,一昼夜CO2浓度变化曲线,一昼夜CO2浓度变化曲线,medium,材料讲一昼夜曲线正午凹陷（光合午休）的成因是气孔关闭致CO2不足；与该节点边界「光合午休由高温导致气孔关闭CO2供应不足引起」及同系列一昼夜曲线材料一致,slice_21
BIOLOGY,bio-diurnal-start-light-compensation-crossing,一昼夜CO2浓度变化曲线,一昼夜CO2浓度变化曲线,high,材料讲一昼夜曲线光照出现即开始光合且与横轴交点为光补偿；该节点别名即「密闭环境中CO2浓度变化曲线」且同讲一昼夜曲线的关键点判读,slice_22
BIOLOGY,bio-dominance-by-pure-cross,性状显隐性的判断,性状显隐性的判断,high,材料讲纯合亲本杂交F1表现的性状即为显性以及子代只出现一种性状时该性状为显性；即显隐性判断的方法结论,slice_23
BIOLOGY,bio-ecology-protection-measures,生物多样性,生物多样性,high,材料讲生物多样性保护的三类措施（就地保护的自然保护区；易地保护；种子基因库）；是该点的保护措施内容,slice_24
BIOLOGY,bio-energy-assimilation-issue,能量流动,能量流动,high,材料讲同化量＝摄入量−粪便且粪便能量属上一营养级；该节点别名即含「摄入量≠同化量」「摄入量、同化量与粪便能量的关系」,slice_25
BIOLOGY,bio-energy-ecological-pyramid,能量流动,能量流动,high,材料讲能量沿营养级单向流动逐级递减故能量金字塔正立；属能量流动的特征,slice_26
BIOLOGY,bio-etc-proton-gradient-establishment,有氧呼吸,有氧呼吸,medium,材料讲电子传递把H+从基质泵至膜间隙建立H+浓度差；属有氧呼吸第三阶段电子传递与氧化磷酸化；同页同题型的「O2与电子和H+结合生成水」「第三阶段线粒体内膜电子传递」两条已绑该点,slice_27
BIOLOGY,bio-excitatory-inhibitory-neurotransmitters,神经递质,神经递质,high,材料讲兴奋性递质引起Na+内流而抑制性递质GABA引起Cl−内流致后膜超极化；正是该节点「兴奋性与抑制性递质的后膜电位」条目,slice_28
BIOLOGY,bio-exp-control-types,对照实验的分析方法,对照实验的分析方法,high,材料讲空白对照与条件对照与相互对照与自身对照四类的区分及选择依据；该节点别名已含四类对照实验的区分,slice_29
BIOLOGY,bio-exp-dependent-variable-measurement,对照实验设计的四步模板,对照实验设计的四步模板,high,材料讲实验设计中因变量如何观测与测量（观测指标与检测方法）；与已绑的同源「自变量操纵」材料同属实验设计的基本程序与要素书写,slice_30
BIOLOGY,bio-exp-independent-variable-manipulation,对照实验设计的四步模板,对照实验设计的四步模板,high,材料讲实验设计中主动施加自变量并确保自变量唯一；该节点边界明确要求自变量操纵具体到剂量时间方式,slice_01
BIOLOGY,bio-exp-irrelevant-variables-constant,对照实验设计的四步模板,对照实验设计的四步模板,medium,材料讲实验设计中除自变量外各组无关变量须相同且适宜；与该节点无关变量必须写出处理办法的要点一致,slice_02
BIOLOGY,bio-fj-01-all-cells-from-preexisting,细胞学说,细胞学说,high,材料讲魏尔肖总结所有细胞都来源于先前存在的细胞；属细胞学说建立史要点,slice_03
BIOLOGY,bio-fj-01-epidemic-prevention-measures,病毒,病毒,medium,材料讲病毒性传染病的预防三方面（控制传染源、切断传播途径、保护易感人群）；属病毒与人类健康的预防应用,slice_04
BIOLOGY,bio-fj-01-prokaryote-bluealgae,原核细胞,原核细胞,high,材料讲蓝细菌是原核生物（无叶绿体无线粒体）却能光合自养；服务原核细胞这一考点,slice_05
BIOLOGY,bio-fj-01-slide-move,使用高倍显微镜观察细胞,使用高倍显微镜观察细胞,high,材料讲物像偏哪装片往哪移并用低倍镜移到中央再换高倍镜；属使用高倍显微镜观察细胞的操作要点,slice_06
BIOLOGY,bio-fj-01-virus-ecological-role,病毒,病毒,medium,材料两条结论都是病毒这一对象的属性（寄生异养属消费者、无细胞结构不属生命系统层次）；归入病毒主题条目最稳,slice_07
BIOLOGY,bio-fj-02-bulk-trace-elements,细胞中的元素,细胞中的元素,medium,材料讲大量元素与微量元素的划分；该节点已含同类材料「大量元素与微量元素的辨析」,slice_08
BIOLOGY,bio-fj-02-felin-reagent-fresh,实验-检测生物组织中的糖类-脂肪和蛋白质,实验：检测生物组织中的糖类、脂肪和蛋白质,medium,斐林试剂与双缩脲试剂都出自该检测实验；材料讲斐林试剂甲液乙液等量混匀后立即使用且久置生成Cu(OH)2沉淀失效,slice_09
BIOLOGY,bio-fj-02-felin-vs-bisuowei,常见实验试剂与颜色变化,常见实验试剂与颜色变化,medium,材料对比斐林试剂与双缩脲试剂的成分浓度、添加顺序与水浴或不加热的显色条件；属常见实验试剂与颜色变化,slice_10
BIOLOGY,bio-fj-02-free-water-four-functions,细胞中的水,细胞中的水,high,材料逐条列自由水的四大功能（溶剂与参与生化反应与提供液体环境与运送营养和废物）；正是细胞中的水的功能这一考点,slice_11
BIOLOGY,bio-fj-02-fresh-dry-weight-order,细胞中的元素,细胞中的元素,high,材料比较鲜重与干重的元素含量排序并给出含量最多的四种元素；该节点别名即「细胞中含量最多的四种元素」与「元素含量比较的易错要点」,slice_12
BIOLOGY,bio-fj-02-main-basic-core-element,细胞中的元素,细胞中的元素,medium,材料讲主要元素与基本元素与最基本元素的层级划分；同一第02讲讲义的元素划分材料已归此节点,slice_13
BIOLOGY,bio-fj-02-mg-chlorophyll-not-carotene,捕获光能的色素和结构,捕获光能的色素和结构,medium,材料讲Mg2+是叶绿素的组成成分而类胡萝卜素不含Mg；属光合色素的元素组成判断,slice_14
BIOLOGY,bio-fj-02-phosphorus-bulk,组成细胞的元素,组成细胞的元素,medium,材料判定P属大量元素并列举其参与构成的ATP与核苷酸与磷脂；属组成细胞的元素（大量与微量元素）归类判断,slice_15
BIOLOGY,bio-fj-02-reducing-sugar-list,细胞中的糖类,细胞中的糖类,medium,材料按还原性划分糖类（葡萄糖果糖半乳糖麦芽糖乳糖为还原糖；蔗糖与多糖无还原性）；属细胞中糖类的种类与性质,slice_16
BIOLOGY,bio-fj-02-reducing-sugar-test,实验-检测生物组织中的糖类-脂肪和蛋白质,实验：检测生物组织中的糖类、脂肪和蛋白质,high,材料讲还原糖与斐林试剂水浴加热生成砖红色沉淀的原理与取材操作；即该实验中的还原糖检测,slice_17
BIOLOGY,bio-fj-02-water-properties,细胞中的水,细胞中的水,medium,材料讲水分子的极性 氢键与比热容三个特性；该节点别名即含「水的特点」与「细胞中水的特性与存在形式」,slice_18
BIOLOGY,bio-fj-02-water-ratio-metabolism,细胞中的水,细胞中的水,high,材料讲自由水与结合水比值对代谢与抗逆性的影响；是细胞内水的核心考点,slice_19
BIOLOGY,bio-fj-03-chitin-uses,几丁质,几丁质,high,材料讲几丁质（壳多糖）含N元素的组成、真菌细胞壁与甲壳类外骨骼的分布及废水处理等应用；与该节点主题一致,slice_20
BIOLOGY,bio-fj-03-fructose-galactose-distribution,细胞中的糖类,细胞中的糖类,high,材料讲果糖与半乳糖的分布及其组成蔗糖与乳糖；同库单糖种类与分布类材料均绑「细胞中的糖类」,slice_21
BIOLOGY,bio-fj-03-glucose-fuel,细胞中的糖类,细胞中的糖类,high,材料讲葡萄糖是细胞生命活动的主要能源物质且属单糖可静脉注射；该节点别名含「糖类是主要能源物质」「细胞中的糖类·单糖」,slice_22
BIOLOGY,bio-fj-03-glucose-injection-sucrose-not,细胞中的糖类,细胞中的糖类,medium,材料辨析葡萄糖是单糖可直接进入细胞而蔗糖是二糖须水解为单糖才能被吸收利用；属细胞中糖类的种类与性质（该节点已绑单糖种类分布与还原糖划分类材料）,slice_23
BIOLOGY,bio-fj-03-lactose-in-milk,细胞中的糖类,细胞中的糖类,medium,材料讲乳糖由半乳糖与葡萄糖脱水缩合而成的动物二糖及其在乳汁中的分布；属细胞中的糖类,slice_24
BIOLOGY,bio-fj-03-maltose-in-germinating-grain,细胞中的糖类,细胞中的糖类,high,材料讲麦芽糖为植物二糖由两分子葡萄糖缩合且发芽谷粒中含量多；该节点边界即「三种二糖的水解产物与分布」,slice_25
BIOLOGY,bio-fj-03-pentose-sugars,细胞中的糖类,细胞中的糖类,medium,材料辨核糖与脱氧核糖两种五碳糖的归属（RNA与ATP、DNA）及动植物共有；属糖类种类内容,slice_26
BIOLOGY,bio-fj-03-polysaccharide-functions,细胞中的糖类,细胞中的糖类,high,材料讲淀粉、纤维素、糖原三类多糖的分布与功能；该节点已收录「常见的多糖」「细胞中的糖类·多糖」,slice_27
BIOLOGY,bio-fj-03-same-monomer-different-property,细胞中的糖类,细胞中的糖类,medium,材料讲淀粉糖原纤维素基本单位都是葡萄糖但因数量与连接方式不同性质迥异；属该节点多糖组成条目且与同讲义第03讲的既有材料同节点,slice_28
BIOLOGY,bio-fj-03-sudan-stains-fat-only,实验-检测生物组织中的糖类-脂肪和蛋白质,实验：检测生物组织中的糖类、脂肪和蛋白质,high,材料讲脂质中只有脂肪能被苏丹Ⅲ染成橘黄色而磷脂不显此反应；属脂肪检测实验的试剂特异性,slice_29
BIOLOGY,bio-fj-03-sugar-classification,细胞中的糖类,细胞中的糖类,high,材料讲糖类分单糖二糖多糖且二糖多糖须水解为单糖才能被细胞吸收；节点已收「糖类的元素组成与分类」「细胞中糖类的元素组成分类与分布」,slice_30
BIOLOGY,bio-fj-04-peptide-chain-ends,蛋白质相关计算题,蛋白质相关计算题,medium,材料给出肽链游离氨基羧基的判断结论（两端各一个其余在R基）；该节点即收录氨基酸与肽链计数类条目,slice_01
BIOLOGY,bio-fj-04-peptide-disulfide-bonds,蛋白质,蛋白质,high,材料讲一条肽链内相邻氨基酸以肽键相连而不同肽链间可借二硫键相连；该节点范围含肽键与二硫键等化学键,slice_02
BIOLOGY,bio-fj-04-peptide-naming,脱水缩合,脱水缩合,medium,材料讲氨基酸缩合成二肽多肽及肽链命名与环状肽端点；属脱水缩合产物,slice_03
BIOLOGY,bio-fj-04-salting-denaturation-hydrolysis,蛋白质的盐析变性与水解的辨析,蛋白质的盐析变性与水解的辨析,high,材料辨析盐析（可逆不改空间结构）、变性（不可逆但肽键不断）与水解（断肽键成氨基酸）；与节点同名,slice_04
BIOLOGY,bio-fj-05-enucleated-amoeba,细胞核的结构和功能,细胞核的结构和功能,high,变形虫去核与植核实验是证明细胞核控制代谢和遗传的经典实验,slice_05
BIOLOGY,bio-fj-05-model-types,生物模型的类型,生物模型的类型,high,材料讲物理模型、概念模型、数学模型三类划分与实例；与节点「生物模型的类型」完全对应,slice_06
BIOLOGY,bio-fj-05-monolayer-area-2x,细胞膜成分和结构的探究历程,细胞膜成分和结构的探究历程,high,材料是磷脂单分子层铺展面积为红细胞表面积2倍的科学史实验；用于推知磷脂在细胞膜中排列为连续两层,slice_07
BIOLOGY,bio-fj-05-nuclear-pore-complex,细胞核的结构和功能,细胞核的结构和功能,high,材料讲核孔复合体的双功能与双向性；该节点已含核孔复合体与核膜要点类材料,slice_08
BIOLOGY,bio-fj-05-robertson-model,细胞膜成分和结构的探究历程,细胞膜成分和结构的探究历程,high,材料讲1959年罗伯特森电镜暗-亮-暗三层与蛋白质-脂质-蛋白质静态统一模型；是细胞膜结构探究历程中的一环,slice_09
BIOLOGY,bio-fj-07-carrier-number-effect,影响物质跨膜运输速率的因素,影响物质跨膜运输速率的因素,high,材料讲载体数量越多协助扩散与主动运输速率越大、载体饱和后速率达上限；即影响跨膜运输速率的因素,slice_10
BIOLOGY,bio-fj-07-osmosis-concentration-meaning,渗透作用,渗透作用,high,材料判定渗透装置中的浓度必须看成物质的量浓度并据此判断水分子净移动方向；与同节点已绑的『渗透平衡时两侧溶液浓度并不相等』同一考法,slice_11
BIOLOGY,bio-fj-07-solute-can-pass,渗透作用,渗透作用,high,材料讲溶质可通过半透膜时渗透装置液面先升后持平；该节点范围含渗透装置液面变化的变式分析,slice_12
BIOLOGY,bio-fj-07-solute-cannot-pass,渗透作用,渗透作用,high,材料讲溶质不能通过半透膜时水净流向高浓度一侧与液面变化；属渗透作用,slice_13
BIOLOGY,bio-fj-07-sucrase-in-osmometer,渗透作用,渗透作用,high,材料讲U形管渗透装置中加蔗糖酶使蔗糖水解为两分子单糖后微粒数增多水净流向蔗糖侧；考的是渗透作用的水分子移动方向与液面变化,slice_14
BIOLOGY,bio-fj-08-activation-energy-curve,与酶有关的曲线分析,与酶有关的曲线分析,high,材料逐段解释酶催化活化能曲线AC与BC与AB段的含义；服务酶相关曲线识图,slice_15
BIOLOGY,bio-fj-08-atp-production-consumption-sites,atp的合成和利用,ATP的合成和利用,high,材料汇总ATP的产生场所（细胞质基质、线粒体、叶绿体）与消耗场所；即ATP的合成和利用,slice_16
BIOLOGY,bio-fj-08-atp-vs-glucose-energy,atp的结构与作用,ATP的结构与作用,medium,材料比较ATP与葡萄糖的能源特点（ATP为直接能源而葡萄糖须先转化为ATP）；该节点已收录ATP与能源物质的比较条目,slice_17
BIOLOGY,bio-fj-08-enzyme-concentration-curves,影响酶促反应的因素分析,影响酶促反应的因素分析,high,材料讲酶浓度与底物浓度对反应速率曲线的影响及平台期限制因素；知识库同题材料「底物浓度和酶浓度对酶促反应速率的影响」即绑此节点,slice_18
BIOLOGY,bio-fj-08-enzyme-reusability,酶的作用和本质,酶的作用和本质,medium,材料讲酶可重复利用（催化作用）又可作底物被水解验证化学本质；对应酶的作用和本质,slice_19
BIOLOGY,bio-fj-08-enzyme-storage,酶的特性,酶的特性,medium,材料讲过酸过碱与高温使酶永久失活而0℃时结构稳定故酶制剂宜低温保存；属酶的作用条件温和（失活与保存条件）,slice_20
BIOLOGY,bio-fj-08-four-control-types,对照实验的分析方法,对照实验的分析方法,high,材料讲空白对照、自身对照、条件对照与相互对照四类区分；节点别名含「四类对照实验的区分」且同主题材料已绑此节点,slice_21
BIOLOGY,bio-fj-08-gastric-pepsin-small-intestine,酶的作用,酶的作用,medium,材料讲胃蛋白酶最适pH为1.5而小肠pH约7.6使其失活；该节点边界明确含pH等条件对酶活性的影响且别名即「pH对酶活性的影响」,slice_22
BIOLOGY,bio-fj-08-pasteur-liebig-debate,酶的本质,酶的本质,high,材料讲巴斯德与李比希关于发酵是否需活细胞的争论及其推动酶本质的探索；服务酶的本质这一考点,slice_23
BIOLOGY,bio-fj-09-electron-transport-chain,有氧呼吸的过程分析,有氧呼吸的过程分析,medium,材料讲有氧呼吸第三阶段内膜电子传递链与化学渗透假说驱动ATP合成；服务于有氧呼吸过程分析,slice_24
BIOLOGY,bio-fj-09-sealed-container-co2,细胞呼吸的影响因素及应用,细胞呼吸的影响因素及应用,high,材料讲密闭容器中O2减少与CO2积累逐渐抑制呼吸使CO2生成速率降低；属O2与CO2浓度对细胞呼吸的影响,slice_25
BIOLOGY,bio-fj-09-storage-conditions,细胞呼吸原理的应用,细胞呼吸原理的应用,high,材料讲果蔬低温低氧保湿、种子干燥低温储存及无氧时呼吸不为零；是细胞呼吸原理在储藏中的应用,slice_26
BIOLOGY,bio-fj-09-yeast-seal-before-test,实验-探究酵母菌细胞呼吸的方式,实验：探究酵母菌细胞呼吸的方式,high,材料讲酵母菌无氧呼吸实验中B瓶先封口耗尽瓶内氧气再连通石灰水；属该实验的变量分析与装置细节,slice_27
BIOLOGY,bio-fj-10-algae-distribution-light,色素,色素,high,材料讲绿藻褐藻红藻的色素种类与海水深度分布；该节点边界即「讨论藻类对不同光质的适应」并已收录「光合色素的分布、吸收光谱与藻类适应」,slice_28
BIOLOGY,bio-fj-10-chlorophyll-a-b-absorption-bands,捕获光能的色素和结构,捕获光能的色素和结构,medium,材料讲叶绿素a与b在红光与蓝紫光区吸收带的波长位置与宽窄差异；属捕获光能的色素及其吸收光谱,slice_29
BIOLOGY,bio-fj-10-circular-chromatography-colors,捕获光能的色素和结构,捕获光能的色素和结构,medium,材料讲圆形滤纸层析出现四种色素同心圆及由内向外的顺序与扩散快慢；属色素提取与分离实验的变式,slice_30
BIOLOGY,bio-fj-10-light-saturation-point,影响光合作用强度的环境因素,影响光合作用强度的环境因素,high,材料讲光饱和点的含义与限制因素；该节点别名即「光补偿点与光饱和点的分析」,slice_01
BIOLOGY,bio-fj-10-magnesium-chlorosis,捕获光能的色素和结构,捕获光能的色素和结构,medium,材料讲缺镁使叶绿素合成受阻而显类胡萝卜素颜色并在黑暗中无法合成；属影响叶绿素合成与色素的内容,slice_02
BIOLOGY,bio-fj-10-pigment-absorption-spectrum,捕获光能的色素和结构,捕获光能的色素和结构,high,材料讲色素分布在类囊体薄膜及叶绿素与类胡萝卜素的吸收光谱,slice_03
BIOLOGY,bio-fj-10-pigment-bands-order,捕获光能的色素和结构,捕获光能的色素和结构,medium,材料讲滤纸条上四种色素带的顺序、含量与扩散速度；属捕获光能的色素一节中色素提取与分离的结果,slice_04
BIOLOGY,bio-fj-10-pigment-extraction-principle,捕获光能的色素和结构,捕获光能的色素和结构,medium,材料讲绿叶色素的提取原理与操作（无水乙醇提取、SiO2助研磨、CaCO3护色素）；属捕获光能的色素这一节,slice_05
BIOLOGY,bio-fj-10-pigment-separation-principle,捕获光能的色素和结构,捕获光能的色素和结构,medium,材料讲纸层析分离绿叶色素的原理与步骤；属「捕获光能的色素和结构」一节中的色素提取与分离内容,slice_06
BIOLOGY,bio-fj-10-scattered-light-adaptation,色素,色素,high,材料讲遮光下散光中蓝紫光占比增加使叶绿素a/b降低以增强弱光吸光能力；属叶绿素a与b吸收光谱差异及弱光适应,slice_07
BIOLOGY,bio-fj-10-water-midday-depression,影响光合作用强度的环境因素,影响光合作用强度的环境因素,high,材料讲水分与气孔关闭导致光合午休；该节点已绑「气孔关闭导致光合午休的原因分析」,slice_08
BIOLOGY,bio-fj-11-compensation-saturation-shift,光合作用与细胞呼吸“关键点”的移动,光合作用与细胞呼吸“关键点”的移动,high,材料讲提温或减光使光补偿点右移饱和点左移、增光则相反以及缺Mg的影响；正是关键点的移动,slice_09
BIOLOGY,bio-fj-11-nadh-nadph-difference,H和ATP的来源与去向,H和ATP的来源与去向,high,材料区分NADH来自呼吸一二阶段去路为还原O2、NADPH来自光反应去路为还原C3；即还原氢的来源与去向,slice_10
BIOLOGY,bio-fj-11-summer-co2-curve,一昼夜CO2浓度变化曲线,一昼夜CO2浓度变化曲线,high,材料逐点解读夏季一天CO2浓度曲线的光补偿点与午休与有机物积累最多点；该节点别名正是『自然环境中夏季CO2浓度变化曲线』,slice_11
BIOLOGY,bio-fj-14-callus-dedifferentiation,植物组织培养,植物组织培养,high,材料讲离体组织经脱分化形成愈伤组织并可再分化出根芽；该节点别名含「愈伤组织的特点」与植物组织培养过程中的脱分化再分化,slice_12
BIOLOGY,bio-fj-15-artificial-cross-pollination,人工异花传粉的操作流程,人工异花传粉的操作流程,high,材料讲去雄套袋人工授粉再套袋的流程与花蕾期去雄要点；与节点同名同义,slice_13
BIOLOGY,bio-fj-15-gene-concepts,基因,基因,medium,材料辨析显性隐性基因相同基因等位基因与非等位基因的概念及位置关系；节点已收录复等位基因等基因概念类条目,slice_14
BIOLOGY,bio-fj-15-heterosis,育种,育种,low,材料讲杂合子产量往往高于纯合子与杂交制种需年年制种；属杂交育种利用杂种优势的范畴（节点表无杂种优势点）,slice_15
BIOLOGY,bio-fj-16-additive-gene-effect,自由组合定律中的特殊分离比问题分析,自由组合定律中的特殊分离比问题分析,high,材料讲显性基因数量累加效应致AaBb自交呈1:4:6:4:1；即9:3:3:1变式类的特殊分离比,slice_16
BIOLOGY,bio-fj-16-linkage-crossing-over,连锁互换问题的配子分析,连锁互换问题的配子分析,high,材料讲互换后的重组配子比例与用测交验证连锁；即连锁互换的配子分析,slice_17
BIOLOGY,bio-fj-16-recombination-type-ratio,两对相对性状杂交实验过程,两对相对性状杂交实验过程,medium,材料讲F2亲本类型与重组类型比例随亲本组合变化；知识库两篇「重组类型比例与测交的辨析」材料即绑此节点,slice_18
BIOLOGY,bio-fj-19-blender-centrifuge-purpose,噬菌体侵染细菌实验,噬菌体侵染细菌实验,high,材料讲该实验中搅拌与离心的目的及上清液与沉淀物的放射性分布,slice_19
BIOLOGY,bio-fj-19-dna-renaturation-heating,dna的双螺旋结构,DNA的双螺旋结构,medium,材料讲加热使DNA氢键断裂、双螺旋解开而缓慢冷却可复性且不破坏磷酸二酯键；说明氢键对双螺旋结构稳定性的意义,slice_20
BIOLOGY,bio-fj-19-griffith-converts-partial,肺炎链球菌转化实验,肺炎链球菌转化实验,medium,材料讲格里菲思体内转化实验中只有少部分R型菌被转化的细节与「全部转化」的错误说法；属该实验的过程与转化机制,slice_21
BIOLOGY,bio-fj-20-base-pair-rule-1-purine-pyrimidine,DNA分子中碱基数量关系,DNA分子中碱基数量关系,high,材料讲双链DNA碱基互补配对故A=T、C=G、嘌呤总数等于嘧啶总数；节点即DNA分子中碱基数量关系,slice_22
BIOLOGY,bio-fj-20-base-pair-rule-2-complementary-ratio,DNA分子中碱基数量关系,DNA分子中碱基数量关系,high,材料讲互补碱基之和（A+T或C+G）的占比在双链与任一条单链及转录出的mRNA中都相等；即DNA分子中碱基数量关系,slice_23
BIOLOGY,bio-fj-20-chargaff-rule-base-equality,DNA分子中碱基数量关系,DNA分子中碱基数量关系,high,材料讲查哥夫发现同一DNA中A与T含量相等C与G含量相等；正是DNA分子中碱基数量关系,slice_24
BIOLOGY,bio-fj-20-dna-strand-ends,dna的双螺旋结构,DNA的双螺旋结构,medium,材料讲单链5′端为游离磷酸与3′端为羟基且两链走向相反；该节点边界即「两条反向平行的脱氧核苷酸链」（与「dna的结构及特点」有重叠）,slice_25
BIOLOGY,bio-fj-20-semidiscontinuous-replication,DNA复制的拓展,DNA复制的拓展,medium,材料讲前导链连续与后随链不连续的复制延伸细节并延伸出端粒缩短；属DNA复制的拓展,slice_26
BIOLOGY,bio-fj-21-rna-types-functions,RNA的结构、种类与功能,RNA的结构、种类与功能,high,材料讲mRNA、tRNA、rRNA三类RNA的结构与功能及tRNA含局部氢键；与该节点同名同主题,slice_27
BIOLOGY,bio-fj-22-gene-location-by-aneuploid,基因位置的判断方法,基因位置的判断方法,high,材料讲用三体单体或染色体片段缺失品系杂交定位基因所在染色体；该节点别名即「三体定位法判断基因所在染色体」,slice_28
BIOLOGY,bio-fj-23-darwin-limitation,自然选择,自然选择,medium,材料讲达尔文学说不能解释遗传变异本质且局限于个体水平与渐变式物种形成；达尔文学说即自然选择学说,slice_29
BIOLOGY,bio-fj-23-isolation-types,隔离在物种形成中的作用,隔离在物种形成中的作用,high,材料讲隔离的概念及地理隔离与生殖隔离两种类型；该节点即隔离在物种形成中的作用,slice_30
BIOLOGY,bio-fj-24-artificial-uterus-conditions,内环境的稳态,内环境的稳态,high,材料以人造子宫的羊水成分与温度酸碱度机器胎盘考查内环境成分与理化性质保持相对稳定,slice_01
BIOLOGY,bio-fj-24-blood-through-organs,内环境的稳态,内环境的稳态,high,材料即血液流经骨骼肌肺肾胰腺肝脏后流出端物质含量变化模型；该节点别名正为血液流经某器官后物质含量的变化,slice_02
BIOLOGY,bio-fj-24-lactic-acid-buffer,酸碱平衡,酸碱平衡,high,材料讲乳酸与NaHCO3反应生成碳酸经呼吸排出以维持血浆pH,slice_03
BIOLOGY,bio-fj-32-birth-death-rate,种群的数量特征,种群的数量特征,high,材料讲出生率、死亡率与迁入迁出率是决定种群大小和种群密度的因素；属种群数量特征一节,slice_04
BIOLOGY,bio-fj-32-density-dependent-factors,密度制约因素与非密度制约因素,密度制约因素与非密度制约因素,high,材料对比密度制约因素（捕食寄生竞争）与非密度制约因素（气温干旱火灾地震）；与节点同名,slice_05
BIOLOGY,bio-fj-32-j-curve-conditions,种群数量的变化,种群数量的变化,high,材料讲J形增长的理想条件、λ倍增长与入侵初期实例；是种群数量变化一节中J形增长的要点,slice_06
BIOLOGY,bio-fj-32-j-curve-math-model,种群数量的变化,种群数量的变化,high,材料是J形增长数学模型Nt=N0·λ^t与λ的含义及增长率；属建立数学模型研究种群数量变化,slice_07
BIOLOGY,bio-fj-32-j-shaped-curve,种群数量的变化,种群数量的变化,high,材料讲J形增长的理想条件与Nt=N0·λ^t模型；该节点已含J形增长曲线判读材料,slice_08
BIOLOGY,bio-fj-32-locust-pheromone-prevention,信息传递,信息传递,medium,材料讲蝗虫集群信息素使散居型转群居并据此设计拮抗剂防治；属于化学信息在害虫防治中的应用,slice_09
BIOLOGY,bio-fj-32-s-shaped-curve,种群数量的变化,种群数量的变化,high,材料讲资源有限时S形增长的成因、K值定义与增长速率在K/2最大；属种群数量的变化,slice_10
BIOLOGY,bio-fj-33-competition-examples,群落的结构,群落的结构,high,材料讲种间竞争的实例与本质；同节点已绑『群落的物种组成与种间关系』属同一考点,slice_11
BIOLOGY,bio-fj-33-dominant-species-concept,群落的结构,群落的结构,high,材料界定优势种是对其他物种影响大的物种且常见而影响不大者不算；该节点明确涉及优势种的判断依据,slice_12
BIOLOGY,bio-fj-33-ecotone-edge-effect,群落的结构,群落的结构,medium,材料讲生态交错区与边缘效应的成因；属群落水平结构相关考点,slice_13
BIOLOGY,bio-fj-33-mutualism-protocooperation,群落的结构,群落的结构,high,材料辨析原始合作与互利共生；节点别名即「互利共生与原始合作的辨析」与「种间关系主要有原始合作（互惠）」,slice_14
BIOLOGY,bio-fj-33-parasitism-vs-predation-examples,群落的结构,群落的结构,high,材料辨析寄生（蚊子与人及蝉与树）与捕食（蝗虫与蚕）的实例；属群落中种间关系内容,slice_15
BIOLOGY,bio-fj-33-predation-parasitism-competition,群落的结构,群落的结构,high,材料辨析捕食、寄生与种间竞争三种种间关系；种间关系是群落的结构中的核心内容,slice_16
BIOLOGY,bio-fj-33-primary-succession-stages,群落的演替,群落的演替,high,材料梳理裸岩初生演替的地衣到苔藓到草本到灌木到乔木五阶段顺序,slice_17
BIOLOGY,bio-fj-33-secondary-succession-examples,群落的演替,群落的演替,medium,材料列举火灾草原 过量砍伐森林 弃耕农田等次生演替实例；与节点内「初生演替与次生演替的判断」同类,slice_18
BIOLOGY,bio-fj-33-soil-animal-richness-experiment,研究土壤中小动物类群的丰富度,研究土壤中小动物类群的丰富度,high,材料讲土壤小动物丰富度的取样器取样与记名计算法统计；节点名完全对应,slice_19
BIOLOGY,bio-fj-33-symbiosis-vs-protocooperation-detail,群落的结构,群落的结构,high,材料辨析互利共生（地衣、根瘤菌）与原始合作（海葵与寄居蟹）的实例；该节点别名即「互利共生与原始合作的辨析」,slice_20
BIOLOGY,bio-fj-33-vertical-layering-animals-reason,群落的结构,群落的结构,high,材料讲动物垂直分层由植物分层提供的食物与栖息空间决定；属群落的垂直结构（节点材料含「群落的垂直结构」「水生植物分层」）,slice_21
BIOLOGY,bio-fj-33-vertical-layering-plants-reason,群落的结构,群落的结构,high,材料讲植物垂直分层与对光的利用；该节点即群落的垂直结构（分层现象）且别名含「森林群落的分层现象」,slice_22
BIOLOGY,bio-formula-glucose-accumulation,辨析真正光合速率-净光合速率和呼吸速率,辨析真正光合速率、净光合速率和呼吸速率,high,材料给葡萄糖积累量（净生产量）等于光合实际合成量减呼吸消耗量；正是真正光合净光合与呼吸速率三者关系的辨析,slice_23
BIOLOGY,bio-fx-age-structure-three-types,种群的数量特征,种群的数量特征,high,材料讲年龄组成的增长型稳定型衰退型及对未来种群密度的预测；属种群数量特征之一,slice_24
BIOLOGY,bio-fx-assimilation-fates,能量流动,能量流动,high,材料讲某营养级同化量的四个去向（呼吸散失流向下一营养级流向分解者未被利用）；该节点别名含「同化量一来二去」,slice_25
BIOLOGY,bio-fx-autoclave-notes,无菌技术,无菌技术,high,材料讲高压蒸汽灭菌锅排气冷空气、压力降零后开盖、对称旋紧螺栓等操作要点；属无菌技术中的灭菌操作,slice_26
BIOLOGY,bio-fx-bacteria-role-judgment,生态系统的结构,生态系统的结构,high,材料讲硝化细菌是生产者、寄生细菌是消费者、腐生细菌与蚯蚓蜣螂是分解者；正是该节点的成分归属易混易错,slice_27
BIOLOGY,bio-fx-brdu-staining-method,dna的复制,DNA的复制,high,材料讲BrdU掺入后第二次分裂中期染色单体深浅色差以追踪复制并验证半保留复制；该节点别名含「染色体标记问题的有丝分裂模型」与「半保留复制的假说与实验证据」,slice_28
BIOLOGY,bio-fx-counting-formula,微生物的培养,微生物的培养,medium,材料讲稀释涂布平板法活菌计数公式与只统计30-300菌落平板并设对照；属微生物培养中的计数与数据处理,slice_29
BIOLOGY,bio-fx-disinfection-methods,无菌技术,无菌技术,high,材料讲煮沸巴氏化学药剂紫外线等消毒方法与对象；节点已收「无菌技术（消毒与灭菌）」与「无菌技术的四项要点」,slice_30
BIOLOGY,bio-fx-double-enzyme-cloning,限制酶,限制酶,high,材料讲双酶切防自身环化与反向连接；该节点边界写明双酶切可提高连接的方向性,slice_01
BIOLOGY,bio-fx-electrophoresis-gene-location,分子标记与基因定位流程,分子标记与基因定位流程,medium,材料讲SSR标记与目的基因连锁并经PCR扩增电泳带型判断基因是否位于某染色体；属分子标记基因定位流程,slice_02
BIOLOGY,bio-fx-exp-control-types,对照实验的分析方法,对照实验的分析方法,high,材料讲空白自身条件相互四类对照方法；节点别名含四类对照实验的区分,slice_03
BIOLOGY,bio-fx-exp-design-procedure,探究动植物生命活动调节实验的思路与方法,探究动植物生命活动调节实验的思路与方法,medium,材料给出实验设计六步程序（明确目的到得出结论）；出自同名讲义并服务该类实验设计题的构思与作答,slice_04
BIOLOGY,bio-fx-exp-evaluation,对照实验的分析方法,对照实验的分析方法,low,材料给出实验方案评价四角度（对照、变量、重复、检测）；节点表无专门的实验方案评价节点；只能取最接近的对照实验分析,slice_05
BIOLOGY,bio-fx-exp-parallel-repetition,生物学实验技术与方法,生物学实验技术与方法,low,材料讲实验设计平行重复原则（足够数量、取平均、随机均分）；节点表无重复原则专节点；只能取最泛的实验技术与方法,slice_06
BIOLOGY,bio-fx-exp-single-variable,对照实验的分析方法,对照实验的分析方法,medium,材料讲实验设计的单一变量原则（无关变量相同且适宜并与等量原则统一）；属实验设计的基本原则与对照实验,slice_07
BIOLOGY,bio-fx-fusion-inheritance,分离定律,分离定律,medium,材料讲融合遗传被颗粒性遗传否定；出处为分离定律微专题；结论落点是按分离定律传递,slice_08
BIOLOGY,bio-fx-gene-presence-detect-methods,目的基因的检测与鉴定,目的基因的检测与鉴定,medium,材料归纳检测目的基因有无的方法（个体水平测交自交与分子水平PCR、核酸分子杂交、基因测序）；服务检测目的基因这一考点,slice_09
BIOLOGY,bio-fx-greenhouse-effect,物质循环,物质循环,medium,材料讲温室效应由化石燃料燃烧与植被破坏引起并给出减排增汇措施；属碳循环失衡的物质循环应用,slice_10
BIOLOGY,bio-fx-homo-hetero-identify,纯合子与杂合子的判断,纯合子与杂合子的判断,high,材料给动物测交与植物自交等纯合子杂合子鉴定方案；与该节点别名『纯合子与杂合子的三种鉴定方法』一致,slice_11
BIOLOGY,bio-fx-hormone-research-methods,探究动植物生命活动调节实验的思路与方法,探究动植物生命活动调节实验的思路与方法,high,材料归纳饲喂摘除注射阉割移植等方法验证激素生理功能；与该节点「用切除注射阉割移植验证激素功能」的范围一致,slice_12
BIOLOGY,bio-fx-hypothalamus-pituitary-control,下丘脑的功能,下丘脑的功能,medium,材料用阻断血液联系的减法原理实验证明垂体活动受下丘脑控制；服务下丘脑对垂体的调控,slice_13
BIOLOGY,bio-fx-influenza-variation-cause,病毒,病毒,high,材料讲流感病毒为单链RNA病毒结构不稳定故易变异并与T2噬菌体比较；节点已收录「病毒繁殖过程与可遗传变异来源」,slice_14
BIOLOGY,bio-fx-inverse-pcr,pcr技术,PCR技术,high,材料讲反向PCR三步原理（酶切与环化与反向引物扩增）以扩增已知序列两侧未知序列；属PCR技术变式,slice_15
BIOLOGY,bio-fx-j-curve-growth,种群数量的变化,种群数量的变化,high,材料讲J形增长的条件、增长率不变与Nt=N0λ^t模型；即种群数量变化中的J形增长模型,slice_16
BIOLOGY,bio-fx-judge-aba-ga-ratio,其他植物激素,其他植物激素,high,材料讲脱落酸与赤霉素的比例影响黄瓜雌雄花分化；该节点已收录脱落酸与赤霉素相互作用条目,slice_17
BIOLOGY,bio-fx-judge-adh-release,水和无机盐平衡的调节,水和无机盐平衡的调节,medium,材料辨析抗利尿激素的分泌部位与释放部位并涉及其促进肾小管集合管重吸收水；同系列易错材料「血钠升高时醛固酮分泌减少」亦归此节点,slice_18
BIOLOGY,bio-fx-judge-aldosterone-sodium,水和无机盐平衡的调节,水和无机盐平衡的调节,high,材料讲血钠升高时醛固酮分泌减少以调节Na+重吸收；属水盐平衡调节,slice_19
BIOLOGY,bio-fx-judge-heat-production-balance,体温调节,体温调节,high,材料强调体温恒定时产热量等于散热量、寒冷环境中两者同增仍相等；属体温调节的产热与散热关系判断,slice_20
BIOLOGY,bio-fx-judge-hormone-transport,激素调节的特点,激素调节的特点,high,材料讲激素随体液运输到全身而非定向运输且只作用于靶细胞；同主题「激素分泌与运输的三个易错点」材料已绑该节点,slice_21
BIOLOGY,bio-fx-judge-organ-transplant-hla,免疫学的应用,免疫学的应用,high,材料讲器官移植只要求主要HLA一半以上相同且移植后需用免疫抑制剂；该节点边界原文即「供者和受者的主要HLA一半以上相同」,slice_22
BIOLOGY,bio-fx-judge-synapse-signal,突触,突触,medium,材料辨析突触前膜的电信号到化学信号与突触后膜的化学信号到电信号转换；服务突触处兴奋传递这一考点,slice_23
BIOLOGY,bio-fx-k-value-fluctuation,k值,K值,high,材料讲K值定义及环境条件改变使K值变化；与该节点一致,slice_24
BIOLOGY,bio-fx-lactobacillus-characters,传统发酵技术,传统发酵技术,high,材料讲乳酸菌厌氧原核与乳酸发酵并联系泡菜亚硝酸盐；该节点边界即利用厌氧乳酸菌的传统发酵且已含泡菜亚硝酸盐别名,slice_25
BIOLOGY,bio-fx-mcq-basic-three-steps,基础类选择题的选项设置陷阱,基础类选择题的选项设置陷阱,medium,材料给出基础知识型选择题的定位、辨析、验证三步解法；其细节辨析环节即选项陷阱识别,slice_26
BIOLOGY,bio-fx-megaprimer-pcr,pcr技术,PCR技术,high,材料讲大引物PCR用三条引物两轮扩增实现定点突变；该节点已收录重叠延伸PCR定点突变与引物设计类条目,slice_27
BIOLOGY,bio-fx-mismatch-repair,核苷酸,核苷酸,high,材料讲DNA错配修复的甲基化识别切除填补连接五阶段；该节点边界明确「延伸包括DNA损伤的重要修复机制」且转录偶联修复材料同绑此节点,slice_28
BIOLOGY,bio-fx-monosome-trisome-location,基因位置的判断方法,基因位置的判断方法,high,材料讲用单体三体缺体杂交测交把基因定位到某条染色体；该节点别名即三体定位法判断基因所在染色体,slice_29
BIOLOGY,bio-fx-nitrogen-cycle,物质循环,物质循环,high,材料讲氮循环的固氮氨化硝化反硝化四个环节与对应微生物类群；节点已收「磷循环的特点与限制因素」同类元素循环材料,slice_30
BIOLOGY,bio-fx-nucleo-cytoplasmic-sterility,核质互作雄性不育与三系法育种,核质互作雄性不育与三系法育种,high,材料与节点同名同样讲核质互作不育与三系配套制种,slice_01
BIOLOGY,bio-fx-osmosis-dynamic-equilibrium,渗透作用,渗透作用,high,材料讲漏斗液面稳定时水分子仍双向跨膜且单位时间速率相等；即该节点的渗透平衡是动态平衡,slice_02
BIOLOGY,bio-fx-overlap-extension-pcr,pcr技术,PCR技术,high,材料讲重叠延伸PCR四条引物扩增与定点突变；节点别名含重叠延伸PCR实现定点突变,slice_03
BIOLOGY,bio-fx-photoinhibition-defense,光系统与电子传递链,光系统与电子传递链,medium,材料讲强光下PSⅡ受破坏、电子传递受阻的光抑制机理及减少光吸收、热耗散、光呼吸等防御,slice_04
BIOLOGY,bio-fx-primary-succession-stages,群落的演替,群落的演替,high,材料梳理裸岩初生演替的地衣到苔藓到草本到灌木到森林阶段顺序,slice_05
BIOLOGY,bio-fx-primer-design-principles,pcr技术,PCR技术,high,材料讲引物设计六项原则（长度、GC含量、二聚体、3′端、Tm值）；引物设计是PCR技术下的核心要点,slice_06
BIOLOGY,bio-fx-primer-mutation-rounds,pcr技术,PCR技术,high,材料讲PCR定点诱变中引物结合位置决定第几轮获得双链等长突变片段；属PCR技术的应用判断,slice_07
BIOLOGY,bio-fx-reducing-sugar-scope,实验-检测生物组织中的糖类-脂肪和蛋白质,实验：检测生物组织中的糖类、脂肪和蛋白质,high,材料界定还原糖范围以服务斐林试剂检测；语料中还原糖鉴别类材料均归此节点,slice_08
BIOLOGY,bio-fx-rubisco-dual-function,光呼吸,光呼吸,high,材料讲Rubisco羧化与加氧双功能及CO2/O2比值减小走C2途径即光呼吸；适用性即光呼吸机制分析,slice_09
BIOLOGY,bio-fx-s-curve-growth,种群数量的变化,种群数量的变化,high,材料讲S型增长的条件、环境容纳量K与增长速率先增后减；属种群数量的变化,slice_10
BIOLOGY,bio-fx-semipermeable-strictness,渗透作用,渗透作用,high,材料讲半透膜是否允许溶质通过决定能否形成稳定液面差；即该节点别名『渗透作用发生的两个条件：半透膜＋膜两侧浓度差』中的半透膜条件,slice_11
BIOLOGY,bio-fx-solve-method-three-elements,物质跨膜运输方式的判断,物质跨膜运输方式的判断,high,材料用浓度梯度能量转运蛋白三要素判断运输方式；该节点别名即「用三要素判断跨膜运输方式」,slice_12
BIOLOGY,bio-fx-sterilization-methods,无菌技术,无菌技术,high,材料讲灼烧灭菌与干热灭菌与高压蒸汽灭菌的适用对象；属无菌技术中的灭菌方法,slice_13
BIOLOGY,bio-fx-testcross-gamete-ratio,测交,测交,high,材料讲双杂合子测交后代表型比等于其配子比并据以判断自由组合或连锁互换；节点即测交且已收录「测交实验的目的与结果解读」,slice_14
BIOLOGY,bio-fx-testcross-not-dominance,性状显隐性的判断,性状显隐性的判断,medium,材料辨析测交不能判断显隐性并给出自交法与相对性状亲本杂交法；服务显隐性判断方法的易错点,slice_15
BIOLOGY,bio-fx-transcription-coupled-repair,核苷酸,核苷酸,medium,材料讲DNA损伤后Mfd识别滞留的RNA聚合酶并招募修复系统的转录偶联修复；该节点边界明确收录DNA损伤的重要修复机制,slice_16
BIOLOGY,bio-fx-trisome-gamete-labeling,染色体变异-x1,染色体变异,high,材料讲三体AAa产生配子的标号分析与配子比例；该节点别名即「三体与四体产生的配子比例」,slice_17
BIOLOGY,bio-fx-variable-add-subtract,对照实验设计的四步模板,对照实验设计的四步模板,high,材料讲自变量处理的加法与减法及回补实验；知识库「加法原理与减法原理在实验中的运用」即绑此节点,slice_18
BIOLOGY,bio-fx-variable-change,对照实验设计的四步模板,对照实验设计的四步模板,medium,材料讲探究温度与pH等无法加减的自变量用换法设置梯度并保证单一变量；属对照实验设计要点,slice_19
BIOLOGY,bio-gel-electrophoresis-principle,遗传系谱图和电泳图谱分析,遗传系谱图和电泳图谱分析,high,材料讲DNA带负电向正极迁移且迁移速率取决于片段大小与构象；该节点别名含「凝胶电泳的原理与图谱解读」,slice_20
BIOLOGY,bio-homologous-recombination-cloning,基因工程,基因工程,high,材料讲同源重组法（15-20 bp同源臂与Exnase II体外重组）构建载体的步骤与优点；同讲「无缝克隆（同源重组）法构建表达载体」已绑该节点,slice_21
BIOLOGY,bio-hormone-experiment-controls,生命活动调节实验的设计要点,生命活动调节实验的设计要点,high,材料讲激素实验用等量生理盐水作空白对照并做前后自身对照；该节点边界即「空白对照组注射生理盐水而不是蒸馏水」,slice_22
BIOLOGY,bio-hormone-experiment-endogenous-exclusion,探究动植物生命活动调节实验的思路与方法,探究动植物生命活动调节实验的思路与方法,medium,材料讲活体实验须排除内源激素干扰（切除腺体或抗体阻断受体）；同节点已绑「用切除注射阉割移植验证激素功能」,slice_23
BIOLOGY,bio-hormone-experiment-variables,生命活动调节实验的设计要点,生命活动调节实验的设计要点,medium,材料讲激素类动物实验各组动物数量年龄性别生理状态饲养条件相同且适宜并多次重复；属生命活动调节实验设计要点,slice_24
BIOLOGY,bio-hypothalamus-circadian-rhythm,下丘脑的功能,下丘脑的功能,medium,材料讲下丘脑（视交叉上核）是昼夜节律控制中心；属下丘脑功能之一（另一节点侧重稳态调节链条）,slice_25
BIOLOGY,bio-hypothalamus-removal-dehydration,水和无机盐平衡的调节,水和无机盐平衡的调节,medium,材料讲下丘脑合成的抗利尿激素减少致肾小管集合管重吸收水减少而脱水；是水盐平衡调节链条,slice_26
BIOLOGY,bio-hypoxia-weakens-pump,主动运输,主动运输,high,材料讲缺氧使ATP减少致Na+-K+泵活动减弱、离子梯度难以维持；该节点别名含「氧气含量通过呼吸供能影响主动运输」「钠钾泵与静息电位幅度的关系」,slice_27
BIOLOGY,bio-incomplete-dominance,分离定律的特殊类型,分离定律的特殊类型,high,材料讲不完全显性杂合子表现介于双亲之间且自交分离比1:2:1；该节点别名即「不完全显性」且已收录同题材料,slice_28
BIOLOGY,bio-info-extraction-bar-chart,坐标图类信息题的变量分析,坐标图类信息题的变量分析,high,材料讲柱状图给出各实验组的自变量与因变量并可由柱值差获取组间差异；属坐标图类信息题的变量分析,slice_29
BIOLOGY,bio-info-extraction-curve,坐标图类信息题的变量分析,坐标图类信息题的变量分析,high,材料讲曲线图先看横纵坐标轴与单位再判变化趋势后比交点拐点平台；节点已收「坐标图信息分析先定变量」与「双纵坐标曲线图的读图方法」,slice_30
BIOLOGY,bio-info-extraction-table,坐标图类信息题的变量分析,坐标图类信息题的变量分析,medium,材料讲表格题先看表头与注再从行列对比找自变量因变量；该节点边界把柱形图与表格的变量分析纳入范围,slice_01
BIOLOGY,bio-inverse-pcr-unknown-flanking,pcr技术,PCR技术,high,材料讲用限制酶环化后以相反方向引物扩增已知序列两侧未知序列；即该节点的反向PCR原理与操作步骤,slice_02
BIOLOGY,bio-k-value-max-rate,种群数量的变化,种群数量的变化,medium,材料讲S形曲线增长速率在K/2最大且过K/2后减小；属S形增长曲线定量分析,slice_03
BIOLOGY,bio-kb-adaptation-formation-necessary-conditions,自然选择,自然选择,high,材料讲可遗传的有利变异与环境的定向选择是适应形成的必要条件（变异不定向、选择定向）,slice_04
BIOLOGY,bio-kb-cell-size-limitation-reasons,细胞不能无限长大的原因,细胞不能无限长大的原因,high,材料解释相对表面积减小与细胞核控制范围限制；与节点同名,slice_05
BIOLOGY,bio-kb-comparative-experiment-concept,对照实验的分析方法,对照实验的分析方法,high,材料给出对比实验（相互对照）的定义、特点与实例并区分空白对照；属对照实验的分析方法,slice_06
BIOLOGY,bio-kb-competitive-noncompetitive-inhibitors,酶的两种抑制机理,酶的两种抑制机理,high,材料讲竞争性与非竞争性抑制剂的作用部位及抑制能否被底物浓度解除；即酶的两种抑制机理,slice_07
BIOLOGY,bio-kb-continuous-selfing-ratio-formula,自交和自由交配的概率计算,自交和自由交配的概率计算,high,材料给杂合子连续自交与逐代淘汰隐性个体的比例公式；该节点别名即「杂合子连续自交与逐代淘汰的计算」,slice_08
BIOLOGY,bio-kb-elements-macro-micro-classification,组成细胞的元素,组成细胞的元素,high,材料列举大量元素与微量元素并强调按含量而非重要性区分；即组成细胞的元素这一考点,slice_09
BIOLOGY,bio-kb-enzyme-hormone-antibody-nature-judgment,酶的本质,酶的本质,high,材料主线是酶绝大多数为蛋白质少数为RNA并借激素抗体作对比；服务酶的本质,slice_10
BIOLOGY,bio-kb-essential-element-solution-culture,细胞中的无机盐,细胞中的无机盐,high,材料用完全培养液与缺元素X培养液对照并补X观察恢复来判定元素作用；同节点已绑『无机盐功能验证的实验设计』即同一考法,slice_11
BIOLOGY,bio-kb-fehling-reagent-reducing-sugar,实验-检测生物组织中的糖类-脂肪和蛋白质,实验：检测生物组织中的糖类、脂肪和蛋白质,high,材料讲斐林试剂现配现用水浴加热检测还原糖的操作要点与选材；属该检测实验的原理与操作要点,slice_12
BIOLOGY,bio-kb-fehling-vs-biuret-reagents,实验-检测生物组织中的糖类-脂肪和蛋白质,实验：检测生物组织中的糖类、脂肪和蛋白质,high,材料比较斐林试剂与双缩脲试剂的成分浓度用法与原理；该节点别名即斐林试剂与双缩脲试剂的对比辨析,slice_13
BIOLOGY,bio-kb-hybrid-breeding-and-heterosis,育种,育种,high,材料讲杂交选育纯合品种与杂种优势及其固定方法；节点别名含「杂种优势及其固定方法」与「基因重组的结果、意义与杂交育种」,slice_14
BIOLOGY,bio-kb-induction-method,归纳法,归纳法,high,材料讲归纳法定义与完全归纳和不完全归纳的区分；与节点归纳法同名同义,slice_15
BIOLOGY,bio-kb-intermittent-illumination-method,影响光合作用强度的环境因素,影响光合作用强度的环境因素,medium,材料讲光暗交替让暗反应利用光反应积累的ATP与NADPH以提高光能利用率；该节点别名即含「为提高光能利用率」,slice_16
BIOLOGY,bio-kb-lens-length-magnification,使用高倍显微镜观察细胞,使用高倍显微镜观察细胞,high,材料讲目镜与物镜长短和放大倍数的对应关系；该节点别名即「显微镜的结构与目镜物镜特点」,slice_17
BIOLOGY,bio-kb-monosaccharide-types-distribution,细胞中的糖类,细胞中的糖类,high,材料讲核糖 脱氧核糖 葡萄糖 果糖 半乳糖的种类分布与功能；知识库同类单糖材料均绑此节点,slice_18
BIOLOGY,bio-kb-neuron-and-glia-cells,神经调节的结构基础,神经调节的结构基础,high,材料讲神经元与神经胶质细胞的数量功能；属神经调节的结构基础中的组成细胞,slice_19
BIOLOGY,bio-kb-osmosis-direction-and-concentration-judgment,渗透作用,渗透作用,high,材料讲水由低浓度一侧向高浓度一侧净渗透、浓度指物质的量浓度、渗透平衡时仍存在浓度差；与该节点别名一致,slice_20
BIOLOGY,bio-kb-pea-artificial-hybrid-operation,人工异花传粉的操作流程,人工异花传粉的操作流程,high,材料讲花蕾期去雄、套袋、人工授粉、再套袋四步操作与单性花不需去雄；与节点同名同主题,slice_21
BIOLOGY,bio-kb-polysaccharide-types-functions,细胞中的糖类,细胞中的糖类,high,材料讲淀粉、纤维素、糖原、几丁质的分布与功能；该节点别名含「常见的多糖」「细胞中的糖类·多糖」,slice_22
BIOLOGY,bio-kb-pure-vs-heterozygote-identification,纯合子与杂合子的判断,纯合子与杂合子的判断,high,材料讲植物用自交法动物用测交法鉴定纯合子与杂合子；节点名完全对应,slice_23
BIOLOGY,bio-kb-sodium-potassium-pump-function,通道蛋白与载体蛋白的辨析,通道蛋白与载体蛋白的辨析,medium,材料对比离子通道顺浓度被动运输与钠钾泵逆浓度转运并水解ATP；核心是两类转运蛋白的区分,slice_24
BIOLOGY,bio-kb-sterol-types-functions,细胞中的脂质,细胞中的脂质,high,材料讲固醇三成员胆固醇性激素维生素D的功能；该节点别名含「性激素的功能」与「细胞中的脂质·种类及功能」,slice_25
BIOLOGY,bio-kb-sugar-not-all-reducing-energy,细胞中的糖类,细胞中的糖类,high,材料辨蔗糖淀粉纤维素为非还原糖且核糖脱氧核糖纤维素不供能；属糖类种类与功能辨析,slice_26
BIOLOGY,bio-kb-tissue-edema-cause-analysis,组织水肿的成因,组织水肿的成因,high,材料归纳血浆蛋白减少、组织液渗透压升高、淋巴回流受阻三类水肿成因并落脚渗透压变化；与该节点同名同判据,slice_27
BIOLOGY,bio-kb-translocation-vs-crossing-over-diff,染色体变异-x1,染色体变异,high,材料辨析易位（非同源染色体之间属结构变异）与互换（同源染色体非姐妹染色单体之间属基因重组）；该节点别名即「交叉互换与染色体易位的区别」,slice_28
BIOLOGY,bio-kb-water-18o-irrigation-judgment,同位素标记法,同位素标记法,medium,材料用H2(18)O浇灌植物追踪18O在空气水蒸气与O2与CO2中的去向；属同位素示踪类判断,slice_29
BIOLOGY,bio-kb2-02-elements-classification,细胞中的元素,细胞中的元素,medium,材料讲大量元素与微量元素按含量区分而非按重要性且二者都是必需元素；节点已收「大量元素与微量元素的辨析」,slice_30
BIOLOGY,bio-kb2-02-feilin-bisuoshiji-diff,实验-检测生物组织中的糖类-脂肪和蛋白质,实验：检测生物组织中的糖类、脂肪和蛋白质,high,材料比较斐林试剂与双缩脲试剂的成分用法与原理；该节点别名即「斐林试剂与双缩脲试剂的对比辨析」,slice_01
BIOLOGY,bio-kb2-02-reducing-sugar-test,实验-检测生物组织中的糖类-脂肪和蛋白质,实验：检测生物组织中的糖类、脂肪和蛋白质,high,材料讲斐林试剂现配现用并水浴加热出现砖红色沉淀以检还原糖；即组织中糖类的检测实验,slice_02
BIOLOGY,bio-kb2-02-three-unique-organic-test,实验-检测生物组织中的糖类-脂肪和蛋白质,实验：检测生物组织中的糖类、脂肪和蛋白质,high,材料讲还原糖需水浴脂肪需显微镜且用酒精的三个唯一；节点别名含三类有机物检测的三个唯一,slice_03
BIOLOGY,bio-kb2-03-chitin,几丁质,几丁质,high,材料讲几丁质（壳多糖）的分布、应用、基本单位与含N特点；与节点同名,slice_04
BIOLOGY,bio-kb2-03-non-reducing-sugars,细胞中的糖类,细胞中的糖类,medium,材料区分还原糖与非还原糖并说明淀粉蔗糖不能用斐林试剂检测；属糖类的性质与分类,slice_05
BIOLOGY,bio-kb2-03-polysaccharide-function,细胞中的糖类,细胞中的糖类,high,材料讲淀粉、纤维素、糖原的分布与功能；正是细胞中的糖类这一考点,slice_06
BIOLOGY,bio-kb2-03-sugar-classification,细胞中的糖类,细胞中的糖类,high,材料讲单糖二糖多糖的分类与代表物质及几丁质含N；属细胞中的糖类分类与常见二糖多糖,slice_07
BIOLOGY,bio-kb2-04-rna-functions,RNA的结构、种类与功能,RNA的结构、种类与功能,high,材料逐条列举mRNA、tRNA、rRNA与催化RNA的功能；与节点同名同域,slice_08
BIOLOGY,bio-kb2-06-vesicle-transport,囊泡运输与蛋白质分选,囊泡运输与蛋白质分选,high,材料讲囊泡来自内质网高尔基体与细胞膜、形成依赖膜的流动性且运输耗能；与节点「囊泡运输与蛋白质分选」一致,slice_09
BIOLOGY,bio-kb2-07-protoplast-layer,质壁分离,质壁分离,medium,材料讲原生质层由细胞膜液泡膜及两层膜间细胞质组成并相当于半透膜；是质壁分离的结构基础,slice_10
BIOLOGY,bio-kb2-08-inhibitors,酶的两种抑制机理,酶的两种抑制机理,high,材料讲竞争性抑制剂与底物争活性部位可被增底物消除而非竞争性抑制剂改变构象不可消除；与该节点别名『竞争性与非竞争性抑制』一致,slice_11
BIOLOGY,bio-kb2-08-ph-temperature-relation,影响酶促反应的因素分析,影响酶促反应的因素分析,high,材料讲不同pH下酶的最适温度不变且不同温度下最适pH不变；属温度与pH对酶活性影响的分析,slice_12
BIOLOGY,bio-kb2-10-light-compensation-saturation,影响光合作用强度的环境因素,影响光合作用强度的环境因素,high,材料讲光补偿点与光饱和点定义及光照强度曲线分析；即光照强度对光合作用强度的影响,slice_13
BIOLOGY,bio-kb2-10-pigment-absorption,捕获光能的色素和结构,捕获光能的色素和结构,high,材料讲叶绿素主要吸收红光和蓝紫光而类胡萝卜素主要吸收蓝紫光；节点已收录「绿叶中色素的吸收光谱」,slice_14
BIOLOGY,bio-kb2-10-pigment-extraction,捕获光能的色素和结构,捕获光能的色素和结构,high,材料讲绿叶中色素提取（无水乙醇与二氧化硅与碳酸钙）与纸层析分离的原理与步骤；即捕获光能的色素一节的探究实验,slice_15
BIOLOGY,bio-kb2-11-intermittent-light,影响光合作用强度的环境因素,影响光合作用强度的环境因素,medium,材料讲光照总时间不变时交替光照比持续光照制造更多有机物；同属提高光能利用率类内容,slice_16
BIOLOGY,bio-kb2-11-photosynthate-transport,光合产物的运输与转化,光合产物的运输与转化,high,材料讲磷酸丙糖运出叶绿体后在细胞质中合成蔗糖并经韧皮部运输；与节点同义,slice_17
BIOLOGY,bio-kb2-15-continuous-selfing-formula,分离定律的概率计算-含自交与自由交配,分离定律的概率计算（含自交与自由交配）,high,材料给杂合子连续自交n代的杂合子与纯合子比例公式；知识库主题最相近的材料即绑此节点,slice_18
BIOLOGY,bio-kb2-15-homozygote-judgement,纯合子与杂合子的判断,纯合子与杂合子的判断,high,材料讲自交法与测交法鉴定纯合子和杂合子；节点名完全对应,slice_19
BIOLOGY,bio-kb2-16-heterosis-breeding,育种,育种,high,材料讲杂交育种组合优良性状并连续自交选纯及杂种优势的固定；该节点别名含「杂种优势及其固定方法」,slice_20
BIOLOGY,bio-kb2-22-translocation-vs-crossing-over,染色体变异-x1,染色体变异,medium,材料辨析易位（非同源染色体之间且光镜可见）与交叉互换（同源染色体非姐妹染色单体间属基因重组）；同主题「易位与互换的区别」材料已绑该节点,slice_21
BIOLOGY,bio-kb2-26-blood-sugar-source-sink,胰岛素,胰岛素,low,材料讲血糖的来源与去向；本学科只有胰岛素节点带别名「血糖平衡的调节」与该主题同源故勉强归此,slice_22
BIOLOGY,bio-kb2-26-diabetes-types,胰岛素,胰岛素,medium,材料讲1型糖尿病胰岛素绝对缺乏与2型靶细胞对胰岛素敏感性降低；属胰岛素分泌不足与作用异常（节点表无血糖调节专点）,slice_23
BIOLOGY,bio-kb2-26-secretin-discovery,激素,激素,medium,材料讲促胰液素的发现史即人们发现的第一种激素；服务于激素概念的建立,slice_24
BIOLOGY,bio-kb2-27-aldosterone,水和无机盐平衡的调节,水和无机盐平衡的调节,high,材料讲醛固酮由肾上腺皮质分泌并吸钠泌钾维持血钠血钾平衡；该节点别名含「醛固酮与抗利尿激素调节血钠」,slice_25
BIOLOGY,bio-kb2-27-hypothalamus-functions,下丘脑在稳态调节中的作用,下丘脑在稳态调节中的作用,high,材料逐条讲下丘脑感受渗透压、分泌激素、作为调节中枢、传导兴奋四大功能；与节点同名同义,slice_26
BIOLOGY,bio-kb2-27-sweat-adh-exercise,水和无机盐平衡的调节,水和无机盐平衡的调节,high,材料讲运动出汗使细胞外液渗透压升高、抗利尿激素释放增加、尿量减少；该节点边界正收录同一情境条目,slice_27
BIOLOGY,bio-kb2-27-winter-urine,水和无机盐平衡的调节,水和无机盐平衡的调节,high,材料讲冬天汗液分泌减少且低温下代谢生成的水增加使尿量增多；属水盐平衡中尿量多少的成因分析,slice_28
BIOLOGY,bio-kb2-28-b-cell-activation,体液免疫,体液免疫,high,材料讲B细胞活化的两个信号（抗原接触与辅助性T细胞表面分子变化）及细胞因子的作用；属体液免疫,slice_29
BIOLOGY,bio-kb2-28-pd1-immune-escape,免疫系统的组成和功能,免疫系统的组成和功能,high,材料讲肿瘤细胞过量表达PD-L1与活化T细胞的PD-1结合以逃避免疫攻击；节点已收同源的「肿瘤免疫逃逸」材料,slice_30
BIOLOGY,bio-kb2-29-autoimmune-disease,自身免疫病与免疫缺陷病,自身免疫病与免疫缺陷病,high,材料讲自身免疫病的概念实例与治疗；与节点主题一致,slice_01
BIOLOGY,bio-kb2-29-hiv-aids,艾滋病（HIV）,艾滋病（HIV）,high,材料讲HIV为逆转录病毒并破坏辅助性T细胞及三条传播途径；与艾滋病（HIV）节点一致,slice_02
BIOLOGY,bio-kb2-29-mrna-vaccine,疫苗,疫苗,high,材料讲mRNA疫苗兼导体液与细胞免疫且比DNA疫苗安全；节点别名含灭活疫苗与mRNA疫苗的比较,slice_03
BIOLOGY,bio-kb2-29-organ-transplant-hla,免疫学的应用,免疫学的应用,high,材料讲器官移植的HLA配型、免疫排斥与免疫抑制剂；属免疫学的应用中的器官移植,slice_04
BIOLOGY,bio-kb2-30-inward-outward-current,兴奋在神经纤维上的传导,兴奋在神经纤维上的传导,medium,材料说明内向电流致去极化、外向电流致复极化或超极化；即动作电位产生的膜电位机制,slice_05
BIOLOGY,bio-kb2-31-apical-dominance,植物生长素及其生理作用,植物生长素及其生理作用,medium,材料讲顶端优势的成因（生长素向下运输致侧芽受抑）与应用；是生长素生理作用的典型实例,slice_06
BIOLOGY,bio-kb2-32-counting-formula,血细胞计数板,血细胞计数板,high,材料给出16×25与25×16计数板换算1mL酵母细胞数的公式；即血细胞计数板的计数方法与计算公式,slice_07
BIOLOGY,bio-kb2-32-density-dependent-factors,密度制约因素与非密度制约因素,密度制约因素与非密度制约因素,high,材料主题即两类因素的归类判断；节点同名,slice_08
BIOLOGY,bio-kb2-32-j-s-curve,种群数量的变化,种群数量的变化,medium,材料讲J形与S形增长曲线及K值与K/2时增长速率最大；属种群数量变化一节的核心内容,slice_09
BIOLOGY,bio-kb2-33-primary-secondary-succession,群落的演替,群落的演替,high,材料比较初生演替与次生演替的发生地点、时间长短与实例；即群落的演替,slice_10
BIOLOGY,bio-kb2-33-soil-animal-survey,研究土壤中小动物类群的丰富度,研究土壤中小动物类群的丰富度,high,材料讲取样器取样法采集并用记名计算法或目测估计法统计土壤小动物丰富度；与该节点同名同义,slice_11
BIOLOGY,bio-kb3-f4-s15-n01,核酸,核酸,high,材料只讲核酸分为DNA与RNA两大类；该节点别名含「核酸的种类与分布」与「核酸的种类、分布与核苷酸组成」,slice_12
BIOLOGY,bio-kb3-f4-s15-n02,核酸是遗传信息的携带者,核酸是遗传信息的携带者,medium,材料讲真核细胞中DNA主要分布在细胞核而线粒体叶绿体含少量DNA且RNA主要在细胞质；属核酸的种类及分布内容,slice_13
BIOLOGY,bio-kb3-f4-s28-n01,生物模型的类型,生物模型的类型,low,材料只给模型的一般定义（为特定目的对认识对象作简化的概括性描述）且节点表无建构模型节点；就近绑到生物模型类型待复核,slice_14
BIOLOGY,bio-kb3-f4-s28-n02,生物模型的类型,生物模型的类型,high,材料列物理模型与数学模型与概念模型三类；即生物模型的类型,slice_15
BIOLOGY,bio-kb3-f4-s28-n03,生物模型的类型,生物模型的类型,high,材料以沃森和克里克的DNA双螺旋结构模型为例说明其属物理模型；该节点边界正用同一例辨析物理模型,slice_16
BIOLOGY,bio-kb3-f4-s28-n04,物理模型的构建方法,物理模型的构建方法,medium,材料为制作真核细胞三维结构模型的探究实践目的要求；属建构物理模型的实践活动,slice_17
BIOLOGY,bio-kb3-f4-s28-n05,物理模型的构建方法,物理模型的构建方法,medium,材料为探究·实践片段（选取材料用具与建立模型）；同系列相邻片段「探究·实践（三）」已按此节点处理,slice_18
BIOLOGY,bio-kb3-f4-s28-n06,物理模型的构建方法,物理模型的构建方法,medium,材料讲制作模型的实施过程与分工、修补缺陷与交流评价；属物理模型构建方法,slice_19
BIOLOGY,bio-kb3-f4-s34-n01,胞吞,胞吞,medium,材料给出胞吞与胞吐两个过程的概念（膜内陷成囊泡与囊泡与膜融合外排）；该节点边界即含胞吞与胞吐两种方式的区分,slice_20
BIOLOGY,bio-kb3-f4-s34-n02,胞吞,胞吞,medium,材料给出胞吞与胞吐的实例；同源同批次材料（胞吞与胞吐的概念）已绑该节点且其边界含两种方式的区分,slice_21
BIOLOGY,bio-kb3-f4-s34-n03,胞吞,胞吞,medium,材料讲胞吞与胞吐的共同特点（耗能、需膜上蛋白识别、依赖膜的流动性）；胞吞节点边界含两种方式的区分且别名即「胞吞与胞吐运输的物质不都是大分子」,slice_22
BIOLOGY,bio-kb3-f4-s34-n04,物质出入细胞的方式,物质出入细胞的方式,medium,材料是教材总结；讲离子与小分子须借助转运蛋白跨膜且大分子经胞吞胞吐进出细胞；覆盖物质出入细胞的各种方式,slice_23
BIOLOGY,bio-kb3-f4-s55-n01,细胞不能无限长大的原因,细胞不能无限长大的原因,high,材料是不等大小模型模拟细胞大小与扩散速率相同的实验原理；服务于细胞不能无限长大的原因,slice_24
BIOLOGY,bio-kb3-f4-s55-n03,细胞不能无限长大的原因,细胞不能无限长大的原因,high,材料给出模型表面积体积与葡萄糖扩散深度数据以解释细胞不能无限长大；同源同节的n04条目已绑此节点,slice_25
BIOLOGY,bio-kb3-f4-s55-n04,细胞不能无限长大的原因,细胞不能无限长大的原因,high,材料用扩散深度与表面积体积比及含葡萄糖体积占比的模型数据解释细胞不能无限长大,slice_26
BIOLOGY,bio-kb3-f4-s55-n05,细胞不能无限长大的原因,细胞不能无限长大的原因,high,材料给出边长8的模型其表面积384、体积512与含葡萄糖体积比169/512；正是该节点的物质运输模型与相对表面积考点,slice_27
BIOLOGY,bio-kb3-f5-s5-1-n03,酶的作用,酶的作用,high,材料讲加热使过氧化氢分子获得能量转变为活跃状态并给出活化能定义；该节点边界即「酶通过降低化学反应的活化能加快反应速率」且既有「活化能与酶的作用机理」材料同绑此节点,slice_28
BIOLOGY,bio-kb3-f5-s5-1-n04,酶的作用和本质,酶的作用和本质,medium,材料讲酶的来源与催化作用及作用原理降低活化能与本质为蛋白质或RNA及合成原料场所；对应酶的作用和本质,slice_29
BIOLOGY,bio-kb3-f5-s5-1-n08,酶的特性,酶的特性,medium,材料讲过酸过碱或温度过高破坏酶的空间结构而永久失活且低温下结构稳定；属酶的作用条件较温和与失活条件,slice_30
BIOLOGY,bio-kb3-f5-s5-1-n09,酶的特性,酶的特性,medium,材料说催化淀粉水解的酶是淀粉酶催化唾液淀粉酶的是蛋白酶；体现酶的专一性而该节点收录酶的专一性条目,slice_01
BIOLOGY,bio-kb3-f5-s5-1-n10,酶在代谢中的作用,酶在代谢中的作用,high,材料讲细胞代谢有条不紊与酶的专一性和酶在细胞中的分布有关；该节点别名含细胞代谢与酶在细胞内的分布,slice_02
BIOLOGY,bio-kb3-f5-s5-1-n11,影响酶促反应的因素分析,影响酶促反应的因素分析,medium,材料定义酶活性为催化特定化学反应的能力并用反应速率表示；节点别名即含酶活性,slice_03
BIOLOGY,bio-lac-operon-mechanism,基因的表达,基因的表达,medium,材料讲乳糖操纵子对结构基因转录的负调控（阻遏蛋白结合操纵基因阻止转录）；属基因表达调控内容,slice_04
BIOLOGY,bio-lethal-aa-and-bb-4-2-2-1,个体或配子致死问题的处理-规律方法,个体或配子致死问题的处理(规律方法),medium,材料讲AA与BB显性纯合致死导致F2为4:2:2:1、测交1:1:1:1；属个体纯合致死的处理,slice_05
BIOLOGY,bio-long-answer-principle-based,长句应答题的作答方法,长句应答题的作答方法,high,材料讲依据原理类长句按推导起点、原因分析、结果组织并善用逻辑词；属长句应答题的作答方法,slice_06
BIOLOGY,bio-mirna-repression-mechanism,基因的表达,基因的表达,medium,材料讲miRNA与靶mRNA部分互补而抑制翻译或促降解；属基因表达中的RNA干扰沉默与非编码RNA调控（与遗传信息的翻译节点有重叠）,slice_07
BIOLOGY,bio-mo-cell-221,使用高倍显微镜观察细胞,使用高倍显微镜观察细胞,high,材料讲显微镜「找、移、转、调」高倍镜操作与视野调光；该节点已含换用高倍镜操作材料,slice_08
BIOLOGY,bio-mo-cell-222,使用高倍显微镜观察细胞,使用高倍显微镜观察细胞,medium,材料讲视野调暗用小光圈与平面镜、调亮用大光圈与凹面镜以及放大倍数等于目镜乘物镜；属显微镜使用要点,slice_09
BIOLOGY,bio-mo-cell-223,使用高倍显微镜观察细胞,使用高倍显微镜观察细胞,medium,材料讲目镜长度与放大倍数反比、物镜正比及装片哪偏哪移；属显微镜观察操作,slice_10
BIOLOGY,bio-mo-enzyme-007,atp的合成和利用,ATP的合成和利用,high,材料讲动物人与真菌和大多数细菌靠呼吸作用产生ATP而绿色植物还有光合作用并列出产生ATP的场所；与同节点已绑『ATP的来源与利用方式』一致,slice_11
BIOLOGY,bio-mutation-breeding-features,育种,育种,high,材料讲诱变育种以基因突变为原理可产生新基因且有利变异少；该节点专门比较各育种方法的原理程序与优缺点,slice_12
BIOLOGY,bio-nadp-deficient-electron-to-o2,光系统与电子传递链,光系统与电子传递链,medium,材料讲光反应电子传递链末端NADP+不足时电子传给O2生成超氧自由基；与已有光抑制材料同归电子传递链,slice_13
BIOLOGY,bio-neurotransmitter-clearance,神经递质,神经递质,high,材料讲递质作用后被特异性酶降解或被突触前膜回收以保证信号单次准确传递；节点别名即「神经递质的来源 释放 作用与去向」,slice_14
BIOLOGY,bio-pcr-prenatal-advantages,遗传病的检测与预防,遗传病的检测与预防,medium,材料列举PCR产前诊断取样（外周血游离胎儿DNA与羊水与绒毛）及优点；属遗传病检测与预防中的产前诊断,slice_15
BIOLOGY,bio-pedigree-y-linked,伴性遗传的特点及应用,伴性遗传的特点及应用,medium,材料给系谱判据「只有男性患病且代代父传子→伴Y（限雄）遗传」；即伴Y遗传的特点,slice_16
BIOLOGY,bio-peroxisome,光呼吸,光呼吸,medium,材料讲过氧化物酶体含过氧化氢酶并参与光呼吸且与叶绿体线粒体协同；该节点别名即「光呼吸发生的三个细胞器途径」,slice_17
BIOLOGY,bio-photoinhibition-3-links,影响光合作用强度的环境因素,影响光合作用强度的环境因素,medium,材料讲光抑制三步链（光能过剩到ROS生成到D1失活）；该节点已收录「光抑制与光保护机制」等光抑制材料,slice_18
BIOLOGY,bio-photoinhibition-excess-light-damage,光合作用的影响因素,光合作用的影响因素,medium,材料讲强光下光能过剩损伤光系统I和II使光合速率下降；属光照强度对光合作用的影响,slice_19
BIOLOGY,bio-photoinhibition-ros-generation,光系统与电子传递链,光系统与电子传递链,medium,材料讲电子传递中NADP+供应不足时电子传给O2生成ROS；属电子传递链电子受体的替代与电子流向改变,slice_20
BIOLOGY,bio-photoprotection-d1-repair,影响光合作用强度的环境因素,影响光合作用强度的环境因素,medium,材料讲光保护防线三即D1蛋白修复替换恢复PSII活性；该节点已收录「光抑制与光保护机制」（含D1蛋白周转）等同主题材料,slice_21
BIOLOGY,bio-photoprotection-heat-dissipation,影响光合作用强度的环境因素,影响光合作用强度的环境因素,high,材料讲热耗散过剩光能的光保护防御防线；该节点别名即「光抑制与光保护机制」「光能的去向与减轻光抑制的途径」,slice_22
BIOLOGY,bio-photoprotection-ros-scavenging,影响光合作用强度的环境因素,影响光合作用强度的环境因素,medium,材料讲强光下抗氧化酶系统清除已生成ROS的光保护防线；同节点已绑光抑制与光保护机制类材料,slice_23
BIOLOGY,bio-photorespiration-consumes-energy,光呼吸,光呼吸,high,材料讲光呼吸途径消耗ATP和NADPH并释放CO2且不产生糖；即光呼吸节点,slice_24
BIOLOGY,bio-photosynthetic-dawn-reading,辨析真正光合速率-净光合速率和呼吸速率,辨析真正光合速率、净光合速率和呼吸速率,medium,材料教光响应曲线逐点判读（起点为呼吸速率交点为零净光合平台为最大净光合）并强调先看纵轴净或真光合语义；同源同题型的「光饱和点」条目已绑此节点,slice_25
BIOLOGY,bio-plasmolysis-automatic-recovery-substances,质壁分离,质壁分离,high,材料讲KNO3尿素乙二醇等高渗但溶质可吸收的溶液使细胞先质壁分离后自动复原,slice_26
BIOLOGY,bio-polysaccharide,细胞中的糖类,细胞中的糖类,high,材料讲淀粉、糖原、纤维素、几丁质的缩合来源与功能；属该节点的多糖条目（同页单糖二糖也归该章糖类）,slice_27
BIOLOGY,bio-primer-directionality-two-primers,pcr技术,PCR技术,high,材料讲Taq酶沿子链5'→3'方向合成且PCR需2种引物控制两条链反向合成；该节点别名即「PCR引物的特点与设计原则」,slice_28
BIOLOGY,bio-primer-pair-complement-dimer,pcr技术,PCR技术,high,材料讲两种引物之间不能有连续4个及以上碱基互补以防引物二聚体；引物设计是PCR技术的核心要点,slice_29
BIOLOGY,bio-primer-self-complement-hairpin,pcr技术,PCR技术,high,材料讲引物自身不能有连续4个及以上碱基互补以免形成发卡结构；节点已收「PCR引物的特点与设计原则」,slice_30
BIOLOGY,bio-prokaryote-transcription-translation-coupled,原核细胞和真核细胞,原核细胞和真核细胞,high,材料对比原核无核膜使转录翻译耦联与真核转录翻译时空分隔；该节点已收录同主题材料「原核细胞与真核细胞基因表达的差异」,slice_01
BIOLOGY,bio-qpcr-taqman-probe-principle,pcr技术,PCR技术,high,材料讲TaqMan探针被水解后报告基团发荧光且Ct值与起始模板量成反比；即实时荧光定量PCR的检测原理,slice_02
BIOLOGY,bio-ratio-sum-below16-lethal,个体或配子致死问题的处理-规律方法,个体或配子致死问题的处理(规律方法),high,材料讲两对基因子代比例之和小于16即存在致死；是致死题的判定入口,slice_03
BIOLOGY,bio-replication-5-to-3-semidiscontinuous,DNA复制的拓展,DNA复制的拓展,high,材料讲子链只能沿5'端到3'端延伸导致前导链连续、后随链不连续（冈崎片段）；属DNA复制的拓展,slice_04
BIOLOGY,bio-replication-bidirectional,DNA复制的拓展,DNA复制的拓展,medium,材料讲从复制起点双向复制且每个方向符合复制叉模型；属DNA复制的拓展内容,slice_05
BIOLOGY,bio-replication-bubble-graph-reading,DNA复制的拓展,DNA复制的拓展,medium,材料讲复制泡示意图中未复制片段变短与子链变长的判读；属DNA复制过程细节的拓展内容,slice_06
BIOLOGY,bio-replication-unwind-while-replicating,dna的复制,DNA的复制,high,材料讲边解旋边复制减少碱基暴露时间从而降低突变概率；属DNA复制的作用与主要特点,slice_07
BIOLOGY,bio-respiration-fat-substrate-oxygen-excess,有氧呼吸,有氧呼吸,medium,材料由耗O2多于产CO2推断底物含脂肪；属有氧呼吸底物与气体量关系；同题型气体比结论多归有氧呼吸,slice_08
BIOLOGY,bio-respiration-optimal-storage-point,细胞呼吸的影响因素及应用,细胞呼吸的影响因素及应用,medium,材料由低氧段CO2总释放量最低谷推出最适贮存氧浓度；属O2浓度对细胞呼吸的影响与其贮存应用,slice_09
BIOLOGY,bio-respiration-rate-by-curve-tangent,测定光合速率与呼吸速率的常用方法,测定光合速率与呼吸速率的常用方法,medium,材料用曲线切线斜率或相邻两点纵坐标差除以时间求净光合速率；属速率测定的读图方法,slice_10
BIOLOGY,bio-respiratory-abnormal-fat-substrate,细胞呼吸概念-实质和意义,细胞呼吸概念、实质和意义,high,材料讲脂肪含氢高可作呼吸底物且耗O2多于葡萄糖而产CO2少即呼吸商小于1；同节点已绑『细胞呼吸的底物不只有葡萄糖』即同一结论,slice_11
BIOLOGY,bio-resting-potential-k-outflow,兴奋在神经纤维上的传导,兴奋在神经纤维上的传导,high,材料讲安静时K+通道开放K+外流形成外正内负的静息电位；该节点含膜电位的离子基础与细胞内外Na+K+浓度分布,slice_12
BIOLOGY,bio-rna-interference-therapy-design,基因的表达,基因的表达,medium,材料讲用circRNA竞争miRNA或导入miRNA类似物来上调与下调目标蛋白；属基因表达调控内容（与已有miRNA沉默材料同节点）,slice_13
BIOLOGY,bio-rt-pcr-principle,pcr技术,PCR技术,high,材料讲先逆转录合成cDNA再以cDNA为模板PCR扩增的RT-PCR流程；节点别名含「RT-PCR与实时荧光定量PCR的对比」与「RNA病毒的检测与PCR模板要求」,slice_14
BIOLOGY,bio-rubisco-dual-activity,光呼吸,光呼吸,high,材料讲Rubisco催化C5与O2加氧进入光呼吸并与固碳竞争同一酶；即光呼吸机制,slice_15
BIOLOGY,bio-s-shaped-growth,种群数量的变化,种群数量的变化,high,材料讲S形增长的成因与K值即环境容纳量；即种群数量变化中的S形增长模型,slice_16
BIOLOGY,bio-selfing-eliminating-recessive-dominant-homozygote,自交和自由交配的概率计算,自交和自由交配的概率计算,high,材料给逐代淘汰隐性个体后连续自交的显性纯合比例公式2/(2^n+1)；该节点别名即「淘汰隐性个体后的连续自交计算」,slice_17
BIOLOGY,bio-selfing-eliminating-recessive-heterozygote,自交和自由交配的概率计算,自交和自由交配的概率计算,medium,材料讲连续自交并逐代淘汰隐性个体后的杂合子比例递推；该节点别名即含「杂合子连续自交与逐代淘汰的计算」,slice_18
BIOLOGY,bio-selfing-homozygote-ratio,自交和自由交配的概率计算,自交和自由交配的概率计算,medium,材料讲连续自交n代杂合子比例降至趋于0的纯合化计算；属自交概率计算,slice_19
BIOLOGY,bio-selfing-n-heterozygote-ratio,自交和自由交配的概率计算,自交和自由交配的概率计算,high,材料给出杂合子连续自交n代后杂合子比例为(1/2)^n；该节点别名即「杂合子连续自交与逐代淘汰的计算」,slice_20
BIOLOGY,bio-selfing-n-homozygote-ratio,自交和自由交配的概率计算,自交和自由交配的概率计算,medium,材料讲连续自交n代纯合子比例公式与显隐性纯合各占一半；该节点已收录连续自交（杂合子1/2的n次方）类计算材料,slice_21
BIOLOGY,bio-selfing-n-phenotype-ratio,自交和自由交配的概率计算,自交和自由交配的概率计算,high,材料给连续自交n代表现型比公式；该节点别名含「连续自交与连续自由交配的概率计算」「杂合子连续自交与逐代淘汰的计算」,slice_22
BIOLOGY,bio-serum-treatment,免疫学的应用,免疫学的应用,high,材料讲康复期血清中的抗体输入提供快速被动免疫保护并与疫苗对比；属免疫学的应用中的免疫治疗,slice_23
BIOLOGY,bio-sex-linked-pollen-all-lethal,个体或配子致死问题的处理-规律方法,个体或配子致死问题的处理(规律方法),medium,材料讲含X^A花粉全部致死导致子代无雄株的配子致死判断；属致死问题的处理方法,slice_24
BIOLOGY,bio-storage-low-o2-high-co2-low-temp,细胞呼吸原理的应用,细胞呼吸原理的应用,high,材料讲低O2高CO2与零上低温抑制呼吸以减少消耗的保鲜手段；该节点边界即果蔬保鲜与粮食储存的依据,slice_25
BIOLOGY,bio-synapse-structure,突触,突触,high,材料讲突触前膜、突触间隙、突触后膜三部分结构及突触小泡含神经递质,slice_26
BIOLOGY,bio-synaptic-abnormal-four-links,神经递质,神经递质,medium,材料按递质—间隙—受体—后膜四环节排查突触传递异常；近同名材料「突触传递异常的分析思路」已绑该点（该点边界含递质功能障碍表现）,slice_27
BIOLOGY,bio-synaptic-transmission-steps,突触,突触,high,材料讲突触传递的释放→扩散→与后膜受体结合引起电位变化三步；该节点别名即「突触传递的关键环节」,slice_28
BIOLOGY,bio-textbook-biological-weapons-ban,转基因生物的安全性,转基因生物的安全性,high,该节点现有材料已含「生物武器包括致病菌类」生殖性克隆设计试管婴儿——是选必3安全与伦理的落点,addendum
BIOLOGY,bio-textbook-cloning-human-ethics,转基因生物的安全性,转基因生物的安全性,medium,材料讲中国政府禁止生殖性克隆人并有条件支持治疗性克隆；该节点实收选必3第4章生物技术与伦理材料（生殖性克隆与设计试管婴儿）,slice_30
CHEMISTRY,chem-ag-acidity-parameter,溶液的酸碱性,溶液的酸碱性,medium,材料用AG=lg[c(H+)/c(OH-)]判断酸碱性并强调中性时AG=0；该节点讲酸碱性由氢离子与氢氧根浓度相对大小决定,slice_01
CHEMISTRY,chem-cold-condensation-reflux,有机物制备实验的常用操作与仪器,有机物制备实验的常用操作与仪器,medium,材料讲加装竖直球形冷凝管回流以防挥发损失并对比蒸馏用直形冷凝管；该节点含冷凝回流操作与冷凝管选型,slice_02
CHEMISTRY,chem-crystallization-method-selection,结晶方法的选择与操作,结晶方法的选择与操作,medium,材料讲溶解度受温度影响大用冷却结晶影响小用蒸发结晶；即结晶方法的选择依据,slice_03
CHEMISTRY,chem-ding-yi-yi-isomers,含苯环同分异构体数目的确定技巧,含苯环同分异构体数目的确定技巧,high,材料讲定一移一法清点苯环二元取代物数目（固定一个再移动另一个并用对称性去重）,slice_04
CHEMISTRY,chem-directing-effect-toluene,苯环上取代基的定位规律,苯环上取代基的定位规律,high,材料用-CH3邻对位定位与-COOH间位定位安排先硝化后氧化的合成顺序,slice_05
CHEMISTRY,chem-distillation-operation-points,蒸馏,蒸馏,high,材料讲蒸馏的适用条件与操作要点（水银球在支管口、冷凝水下进上出、加碎瓷片）；与节点「蒸馏」一致,slice_06
CHEMISTRY,chem-distribution-fraction-definition,分布分数图像,分布分数图像,high,材料给出分布分数δ的定义与各δ之和恒为1及交点处两形态浓度相等；是分布系数图像的定义基础,slice_07
CHEMISTRY,chem-extraction-separation-points,萃取,萃取,high,材料讲萃取剂选择原则与分液操作要点；语料中同类材料均归「萃取」,slice_08
CHEMISTRY,chem-fcc-void-count,金属晶体的空间利用率,金属晶体的空间利用率,low,材料讲面心立方最密堆积中八面体空隙4个与四面体空隙8个及填隙率计算；节点表无空隙类节点；只能取同属最密堆积几何特征的最近邻,slice_09
CHEMISTRY,chem-fx-an-qi-zhong-qing-han-liang-gao-f43x10,反应热的五种计算方法,反应热的五种计算方法,medium,材料给出氨分解制氢的化学键键能数据用于求反应热并书写热化学方程式；属反应热的计算方法,slice_10
CHEMISTRY,chem-fx-an-shui-tuo-liu-fa-f23x07,二氧化硫的尾气处理,二氧化硫的尾气处理,high,材料给出雾化氨水吸收烟气中SO2再氧化为硫酸铵的两个方程式；即该节点别名所言的氨水脱硫法,slice_11
CHEMISTRY,chem-fx-ben-jia-quan-f61x01,几种重要的醛-酮,几种重要的醛、酮,medium,材料介绍苯甲醛的苦杏仁气味俗称苦杏仁油与作染料香料药物原料的用途；属「重要的醛」这一具体醛条目,slice_12
CHEMISTRY,chem-fx-bo-li-bang-f05x06,配制一定物质的量浓度溶液的仪器与容量瓶使用,配制一定物质的量浓度溶液的仪器与容量瓶使用,medium,材料讲玻璃棒在溶液配制中的搅拌与引流作用及注意点；属配制溶液的仪器使用规范,slice_13
CHEMISTRY,chem-fx-bo-li-xian-wei-f73x12,玻璃纤维的性质与用途,玻璃纤维的性质与用途,high,材料讲玻璃纤维为无机非金属材料及其成分与绝缘耐热抗腐蚀等优点；节点名与材料主题完全一致,slice_14
CHEMISTRY,chem-fx-bo-li-yi-qi-de-xi-di-f65x11,玻璃仪器的洗涤,玻璃仪器的洗涤,high,材料讲玻璃仪器洗净标准（均匀水膜不聚集成滴不成股流下）与洗涤方法；与节点同名,slice_15
CHEMISTRY,chem-fx-cai-qu-jia-re-de-mu-f69x07,化学实验中的温度控制,化学实验中的温度控制,high,材料讲采取加热的目的与常考的温度控制方式；该节点别名即「常见的温度控制方式」,slice_16
CHEMISTRY,chem-fx-chan-wu-te-zheng-f63x03,有关合成高分子的易混易错点,有关合成高分子的易混易错点,medium,材料对比加聚与缩聚的产物特征（组成是否相同与是否放出小分子）；该节点别名即「加聚与缩聚的区分」,slice_17
CHEMISTRY,chem-fx-chang-jian-shi-ji-f28x05,气体制备,气体制备,medium,材料列浓硫酸 无水氯化钙 碱石灰与灼热Cu CuO Mg等净化干燥试剂；同讲其它片段绑气体制备且该节点别名含「气体净化与干燥试剂的选择」,slice_18
CHEMISTRY,chem-fx-chang-kao-jing-dian-shi-ji-cai-liao-gu-f73x16,常考经典史籍中的化学知识,常考经典史籍中的化学知识,high,材料归纳《抱朴子》与《本草纲目》等经典史籍中的化学知识；节点名完全对应,slice_19
CHEMISTRY,chem-fx-chang-ya-xia-f46x19,含量-或转化率-时间-温度-压强-图像,含量(或转化率)-时间-温度(压强)图像,medium,材料是常压下乙烷与氧气制乙烯体系中含碳产物百分数与转化率随温度变化的图像分析题；属含量转化率—温度图像判读,slice_20
CHEMISTRY,chem-fx-chen-dian-de-sheng-cheng-f54x07,沉淀溶解平衡的应用,沉淀溶解平衡的应用,high,材料讲沉淀的生成（生成溶解能力小的难溶电解质及方法与实例）；同主题「沉淀的生成与溶解方法」材料均绑该节点,slice_21
CHEMISTRY,chem-fx-chen-dian-fa-f14x06,纯碱中碳酸钠含量的测定方法,纯碱中碳酸钠含量的测定方法,high,材料即沉淀法测纯碱中碳酸钠含量（由BaCO3沉淀质量换算）；该节点别名即「纯碱中碳酸钠含量的测定（气体法与沉淀法）」,slice_22
CHEMISTRY,chem-fx-chen-dian-fa-f67x11,熟练掌握溶解-过滤-蒸发等操作-认识化学方法在物质分离和提纯中的重要作用,物质分离提纯的常用方法,medium,材料讲沉淀法加试剂使杂质以沉淀形式分离出去（如BaCl2除NaCl中的Na2SO4）；属物质分离提纯的常用方法（同讲加热法材料同归此节点）,slice_23
CHEMISTRY,chem-fx-chen-dian-yong-yi-chun-xi-di-f71x02,沉淀的洗涤与检验,沉淀的洗涤与检验,high,材料讲沉淀用乙醇洗涤的三个作用（减小溶解度；除表面杂质；带水快速干燥）；即沉淀的洗涤,slice_24
CHEMISTRY,chem-fx-chen-re-guo-lv-hou-f71x03,重结晶,重结晶,medium,材料讲趁热过滤后向滤液加水稀释再加热沸腾并冷却结晶以防杂质析出提高纯度；该节点边界即重结晶的溶剂选择与冷却结晶依据,slice_25
CHEMISTRY,chem-fx-cheng-tai-fan-ying-f62x07,氨基酸的结构与性质,氨基酸的结构与性质,medium,材料讲两个氨基酸经氨基与羧基缩合脱水形成肽键的成肽反应；属氨基酸的性质,slice_26
CHEMISTRY,chem-fx-chi-xue-yan-f16x06,fe2-fe3-的检验方法,Fe2＋、Fe3＋的检验方法,high,材料讲赤血盐{K3[Fe(CN)6]}用于检验Fe2+生成蓝色沉淀；属该节点的检验试剂与现象范围,slice_27
CHEMISTRY,chem-fx-chong-dian-shi-f39x05,二次电池,二次电池,high,材料给出铅蓄电池充电时的阴极阳极反应式与负接负正接正的连接对应；正是该节点二次电池充电时的电极反应与连接对应,slice_28
CHEMISTRY,chem-fx-chu-za-si-yuan-ze-f67x06,在实验操作②中为什么依次加入的试剂都要略微过量-实验操作④中加入盐酸的目的是什么,除杂原则与试剂作用分析,medium,材料讲除杂四原则（不增不减易分离易复原）；该节点即除杂原则与试剂作用分析（同讲除杂原则材料同绑此节点）,slice_29
CHEMISTRY,chem-fx-chu-za-si-yuan-ze-he-si-zhu-yi-f74x12,在实验操作②中为什么依次加入的试剂都要略微过量-实验操作④中加入盐酸的目的是什么,除杂原则与试剂作用分析,high,材料讲除杂的不增不减易分易复原四原则与四注意；节点已收「除杂的四原则与三必须」「除杂试剂的两条核心原则」,slice_30
CHEMISTRY,chem-fx-chun-qiang-ji-f64x03,醇的化学性质,醇的化学性质,high,材料归纳醇羟基与钠反应放氢催化氧化与酯化；即该节点的醇的四类化学性质,slice_01
CHEMISTRY,chem-fx-cui-qu-yu-fan-cui-qu-f74x10,萃取,萃取,high,材料讲理想萃取剂须与原溶剂不互溶不反应且溶解度远大于原溶剂并延伸反萃取；即萃取剂的选择条件,slice_02
CHEMISTRY,chem-fx-dan-ti-te-dian-f63x02,基本概念,单体、链节与聚合度,medium,材料讲单体是含不饱和键或反应基团的不饱和有机物；节点名为单体链节与聚合度,slice_03
CHEMISTRY,chem-fx-dang-chu-xian-gui-dao-shi-f29x09,电子排布式,电子排布式,high,材料讲出现d轨道时书写电子排布式把(n-1)d放在ns前、失电子先失4s；属电子排布式的书写,slice_04
CHEMISTRY,chem-fx-dang-di-ru-zui-hou-ban-di-biao-zhun-ro-f51x10,酸碱中和滴定,酸碱中和滴定,medium,材料是滴定终点的规范表述（最后半滴后溶液变色且半分钟内不恢复）；属酸碱中和滴定,slice_05
CHEMISTRY,chem-fx-dao-dian-dao-re-xing-f34x05,晶体,晶体,low,材料归纳分子、共价、金属、离子四类晶体的导电导热性；节点表无四类晶体性质比较专节点；只能挂到泛化的晶体节点,slice_06
CHEMISTRY,chem-fx-de-fen-dian-ji-guan-jian-ci-f71x12,现象描述答题模板,现象描述答题模板,high,材料罗列实验现象描述的关键词（颜色变化、液面升降、气泡、倒吸、沉淀等）；即现象描述答题模板,slice_07
CHEMISTRY,chem-fx-de-fen-dian-ji-guan-jian-ci-f71x13,现象描述答题模板,现象描述答题模板,medium,材料是描述固体溶解现象的得分点关键词模板；同源材料「答题要素」归此节点,slice_08
CHEMISTRY,chem-fx-de-fen-dian-ji-guan-jian-ci-f71x14,现象描述答题模板,现象描述答题模板,high,材料给实验现象描述中气体类的得分点与关键词（生成某色气味气体、气体由某色变某色、先变后加深变浅褪色等）；属现象描述答题模板,slice_09
CHEMISTRY,chem-fx-deng-li-zi-ti-f34x01,物质的聚集状态,物质的聚集状态,medium,材料讲等离子体由电子阳离子和电中性粒子组成且整体电中性、有导电性和流动性；属物质的聚集状态,slice_10
CHEMISTRY,chem-fx-di-er-lei-f71x09,依据题目提供的新信息进行推断未知有机物的结构,依据题目提供的新信息进行推断未知有机物的结构,medium,材料讲陌生物质可借离子与原子团与官能团等相似结构类比迁移来推断其组成；属推断未知有机物结构的方法但原文只是分类条目,slice_11
CHEMISTRY,chem-fx-di-gou-you-chang-chang-han-you-you-sua-f62x06,油脂,油脂,medium,材料讲油酸甘油酯水解得不饱和脂肪酸后碳碳双键被氧化成醛酮而酸败；属油脂的组成与水解氧化变质,slice_12
CHEMISTRY,chem-fx-di-jia-an-shui-hou-f33x09,配合物,配合物,high,材料讲铜离子与过量氨水生成深蓝色四氨合铜离子溶液并加乙醇析出晶体；属配合物的形成,slice_13
CHEMISTRY,chem-fx-di-si-bu-f03x10,顺反异构与对映异构的判断,顺反异构与对映异构的判断,high,材料第四步检查是否含碳碳双键产生顺反异构与手性碳产生对映异构；节点别名即「顺反异构与对映异构（手性）」,slice_14
CHEMISTRY,chem-fx-di-yi-bu-f03x09,简单有机物同分异构体的书写,简单有机物同分异构体的书写,medium,材料为同分异构书写的碳链异构一步（写出C5H12的直链与异戊烷型与新戊烷型三种碳架）,slice_15
CHEMISTRY,chem-fx-dian-jie-gui-lv-f41x01,离子放电顺序与电解产物判断,离子放电顺序与电解产物判断,medium,材料讲阳极放电规律（活性电极溶解、惰性电极按阴离子放电顺序判断）；即两极放电顺序与产物判断,slice_16
CHEMISTRY,chem-fx-dian-ye-jin-f41x09,电冶金,电冶金,high,材料讲电解熔融盐或氧化物冶炼活泼金属Na与Mg与Al等；与该节点同名,slice_17
CHEMISTRY,chem-fx-dian-zhong-xing-yuan-ze-f76x02,电荷守恒在离子推断中的应用,电荷守恒在离子推断中的应用,medium,材料讲电中性原则并用其确定隐含离子；同讲其它推断题材料与该节点「离子推断的四项原则」材料均归此节点,slice_18
CHEMISTRY,chem-fx-duan-shao-han-liu-liang-gao-de-kuang-w-f24x04,硫及其化合物之间的转化规律,硫及其化合物之间的转化规律,medium,材料出自硫及其化合物的相互转化一讲；讲煅烧含硫矿物经途径转化为化合物的流程,slice_19
CHEMISTRY,chem-fx-dui-tong-yi-jin-shu-lai-shuo-f41x15,金属电化学腐蚀规律,金属电化学腐蚀规律,high,材料给出同一金属在不同溶液中腐蚀速率快慢及活动性差别越大腐蚀越快的规律；该节点别名即「比较金属腐蚀快慢的四条规律」,slice_20
CHEMISTRY,chem-fx-duo-yong-tu-de-qiu-xing-gan-zao-guan-f66x01,干燥管与洗气瓶的作用,干燥管与洗气瓶的作用,high,材料讲球形干燥管按装置位置不同分别起干燥与检验、吸收尾气与隔绝空气的作用；与节点已收录「干燥管在装置不同位置的作用」同主题,slice_21
CHEMISTRY,chem-fx-duo-yuan-ruo-jian-fen-bu-dian-li-f08x05,电离方程式的-易错点,电离方程式的“易错点”,high,材料讲多元弱碱分步电离但通常一步写出并给出Fe(OH)3电离式；该节点别名即「多元弱酸与多元弱碱电离方程式的书写」,slice_22
CHEMISTRY,chem-fx-duo-yuan-ruo-jian-yan-f50x04,盐类水解离子方程式的书写,盐类水解离子方程式的书写,high,材料给多元弱碱盐水解离子方程式一步完成及阴与阳离子相互促进水解的书写规则；即盐类水解离子方程式的书写,slice_23
CHEMISTRY,chem-fx-entry-f09x09,常见阳离子的检验与推断依据,常见阳离子的检验与推断依据,medium,材料是Mg2+用NaOH溶液检验先产生沉淀的现象条目；属常见阳离子检验依据,slice_24
CHEMISTRY,chem-fx-entry-f09x10,fe2-fe3-的检验方法,Fe2＋、Fe3＋的检验方法,high,材料给出Fe2+加NaOH先生成白色沉淀再迅速变灰绿最后变红褐的检验现象；属该节点Fe2+检验试剂与现象的范围,slice_25
CHEMISTRY,chem-fx-entry-f09x12,卤素离子的检验方法,卤素离子的检验方法,high,材料讲Cl- Br- I-用AgNO3溶液和稀HNO3生成白淡黄黄三种不同颜色银盐沉淀的检验,slice_26
CHEMISTRY,chem-fx-entry-f09x14,常见阴离子的检验与推断依据,常见阴离子的检验与推断依据,medium,材料讲加稀硫酸产生能使品红褪色的气体以检验SO3^2-与HSO3-；该节点别名含「硫酸根与亚硫酸根的检验方法」「常见阴离子的检验：硫酸根、碳酸根与亚硫酸根」,slice_27
CHEMISTRY,chem-fx-entry-f55x02,影响沉淀溶解平衡的因素,影响沉淀溶解平衡的因素,high,材料讲沉淀溶解平衡图像中d→c由加入BaCl2固体引起；该节点别名即「沉淀溶解平衡图像中点的移动」,slice_28
CHEMISTRY,chem-fx-entry-f58x03,同分异构体,同分异构体,low,材料给出通式CnH2nO2对应的饱和一元羧酸和酯与羟基醛等类别；用于同分异构体的书写与类别判断,slice_29
CHEMISTRY,chem-fx-entry-f74x13,氯的常见氧化物,氯的常见氧化物,medium,材料讲Cl2O与水反应生成HClO及其在CCl4中的溶解度远大于在水中；节点已收「氯的常见氧化物 ClO2 与 Cl2O」,slice_30
CHEMISTRY,chem-fx-entry-f76x03,fe2-fe3-的检验方法,Fe2＋、Fe3＋的检验方法,high,材料给出Fe2+用铁氰化钾溶液检验生成蓝色沉淀；属该节点的检验试剂与现象范围,slice_01
CHEMISTRY,chem-fx-entry-f76x04,fe2-fe3-的检验方法,Fe2＋、Fe3＋的检验方法,high,材料讲Fe2+先加KSCN溶液再加氯水为先无明显变化后变红的检验方法；即Fe2+与Fe3+的检验方法,slice_02
CHEMISTRY,chem-fx-entry-f76x05,卤素离子的检验方法,卤素离子的检验方法,high,材料讲氯溴碘离子用AgNO3和稀HNO3检验及沉淀颜色；属卤素离子检验方法,slice_03
CHEMISTRY,chem-fx-entry-f80x05,大π键,大π键,high,材料以CO2为例按中心原子与端原子提供电子数推算大π键n=4；与节点同名,slice_04
CHEMISTRY,chem-fx-fan-ying-f45x05,化学平衡移动方向和转化率的判断,化学平衡移动方向和转化率的判断,medium,材料讲投料比等于计量数比时转化率相等以及增加A的量时A减B增；正是平衡移动方向与转化率判断,slice_05
CHEMISTRY,chem-fx-fan-ying-zhong-f38x05,反应热大小的比较,反应热大小的比较,high,材料比较ΔH3与ΔH4（完全燃烧放热更多但ΔH为负故ΔH3>ΔH4）；主题就是反应热大小的比较,slice_06
CHEMISTRY,chem-fx-fang-an-f14x09,纯碱中碳酸钠含量的测定方法,纯碱中碳酸钠含量的测定方法,high,材料给出方案I（加热后测剩余固体质量并计算Na2CO3质量分数）；属纯碱中碳酸钠含量的测定,slice_07
CHEMISTRY,chem-fx-fang-an-yi-f14x11,纯碱中碳酸钠含量的测定方法,纯碱中碳酸钠含量的测定方法,high,材料讲沉淀法测定Na2CO3含量；该节点已含「纯碱中碳酸钠含量的测定：气体法与沉淀法」,slice_08
CHEMISTRY,chem-fx-fang-fa-yi-f38x06,反应热大小的比较,反应热大小的比较,high,材料用能量随反应过程的图像与盖斯定律构造新热化学方程式比较ΔH5与ΔH6大小；主题即反应热大小的比较,slice_09
CHEMISTRY,chem-fx-fang-fen-jie-f65x06,化学试剂的保存方法,化学试剂的保存方法,high,材料讲防分解即保存在棕色瓶中并置于阴暗处（浓硝酸高锰酸钾硝酸银氯水）；即化学试剂的保存方法,slice_10
CHEMISTRY,chem-fx-fang-fu-shi-f65x07,化学试剂的保存方法,化学试剂的保存方法,high,材料讲腐蚀橡胶或玻璃的试剂该用玻璃塞或塑料塞或塑料瓶并给出氢氟酸存塑料瓶；即该节点别名『化学试剂瓶的选用与保存方法』,slice_11
CHEMISTRY,chem-fx-fang-nian-jie-f65x08,化学试剂的保存方法,化学试剂的保存方法,high,材料讲NaOH与Na2CO3与Na2SiO3等碱性溶液须用橡胶塞防黏结；该节点边界即瓶塞选择：碱性溶液用橡胶塞,slice_12
CHEMISTRY,chem-fx-fang-sheng-jian-f41x04,惰性电极电解的四种类型,惰性电极电解的四种类型,medium,材料讲NaCl与KCl溶液电解的放H2生碱型电极反应与总反应式；即惰性电极电解四类型中的放氢生碱型,slice_13
CHEMISTRY,chem-fx-fang-shui-jie-f74x02,盐类水解的影响因素,盐类水解的影响因素,high,材料讲加酸或加碱抑制水解（FeCl3溶液加稀盐酸与Na2S溶液加NaOH）；节点别名含「易水解盐类的制备、结晶与保存条件」,slice_14
CHEMISTRY,chem-fx-fang-yang-hua-f74x01,化学试剂的保存方法,化学试剂的保存方法,medium,材料讲防氧化的三种措施及Na2SO3与FeSO4与K与Na等试剂的保存实例；属化学试剂的保存方法,slice_15
CHEMISTRY,chem-fx-fen-bie-yong-biao-shi-he-f35x12,晶胞投影,晶胞投影,medium,材料给出KH2PO4四方晶胞及H2PO4-与K+在xz面yz面上的位置；属晶胞投影图判读,slice_16
CHEMISTRY,chem-fx-fen-qiang-ji-f63x06,官能团的保护,官能团的保护,high,材料讲酚羟基在氧化其他基团前用NaOH或CH3I保护；该节点别名含「常见需要保护的官能团及保护方法」,slice_17
CHEMISTRY,chem-fx-fen-qiang-ji-f64x04,酚的结构和性质,酚的结构和性质,medium,材料讲酚羟基的弱酸性 遇FeCl3显紫色 与浓溴水取代三点性质；同讲其它官能团卡片（醇羟基）亦归对应的类节点,slice_18
CHEMISTRY,chem-fx-gai-jin-de-mu-f28x12,气体制备,气体制备,medium,材料讲气体发生装置改进目的与固液类装置创新；属常见气体的实验室制备,slice_19
CHEMISTRY,chem-fx-gai-nian-dan-ti-tong-guo-de-fang-shi-s-f63x01,聚合反应,聚合反应,medium,材料讲单体间缩合生成高分子并伴小分子副产物的缩聚反应概念；该节点边界明确包含加聚与缩聚的区别,slice_20
CHEMISTRY,chem-fx-gao-ji-zhi-fang-suan-f61x06,羧酸,羧酸,medium,材料讲高级脂肪酸的组成（RCOOH）与饱和高级脂肪酸固态、油酸不饱和液态；属羧酸的组成与分类且该节点已收录「羧酸的组成与羧基」,slice_21
CHEMISTRY,chem-fx-gao-wen-jie-gou-f18x05,陶瓷,陶瓷,high,材料讲高温结构陶瓷与氮化硅陶瓷用于汽轮机叶片、轴承等；该节点别名即「新型陶瓷的种类与用途」且范围涵盖新型陶瓷,slice_22
CHEMISTRY,chem-fx-gei-rong-ye-jia-re-f54x05,影响沉淀溶解平衡的因素,影响沉淀溶解平衡的因素,medium,材料判断加热与加Na2CO3或加NaOH对沉淀溶解平衡体系的影响；属影响沉淀溶解平衡的因素,slice_23
CHEMISTRY,chem-fx-gu-ti-ye-ti-f28x02,气体制备,气体制备,high,材料按固体加液体等反应物状态归纳气体发生装置与Cl2及C2H4制取实例；属气体制备,slice_24
CHEMISTRY,chem-fx-guang-fan-shi-zhi-zhi-neng-du-chu-zhen-f65x14,ph试纸的规范使用,pH试纸的规范使用,high,材料讲广泛pH试纸只能读出整数且不能测漂白性与强氧化性试剂；与该节点边界第(3)(4)条逐字对应,slice_25
CHEMISTRY,chem-fx-guo-zai-shi-ke-f47x04,v-t图像分析改变条件对化学平衡的影响,v－t图像分析改变条件对化学平衡的影响,high,材料要求在t6时刻移出部分氨的图中画出t6至t7反应速率的变化曲线,slice_26
CHEMISTRY,chem-fx-han-you-zhi-ji-han-you-ben-huan-he-ci-f63x11,限定条件下同分异构体的书写步骤,限定条件下同分异构体的书写步骤,medium,材料给出含酯基、含苯环、核磁共振氢谱两组峰的结构限定并接合成路线设问；属该节点用限定条件加氢谱确定结构的思路且同为选择性必修3合成高分子章,slice_27
CHEMISTRY,chem-fx-hao-yang-liang-ke-gen-ju-f59x05,烃类的燃烧规律,烃类的燃烧规律,high,材料讲等物质的量与等质量两种设定下烃完全燃烧耗氧量的比较依据；该节点边界即等质量与等物质的量条件下耗氧量大小的比较,slice_28
CHEMISTRY,chem-fx-he-xin-fan-ying-f56x01,陌生化学方程式的书写方法,陌生化学方程式的书写方法,medium,材料讲化工流程中按箭头指向定反应物与生成物并据氧化还原规律判断产物与配平的陌生方程式书写,slice_29
CHEMISTRY,chem-fx-hong-te-gui-ze-f29x08,原子核外电子排布,原子核外电子排布,high,材料讲洪特规则及能量相同的轨道全充满半充满全空时体系能量最低（以基态24Cr排布式为例）；节点已收「核外电子排布的三条规律与洪特规则特例」,slice_30
CHEMISTRY,chem-fx-hua-xue-yu-yi-yao-f73x05,化学与医药的常考常识,化学与医药的常考常识,high,材料讲抗酸药物与医用酒精消毒；该节点边界正是抗酸药不能选强碱与医用酒精使蛋白质变性,slice_01
CHEMISTRY,chem-fx-huo-jian-de-di-yi-er-ji-fa-dong-ji-zho-f38x03,反应热,反应热,low,材料为肼作燃料四氧化二氮作氧化剂生成氮气与气态水并给出已知条件的情境题；段落被已知二字截断无法判定用盖斯定律还是键能；只能确定属反应热范畴,slice_02
CHEMISTRY,chem-fx-jia-de-huo-yan-yan-se-yao-tou-guo-lan-f13x15,焰色试验-易错点,焰色试验“易错点”,high,材料列钾焰色透过蓝色钴玻璃与铂丝灼烧盐酸洗净等注意点；同节点已有焰色试验的注意事项,slice_03
CHEMISTRY,chem-fx-jia-he-xing-f22x07,三类漂白剂的区别,三类漂白剂的区别,medium,材料讲加合型漂白（SO2与有机色质生色团化合、可逆不持久有选择性）；是三类漂白剂中的加合型,slice_04
CHEMISTRY,chem-fx-jia-re-fa-f67x09,熟练掌握溶解-过滤-蒸发等操作-认识化学方法在物质分离和提纯中的重要作用,物质分离提纯的常用方法,medium,材料讲加热法分离热稳定性差的杂质（如Na2CO3固体中的NaHCO3）；属物质分离提纯的常用方法,slice_05
CHEMISTRY,chem-fx-jia-zai-shi-f46x17,控制变量法探究影响化学反应速率的因素,控制变量法探究影响化学反应速率的因素,low,材料列甲乙丙丁四组仅温度、催化剂、投料不同的条件作对比；属控制变量法探究速率影响因素的条件表,slice_06
CHEMISTRY,chem-fx-jian-jie-ce-liang-fa-f66x06,气体体积的测定方法,气体体积的测定方法,medium,材料讲间接测量法即由排出液体的体积确定气体体积（末句附装置气密性检查须在装药品前）；主属气体体积的测定方法,slice_07
CHEMISTRY,chem-fx-jian-jie-ce-liang-fa-f70x06,量气分析法,量气分析法,high,材料讲排水量气的间接测量法；该节点材料明确把气体测量分为直接法与间接法,slice_08
CHEMISTRY,chem-fx-jian-ya-zheng-liu-f71x05,蒸馏,蒸馏,high,材料讲减压蒸馏减小压强使沸点降低以防H2O2与浓硝酸等受热分解；属蒸馏方法的应用,slice_09
CHEMISTRY,chem-fx-jiang-dai-ru-zhong-f52x06,溶液中粒子等量关系-三大守恒,溶液中粒子等量关系——三大守恒,high,材料把电荷守恒与物料守恒代入整理得质子守恒；属溶液中粒子等量关系的三大守恒,slice_10
CHEMISTRY,chem-fx-jiang-wen-ma-zui-f73x07,化学与医药的常考常识,化学与医药的常考常识,high,材料讲氯乙烷气雾剂汽化吸热在损伤处降温麻醉快速镇痛；该节点已收录含降温麻醉在内的医药常识条目,slice_11
CHEMISTRY,chem-fx-jie-gou-shi-f02x06,有机物结构的表示方法,有机物结构的表示方法,medium,材料界定结构式能反映物质结构但不表示空间结构；属有机物结构表示方法之一并已有结构式与结构简式辨析条目,slice_12
CHEMISTRY,chem-fx-jie-jing-cao-zuo-f67x04,结晶方法的选择与操作,结晶方法的选择与操作,medium,材料讲蒸发结晶与降温结晶与重结晶等结晶操作；与节点结晶方法的选择与操作一致,slice_13
CHEMISTRY,chem-fx-jin-xian-dai-de-cheng-jiu-f73x13,为化学作出贡献的科学家与重大成就,为化学作出贡献的科学家与重大成就,high,材料讲结晶牛胰岛素与CO2转化为淀粉等近现代成就及陶瓷黑火药等我国古代发明；节点别名即「我国化学科学家与古代重大发明」,slice_14
CHEMISTRY,chem-fx-jing-duo-ci-yang-hua-he-xi-shou-f06x06,化学计算中的守恒法,化学计算中的守恒法,medium,材料由氮元素守恒得NH3～HNO3的定量关系并接电子转移守恒法；属化学计算中的守恒法,slice_15
CHEMISTRY,chem-fx-ken-ding-xing-yuan-ze-f76x01,离子推断的基本原则,离子推断的基本原则,medium,材料列肯定性原则与互斥性原则及进出性原则；即离子推断的基本原则,slice_16
CHEMISTRY,chem-fx-leng-que-fa-f56x07,分离提纯,分离提纯,medium,材料讲冷却法利用气体液化分离气体（合成氨中分离氨气）；属分离提纯的常用方法之一,slice_17
CHEMISTRY,chem-fx-li-yong-lv-hui-f17x12,含铝物质的制备和转化,含铝物质的制备和转化,medium,材料是以铝灰（Al与Al2O3与AlN等）制备铝鞣剂的工艺流程；该节点专收含铝物质的制备与转化路径,slice_18
CHEMISTRY,chem-fx-liang-yuan-su-shou-heng-f52x04,溶液中粒子等量关系-三大守恒,溶液中粒子等量关系——三大守恒,high,材料讲NaHCO3溶液的元素守恒式与质子守恒定义；属溶液中粒子等量关系的三大守恒,slice_19
CHEMISTRY,chem-fx-lie-jie-zai-gao-wen-xia-shi-fen-zi-ju-f59x12,石油的综合利用,石油的综合利用,high,材料给出裂解的定义与目的（长链烃断裂得短链不饱和烃作化工原料）；该节点边界含裂化、裂解等加工过程,slice_20
CHEMISTRY,chem-fx-liu-de-han-yang-suan-gen-you-hen-duo-f75x03,焦亚硫酸钠,焦亚硫酸钠,medium,材料围绕由NaHSO3过饱和溶液结晶脱水制Na2S2O5的工艺与方程式正误判断；该节点已收录焦亚硫酸钠的制备与性质,slice_21
CHEMISTRY,chem-fx-mao-xi-guan-lian-tong-da-qi-f74x09,蒸馏,蒸馏,medium,材料讲减压蒸馏中毛细管连通大气防暴沸与减压降低沸点；属蒸馏装置与操作要点（防暴沸的安全设错点另属安全性节点）,slice_22
CHEMISTRY,chem-fx-mi-du-zhi-liang-fen-shu-f05x02,有关物质的量浓度的计算,有关物质的量浓度的计算,medium,材料由密度与质量分数求浓硫酸的物质的量浓度并给质量分数与溶解度及浓度的换算；属有关物质的量浓度的计算,slice_23
CHEMISTRY,chem-fx-na-jian-tuo-liu-fa-f23x08,二氧化硫的尾气处理,二氧化硫的尾气处理,high,材料讲用NaOH或Na2CO3吸收烟气中SO2的钠碱脱硫法；即二氧化硫尾气处理,slice_24
CHEMISTRY,chem-fx-pai-kong-qi-fa-f28x08,气体制备,气体制备,medium,材料讲向上排空气法的适用条件（密度大于空气且不与之反应）与Cl2 SO2 NO2 CO2；属气体制备的收集环节（同讲义排水法条目同绑此节点）,slice_25
CHEMISTRY,chem-fx-pai-shui-fa-f28x07,气体制备,气体制备,medium,材料讲排水法适用于难溶于水或微溶且不与水反应的气体（O2 H2 NO CO）；属气体制备的收集环节,slice_26
CHEMISTRY,chem-fx-pao-mo-mie-huo-qi-yuan-li-f73x09,盐类水解的规律及拓展应用,盐类水解的规律及拓展应用,high,材料讲Al2(SO4)3与小苏打相互促进水解生成Al(OH)3和CO2泡沫灭火；属水解规律的生活应用,slice_27
CHEMISTRY,chem-fx-pei-li-zi-f78x06,配合物,配合物,medium,材料给出配离子由中心离子与配位体组成的定义及[Cu(NH3)4]2+等实例；属该节点配合物的基本概念与组成,slice_28
CHEMISTRY,chem-fx-pei-wei-shu-f78x05,配合物,配合物,high,材料讲配合物中配位数的定义与[Cu(NH3)4]2+与[Fe(CN)6]4-等实例；同考点配离子与颜色材料均绑配合物,slice_29
CHEMISTRY,chem-fx-pei-wei-yuan-zi-f78x03,配位键,配位键,medium,材料讲配位原子是配体中提供孤对电子的原子；属配位键的形成条件这一要点,slice_30
CHEMISTRY,chem-fx-pin-hong-rong-ye-f12x12,na22,过氧化钠的强氧化性与还原性,medium,材料讲Na2O2的强氧化性使品红溶液褪色；属过氧化钠的强氧化性专题（Na2O2的性质及应用边界已声明强氧化性专题另属）,slice_01
CHEMISTRY,chem-fx-ping-jun-zhi-fa-f03x14,平均值法,平均值法,high,材料讲把混合烃当一种烃算平均摩尔质量再求平均分子式以确定烃的范围；即平均值法,slice_02
CHEMISTRY,chem-fx-po-huai-chou-yang-ceng-f25x02,n2o-no和no2等氮氧化物是空气污染物-含有氮氧化物的尾气需处理后才能排放,氮氧化物的污染与尾气处理,high,材料讲NO2破坏臭氧层与NO中毒及NOx尾气碱液吸收处理,slice_03
CHEMISTRY,chem-fx-pu-tong-bo-li-f73x11,干冰萤石与三类玻璃的成分,干冰萤石与三类玻璃的成分,medium,材料给出普通玻璃、有机玻璃、玻璃钢三类玻璃的成分与原料；正对应三类玻璃的成分,slice_04
CHEMISTRY,chem-fx-qi-mi-xing-jian-cha-de-ji-ben-si-lu-f66x07,装置气密性检查,装置气密性检查,high,材料讲气密性检查思路即使装置内外压强不等再观察气泡或液面变化；与节点同名,slice_05
CHEMISTRY,chem-fx-qi-ta-chang-jian-tie-yan-f16x05,铁盐的性质及应用,铁盐的性质及应用,medium,材料介绍绿矾与铁铵矾的性质和用途（补血剂、分析试剂、媒染剂）；属铁盐的性质及应用,slice_06
CHEMISTRY,chem-fx-qi-ti-chu-le-liang-qu-wai-f70x10,定量测定型综合实验,定量测定型综合实验,medium,材料讲气体除量取外还可称量（称反应装置减重或吸收装置增重）；属定量测定型综合实验中的气体质量测定方法,slice_07
CHEMISTRY,chem-fx-qi-ti-fa-f14x04,纯碱中碳酸钠含量的测定方法,纯碱中碳酸钠含量的测定方法,high,材料讲气体法测定Na2CO3含量；与节点主题完全一致,slice_08
CHEMISTRY,chem-fx-qian-hou-f59x04,烃类的燃烧规律,烃类的燃烧规律,high,材料给有机物完全燃烧气体体积减小（V前减V后等于+1）与等物质的量耗氧量规律；出自烃与化石燃料一讲,slice_09
CHEMISTRY,chem-fx-qing-xi-bo-si-f13x11,焰色试验,焰色试验,high,材料讲焰色试验用盐酸洗铂丝并灼烧至与原来火焰颜色相同、钾需透过蓝色钴玻璃；即焰色试验操作,slice_10
CHEMISTRY,chem-fx-ran-shao-an-yi-ding-liu-su-tong-ru-yi-f51x09,滴定操作,滴定操作,low,材料是燃烧后按流速通入再滴定至颜色复现的操作片段；只能判定属滴定操作且原文残缺无完整实验目的,slice_11
CHEMISTRY,chem-fx-rong-qi-bi-shang-fu-zhuo-de-liu-f74x06,仪器的洗涤,仪器的洗涤,medium,材料讲容器壁上附着的硫用CS2或热NaOH溶液除去；该节点别名即「玻璃仪器的洗涤与残留物的去除」,slice_12
CHEMISTRY,chem-fx-ruo-an-yuan-bi-li-tong-bei-shu-di-zeng-f45x06,化学平衡移动方向和转化率的判断,化学平衡移动方向和转化率的判断,medium,材料讲按原比例同倍数改变A与B浓度等效于压缩容器体积并据此判断转化率；同讲相邻条目已归此节点,slice_13
CHEMISTRY,chem-fx-ruo-shi-jia-re-yi-qi-f65x01,常见仪器,常见仪器,high,材料按加热与量器与分离三类用途选仪器（蒸发皿坩埚与量器精度与过滤分液蒸馏）；节点别名含「化学仪器的选用原则」与「量器的选择与读数精度」,slice_14
CHEMISTRY,chem-fx-san-te-shu-f76x12,离子共存,离子共存,high,材料列离子共存三种特殊情况（AlO2-与HCO3-不能共存与NO3-加H+具强氧化性及水解互促仍大量共存）,slice_15
CHEMISTRY,chem-fx-se-an-tong-lai-yuan-yu-tian-ran-zhi-wu-f36x10,配位键和配合物,配位键和配合物,medium,材料讲Co2+与色胺酮分子配位结合形成色胺酮钴配合物；属配位键与配合物的形成,slice_16
CHEMISTRY,chem-fx-se-qi-wei-f22x03,二氧化硫,二氧化硫,high,材料讲SO2的颜色气味与溶解性（1体积水约溶解40体积SO2）,slice_17
CHEMISTRY,chem-fx-sheng-gao-wen-du-f54x04,影响沉淀溶解平衡的因素,影响沉淀溶解平衡的因素,high,材料为沉淀溶解平衡移动的判断（升温 加碳酸钠 加NaOH 加CaO）；同讲材料「沉淀溶解平衡的影响因素」即绑此节点,slice_18
CHEMISTRY,chem-fx-shi-pin-dai-nei-de-gan-zao-ji-f73x04,食品的保护与食品袋中的干燥剂,食品的保护与食品袋中的干燥剂,high,材料讲食品袋内干燥剂（生石灰与硅胶等）选择及SO2抗氧化剂；节点名完全对应,slice_19
CHEMISTRY,chem-fx-shi-yan-f13x07,碳酸钠和碳酸氢钠易错知识点,碳酸钠和碳酸氢钠易错知识点,low,材料以四个实验探究Na2CO3与NaHCO3混合溶液性质并判断说法正误（酚酞、稀盐酸、CO2、Ba(OH)2沉淀）；属两盐性质的正误辨析,slice_20
CHEMISTRY,chem-fx-shi-yan-f76x22,离子推断的基本原则,离子推断的基本原则,low,材料给出两份溶液实验现象（烧碱加热放出气体224 mL与BaCl2得固体2.33 g）用于推断所含离子；属离子推断题的实验数据片段,slice_21
CHEMISTRY,chem-fx-shi-yan-jie-shu-hou-f20x03,cl2的实验室制法,Cl2的实验室制法,high,材料讲氯气制取实验结束后先停止反应排出残留氯气再拆卸并用NaOH吸收尾气；该节点边界即含收集与尾气吸收且限本实验操作,slice_22
CHEMISTRY,chem-fx-shi-yan-kai-shi-shi-f69x09,物质制备流程与条件控制,物质制备流程与条件控制,medium,材料是NH4SCN制备实验中实验开始时的通气与加热操作及反应终点判断；同讲邻题材料均归制备流程与条件控制,slice_23
CHEMISTRY,chem-fx-shi-yan-xiao-jie-f38x11,反应热,反应热,low,材料是反应焓变测定实验小结（有气体生成不能直接测需另设无气体方案）；节点表无测定类节点只能上位归入反应热,slice_24
CHEMISTRY,chem-fx-shi-yang-chu-shi-zhi-liang-wei-f01x05,热重分析法,热重分析法,medium,材料给出试样初始质量m0与失重后质量m1及失重质量Δm与失重百分数的算式；该节点边界即区分失重质量与残留固体质量的热重分析,slice_25
CHEMISTRY,chem-fx-shi-ying-dui-xiang-f04x05,看-气体-是否处于-标准状况-0-101kpa,气体摩尔体积的适用条件,high,材料讲气体摩尔体积只适用于气体并辨析NO2 HF SO3在标准状况下不是气体等易错点,slice_26
CHEMISTRY,chem-fx-shi-yong-yi-qi-f74x03,药品取用,药品取用,medium,材料列药匙或纸槽、镊子、托盘天平、胶头滴管、试剂瓶倾倒、量筒滴定管移液管量取等取用与量取仪器；属药品取用的规范操作,slice_27
CHEMISTRY,chem-fx-shi-zheng-tu-ran-jian-xiao-f47x03,v-t图像分析改变条件对化学平衡的影响,v－t图像分析改变条件对化学平衡的影响,high,材料讲t1时刻正速率突然减小而逆速率逐渐减小故平衡逆向移动对应减小反应物浓度；正是速率-时间图像判断改变的条件,slice_28
CHEMISTRY,chem-fx-shi-zheng-tu-ran-zeng-da-f47x02,v-t图像分析改变条件对化学平衡的影响,v－t图像分析改变条件对化学平衡的影响,high,材料讲t1时v正突然增大而v逆逐渐增大使平衡正移对应增大反应物浓度；即v-t图像分析改变条件对平衡的影响,slice_29
CHEMISTRY,chem-fx-shu-ji-ji-ben-mo-xing-f02x13,有机化合物的共面共线的判断,有机化合物的共面共线的判断,high,材料熟记烯平面羰基平面苯平面与炔直线等基本模型及对应杂化；同讲相邻片段「直线与平面连接」已绑该节点,slice_30
CHEMISTRY,chem-fx-shui-ni-chang-he-ye-jin-chang-chang-yo-f07x15,胶体的性质及应用,胶体的性质及应用,high,材料讲水泥厂冶金厂用高压直流电除尘即电泳；属胶体性质在生产生活中的应用,slice_01
CHEMISTRY,chem-fx-si-fan-ying-f76x13,下列溶液中-离子一定能大量共存的有____________,离子不能大量共存的常见类型,medium,材料讲离子间四类反应即复分解与氧化还原等使离子不能大量共存；即离子不能大量共存的常见类型,slice_02
CHEMISTRY,chem-fx-suan-ye-sa-zai-pi-fu-shang-f65x12,化学实验安全与事故处理,化学实验安全与事故处理,high,材料讲酸液洒到皮肤先大量水冲洗再用NaHCO3溶液冲洗,slice_03
CHEMISTRY,chem-fx-tan-jiu-f27x08,喷泉实验,喷泉实验,high,材料为NO2与O2混合气体的喷泉实验探究（含补画导管的装置任务）；服务喷泉实验,slice_04
CHEMISTRY,chem-fx-tan-lu-jian-f64x02,卤代烃的水解反应和消去反应,卤代烃的水解反应和消去反应,high,材料讲碳卤键的水解（NaOH水溶液加热得醇）与消去（NaOH醇溶液共热得不饱和烃）,slice_05
CHEMISTRY,chem-fx-ti-dai-fa-f03x06,判断同分异构体数目的常用方法和思路,判断同分异构体数目的常用方法和思路,medium,材料讲替代法（二氯苯与四氯苯同分异构体数目相同）并接等效氢法；属判断同分异构体数目的常用方法,slice_06
CHEMISTRY,chem-fx-tian-gong-kai-wu-zhong-fan-shi-hui-jin-f73x17,化学与传统文化,化学与传统文化,high,材料出自《天工开物》《梦溪笔谈》《开宝本草》等古文献；内容为古文献中物质成分、变化与分离操作的判断,slice_07
CHEMISTRY,chem-fx-tiao-jie-fa-f54x08,调节pH分离提纯金属离子,调节pH分离提纯金属离子,high,材料讲调节pH除去CuCl2溶液中的FeCl3；该节点已含「用调节pH的方法除杂提纯」,slice_08
CHEMISTRY,chem-fx-tiao-jie-fa-f54x09,调节pH分离提纯金属离子,调节pH分离提纯金属离子,high,材料讲加入试剂调节pH至4左右除去NH4Cl溶液中的FeCl3杂质；即调节pH法分离提纯金属离子,slice_09
CHEMISTRY,chem-fx-tiao-jie-fa-f67x13,调节pH分离提纯金属离子,调节pH分离提纯金属离子,high,材料讲加CuO调pH使Fe3+生成Fe(OH)3沉淀后过滤以除去CuCl2中的氯化铁；即调节pH法分离提纯,slice_10
CHEMISTRY,chem-fx-tie-ding-biao-mian-du-tong-f72x01,化学实验方案的评价,化学实验方案的评价,low,材料是表格型实验基础题的四个选项（铁钉镀铜与配制银氨溶液与验证卤素氧化性与检验消去产物）；四个考点并列无主考点,slice_11
CHEMISTRY,chem-fx-ting-zhi-jia-re-f69x17,有机物制备实验的常用操作与仪器,有机物制备实验的常用操作与仪器,medium,材料给出有机制备操作序列：沸腾平息后加料、加热回流、冷却析出、过滤洗涤、乙醇重结晶；属有机制备的常用操作,slice_12
CHEMISTRY,chem-fx-tong-si-biao-mian-huan-man-fang-chu-qi-f25x07,硝酸与金属反应的规律,硝酸与金属反应的规律,medium,材料描述铜丝与硝酸反应的红棕色气体与液面下降现象序列；属硝酸与金属反应,slice_13
CHEMISTRY,chem-fx-tong-zhong-yuan-zi-f30x02,电离能的三个重要应用,电离能的三个重要应用,medium,材料讲同种原子逐级电离能越来越大并用于判断元素金属性强弱；节点已收录「逐级电离能规律及应用」,slice_14
CHEMISTRY,chem-fx-tou-xi-fen-bu-qu-xian-que-ding-si-wei-f53x02,分布分数图像,分布分数图像,high,材料界定分布曲线为以pH为横坐标与分布系数为纵坐标的关系曲线；即分布分数图像,slice_15
CHEMISTRY,chem-fx-tu-jie-liang-qi-de-du-shu-fang-fa-f51x06,滴定操作,滴定操作,medium,材料讲量筒与移液管及滴定管的平视俯视读数方法；同主题的「量筒与滴定管的读数方法」在库中亦绑滴定操作,slice_16
CHEMISTRY,chem-fx-tuo-pan-tian-ping-f05x05,常见仪器,常见仪器,high,材料讲托盘天平的调零与左物右码与读数规范；该节点别名即「托盘天平的使用与读数」,slice_17
CHEMISTRY,chem-fx-wei-rong-wu-f08x21,离子方程式,离子方程式,high,材料讲微溶物写不写离子形式及固体间反应不写离子方程式；该节点别名即含「微溶物在离子方程式中的处理」,slice_18
CHEMISTRY,chem-fx-wei-zhi-yi-gou-f02x10,同分异构现象和同分异构体,同分异构现象和同分异构体,high,材料讲位置异构即官能团位置不同这一同分异构类型并举例,slice_19
CHEMISTRY,chem-fx-wen-du-bu-gao-yu-f71x04,化学实验中的温度控制,化学实验中的温度控制,high,材料归纳温度不高于某值的四类原因（受热分解、挥发、氧化、促进水解）；即实验控温目的的分析,slice_20
CHEMISTRY,chem-fx-wen-zi-biao-shu-ti-de-ge-zhong-da-ti-g-f71x10,沉淀的洗涤与检验,沉淀的洗涤与检验,medium,材料给出沉淀洗涤是否完全的检验答题模板与取样加试剂加现象加结论四个得分点；该节点主题即沉淀洗涤与沉淀完全的检验,slice_21
CHEMISTRY,chem-fx-wo-guo-li-zheng-yu-nian-qian-zuo-dao-t-f44x10,碳中和,碳中和,medium,材料以2030年碳达峰与2060年碳中和及CH4与CO2重整开题；该节点即碳中和的含义与实现途径（材料本身是题目背景故不给high）,slice_22
CHEMISTRY,chem-fx-xi-qi-fa-f67x10,熟练掌握溶解-过滤-蒸发等操作-认识化学方法在物质分离和提纯中的重要作用,物质分离提纯的常用方法,medium,材料讲洗气法把混合气体通入溶液以除去杂质气体（乙烷中的乙烯经溴水除去）；属物质分离提纯的常用方法,slice_23
CHEMISTRY,chem-fx-xiang-guan-gai-nian-f10x02,氧化还原反应,氧化还原反应,medium,材料给出氧化性与还原性定义及升失氧降得还口诀；属氧化还原反应基本概念,slice_24
CHEMISTRY,chem-fx-xiang-yuan-li-f53x06,对数折线图四步法,对数折线图四步法,medium,材料是图像分析的第(3)想原理写电离平衡常数表达式与第(4)用公式作对数计算两步；属对数折线图的四步破解法,slice_25
CHEMISTRY,chem-fx-xie-ming-cheng-f02x02,含官能团的链状有机物命名,含官能团的链状有机物命名,high,材料讲把支链作取代基并写在某醇某醛某酸前面、用阿拉伯数字标明官能团位置,slice_26
CHEMISTRY,chem-fx-xin-cai-liao-de-xin-xiu-f18x06,碳纳米材料,碳纳米材料,medium,材料讲石墨烯和氧化石墨烯这一新材料热点与其结构模型；石墨烯属碳纳米材料而该节点边界正区分碳纳米材料与新型无机非金属材料,slice_27
CHEMISTRY,chem-fx-xing-cheng-tiao-jian-f33x08,配位键和配合物,配位键和配合物,high,材料讲配合物的形成条件即中心离子有空轨道与配体配位原子有孤电子对；该节点别名即「配合物的形成条件」,slice_28
CHEMISTRY,chem-fx-xing-cheng-tiao-jian-f80x01,大π键,大π键,high,材料讲形成离域π键的三个条件（原子共面或共线且中心原子sp2或sp杂化与平行p轨道与电子数小于两倍轨道数）；即大π键的成键条件,slice_29
CHEMISTRY,chem-fx-xing-cheng-yuan-yin-f33x01,分子的极性,分子的极性,high,材料讲极性分子的形成原因是正负电荷重心不重合；同讲相邻片段「ABn型分子极性判断」已绑分子的极性,slice_30
CHEMISTRY,chem-fx-xing-fen-zi-f33x03,分子的极性,分子的极性,high,材料用分子对称性与中心原子孤电子对判断ABn型分子极性；与该节点判断依据一致,slice_01
CHEMISTRY,chem-fx-xuan-yong-shi-ji-f22x08,检验so2和co2同时存在的一般流程,检验SO2和CO2同时存在的一般流程,high,材料给出的品红溶液酸性高锰酸钾溶液品红溶液澄清石灰水四种试剂正是SO2与CO2同时存在的检验流程,slice_02
CHEMISTRY,chem-fx-xuan-ze-de-tu-jing-yao-zui-jia-f67x08,在实验操作②中为什么依次加入的试剂都要略微过量-实验操作④中加入盐酸的目的是什么,除杂原则与试剂作用分析,medium,材料讲选择除杂途径要最佳且除多种杂质要考虑加试剂先后顺序；属除杂原则,slice_03
CHEMISTRY,chem-fx-ya-song-ye-ti-f69x06,物质制备流程与条件控制,物质制备流程与条件控制,medium,材料讲制备实验中利用压强差压送液体的装置原理与控制低温的目的；属制备实验的流程与条件控制,slice_04
CHEMISTRY,chem-fx-yan-se-de-gai-bian-f78x08,配合物,配合物,medium,材料讲简单离子形成配合物时颜色改变（Fe(SCN)3血红色）并用于检验铁离子；属配合物的性质,slice_05
CHEMISTRY,chem-fx-yang-hua-xing-f22x06,三类漂白剂的区别,三类漂白剂的区别,high,材料描述氧化型漂白剂破坏生色团且不可逆无选择性（HClO、Na2O2、H2O2等）；属三类漂白剂的区别,slice_06
CHEMISTRY,chem-fx-yang-shi-du-shu-f51x07,滴定操作,滴定操作,medium,材料讲滴定管仰视读数偏大且滴定管刻度标法与量筒不同；属滴定管的构造选用与读数规范,slice_07
CHEMISTRY,chem-fx-ye-lian-tong-de-liang-fang-fa-f17x02,铜的冶炼,铜的冶炼,high,材料讲湿法炼铜与高温炼铜两条铜冶炼方法；节点同名,slice_08
CHEMISTRY,chem-fx-ye-ye-cui-qu-f74x11,萃取,萃取,high,材料给液-液萃取定义：利用待分离组分在两种不互溶溶剂中溶解度不同实现转移；与节点「萃取」一致,slice_09
CHEMISTRY,chem-fx-yi-ban-pan-duan-f80x03,大π键,大π键,high,材料讲中心原子杂化方式不是sp3时其与配位原子可能形成大π键；即大π键的一般判断,slice_10
CHEMISTRY,chem-fx-yi-ban-shuo-lai-f54x03,沉淀溶解平衡的应用,沉淀溶解平衡的应用,medium,材料讲溶解度小的沉淀转化成更小沉淀容易实现而转化成稍大沉淀在一定条件下也能实现；同节点已绑『沉淀转化的规律与实质』即同一内容,slice_11
CHEMISTRY,chem-fx-yi-ben-fen-you-du-f60x13,苯酚的化学性质,苯酚的化学性质,medium,材料主体讲苯酚弱酸性比碳酸弱故与碳酸钠只生成NaHCO3且与CO2也只生成NaHCO3；属苯酚化学性质中的弱酸性,slice_12
CHEMISTRY,chem-fx-yi-er-chun-f60x06,醇的结构和性质,醇的结构和性质,low,材料只讲乙二醇的物理性质与用途而未涉及化学性质；只能勉强归入醇的结构和性质,slice_13
CHEMISTRY,chem-fx-yi-ju-dan-yang-yuan-zi-ge-shu-bi-qiu-j-f25x05,氮氧化物与氧气混合溶于水的计算,氮氧化物与氧气混合溶于水的计算,high,材料讲生成HNO3的NO与NO2与O2中氮氧原子个数比均为2比5并等效于N2O5与水反应；节点名与主题一致,slice_14
CHEMISTRY,chem-fx-yi-lv-cai-wei-yang-ji-f41x16,电解原理,电解原理,medium,材料讲以铝材为阳极电解H2SO4溶液使其表面形成氧化膜；属电解原理的阳极氧化应用情景,slice_15
CHEMISTRY,chem-fx-yi-lv-hua-dian-f21x11,卤素互化物与拟卤素,卤素互化物与拟卤素,medium,材料讲ICl与ICl3是卤素互化物且性质与卤素单质相似；即卤素互化物的概念与性质,slice_16
CHEMISTRY,chem-fx-yi-lv-hua-yin-wei-li-f54x14,解沉淀溶解平衡图像题的三步骤,解沉淀溶解平衡图像题的三步骤,medium,材料讲氯化银Ksp图像上曲线与上下方区域Qc和Ksp的关系；即沉淀溶解平衡图像的读图判据,slice_17
CHEMISTRY,chem-fx-yi-suan-wu-se-you-qiang-f61x05,乙酸,乙酸,high,材料讲乙酸的组成与无色有刺激性气味 与水互溶 有酸性；节点名即乙酸且已收录「羧酸与乙酸的化学性质」,slice_18
CHEMISTRY,chem-fx-yi-wen-du-ji-de-shui-yin-qiu-zai-zheng-f67x02,蒸馏,蒸馏,high,材料讲蒸馏操作要点：温度计水银球位置与沸石防暴沸及冷凝水方向,slice_19
CHEMISTRY,chem-fx-yi-yi-qi-ming-cheng-he-zuo-yong-f69x13,常见仪器,常见仪器,high,材料提醒识别装置图中不常见仪器的名称与作用；属常用实验仪器的名称结构与用途认知,slice_20
CHEMISTRY,chem-fx-yi-yong-bei-can-ji-f73x06,化学与医药的常考常识,化学与医药的常考常识,high,材料讲医用钡餐剂BaSO4与BaCO3的对比、补钙补锌及补血剂硫酸亚铁；该节点现有材料正覆盖钡餐与补血剂,slice_21
CHEMISTRY,chem-fx-yi-zhi-f55x03,解沉淀溶解平衡图像题的三步骤,解沉淀溶解平衡图像题的三步骤,high,材料给对数型沉淀溶解曲线中pM越大且曲线上方为不饱和溶液；该节点别名即「对数型沉淀溶解曲线（pC图像）的分析」并讲点在上方判饱和,slice_22
CHEMISTRY,chem-fx-yi-zhi-f55x04,解沉淀溶解平衡图像题的三步骤,解沉淀溶解平衡图像题的三步骤,medium,材料给pM与pCO坐标下曲线下方的点表示有沉淀生成的判据；同源材料「氯化银Ksp图像」亦归此节点,slice_23
CHEMISTRY,chem-fx-yi-zhi-f55x05,解沉淀溶解平衡图像题的三步骤,解沉淀溶解平衡图像题的三步骤,medium,材料讲pM等于负lg c(M)的坐标读法即数值越大离子浓度越小；服务于沉淀溶解平衡图像题,slice_24
CHEMISTRY,chem-fx-yin-ji-f41x07,电解饱和食盐水-氯碱工业,电解饱和食盐水——氯碱工业,high,材料给出阴极反应2H2O+2e-=H2↑+2OH-与电解饱和食盐水总反应及食盐精制；该节点边界即电极反应与粗盐精制,slice_25
CHEMISTRY,chem-fx-yong-jiao-dian-f53x04,水溶液中多曲线图像题的分析方法,水溶液中多曲线图像题的分析方法,medium,材料讲用两粒子浓度曲线交点求电离常数K并配合物料守恒替换分析粒子浓度图像,slice_26
CHEMISTRY,chem-fx-yong-tu-zai-neng-yuan-xin-xi-yi-yao-de-f18x04,新型无机非金属材料,新型无机非金属材料,medium,材料讲碳化硅共价晶体用作磨料、含硅4%的硅钢具导磁性等特殊功能含硅材料及在能源信息医药的应用前景；属新型无机非金属材料的分类与特性,slice_27
CHEMISTRY,chem-fx-yong-zi-mu-biao-shi-ming-cheng-wei-chu-f29x02,元素-核素-同位素,元素、核素、同位素,high,材料讲氚用字母T表示又称超重氢并列几种重要核素的用途；该节点别名即「氢元素的三种核素：氕、氘、氚」,slice_28
CHEMISTRY,chem-fx-you-shi-wei-jian-hua-zhuang-zhi-f22x09,检验so2和co2同时存在的一般流程,检验SO2和CO2同时存在的一般流程,medium,材料讲把除去SO2与检验SO2是否除尽合并为一个装置用较浓酸性KMnO4；属SO2与CO2共存检验流程中的除尽检查,slice_29
CHEMISTRY,chem-fx-you-yu-neng-gou-zai-zhong-ran-shao-f17x09,镁的化学性质,镁的化学性质,medium,材料讲Mg能在CO2中燃烧故镁着火不能用干冰与泡沫灭火器；节点已收「镁燃烧的特点与灭火注意事项」,slice_30
CHEMISTRY,chem-fx-yu-re-shui-yu-you-yu-sha-yu-deng-you-d-f65x10,化学实验中的温度控制,化学实验中的温度控制,high,材料讲浴热（水浴油浴沙浴）的选用与控温优点；该节点边界正是控温方式要与目标温度匹配,slice_01
CHEMISTRY,chem-fx-zai-zhong-f21x02,卤族元素,卤族元素,high,材料讲HX中HF熔沸点最高且氢氟酸为弱酸能腐蚀玻璃；即卤族元素中氟的特殊性,slice_02
CHEMISTRY,chem-fx-zao-zhi-shu-f73x14,化学与传统文化,化学与传统文化,high,材料讲造纸术原料主要成分是纤维素与指南针含磁性氧化铁；属传统文化中物质成分判断,slice_03
CHEMISTRY,chem-fx-ze-f49x10,有关电离常数计算的两种类型-以弱酸hx为例,有关电离常数计算的两种类型(以弱酸HX为例),high,材料讲弱酸Ka的近似处理（c(HX)始减c(H+)约等于c(HX)始）及由起始浓度与Ka求c(H+)；与节点同名,slice_04
CHEMISTRY,chem-fx-zheng-fa-fan-ying-shi-de-qi-ti-fen-wei-f71x06,盐类水解的规律及拓展应用,盐类水解的规律及拓展应用,medium,材料讲蒸发与反应时的气体氛围抑制水解（AlCl3溶液需在HCl气流中蒸发）；属盐类水解的拓展应用,slice_05
CHEMISTRY,chem-fx-zheng-fa-jie-jing-f56x06,从溶液中获取晶体的方法,从溶液中获取晶体的方法,medium,材料讲蒸发结晶与冷却结晶的适用选择（溶解度随温度变化大小）；即从溶液中获取晶体的方法,slice_06
CHEMISTRY,chem-fx-zhi-bei-die-dan-hua-na-f69x18,物质制备流程与条件控制,物质制备流程与条件控制,medium,材料是制备叠氮化钠的一段流程操作（连接装置后滴加浓硝酸充分反应）；属物质制备流程与操作步骤,slice_07
CHEMISTRY,chem-fx-zhi-liang-shou-heng-f06x09,守恒法,守恒法,medium,材料讲质量守恒即原子守恒这一守恒关系；该节点别名含「守恒法及其四类守恒关系」,slice_08
CHEMISTRY,chem-fx-zhi-shi-ji-ji-zhong-dian-pan-duan-f51x08,氧化还原滴定的原理与指示剂,氧化还原滴定的原理与指示剂,high,材料讲酸性KMnO4自身作指示剂与Na2S2O3滴定碘液用淀粉指示的终点判断；属氧化还原滴定的指示剂与终点,slice_09
CHEMISTRY,chem-fx-zhu-yao-xing-zhi-f13x02,碳酸钠,碳酸钠,medium,材料讲碳酸钠稳定而结晶碳酸钠易风化并涉及受热的热稳定性；属碳酸钠的性质,slice_10
CHEMISTRY,chem-fx-zhu-yao-xing-zhi-f13x03,nahco3与碱反应的应用,NaHCO3与碱反应的应用,high,材料给出碳酸氢钠与Ca(OH)2在少量与过量时的两个离子方程式；即该节点别名『多元弱酸（酐）与碱反应的量比规律』,slice_11
CHEMISTRY,chem-fx-zhu-yao-yong-tu-f12x09,na2o2的性质及应用,Na2O2的性质及应用,low,材料后半句讲强氧化剂漂白剂供氧剂消毒剂等过氧化钠用途；该节点覆盖供氧剂等应用而前半句制取Na2O2与烧碱疑为表格中钠的另一列,slice_12
CHEMISTRY,chem-fx-zhu-yao-yong-tu-f13x04,na2co3-nahco3的应用,Na2CO3、NaHCO3的应用,high,材料讲碳酸钠用于制玻璃与肥皂而碳酸氢钠用于灭火器与发酵粉；即Na2CO3与NaHCO3的应用,slice_13
CHEMISTRY,chem-fx-zhuang-zhi-zhong-f66x09,定量实验数据的采集与处理,定量实验数据的采集与处理,low,材料为残句讲装置Ⅲ先通适量气体X再通足量气并依据生成的固体质量计算；属定量测定数据的采集与计算但原文有缺字,slice_14
CHEMISTRY,chem-fx-zhuo-shao-bei-shao-duan-shao-f56x02,工业流程中反应条件的控制,工业流程中反应条件的控制,low,材料讲无机化工流程中灼烧与焙烧与煅烧改变结构并使杂质在高温下氧化分解；属流程中的操作与条件控制,slice_15
CHEMISTRY,chem-fx-zong-fan-ying-f39x01,原电池的工作原理-以zn-cu原电池为例,原电池的工作原理 （以Zn－Cu原电池为例）,medium,材料给Zn+Cu2+=Cu+Zn2+总反应并讲盐桥组成与作用；即锌铜（双液）原电池的工作原理,slice_16
CHEMISTRY,chem-fx-zu-he-fa-f03x07,含苯环同分异构体数目的确定技巧,含苯环同分异构体数目的确定技巧,high,材料用组合法数苯环上一氯代物（丁基4种乘苯环3个位置得12种）；该节点别名即「取代基自身结构数目的乘法」,slice_17
CHEMISTRY,chem-fx-zui-jian-shi-f02x05,有机物分子分子式的确定,有机物分子分子式的确定,medium,材料解释最简式（实验式）的含义与最简式量；同讲相邻片段（分子式）即绑此节点且该节点含「直接法与实验式法确定分子式」,slice_18
CHEMISTRY,chem-gas-washing-points,干燥管与洗气瓶的作用,干燥管与洗气瓶的作用,medium,材料讲洗气瓶的试剂选择与长进短出操作；属干燥管与洗气瓶的使用要点,slice_19
CHEMISTRY,chem-high-bp-distillation-no-water,蒸馏,蒸馏,high,材料讲蒸馏高沸点馏分时放出冷凝水改用空气冷凝以防冷凝管炸裂；属蒸馏操作与冷凝方式选择要点,slice_20
CHEMISTRY,chem-hj-fenli-guan-dongguan-shi-yong,常见仪器,常见仪器,medium,材料讲漏斗、分液漏斗、冷凝管、球形干燥管与洗气瓶的用途与使用要点；属常用仪器的结构与用途（节点已收录冷凝管选用与干燥管气流方向）,slice_21
CHEMISTRY,chem-hj-fenya-fenyadinglv,压强平衡常数,压强平衡常数,medium,材料讲分压定义与分压定律（总压等于各分压之和）；该节点边界即某气体分压等于总压强乘其物质的量分数,slice_22
CHEMISTRY,chem-hj-hanbian-gainian,反应热-焓变,反应热、焓变,medium,材料讲焓的定义与等压条件下反应热等于焓变及ΔH正负与生成物总焓减反应物总焓；即反应热与焓变,slice_23
CHEMISTRY,chem-hj-jian-jixing,键的极性和分子的极性,键的极性和分子的极性,medium,材料讲不同种元素原子间形成极性键而同种元素原子间形成非极性键；属键的极性,slice_24
CHEMISTRY,chem-hj-jianya-zhengfa-cuiqu,萃取,萃取,medium,材料三段以萃取原理与反萃取（被萃物返水相有机相再生循环）为主并含减压蒸发；该节点边界即含反萃取方法,slice_25
CHEMISTRY,chem-hj-jiaoli-daidian-jingshui,胶体的性质及应用,胶体的性质及应用,high,材料讲胶粒带电而胶体电中性、同种电荷互斥维持介稳性及明矾水解生成胶体吸附净水,slice_26
CHEMISTRY,chem-hj-kejiare-yiqi-shiyong-yaodian,常见仪器,常见仪器,high,材料讲试管、蒸发皿、坩埚、圆底与蒸馏烧瓶、锥形瓶、三颈烧瓶等可加热仪器的使用要点；该节点别名含「可加热仪器的选择与使用」「常用可加热仪器与加热操作」,slice_27
CHEMISTRY,chem-hj-liuchengtu-sanxian-jiedu,化工流程题的分析模型,化工流程题的分析模型,high,材料讲流程图三线（主线主产品、分支线副产品、回头线循环物）与过程评价七要点；该节点即工艺流程题的分析方法与解题模型,slice_28
CHEMISTRY,chem-hj-nengceng-nengji-rongna,能层,能层,low,材料讲能层序数等于所含能级数与s与p与d与f能级最多容纳电子数及每层最多2n2；属能层能级的容纳规律,slice_29
CHEMISTRY,chem-hj-shang-shangbian-gainian,熵和熵变的含义,熵和熵变的含义,high,材料讲熵是衡量体系混乱度的物理量及S(g)>S(l)>S(s)与熵变计算；节点已收「熵与熵变的含义及大小规律」,slice_30
CHEMISTRY,chem-hj-suanjian-zhishiji-bianse,酸碱中和滴定指示剂的选择,酸碱中和滴定指示剂的选择,high,材料给出石蕊酚酞甲基橙的变色范围与强酸滴弱碱选甲基橙等选择规则；与节点主题一致,slice_01
CHEMISTRY,chem-hj-yuanzi-fenshuzuobiao-tuying,原子分数坐标与晶胞投影图,原子分数坐标与晶胞投影图,high,材料讲以晶胞参数为单位建立坐标系求原子分数坐标并分析晶胞投影图；与节点同名同主题,slice_02
CHEMISTRY,chem-hj2-ben-cuiqu-xiandai-fenceng,萃取,萃取,medium,材料讲苯萃取溴水的分层与颜色现象并以CCl4作对照；属萃取分液的操作与现象,slice_03
CHEMISTRY,chem-hj2-boli-yiqi-xijing-biaozhun,仪器的洗涤与洗净标准,仪器的洗涤与洗净标准,high,材料讲玻璃仪器洗净标准（水膜均匀既不聚成水滴也不成股流下）与油污难溶物的清洗；属仪器的洗涤与洗净标准,slice_04
CHEMISTRY,chem-hj2-chuzhi-yuanze-shili,在实验操作②中为什么依次加入的试剂都要略微过量-实验操作④中加入盐酸的目的是什么,除杂原则与试剂作用分析,medium,材料用除杂四原则（不增、不减、易分离、易复原）分析试剂选择与顺序；对应除杂原则与试剂作用分析,slice_05
CHEMISTRY,chem-hj2-dianjie-fangdian-shunxu-wanban,离子放电顺序与电解产物判断,离子放电顺序与电解产物判断,high,材料给出完整的阴极与阳极放电顺序表及活性电极判断；与节点「离子放电顺序与电解产物判断」一致,slice_06
CHEMISTRY,chem-hj2-han-pandu-feiweiyi,判断化学反应的自发性,判断化学反应的自发性,high,材料讲焓判据与熵判据的局限性并给出ΔG=ΔH−TΔS综合判据；即判断化学反应的自发性,slice_07
CHEMISTRY,chem-hj2-lqi-taosheng-gaochu-taosheng,氯气,氯气,medium,材料是氯气密度大于空气且有毒性推出的泄漏逃生与扇闻常识；归氯气节点的性质应用,slice_08
CHEMISTRY,chem-hj2-tangou-tie-tangou-yuanyin,二氧化硅,二氧化硅,medium,材料核心是瓷坩埚中SiO2与熔融NaOH反应被腐蚀故改用铁坩埚（瓷蒸发皿同理）；即二氧化硅与碱反应在仪器选择上的应用,slice_09
CHEMISTRY,chem-hj2-yeguti-dengli-ziti-gainian,物质的聚集状态,物质的聚集状态,high,材料讲液晶、等离子体与离子液体三种聚集状态新形态；即物质的聚集状态,slice_10
CHEMISTRY,chem-hj2-yiqi-jiare-fenlei,常见仪器,常见仪器,high,材料按可直接加热与垫石棉网加热与不能加热给试管烧杯量筒等仪器分类；同节点已绑『常用可加热仪器与加热操作』即同一考点,slice_11
CHEMISTRY,chem-kb-colloid-particle-charge-rules,胶体,胶体,medium,材料讲胶粒吸附离子带电的规律与电泳且淀粉胶体不发生电泳；该节点边界含胶体粒子带电而整体电中性并非所有胶体都能电泳,slice_12
CHEMISTRY,chem-kb-electrometallurgy,电冶金,电冶金,high,材料讲电解熔融NaCl炼钠与电解熔融Al2O3炼铝；与节点电冶金同名同义,slice_13
CHEMISTRY,chem-kb-indicator-color-ranges,酸碱中和滴定指示剂的选择,酸碱中和滴定指示剂的选择,high,材料给石蕊与甲基橙与酚酞的变色范围；用于指示剂选择与滴定终点判断,slice_14
CHEMISTRY,chem-kb-volumetric-flask-usage,容量瓶及其使用注意事项,容量瓶及其使用注意事项,high,材料讲容量瓶的结构（刻度线与温度与容量）与规格选择与使用前查漏及禁忌；与节点同名,slice_15
CHEMISTRY,chem-precipitate-washing-procedure,沉淀的洗涤与检验,沉淀的洗涤与检验,high,材料讲沿器壁加蒸馏水浸没沉淀并重复2~3次的洗涤操作；即沉淀的洗涤与检验,slice_16
CHEMISTRY,chem-reflux-condenser-points,有机物制备实验的常用操作与仪器,有机物制备实验的常用操作与仪器,medium,材料讲球形冷凝管冷凝水下进上出与沸石防暴沸及冷却后补加；该节点别名含「有机制备中的加热、蒸馏与冷凝回流操作」,slice_17
CHEMISTRY,chem-stop-heating-before-gas,气体制备,气体制备,medium,材料讲实验结束时先停止加热后停通气至冷却防氧化倒吸；知识库同结论材料「有气体参与的制备实验的操作顺序与要求」（先撤灯再停气）即绑此节点,slice_18
CHEMISTRY,chem-textbook-methane-structure,甲烷,甲烷,high,材料讲甲烷正四面体结构、键角109°28′与二氯代物只有一种,slice_19
MATH,math-bayes-formula,贝叶斯公式,贝叶斯公式,high,材料给出由乘法公式与全概率分解推出的P(Bi|A)公式及果求因用法；与该节点同名同主题,slice_20
MATH,math-bian-qici-zhengxian-huaweijiao,边角互化,边角互化,high,材料讲边的齐次等式或分式用正弦定理化边为角；同源「三角形中边角互化的总思路」及同主题材料均绑该节点,slice_21
MATH,math-bundling-method,捆绑法与插空法,捆绑法与插空法,high,材料即捆绑法处理相邻问题的四步；与节点同名同源（狂K重难点46·捆绑法与插空法）,slice_22
MATH,math-divider-add-element-method,隔板法,隔板法,high,材料讲允许空组时先添加元素凑成非空再用隔板法分组计数；即隔板法的变式,slice_23
MATH,math-divider-direct-method,隔板法,隔板法,high,材料讲n个相同元素排成排插m-1块隔板每组至少一个的方法数；即直接隔板法,slice_24
MATH,math-divider-preallocation-method,隔板法,隔板法,high,材料讲某组至少k个时先预分配k−1个再按每组至少1个插板得C_n−k^m−1；即隔板法的限制条件变式,slice_25
MATH,math-ellipse-e-and-b-over-a,椭圆的离心率,椭圆的离心率,high,材料讲椭圆中离心率与b/a的互化公式并提示双曲线根号内为加号勿混,slice_26
MATH,math-ellipse-max-angle-at-vertex,椭圆焦点三角形,椭圆焦点三角形,high,材料讲椭圆上动点对两焦点的张角在短轴端点最大；该节点别名即「椭圆上张角最大的位置：短轴端点」,slice_27
MATH,math-fangshuo-1bijin2-dayu-luixiang,裂项放缩,裂项放缩,high,材料给出1/n²>1/[n(n+1)]放缩后裂项相消证下界的结论；该节点边界正引用同族1/n²放缩式且放缩方向与结论一致属其要求,slice_28
MATH,math-fangshuo-1bijin2-xiaoyu-4nfjian1,裂项放缩,裂项放缩,high,材料把1/n²放大为4/(4n²−1)再裂项为2(1/(2n−1)−1/(2n+1))；同族1/n²放缩结论均绑裂项放缩,slice_29
MATH,math-fangshuo-1bijin2-xiaoyu-n2jian1,裂项放缩,裂项放缩,high,材料给出1/n²<1/(n²−1)放缩为两项之差再裂项相消的结论；该节点边界原文引用了同一不等式,slice_30
MATH,math-fangshuo-1bijin2-xiaoyu-nj1,裂项放缩,裂项放缩,high,材料即1/n²<1/[n(n−1)]放缩后再裂项的结论；该节点边界原文引用了同一不等式,slice_01
MATH,math-fangshuo-1chuyi-2ndejian1,裂项放缩,裂项放缩,high,材料给出1/(2ⁿ−1)先放缩分子再裂项的放缩结论及n≥2的使用条件；即裂项放缩（含分指结构）,slice_02
MATH,math-fangshuo-2ndeming-pingfang,裂项放缩,裂项放缩,medium,材料是把2ⁿ/(2ⁿ−1)²分母拆成相邻因式后裂项相消的放缩结论,slice_03
MATH,math-fangshuo-bimian-guodufangshuo,放缩精度的控制,放缩精度的控制,high,材料讲避免过度放缩（e^x≥1过宽）要求放缩幅度与目标式匹配；即放缩精度的控制,slice_04
MATH,math-fangshuo-cos-ge-1-jian-erfenzhix2,三角函数放缩不等式,三角函数放缩不等式,high,材料给出余弦的二次下界放缩不等式（等号仅在x=0取到）；与节点同名,slice_05
MATH,math-fangshuo-dengbi-fenmu-jian-hao-bukao,等比放缩,等比放缩,high,材料讲分母为qⁿ−m时方向不符故一般不用等比放缩；正是等比放缩的适用限制,slice_06
MATH,math-fangshuo-dengbi-jiegou-qiuhes,等比放缩,等比放缩,high,材料把1/(qⁿ+m)放缩为1/qⁿ以化归为等比结构求和；属等比放缩及其适用条件,slice_07
MATH,math-fangshuo-genhao-n-dayu,裂项放缩,裂项放缩,medium,材料给1/√n>2(√(n+1)−√n)的根式放缩结论；该节点已含「裂项放缩（分式·根式·分指）」,slice_08
MATH,math-fangshuo-genhao-n-xiaoyu,裂项放缩,裂项放缩,medium,材料给1/√n<2(√n−√(n−1))的根式放缩结论并用于Σ1/√n上界估计；属放缩成可裂项相消形式的裂项放缩,slice_09
MATH,math-fangshuo-sin-le-x,三角函数放缩不等式,三角函数放缩不等式,high,材料讲x不小于0时sinx不大于x而x不大于0时sinx不小于x；即三角函数放缩不等式,slice_10
MATH,math-fangshuo-x-xiao-yu-tan,三角函数放缩不等式,三角函数放缩不等式,high,材料给出0<x<π/2时x<tan x；正是三角函数放缩不等式中的正切下界不等式,slice_11
MATH,math-fangshuo-yanzheng-denghao-noufou,放缩法证明不等式,放缩法证明不等式,medium,材料要求放缩后必须验证等号能否取到否则调整放缩式；该节点边界含每一步放缩的等号条件要写清并检验能否同时取到,slice_12
MATH,math-folding-plane-vs-solid-processing,对折叠与展开问题认识不清致误,对折叠与展开问题认识不清致误,low,材料讲翻折问题把不变关系放在平面图处理把变化关系放在立体图处理；节点表中仅此一条折叠相关节点,slice_13
MATH,math-fx-coujiao-fa,拼凑角思想,拼凑角思想,high,材料讲把未知角拆成已知角的和差并在拆分后重新确定角的范围定符号；节点别名即「三角变换中的拼凑角思想」与「给值求角时角的范围与定号」,slice_14
MATH,math-fx-fenqi-fukuan-moxing,等比数列的前n项和,等比数列的前n项和,low,材料由每期余额递推构造等比数列求和推出等额本息每期还款公式；节点表无分期付款模型点故绑其数学工具,slice_15
MATH,math-fx-hechahua-ji-jihua-he,积化和差与和差化积公式,积化和差与和差化积公式,high,材料给出积化和差与和差化积公式及联立消元的推导思路；与该节点同名的公式主题,slice_16
MATH,math-fx-hechaji-guanxi,三角函数和差积的互化,三角函数和差积的互化,high,材料讲sinα±cosα与sinαcosα的平方互推及和差平方的和差关系；该节点即和差积互化,slice_17
MATH,math-fx-pingfenxian-dengmianji-fa,角平分线定理,角平分线定理,high,材料用等面积法求角平分线长并给出公式；知识库同公式材料「用面积法求角平分线段长」即绑此节点,slice_18
MATH,math-fx-pingfenxian-jiao-xingshi,角平分线定理,角平分线定理,medium,材料讲角平分线条件的余弦形式（在两小三角形中用余弦定理建边关系）；属角平分线问题处理方法,slice_19
MATH,math-fx-qgexian-fangshuo-silu,切线夹与割线夹,切线夹与割线夹,high,材料讲切割线放缩总体思路：用切线与割线夹住曲线并以直线零点估计曲线零点得双零点和差的界；与该节点主题一致,slice_20
MATH,math-fx-qiangjiao-buchang-changfangti,求解几何体外接球的半径的思路,求解几何体外接球的半径的思路,medium,材料讲墙角模型与对棱相等模型补形为长方体求外接球；该节点边界思路二即补成长方体且已收录「外接球模型一：墙角模型」,slice_21
MATH,math-fx-qicishi-huaqie,齐次式与切弦互化,齐次式与切弦互化,medium,材料讲弦的齐次式同除cos的相应次幂化切与用1的代换配齐次；节点即齐次式与切弦互化（另有近义节点齐次式的处理）,slice_22
MATH,math-fx-qiexian-fangshuo-buzhou,切线夹与割线夹,切线夹与割线夹,high,材料给切线放缩估计零点位置的操作步骤；同讲义「切割线放缩总体思路」材料已归此节点,slice_23
MATH,math-fx-qiexianchang-gongshi,圆的切线方程,圆的切线方程,low,材料讲圆外一点切线长由勾股定理得 l²＝|MO|²－r²；节点表无切线长节点只能就近归入圆的切线,slice_24
MATH,math-fx-sanjiao-bianhuan-nixiang,函数y-asin-ωx-φ-的图象,函数y=Asin(ωx+φ)的图象,high,材料讲由变换前后解析式逆向拆解y=Asin(ωx+φ)的平移与伸缩并用特殊点验证；该节点别名含「三角函数图象变换的两条途径」,slice_25
MATH,math-fx-sanjiao-huajian-shunxu-yuanze,三角函数式的化简与证明,三角函数式的化简与证明,high,材料讲三角式化简先切化弦再降幂后统一角与函数名的操作顺序原则,slice_26
MATH,math-fx-shulie-fangsuo-mubiao-daoyu-shidu,数列不等式的放缩,数列不等式的放缩,high,材料讲放缩由目标界决定方向与幅度、放缩后需可求和、过度放缩要换更紧的放缩并保留前几项；该节点别名含「数列不等式的放缩总纲」且边界同述精度不足会证不出,slice_27
MATH,math-fx-teshujiao-coupei,两角和与差的公式,两角和与差的公式,medium,材料用45°∓30°的和差公式现场推出15°与75°的函数值并给配套辅助角结论；属和差公式本身及其直接变形,slice_28
MATH,math-fx-tonggou-fa-sanmoxing,同构法,同构法,high,材料给指对同构的积型与商型与e^x±x三大模型并借同一函数单调性脱壳；正是同构法,slice_29
MATH,math-fx-you-zhouqi-duishibiao,函数的周期性,函数的周期性,high,材料由f(x+a)=f(x-a)与变号型和积型等条件式直接读周期；节点已收「常见的周期性结论」,slice_30
MATH,math-fx-yuan-xian-chuizhi-guoxin,圆的对称性,圆的对称性,medium,材料讲弦的垂直平分线过圆心并可反求圆心；该节点别名含「圆的轴对称与对称轴过圆心」,slice_01
MATH,math-fx-zhangjiao-dingli,张角定理,张角定理,high,材料讲张角定理的内容面积法推导与角平分线特例；与节点同名同主题,slice_02
MATH,math-fx-zheng-fu-ling-jiao,任意角与弧度制,任意角与弧度制,high,材料讲按旋转方向定义正角负角与零角及多圈叠加；属任意角概念,slice_03
MATH,math-group-then-assign-principle,分组分配问题,分组分配问题,medium,材料讲不同元素先分组后分配、不定向分配需乘A_m^m；属分组分配问题的计数,slice_04
MATH,math-hj-biaozhuncha-fangcha-gongshi,方差与标准差,方差与标准差,high,材料给出方差公式与标准差为其算术平方根以及越大越分散；与节点同名,slice_05
MATH,math-hj-buxing-fa-lengzhui,割补法求空间几何体的体积,割补法求空间几何体的体积,medium,材料讲补台成锥后用相似比求大小锥体积比（台体体积=大锥−小锥）；属割补法处理空间几何体体积,slice_06
MATH,math-hj-dabian-duidajiao,正弦定理,正弦定理,medium,材料由a>b推A>B与sinA>sinB（大边对大角）；属正弦定理中比较边的大小转化为比较角的大小这一常用变形,slice_07
MATH,math-hj-denggao-tiaoxingtu-panding,独立性检验,独立性检验,high,材料讲等高堆积条形图直观判断两分类变量的关联；属列联表与独立性检验,slice_08
MATH,math-hj-fangwei-fangxiang-podu,解三角形的实际应用,解三角形的实际应用,high,材料界定方位角、方向角与坡度三个测量术语；服务于解三角形的实际测量应用,slice_09
MATH,math-hj-gaillv-jiafa-tuiguang,概率的基本性质,概率的基本性质,high,材料讲互斥事件概率加法公式、一般情形减去交事件概率与对立事件概率和为1；属概率的基本性质,slice_10
MATH,math-hj-gongli-dingli-dingyi,命题,命题,high,材料辨析公理与定理与定义三种推理依据；该节点的别名正是『公理、定理与定义』,slice_11
MATH,math-hj-hailun-gongshi,秦九韶公式与海伦公式,秦九韶公式与海伦公式,high,材料给出海伦公式S=√(p(p-a)(p-b)(p-c))与半周长p；与同名专点一致,slice_12
MATH,math-hj-hanshu-moxing-zengzhang,函数模型与增长速度的比较,函数模型与增长速度的比较,high,材料比较直线上升与指数增长与对数增长三类模型的差异；与节点同名同义,slice_13
MATH,math-hj-jiangmi-shengmi-gongshi,降幂公式与升幂公式,降幂公式与升幂公式,high,材料即降幂公式与升幂公式清单（含1加减sin2α的配方形式）；节点名完全一致,slice_14
MATH,math-hj-junzhi-dingli,基本不等式,基本不等式,high,材料讲积定则和有最小值与和定则积有最大值及取等条件；即基本不等式（均值定理）,slice_15
MATH,math-hj-liangdian-fenbu,两点分布及其均值与方差,两点分布及其均值与方差,high,材料讲两点分布是n=1的二项分布且E(X)=p与D(X)=p(1-p)；即两点分布的数字特征,slice_16
MATH,math-hj-pailie-gainian-shu,排列,排列,high,材料给排列的定义与排列数公式A_n^m；该节点别名即「排列的概念与排列数公式」,slice_17
MATH,math-hj-pingxing-sibianxing-faze,平面向量的线性运算,平面向量的线性运算,high,材料讲共起点两向量和差对应平行四边形两条对角线；知识库「向量加法的三角形法则与平行四边形法则」即绑此节点,slice_18
MATH,math-hj-pinlv-zhitu-fang-fenbu,频率分布直方图,频率分布直方图,high,材料讲直方图中小长方形高为频率/组距且面积和为1；节点名完全对应,slice_19
MATH,math-hj-qiexian-fangshuo,切线放缩不等式,切线放缩不等式,high,材料列出e^x≥x+1、lnx≤x-1、tanx>x>sinx等常用切线放缩链；与该节点主题一致,slice_20
MATH,math-hj-s103-poly-product,三项展开式的通项,三项展开式的通项,medium,材料讲多个多项式积按各因式取项的指数组合分类求和；与该节点边界「同一指定项由多组次数组合共同产生须把各组贡献相加」一致,slice_21
MATH,math-hj-s109-at-least-prob,概率的基本性质,概率的基本性质,high,材料用对立事件求至少型概率即1减去一个都没有的概率；该节点边界含对立事件概率公式,slice_22
MATH,math-hj-s14-min-max,基本不等式,基本不等式,high,材料讲积为定值则和有最小值与和为定值则积有最大值及取等条件；即基本不等式（均值定理）,slice_23
MATH,math-hj-s14-three-conds,基本不等式,基本不等式,high,材料讲用基本不等式求最值须一正二定三相等；属基本不等式的使用条件,slice_24
MATH,math-hj-s36-construct-xfx,导数构造法解函数不等式,导数构造法解函数不等式,high,材料讲xf'(x)±nf(x)型构造F=x^n f(x)或f(x)/x^n；该节点别名含「f'(x)±nf(x) 型的指数构造」与「构造 xf(x) 与 f(x)/x 型函数」,slice_25
MATH,math-hj-s410-relative-direction,解三角形的实际应用,解三角形的实际应用,medium,材料讲由方位角之差判断两点相对方向并换参照点重画角度；属解三角形测量类实际应用,slice_26
MATH,math-hj-s42-chord-to-tangent,齐次式与切弦互化,齐次式与切弦互化,high,材料讲关于sinα与cosα的齐次分式同除cos^nα化为tanα、非齐次式先补齐次数；该节点边界即弦化切要求cosα≠0与非齐次式先补齐次数,slice_27
MATH,math-hj-s42-sin-cos-sym,同角三角函数的基本关系,同角三角函数的基本关系,high,材料讲(sinα±cosα)²=1±2sinαcosα联系三个量知一求二并按角的范围定符号；该节点别名即「sinα、cosα、tanα的知一求二」,slice_28
MATH,math-hj-s45-five-points,三角函数的图象与性质,三角函数的图象与性质,high,材料给正弦与余弦在一个周期内的五个关键点及五点法作图；该节点明确涵盖五点法作图,slice_29
MATH,math-hj-s65-sum-group,分组-并项-法求数列的前n项和,分组（并项）法求数列的前n项和,high,材料讲通项为等差±等比或分段结构时分组分别求和再相加；同讲同源材料已绑该节点,slice_30
MATH,math-hj-s65-sum-merge,分组-并项-法求数列的前n项和,分组（并项）法求数列的前n项和,high,材料讲(−1)^n型或相邻两项和为定值时两两并项求和；该节点别名即「并项求和法的步骤与要点」,slice_01
MATH,math-hj-s89-chord-formula,圆锥曲线的弦长公式,圆锥曲线的弦长公式,high,材料讲直线与圆锥曲线联立后用韦达定理设而不求求弦长；即该节点的联立韦达与弦长公式,slice_02
MATH,math-hj-s89-mid-chord,弦中点与点差法,弦中点与点差法,high,材料讲两端点代入曲线方程相减得中点与斜率关系即点差法,slice_03
MATH,math-hj-s91-frequency-hist,频率分布直方图,频率分布直方图,high,材料讲频率分布直方图五步作法与各组矩形面积和为1的读法；与节点同名,slice_04
MATH,math-hj-s91-sampling-concepts,简单随机抽样,简单随机抽样,low,材料辨析总体、个体、样本与样本量概念；节点表无统计基本概念节点；这些概念就在随机抽样一章引入,slice_05
MATH,math-hj-s92-percentile,百分位数,百分位数,high,材料讲第p百分位数的定义与i为整数与非整数时的取值步骤；与节点「百分位数」一致,slice_06
MATH,math-hj-s92-weighted-variance,方差与标准差,方差与标准差,high,材料给出加权平均与总体方差的加权式S²=Σfi(Yi−Ȳ)²/N；即方差、标准差与总体方差的加权式,slice_07
MATH,math-hj-s93-regression,回归分析,回归分析,high,材料讲一元线性回归模型与经验回归方程；语料中同类材料均归「回归分析」,slice_08
MATH,math-hj-s94-contingency,独立性检验,独立性检验,high,材料讲分类变量与2×2列联表的频数汇总及行和列和总和约束；即列联表与独立性检验一节的基础,slice_09
MATH,math-hj-sheying-dingli,三角形的射影定理,三角形的射影定理,high,材料讲a=bcosC+ccosB及轮换式并常与余弦定理联用；即三角形的射影定理,slice_10
MATH,math-hj-shulie-fenzu-qiughe,分组-并项-法求数列的前n项和,分组（并项）法求数列的前n项和,high,材料讲通项为若干可求和数列之和时分别求和再相加减且含(-1)^n时按奇偶项分组；同节点已绑『分组求和法与并项求和法』即同一内容,slice_11
MATH,math-hj-wudianfa-sanzhong-hanshu,三角函数的图象与性质,三角函数的图象与性质,high,材料给出正弦余弦的五点与正切的三线两块作图要点；该节点边界明确涵盖五点法作图,slice_12
MATH,math-hj-wudianfa-zhengxianleixing,函数y-asin-ωx-φ-的图象,函数y=Asin(ωx+φ)的图象,high,材料讲用五点法画y=Asin(ωx+φ)一个周期的简图；属该函数图象的作图方法,slice_13
MATH,math-hj-yangjiao-fujiao,解三角形的实际应用,解三角形的实际应用,high,材料定义测量中的仰角与俯角；节点别名含「测量中的常用术语与解题思路」,slice_14
MATH,math-hj-yide-daihuan-fa,1的代换,1的代换,high,材料讲把1替换为已知等式后整体展开凑定值；与节点1的代换同名同义,slice_15
MATH,math-hj-yimian-yijiao-buyi-cuo,异面直线所成的角,异面直线所成的角,high,材料讲异面角归结为三角形内角时可能取补角且所求角至多为直角；该节点边界正含「作钝角时应取补角」,slice_16
MATH,math-hj-zhankaishi-tedian,二项式定理,二项式定理,medium,材料列二项展开式的项数与升降幂与系数先增后减等形式特点；属二项式定理的展开式特征,slice_17
MATH,math-hj-zhengxingleixing-gainian,函数y-asin-ωx-φ-的图象,函数y=Asin(ωx+φ)的图象,high,材料讲y=Asin(ωx+φ)中振幅 周期 频率 相位与初相的含义及平移；该节点别名即含「y=Asin(ωx+φ)中各参数的几何意义」,slice_18
MATH,math-hj-zhiyiqiuer,同角三角函数的基本关系,同角三角函数的基本关系,high,材料讲sinα±cosα与sinαcosα互化的知一求二变形；属同角三角函数基本关系的应用,slice_19
MATH,math-hj-zhongdianxian-diandian-fa,弦中点与点差法,弦中点与点差法,high,材料讲设两端点代入曲线方程相减得中点与斜率关系并用判别式检验；与该节点主题一致,slice_20
MATH,math-hj-zuhe-gainian-shu,组合,组合,high,材料讲组合的定义与组合数公式及只取不排；该节点已收录「组合与组合数的概念及公式」等同主题材料,slice_21
MATH,math-insertion-space-method,捆绑法与插空法,捆绑法与插空法,high,材料即插空法处理不相邻问题；与节点同名同源（狂K重难点46·捆绑法与插空法）,slice_22
MATH,math-inverse-construct-minus-lambda-power,导数构造法解函数不等式,导数构造法解函数不等式,high,材料由xf'(x)减去λ倍f(x)大于0的结构构造h(x)=f(x)/x的λ次幂来解不等式；即导数构造法解函数不等式,slice_23
MATH,math-inverse-construct-plus-lambda-power,导数构造法解函数不等式,导数构造法解函数不等式,high,材料讲由xf'(x)+λf(x)形式构造h(x)=x^λf(x)解不等式；即导数构造法解函数不等式,slice_24
MATH,math-inverse-construct-product-rule,导数构造法解函数不等式,导数构造法解函数不等式,high,材料讲由乘积求导结构f'(x)g(x)+f(x)g'(x)>0逆向构造h=fg再借单调性解不等式；同源系列材料均绑此节点,slice_25
MATH,math-inverse-construct-quotient-rule,导数构造法解函数不等式,导数构造法解函数不等式,high,材料针对商的求导结构逆向构造商函数h(x)=f(x)/g(x)并借单调性解函数不等式,slice_26
MATH,math-isomorphic-match-product-form,同构法,同构法,high,材料把a^x·ln a写成e^{x ln a}·ln a并两边同乘x构造f(t)=te^t比较；该节点别名含「朗博同构（幂函数乘指数）」「指对同构的三种基本类型（积型、商型、和差型）」,slice_27
MATH,math-isomorphic-product-model-xlnx-xex,同构法,同构法,high,材料把ae^x≤b ln b化为e^x·ln e^x≤b ln b并构造f(t)=t ln t去外壳；该节点别名含「与指数对数相关的同构模型」,slice_28
MATH,math-isomorphic-quotient-model-xlnx-eexx,同构法,同构法,high,材料把e^a/a<b/lnb化为同构式并构造x/lnx或e^x/x；该节点别名含指对同构的积型商型和差型,slice_29
MATH,math-isomorphic-sum-difference-model,同构法,同构法,high,材料把e^a±a>b±lnb化为同构式并构造x±lnx或e^x±x；节点已收多份同构法材料,slice_30
MATH,math-jiao-zhengxian-qici-huaweibian,边角互化,边角互化,high,材料用正弦定理把角的正弦齐次式化为边再约去2R；该节点别名含「正弦定理边角互化的方向选择」,slice_01
MATH,math-kb-axiom-parallel-transitivity,四个公理,四个公理,high,材料即公理4平行于同一条直线的两条直线互相平行；该节点内容明确含公理4,slice_02
MATH,math-kb-inequality-same-direction-multiply,不等式的基本性质,不等式的基本性质,high,材料讲a>b>0且c>d>0时ac>bd与a>b>0时aⁿ>bⁿ；属不等式基本性质,slice_03
MATH,math-kb-merge-terms-sum-method,分组-并项-法求数列的前n项和,分组（并项）法求数列的前n项和,high,材料讲并项求和法（相邻两项合并后按组求和、n为奇偶时收尾不同）；与节点同名,slice_04
MATH,math-kb-volume-equivalent-method,点到平面的距离,点到平面的距离,medium,材料讲三棱锥换底列等式求高即点到平面的距离；服务求点面距这一目的,slice_05
MATH,math-luobida-faze,洛必达法则,洛必达法则,high,材料讲0/0型与∞/∞型未定式的洛必达法则及使用前须验证未定式；与节点同名,slice_06
MATH,math-luobida-shiyong-bianjie,洛必达法则,洛必达法则,high,材料讲洛必达法则在高中选择填空题可直接用而解答题可能扣分；即洛必达法则的使用条件与边界,slice_07
MATH,math-midpoint-chord-slope-product-ellipse,弦中点与点差法,弦中点与点差法,medium,材料给椭圆中点弦斜率积结论；该节点别名含「圆锥曲线弦中点的斜率之积定值」,slice_08
MATH,math-mo-cheng1-daihuan-jichu,1的代换,1的代换,high,材料讲a+b=1时把目标乘以「1=a+b」展开后用基本不等式求最值；与节点「1的代换」一致,slice_09
MATH,math-mo-danfenmu-shuangfenmu-coupei,1的代换,1的代换,high,材料讲把线性条件凑配成两式之和后利用1的代换求分式最值；即1的代换,slice_10
MATH,math-mo-demogen-gongshi,德摩根定律,德摩根定律,high,材料给出并的补等于补的交与交的补等于补的并且对事件同样成立；与该节点别名『德摩根定律（交并的补集关系）』一致,slice_11
MATH,math-mo-duigou-coupei-quzui,对勾函数,对勾函数,high,材料讲把目标式凑配成ax+b/x型对勾结构后用均值求最值并检验取等点；与节点对勾函数一致,slice_12
MATH,math-mo-fanjie-dairu-xiaoyuan,双变量问题的题型与解法,双变量问题的题型与解法,medium,材料讲由条件方程反解出变量代入目标把双变量化为单变量函数求最值；属双变量问题的解法,slice_13
MATH,math-mo-geijiao-qiuzhi-sanfangmian,三角恒等变换,三角恒等变换,medium,材料给给角求值的三个处理方向（诱导公式化同角与同角关系与和差公式）；同类材料「给角求值的拆分与凑角」亦绑在三角恒等变换,slice_14
MATH,math-mo-hailun-qinjiushao-gongshi,秦九韶公式与海伦公式,秦九韶公式与海伦公式,high,材料同时给出海伦公式与秦九韶（三斜求积）公式并说明二者等价；与节点同名,slice_15
MATH,math-mo-hechahuaji-jihuahecha,积化和差与和差化积公式,积化和差与和差化积公式,high,材料默写四组和差化积与积化和差公式及口诀；即该组公式的记忆与应用,slice_16
MATH,math-mo-huchi-vs-duili-shijian,概率的基本性质,概率的基本性质,high,材料辨析互斥与对立事件并说明P(A∪B)与1−P(Ā)的适用条件；该节点别名即「互斥事件、对立事件与概率的基本性质」,slice_17
MATH,math-mo-jieda-qianhouwen-guanlian,导数压轴题的解题流程,导数压轴题的解题流程,low,材料讲多问解答题前后问的关联并仅以导数压轴举例；只能勉强归入导数压轴解题流程,slice_18
MATH,math-mo-jiemian-jiaoxian-zuofa,空间几何体中的截面问题,空间几何体中的截面问题,high,材料讲作截面的平行线法与延长线法及作交线方法；节点名完全对应,slice_19
MATH,math-mo-jihe-hunhe-tongchu,1的代换,1的代换,high,材料讲已知积求和时同除ab互化结构再凑1的代换；该节点边界即含条件不为1时先化为1的常数代换,slice_20
MATH,math-mo-kexi-zhongzhi,柯西中值定理,柯西中值定理,high,材料讲柯西中值定理的条件与结论；与节点同名同主题,slice_21
MATH,math-mo-lagelangri-zhongzhi,拉格朗日中值定理,拉格朗日中值定理,high,材料即拉格朗日中值定理的内容与几何意义；与节点同名,slice_22
MATH,math-mo-liangci-junzhi-qudeng,连续使用基本不等式忽略等号同时成立致错,连续使用基本不等式忽略等号同时成立致错,high,材料讲两次使用均值须保证取等条件与数值一致否则放缩链断裂；即该易错点的正面表述,slice_23
MATH,math-mo-omega-qiujie-wutujing,三角函数中 ω 的求解,三角函数中 ω 的求解,high,材料讲由周期单调性零点与对称轴等五条途径求ω；即三角函数中ω的求解,slice_24
MATH,math-mo-qiedianxian-fangcheng,圆锥曲线的切点弦,圆锥曲线的切点弦,high,材料给出圆椭圆双曲线抛物线的切点弦方程且点须在曲线外；该节点边界即圆锥曲线切点弦方程与点在曲线外的前提,slice_25
MATH,math-mo-qiegua-moxing-shuangbanjing,双外心模型求外接球,双外心模型求外接球,medium,材料讲两互相垂直平面截球的公共弦即双半径单交线并用R²=r²+d²联立求外接球半径,slice_26
MATH,math-mo-sanjianke-zhiyiqiuer,同角三角函数的基本关系,同角三角函数的基本关系,high,材料讲sinα±cosα与sinαcosα三者知一求二并强调由象限定符号；该节点别名含「知一求二：正弦与余弦的和差积互化」,slice_27
MATH,math-mo-sanjiao-jiaodu-yinhan,给值求角问题,给值求角问题,medium,材料讲由函数值三角形内角和与锐角条件缩小角的范围并指出增解源于范围没缩够；该节点别名即「给值求角：选函数与缩范围」,slice_28
MATH,math-mo-shuyu-baohan-bianxi,元素与集合的关系,元素与集合的关系,low,材料辨析∈连接元素与集合而⊆与⊂连接集合与集合的符号层次；服务元素与集合的从属关系辨析,slice_29
MATH,math-mo-sina-erfenzhiyi-shuangjie,三角形解的个数判断,三角形解的个数判断,high,材料讲sinA=1/2可得两个角解须按限制条件验证取舍；节点已收「正弦定理判定三角形解的个数」,slice_30
MATH,math-mo-sipingfanghe-dingli,四平方和定理,四平方和定理,high,材料就是拉格朗日四平方和定理的表述与考查方式,slice_01
MATH,math-mo-sitewaerte-dingli,斯特瓦尔特定理,斯特瓦尔特定理,high,材料讲斯特瓦尔特定理及其中线与角平分线特例；与节点同名同主题,slice_02
MATH,math-mo-tanlu-shuangduandian,必要性探路,必要性探路,medium,材料讲闭区间两端点各建参数不等式锁定范围再验证极值；属必要性探路,slice_03
MATH,math-mo-tonggou-diweitongdeng,同构法,同构法,high,材料讲双变量地位平等且两边结构一致时构造单调母函数脱f；正是同构法,slice_04
MATH,math-mo-tonggou-lingdian-xing,同构法,同构法,high,材料讲零点方程经指对互化配凑成f(A)=f(B)再用母函数单调性处理；核心方法是同构法,slice_05
MATH,math-mo-tonggou-zhiduikuajie,同构法,同构法,high,材料讲指对跨阶同构（对数恒等式指对互化统一为积型商型和差型母函数）；属同构法,slice_06
MATH,math-mo-tuolemi-dingli,托勒密定理,托勒密定理,high,材料给出圆内接四边形对角线之积等于两组对边乘积之和及一般四边形的托勒密不等式；即托勒密定理,slice_07
MATH,math-mo-wanneng-gongshi-banjiao,万能公式,万能公式,high,材料讲以t=tan(α/2)表示sin、cos、tan的万能公式；节点同名且有同内容材料,slice_08
MATH,math-mo-wanneng-k-fa,判别式法-主要用于含有二次的分式函数-形如,判别式法：主要用于含有二次的分式函数，形如：,high,材料讲设K法三步（问谁设谁、整理为一元二次方程、判别式Δ≥0定最值）用于二次分式函数求最值；即判别式法,slice_09
MATH,math-mo-wudian-zuotu-guanjiandian,描点法作图,描点法作图,medium,材料讲正余弦函数在一个周期内的五个关键点用于画图；属描点法作图,slice_10
MATH,math-mo-xian-shi-huaqie-sanlei,齐次式与切弦互化,齐次式与切弦互化,high,材料讲一次与二次齐次弦式分式及1的代换三类结构化为切函数；与该节点别名『三角函数齐次式的切弦互化』一致,slice_11
MATH,math-mo-xielvji-fuzhi-fanzhi,两条直线的位置关系,两条直线的位置关系,high,材料辨析斜率之积为-1判定垂直的反之不成立（一斜率不存在一斜率为0）；该节点要求特别注意斜率不存在的情形,slice_12
MATH,math-mo-yinhan-tiaojian-huizong-gailv,离散型随机变量,离散型随机变量,low,材料讲用概率和为1与随机变量取非负整数等隐藏约束求分布列参数（另含直方图面积和为1）；只部分对应,slice_13
MATH,math-mo-yuanmi-dingli,圆幂定理与相交弦定理,圆幂定理与相交弦定理,high,材料讲相交弦定理与割线定理与切割线定理；节点名与同名材料一致,slice_14
MATH,math-mo-yueya-dingli,月牙定理,月牙定理,high,材料讲直角三角形两直角边上半圆围成的月牙面积和等于三角形面积；与节点月牙定理同名,slice_15
MATH,math-mo-zhongguo-shengyu-dingli,中国剩余定理,中国剩余定理,high,材料就是中国剩余定理本身；该节点按库内惯例（同系列背景定理各建一点）本次新建,addendum
MATH,math-mo-zhongxianchang-dingli,平行四边形恒等式与中线定理,平行四边形恒等式与中线定理,high,材料给中线长公式m_a=½√(2b²+2c²−a²)及其向量推导；该节点别名即「中线长公式」,slice_17
MATH,math-mo-zhuyuan-fa,主元法,主元法,high,材料讲变换主元把式子整理为关于主元的函数并求最值；与节点同名同主题,slice_18
MATH,math-mo-ziji-qiucan-kongji-shunxu,利用集合间的关系求参数,利用集合间的关系求参数,medium,材料讲由子集关系求参须按空集到自身顺序讨论；属利用集合间关系求参数,slice_19
MATH,math-mo-zugeng-yuanli,祖暅原理,祖暅原理,high,材料讲夹在两平行平面间的几何体截面积总相等则体积相等；与该节点同名同主题,slice_20
MATH,math-nonoriented-assignment-multiply-permutation,分组分配问题,分组分配问题,medium,材料讲不定向分配需乘接受者的全排列；同库「不同元素先分组后分配、不定向分配需乘A_m^m」材料已绑该节点,slice_21
MATH,math-nonuniform-grouping-formula,分组分配问题,分组分配问题,medium,材料给各组人数两两不等时的逐组连乘分组公式；属分组分配的四类分法与除序（另有均匀分组节点专讲均匀除序）,slice_22
MATH,math-normal-curve-above-axis-area-one,正态分布,正态分布,medium,材料讲正态曲线在x轴上方且与x轴之间面积为1；属正态曲线的性质（节点表无正态曲线专点）,slice_23
MATH,math-partial-uniform-grouping-formula,均匀分组与分配问题,均匀分组与分配问题,high,材料讲恰有i组人数相等的部分平均分组要除以i组的全排列数；属均匀分组计数的公式,slice_24
MATH,math-period-mobius-fraction-iteration,函数的周期性,函数的周期性,high,材料讲f(x+a)=(1−f(x))/(1+f(x))迭代两次还原故T=2a；属该节点「函数周期性的六个常用结论」,slice_25
MATH,math-period-opposite-next-term,半周期推导周期,半周期推导周期,high,材料讲函数值反号式f(x+a)=-f(x)迭代一次得周期T=2a；正是半周期推导周期,slice_26
MATH,math-period-shift-equal-different-offsets,函数的周期性,函数的周期性,high,材料由f(a+x)=f(b+x)推出周期T=|b-a|；属该节点的常见周期性结论,slice_27
MATH,math-period-shift-opposite-different-offsets,半周期推导周期,半周期推导周期,high,材料讲f(a+x)=-f(b+x)反号式迭代两次得T=2|b-a|；姊妹材料「半周期反号式f(x+a)=-f(x)⇒T=2a」同绑此节点,slice_28
MATH,math-set-line-x-plus-by-plus-c-form,圆的切线方程,圆的切线方程,medium,材料讲求圆的切线与公切线时设x+by+c=0以免讨论斜率不存在；同重难点36的切线漏解材料亦绑圆的切线方程,slice_29
MATH,math-shulie-fangshuo-bufen-fangshuo,数列不等式的放缩,数列不等式的放缩,medium,材料讲只对数列部分项放缩（舍弃部分项或把部分项取为1）；属数列不等式的放缩技巧,slice_30
MATH,math-sphere-section-track-completeness,空间几何体中的截面问题,空间几何体中的截面问题,high,材料讲球面与几何体表面交线长并先验证轨迹是否完整落在平面图形内；该节点别名含「球面与多面体（圆柱）交线长的求法」,slice_01
MATH,math-tangent-missing-slope-undefined-check,圆的切线方程,圆的切线方程,high,材料讲圆外一点求切线只解出一个k时必须补查斜率不存在的切线以防漏解；即该节点的切线漏解易错点,slice_02
MATH,math-third-definition-ellipse-slope-product,圆锥曲线第三定义的应用,圆锥曲线第三定义的应用,high,材料讲椭圆长轴两端点与曲线上点连线斜率积为定值即第三定义,slice_03
MATH,math-translation-homogenization,齐次化,齐次化,high,材料讲平移公共点到原点后设mx+ny=1齐次化并除以x²得斜率和与积；属齐次化方法,slice_04
MATH,math-uniform-grouping-formula,均匀分组与分配问题,均匀分组与分配问题,high,材料给出mk个不同元素平均分成k组需除以A_k^k以消序的公式；属均匀分组与分配,slice_05
PHYSICS,phys-anti-reflection-coating,薄膜干涉的应用,薄膜干涉的应用,high,材料讲增透膜厚度取膜中波长四分之一使反射光相消；是薄膜干涉的典型应用,slice_06
PHYSICS,phys-ao-xing-qiao-chao-zhong,对超重和失重的理解应当注意的问题,对超重和失重的理解应当注意的问题,medium,材料讲凹形桥最低点FN=mg+mv²/r因而处于超重；该节点别名即含拱形桥与凹形桥模型,slice_07
PHYSICS,phys-apparent-depth,光的折射,光的折射,medium,材料由折射定律与小角度近似导出视深公式h=H/n；语料「视深与视高问题」归此节点,slice_08
PHYSICS,phys-apparent-height,光的折射,光的折射,medium,材料给从折射率n的介质中观察正上方物体的视高公式h'=nH（小角度近似）；由光的折射定律导出,slice_09
PHYSICS,phys-bullet-embeds-block,子弹打木块模型,子弹打木块模型,high,材料讲子弹留在物块中最终共速的动量守恒、动能定理与Q=fd；即子弹打木块模型,slice_10
PHYSICS,phys-charles-law,气体实验定律,气体实验定律,high,材料给出等容变化的查理定律p1除以T1等于p2除以T2并提示温度取热力学温度；属该节点别名『三个气体实验定律』之一,slice_11
PHYSICS,phys-cut-fill-method-field,割补法,割补法,high,材料讲把残缺带电体补全后用完整场强减补上部分场强；该节点别名即「割补法求不规则带电体的场强」,slice_12
PHYSICS,phys-cyclotron-max-kinetic-energy,回旋加速器,回旋加速器,high,材料推导回旋加速器最大动能Ekm=q²B²R²/2m；属回旋加速器考点,slice_13
PHYSICS,phys-dongli-fenpei-neili-an-zhiliang,共速连接体对合力的分配原理,共速连接体对合力的分配原理,medium,材料讲绳连两物在动力F下共速运动时内力按质量分配且与μ和θ无关；节点名即共速连接体对合力的分配,slice_14
PHYSICS,phys-electromagnetic-flowmeter,电磁流量计,电磁流量计,high,材料推导导电液体电磁流量计的流速与流量公式（Q=πUD/4B）；与节点同名,slice_15
PHYSICS,phys-f-x-mian-ji-gong,变力做功的求解方法,变力做功的求解方法,medium,材料讲F-x图线与x轴围成面积表示功（含线性变化与分段反向）；即图像法求变力做功,slice_16
PHYSICS,phys-fx-analogy-method-physics,类比-创新-极限等物理思维考查,类比、创新、极限等物理思维考查,high,材料讲类比分析法（找类比对象与对应量再迁移规律）；该节点别名即「类比法」,slice_17
PHYSICS,phys-fx-arch-bridge-model,对超重和失重的理解应当注意的问题,对超重和失重的理解应当注意的问题,high,材料即拱形桥与凹形桥模型（拱桥顶失重 凹桥底超重 腾空临界）；该短语即为此节点的别名,slice_18
PHYSICS,phys-fx-calculation-answer-standards,计算题答题规范,计算题答题规范,high,材料讲计算题文字说明与方程结合、写原始公式分步列式、结果带单位；节点名完全对应,slice_19
PHYSICS,phys-fx-chase-slow-chase-fast-conclusion,追及问题的常见类型,追及问题的常见类型,medium,材料给出追不上型在速度相等临界下恰追上、追不上与相遇两次的结论；属常见追及情景与能否追上的判定,slice_20
PHYSICS,phys-fx-eddy-current-damping-drive,涡流,涡流,medium,材料讲涡流大小与电磁阻尼、电磁驱动均源于阻碍相对运动；同名「涡流、电磁阻尼与电磁驱动」材料在该节点已收录多篇,slice_21
PHYSICS,phys-fx-exclusion-method-selection,排除法,排除法,high,材料即选择题的排除法（排除须有物理依据不能凭感觉）；该节点别名即「选择题的排除法」,slice_22
PHYSICS,phys-fx-f-t-graph-impulse-area,冲量的计算方法,冲量的计算方法,high,材料讲F-t图线与时间轴围成的面积表示冲量并结合动量定理；即冲量的计算方法,slice_23
PHYSICS,phys-fx-live-knot-dead-knot,活结与死结模型,活结与死结模型,high,材料讲死结两侧弹力不一定相等而活结两侧必等大；即活结与死结模型,slice_24
PHYSICS,phys-fx-live-rod-dead-rod,活杆与定杆模型,活杆与定杆模型,high,材料讲光滑铰链活杆平衡时弹力沿杆而被固定的死杆弹力方向不定；即活杆与定杆模型的受力区别,slice_25
PHYSICS,phys-fx-multimeter-ohm-range-usage,多用电表欧姆挡的原理与使用,多用电表欧姆挡的原理与使用,high,材料讲欧姆挡测电阻步骤、换挡重新调零、读数乘倍率与指针中值附近较准,slice_26
PHYSICS,phys-fx-volt-ampere-characteristic-curve,伏安特性曲线,伏安特性曲线,high,材料讲线性元件U-I为过原点直线、非线性元件电阻用U/I而非切线斜率、小灯泡与二极管；与该节点边界一致,slice_27
PHYSICS,phys-gan-moxing-zui-gao-dian,绳球模型-杆球模型两类经典模型中的临界条件-情景分析,竖直面内绳球与杆球模型的临界条件,high,材料讲杆（双轨道）模型为双向约束且最高点最小速度为零；该节点别名即「杆模型与环管模型的受力与临界」,slice_28
PHYSICS,phys-gong-xing-qiao-shi-zhong,对超重和失重的理解应当注意的问题,对超重和失重的理解应当注意的问题,high,材料讲拱形桥顶mg−FN=mv²/r使支持力小于重力处于失重；同重难点的拱形桥与凹形桥材料均绑该节点,slice_29
PHYSICS,phys-hall-voltage-formula,霍尔元件,霍尔元件,high,材料推霍尔电压U=kBI/d与霍尔系数k=1/nq；节点已收「霍尔元件的原理与霍尔电压」,slice_30
PHYSICS,phys-hj-008-math-analysis-extremum,共点力的平衡临界极值问题-临界条件,共点力的平衡临界极值问题——临界条件,high,材料由平衡条件写出函数关系再用二次函数或三角函数求极值；该节点已收录「求解平衡极值问题的数学分析法与物理分析法」,slice_01
PHYSICS,phys-hj-015-live-knot-model,活结与死结模型,活结与死结模型,high,材料讲活结由同一根绳跨光滑滑轮或挂钩形成故两侧张力处处相等；与节点一致,slice_02
PHYSICS,phys-hj-016-dead-knot-model,活结与死结模型,活结与死结模型,high,材料讲死结把绳分成两段独立绳且张力一般不相等需分别列平衡方程,slice_03
PHYSICS,phys-hj-017-moving-rod-model,活杆与定杆模型,活杆与定杆模型,high,材料讲动杆（可绕转轴或铰链自由转动的轻杆）平衡时弹力方向沿杆；即活杆与定杆模型中的动杆,slice_04
PHYSICS,phys-hj-018-fixed-rod-model,活杆与定杆模型,活杆与定杆模型,high,材料讲定杆被固定不能转动时杆端弹力方向任意；对应活杆与定杆模型,slice_05
PHYSICS,phys-hj-038-overweight-phenomenon,超重,超重,high,材料讲加速度有竖直向上分量即超重且视重F=mg+ma；与节点「超重」一致,slice_06
PHYSICS,phys-hj-039-weightlessness-phenomenon,失重,失重,high,材料讲加速度有竖直向下分量时处于失重、视重小于重力而重力本身不变；即失重现象的定义与判断,slice_07
PHYSICS,phys-hj-040-complete-weightlessness,失重,失重,medium,材料讲竖直向下加速度为g的完全失重与视重为零；该节点已含「失重与完全失重」类材料,slice_08
PHYSICS,phys-hj-066-particle-model,质点,质点,high,材料讲质点是代替物体的有质量的点、是理想化模型且能否看作质点由所研究的问题决定；与节点「质点」一致,slice_09
PHYSICS,phys-hj-086-momentum-concept,动量,动量,high,材料讲动量p=mv的定义、单位与矢量性；即动量,slice_10
PHYSICS,phys-hj-127-pendulum-length-measure,用单摆测量重力加速度,用单摆测量重力加速度,high,材料讲摆长等于摆线长加小球半径以及线长用刻度尺与球径用游标卡尺的测量；与同节点已绑『单摆实验的器材与步骤』一致,slice_11
PHYSICS,phys-hj-140-electric-potential-concept,电势,电势,high,材料讲电势的定义φ=Ep/q与标量有正负及零电势点的相对性；与同名节点一致,slice_12
PHYSICS,phys-hj-151-capacitance-definition,电容,电容,high,材料讲电容定义式C=Q/U与单位换算及电容由电容器本身构造决定；与节点电容同名,slice_13
PHYSICS,phys-hj-159-electric-current-concept,电流,电流,high,材料讲电流的定义式I=q/t与形成条件与标矢性与方向；节点别名含「电流的定义与形成条件」与「电流的形成条件与标矢性」,slice_14
PHYSICS,phys-hj-192-ampere-rule-usage,安培定则,安培定则,high,材料讲直线电流与环形电流及通电螺线管的右手螺旋定则判定磁场方向；即安培定则,slice_15
PHYSICS,phys-hj-195-geomagnetic-field,磁场,磁场,high,材料讲地磁场N极在地理南极附近的分布特点与南北半球竖直分量；该节点边界明确含地磁场的特点,slice_16
PHYSICS,phys-hj2-anan-fufu-huoyong-cezu,伏伏法与安安法测电阻,伏伏法与安安法测电阻,high,材料同时讲安安法与伏伏法在缺电压表或电流表时测电阻；与该节点同名同主题,slice_17
PHYSICS,phys-hj2-dianli-yu-dianlineng,电离态与电离能,电离态与电离能,high,材料讲电离到n为无穷的电离态与基态氢13.6eV电离能；该节点已收录同名材料,slice_18
PHYSICS,phys-hj2-feizixing-it-tuxiang-yichu,伏安特性曲线,伏安特性曲线,medium,材料讲线性与非线性元件的I-U图线特征及该点电阻U/I计算；属伏安特性曲线,slice_19
PHYSICS,phys-hj2-liangliang-yuan-fa-zhengxian-dingli,动态平衡问题,动态平衡问题,high,材料讲三力平衡中一力恒定而两变力夹角不变时用矢量圆与正弦定理判断各力变化；该节点别名含「辅助圆与正弦定理处理夹角不变类动态平衡」,slice_20
PHYSICS,phys-hj2-luoxuan-ceweiqi-caozuo-xijie,必备实验仪器的原理及使用,必备实验仪器的原理及使用,medium,材料讲螺旋测微器的操作细节（粗调转微调听喀喀声）与读数及零误差修正；同源讲义「螺旋测微器的原理与读数」材料均绑该节点,slice_21
PHYSICS,phys-hj2-oumbiao-cezu-buzhou,多用电表测电阻,多用电表测电阻,high,材料讲欧姆挡测电阻的步骤与换挡须重新调零、读数乘倍率；该节点边界即欧姆表刻度不均匀只能粗测与换挡调零,slice_22
PHYSICS,phys-hj2-qiumian-fushe-moxing,球面辐射模型,球面辐射模型,high,材料讲点光源球面均匀辐射时正对光源的接收器获得能量份额为S除以4πR²；与节点球面辐射模型同名,slice_23
PHYSICS,phys-hj2-shangbiaomian-guanghua-xiaoche-zhuangban,多物体-多过程问题中动量守恒定律的应用,多物体、多过程问题中动量守恒定律的应用,medium,材料讲上表面光滑小车与物块挡板碰撞的分段处理即碰撞瞬间只对碰撞双方列动量守恒；属多物体多过程动量守恒,slice_24
PHYSICS,phys-hj2-sijie-huojie-moxing,活结与死结模型,活结与死结模型,high,材料讲死结把绳分成两段张力不一定相等而活结两侧张力相等；与节点同名且同类材料均绑此节点,slice_25
PHYSICS,phys-hj2-xiangtong-jinshuqiu-dianhe-chongxin-fenbu,库仑定律,库仑定律,high,材料讲两靠近带电金属球电荷重新分布致同种电荷F偏小异种电荷F偏大；属库仑定律的适用条件,slice_26
PHYSICS,phys-hj2-zhidai-chuzhi-jizhi,纸带在力学实验中的应用分析,纸带在力学实验中的应用分析,medium,材料讲选点迹清晰纸带、舍掉开头密集点、从便于测量的点起取计数点并测间距求速度与加速度；属该节点的纸带选用与数据处理,slice_27
PHYSICS,phys-hj3-an-an-method,安安法测电阻,安安法测电阻,high,材料讲用两只电流表测电阻且已知内阻的电流表可当电压表使用；节点名与材料同名且别名含「安安法（电流表差值法）」,slice_28
PHYSICS,phys-hj3-anti-reflection-coating-flatness,薄膜干涉的应用,薄膜干涉的应用,high,材料讲增透膜厚度取膜中波长四分之一与用条纹弯曲检测平面平整度；即薄膜干涉的两个典型应用,slice_29
PHYSICS,phys-hj3-boat-crossing-model,小船渡河模型,小船渡河模型,high,材料讲小船渡河最短时间与最短位移两类极值问题；节点已收多份小船渡河模型材料,slice_30
PHYSICS,phys-hj3-bridge-method,电桥法测电阻,电桥法测电阻,high,材料讲灵敏电流计示数为零时电桥平衡条件与调电阻箱的操作,slice_01
PHYSICS,phys-hj3-bulb-volt-ampere-exp,伏安特性曲线,伏安特性曲线,high,材料为描绘小灯泡伏安特性曲线实验的电流表外接分压接法图线弯曲原因与描点要点；该节点含描绘伏安特性曲线的数据处理,slice_02
PHYSICS,phys-hj3-collision-constraints,碰撞的可能性分析,碰撞的可能性分析,high,材料讲同向与相向碰撞碰后速度关系的现实约束；用于检验碰撞解是否物理合理,slice_03
PHYSICS,phys-hj3-eddy-current-damping-drive,电磁阻尼与电磁驱动,电磁阻尼与电磁驱动,high,材料讲涡流将能量转化为内能及电磁阻尼、电磁驱动均遵循楞次定律；主题为电磁阻尼与电磁驱动,slice_04
PHYSICS,phys-hj3-equal-division-method-potential,等分法,等分法,medium,材料讲把两点间距离n等分求电势并定位等势点；即等分法本身,slice_05
PHYSICS,phys-hj3-four-transmission-devices,三种传动方式及特点,三种传动方式及特点,medium,材料比较同轴、皮带、齿轮、摩擦传动的线速度与角速度关系；即传动方式及特点这一考点,slice_06
PHYSICS,phys-hj3-fu-fu-method,伏伏法测电阻,伏伏法测电阻,high,材料讲用两只电压表测电阻并以已知内阻的电压表当电流表求电流；即伏伏法测电阻,slice_07
PHYSICS,phys-hj3-gravity-center-facts,重力,重力,medium,材料讲重力是万有引力分力与重心位置的决定因素；语料「重力与重心」类材料归「重力」,slice_08
PHYSICS,phys-hj3-half-deflection-method,半偏法测电表内阻,半偏法测电表内阻,high,材料讲电流表半偏法要求R1远大于RA致测得值偏小与电压表半偏法条件与误差方向相反；与节点同名,slice_09
PHYSICS,phys-hj3-hanging-rope-model,悬绳模型,悬绳模型,medium,材料讲悬绳类系统中环与滑块在最高点水平共速、最低点过程为弹性碰撞；属悬绳模型,slice_10
PHYSICS,phys-hj3-heat-engine-efficiency,热力学第二定律,热力学第二定律,medium,材料讲热机需高温与低温两个热源且效率不可能达到100%；属该节点『两类永动机与热力学第二定律』的热机效率内容,slice_11
PHYSICS,phys-hj3-live-dead-knot-model,活结与死结模型,活结与死结模型,high,材料辨析活结两侧同一根绳张力相等而死结两侧为两段独立绳张力不一定相等；与该节点同名,slice_12
PHYSICS,phys-hj3-meter-reading-three-notes,电表的使用与量程选择,电表的使用与量程选择,high,材料讲电表量程选择与最小分度为1与2与5三种情形的估读规则；与节点同名,slice_13
PHYSICS,phys-hj3-moving-fixed-rod-model,活杆与定杆模型,活杆与定杆模型,high,材料讲动杆用铰链可自由转动故平衡时弹力沿杆而定杆弹力方向不一定沿杆；节点别名即「动杆与定杆的弹力方向」,slice_14
PHYSICS,phys-hj3-ohmmeter-usage-rules,多用电表的使用方法与注意事项,多用电表的使用方法与注意事项,medium,材料讲欧姆表使用规则（断开原电路与换挡重新调零与读数乘倍率与手不碰表笔金属杆）属多用电表使用方法与注意事项,slice_15
PHYSICS,phys-hj3-phi-x-image-points,φ-x图像-反映了电势随位移变化的规律,φ-x图像（反映了电势随位移变化的规律）,high,材料讲φ-x图像斜率绝对值表示场强与电势降低方向及点电荷处的无穷趋势；即φ-x图像读法,slice_16
PHYSICS,phys-hj3-wavelength-in-two-waves,波长,波长,medium,材料讲横波相邻波峰与纵波相邻密部中央的间距等于一个波长；即波长的确定,slice_17
PHYSICS,phys-hj3-wiring-diagram-rules,实验实物图连线的原则与滑动变阻器接法,实验实物图连线的原则与滑动变阻器接法,high,材料讲实物图连线先串后并 接线到柱 注意量程正负及限流分压电路接法；知识库同第32讲材料「实物图连线与变阻器接法」即绑此节点,slice_18
PHYSICS,phys-isothermal-partition-formula,变质量问题的处理思想-等效,变质量问题的处理思想——等效,medium,材料讲等温分态公式p1V1加p2V2等于pV处理气体混合与分离；属变质量气体问题的处理,slice_19
PHYSICS,phys-kb-arch-bridge-model,圆周运动的经典模型和应用,圆周运动的经典模型和应用,high,材料分析汽车过拱桥最高点与凹形桥最低点的超重失重；该节点别名含「火车转弯与汽车过拱桥」,slice_20
PHYSICS,phys-kb-center-of-gravity,重心,重心,high,材料讲重心是重力的等效作用点、位置由形状与质量分布决定及悬挂法确定；该节点材料均讲重心含义与确定方法,slice_21
PHYSICS,phys-kb-compton-effect-particle,康普顿效应,康普顿效应,high,材料讲康普顿效应散射光波长变大并证明光具有动量；该节点别名即「光子动量与康普顿效应的解释」,slice_22
PHYSICS,phys-kb-eddy-current-damping-drive,电磁阻尼与电磁驱动,电磁阻尼与电磁驱动,high,材料讲涡流本质与应用及电磁阻尼与电磁驱动均遵循楞次定律；同主题材料已归该节点,slice_23
PHYSICS,phys-kb-explosion-recoil-motion,爆炸现象与动量守恒,爆炸现象与动量守恒,medium,材料讲爆炸与反冲内力远大于外力时动量守恒且机械能增加；以爆炸与动量守恒为主取该点,slice_24
PHYSICS,phys-kb-hall-effect-voltage,霍尔元件,霍尔元件,high,材料讲载流子在磁场中偏转达平衡形成霍尔电压并可测磁感应强度；即霍尔元件的原理与霍尔电压,slice_25
PHYSICS,phys-kb-liquid-crystal-property,液晶,液晶,high,材料讲液晶兼具流动性、光学各向异性并对温度压力电场等外界条件敏感,slice_26
PHYSICS,phys-kb-train-turning-model,圆周运动的经典模型和应用,圆周运动的经典模型和应用,high,材料讲火车转弯规定速度v0=sqrt(gRtanθ)与内外轨挤压判据；该节点别名含「火车转弯的向心力来源与规定速度」「火车转弯与汽车过拱桥」,slice_27
PHYSICS,phys-kb-velocity-selector,磁场中的仪器,磁场中的仪器,high,材料讲速度选择器电场力与洛伦兹力平衡时v=E/B的粒子直线通过及其偏转；该节点别名即「速度选择器的原理与特点」,slice_28
PHYSICS,phys-kb-vernier-micrometer-reading,必备实验仪器的原理及使用,必备实验仪器的原理及使用,medium,材料讲游标卡尺不估读与螺旋测微器须估读一位的读数规则；同源讲义螺旋测微器读数材料均绑必备实验仪器的原理及使用,slice_29
PHYSICS,phys-mo-l01-motion-description-b,质点,质点,high,材料讲质点的定义与能否视为质点的条件；节点已收「质点与理想化模型」「质点与看成质点的条件」,slice_30
PHYSICS,phys-mo-l01-motion-description-b-3,位移,位移,medium,材料讲位移与路程的定义及大小关系；该节点别名含「位移与路程的区别与联系」且已收录多篇同类材料,slice_01
PHYSICS,phys-mo-l06-force-composition-b-4,活结与死结模型,活结与死结模型,high,材料讲活结绳张力处处相等而死结两侧绳张力不一定相等；与节点一致,slice_02
PHYSICS,phys-mo-l06-force-composition-b-5,活杆与定杆模型,活杆与定杆模型,high,材料讲动杆弹力一定沿杆而定杆弹力不一定沿杆,slice_03
PHYSICS,phys-mo-l19-work-power-e,功,功,medium,材料为功与功率易混辨析（受力有位移不一定做功、负功含义、成对力做功、P=Fv误区）；主体属功的概念辨析,slice_04
PHYSICS,phys-mo-l24-momentum-impulse-b,动量,动量,high,材料讲动量定义p=mv、方向与速度同向及动量与动能的关系；与节点同名,slice_05
PHYSICS,phys-mo-l25-momentum-consv-b-4,反冲运动,反冲运动,high,材料讲反冲的定义、内力远大于外力且遵从动量守恒、机械能增加；与节点「反冲运动」一致,slice_06
PHYSICS,phys-ohmmeter-fault-reading,电路的故障分析,电路的故障分析,high,材料讲欧姆挡测值很大表示断路、很小或为零表示短路；即用多用电表检测电路故障,slice_07
PHYSICS,phys-p-t-mian-ji-gong,合力做功的计算方法,合力做功的计算方法,medium,材料讲P-t图线与t轴面积表示功的求功法；同页「恒定功率下牵引力做功W=Pt」同归此节点,slice_08
PHYSICS,phys-phi-x-graph-slope,φ-x图像-反映了电势随位移变化的规律,φ-x图像（反映了电势随位移变化的规律）,high,材料讲φ-x图像纵值判电势高低、切线斜率绝对值表示沿x方向的场强大小；与节点同名,slice_09
PHYSICS,phys-photoelectron-is-electron,光电效应,光电效应,high,材料辨析光电效应中飞出的光电子是电子而不是光子；属光电效应的概念,slice_10
PHYSICS,phys-pingpao-zhuang-ji-yuan-hu,平抛运动与曲面的结合分析,平抛运动与曲面的结合分析,high,材料用平抛分运动位移与圆弧几何关系联立求解小球撞击圆弧轨道或半球面；与该节点别名『与圆弧面有关的平抛运动』一致,slice_11
PHYSICS,phys-point-charge-potential-superposition,电场强度与电势的叠加,电场强度与电势的叠加,high,材料讲点电荷电势φ=kQ/r与多电荷电势的代数和叠加；该节点边界正含φ=kQ/r须带正负号与电势可直接代数相加,slice_12
PHYSICS,phys-quanfanli-f-chuizhi-zuixiao-lali,全反力与摩擦角,全反力与摩擦角,high,材料讲把支持力与摩擦力合成为全反力以简化四力平衡并求最小拉力；属全反力与摩擦角方法,slice_13
PHYSICS,phys-screen-offset-methods,带电粒子在匀强电场中偏转的两个分运动,带电粒子在匀强电场中偏转的两个分运动,high,材料给粒子经加速电场与偏转电场后打在屏上偏移量的四种求法；节点别名含「偏转位移的相似法与打屏位置计算」,slice_14
PHYSICS,phys-sheng-moxing-bu-neng-guo-zui-gao-dian,绳球模型-杆球模型两类经典模型中的临界条件-情景分析,竖直面内绳球与杆球模型的临界条件,high,材料讲绳模型v<√gr时小球在到达最高点前脱离圆轨道做斜抛或在圆心高度以下往复运动；即竖直面内绳球模型过最高点的临界情形,slice_15
PHYSICS,phys-sheng-moxing-zui-gao-dian,绳球模型-杆球模型两类经典模型中的临界条件-情景分析,竖直面内绳球与杆球模型的临界条件,high,材料讲绳（内轨道）模型最高点的受力特征与临界vmin=√(gr)；即竖直面绳球模型的临界条件,slice_16
PHYSICS,phys-tian-ti-gong-xian-zui-jin-zui-yuan,公式法解天体追及相遇问题,公式法解天体追及相遇问题,high,材料讲行星与地球同太阳共线时同侧相距最近（冲日）而异侧最远；该节点别名即「天体相距最近与最远的条件与解法」,slice_17
PHYSICS,phys-tp-energy-quantum-hnu,能量子,能量子,high,材料讲普朗克能量子假说ε等于hν与普朗克常量；该节点已收录「能量子与普朗克常量」,slice_18
PHYSICS,phys-tp-quantum-catastrophe-classical,能量子,能量子,medium,材料讲紫外灾难与普朗克能量子假说开启能量量子化；属能量子与量子论诞生,slice_19
PHYSICS,phys-velocity-selector-speed-only,磁场中的仪器,磁场中的仪器,high,材料讲速度选择器平衡条件中q被消去故只选速度不选电性电量质量；该节点边界即速度选择器且别名含其原理与特点,slice_20
PHYSICS,phys-wave-speed-by-medium,波速,波速,high,材料讲机械波波速由介质决定、跨介质时频率不变而波速波长改变；该节点已收录「波速及其决定因素」,slice_21
PHYSICS,phys-zhengjiao-jian-zhou-yuan-ze,正交分解法,正交分解法,high,材料讲建系要尽量多的力落在坐标轴上；该节点别名即「正交分解法建立坐标轴的原则」「正交分解法的步骤与建系原则」,slice_22
