subject,slug,alias
BIOLOGY,atp与adp的转化,ATP去掉1个磷酸基团后简称ADP
BIOLOGY,atp的合成和利用,ATP中四个负电荷相距很近且相互排斥
BIOLOGY,atp的合成和利用,ATP供
BIOLOGY,atp的合成和利用,ATP合成
BIOLOGY,atp的合成和利用,ATP合酶与H+梯度直接动力
BIOLOGY,atp的合成和利用,ATP水解脱下来的磷酸基团可能形成游
BIOLOGY,atp的合成和利用,ATP的利用与磷酸化
BIOLOGY,atp的合成和利用,ATP的利用细胞中绝大多数
BIOLOGY,atp的合成和利用,ATP结构中的“A”为腺苷
BIOLOGY,atp的合成和利用,ATP（一）
BIOLOGY,atp的合成和利用,ATP（二）
BIOLOGY,atp的合成和利用,H+ 经 ATP 合成酶回流驱动 ATP 合成
BIOLOGY,atp的合成和利用,光反应之一：ATP的合成
BIOLOGY,atp的合成和利用,光系统、电子传递链与ATP合成的联系
BIOLOGY,atp的合成和利用,抑制电子传递→耗氧停止、梯度消失、ATP 停止合成
BIOLOGY,atp的合成和利用,细胞内的化学反应有些是需要吸收能量
BIOLOGY,atp的合成和利用,解偶联剂使膜对 H+ 渗漏→耗氧照常但 ATP 合成受阻
BIOLOGY,atp的合成和利用,酶的合成场所主要在核糖体
BIOLOGY,atp的结构,ADP中文全称
BIOLOGY,atp的结构,ATP
BIOLOGY,atp的结构,ATP供
BIOLOGY,atp的结构,ATP的中文全称
BIOLOGY,atp的结构,ATP的化学性质不稳定
BIOLOGY,atp的结构,ATP的结构简式与组成
BIOLOGY,atp的结构,中文名称
BIOLOGY,atp的结构,结构特点
BIOLOGY,atp的结构,结构简式
BIOLOGY,atp的结构与作用,ATP的结构与元素组成
BIOLOGY,atp的结构与作用,ATP的结构与组成
BIOLOGY,atp的结构与作用,DNA结构与复制易错判定汇总
BIOLOGY,atp的结构与作用,NADPH的名称与作用
BIOLOGY,atp的结构与作用,反射弧的结构与各部分受损的影响
BIOLOGY,atp的结构与作用,叶绿体的结构与功能
BIOLOGY,atp的结构与作用,水的分子结构与其理化特性
BIOLOGY,atp的结构与作用,生态位：群落的物种在生物群落中的功能位置与作用（营养结构、活动时间等）
BIOLOGY,atp的结构与作用,病毒的结构与核酸类型
BIOLOGY,atp的结构与作用,病毒的结构与生活方式
BIOLOGY,atp的结构与作用,蓝细菌的结构与代谢特点
BIOLOGY,c4植物-cam植物等特殊代谢类型,C3、C4和CAM植物固定CO2的方式比较
BIOLOGY,c4植物-cam植物等特殊代谢类型,C3、C4和CAM植物的比较
BIOLOGY,c4植物-cam植物等特殊代谢类型,C3与C4植物叶片结构与途径比较
BIOLOGY,c4植物-cam植物等特殊代谢类型,C3途径是碳同化的基本途径
BIOLOGY,c4植物-cam植物等特殊代谢类型,C4 植物维管束鞘细胞 C3 途径：Rubisco 固定 CO2 进入卡尔文循环
BIOLOGY,c4植物-cam植物等特殊代谢类型,C4 植物高温强光下仍光合强：无明显'午休'现象
BIOLOGY,c4植物-cam植物等特殊代谢类型,C4植物与CAM植物（景天科植物）的代谢特点
BIOLOGY,c4植物-cam植物等特殊代谢类型,C4植物无光合午休的原因
BIOLOGY,c4植物-cam植物等特殊代谢类型,C4植物的CO2固定途径
BIOLOGY,c4植物-cam植物等特殊代谢类型,C4植物的结构与代谢特点
BIOLOGY,c4植物-cam植物等特殊代谢类型,CAM 植物夜间气孔开放固定 CO2 生成苹果酸储存于液泡
BIOLOGY,c4植物-cam植物等特殊代谢类型,CAM 植物昼夜气孔策略：夜间开放、白天关闭
BIOLOGY,c4植物-cam植物等特殊代谢类型,CAM 植物白天气孔关闭、苹果酸分解释放 CO2 供光合
BIOLOGY,c4植物-cam植物等特殊代谢类型,CAM植物（景天科）的昼夜代谢规律
BIOLOGY,c4植物-cam植物等特殊代谢类型,CAM植物（景天酸代谢）的特点
BIOLOGY,c4植物-cam植物等特殊代谢类型,CAM途径的适应意义
BIOLOGY,c4植物-cam植物等特殊代谢类型,由气体交换与苹果酸变化判断植物光合类型
BIOLOGY,dna-rna-蛋白质等的水解产物和氧化产物-归纳总结,DNA和RNA的初步与彻底水解产物
BIOLOGY,dna-rna-蛋白质等的水解产物和氧化产物-归纳总结,DNA复制需要RNA引物的原因
BIOLOGY,dna-rna-蛋白质等的水解产物和氧化产物-归纳总结,DNA彻底水解的产物组成
BIOLOGY,dna-rna-蛋白质等的水解产物和氧化产物-归纳总结,RNA复制过程的条件与产物
BIOLOGY,dna-rna-蛋白质等的水解产物和氧化产物-归纳总结,RNA彻底水解的产物组成
BIOLOGY,dna-rna-蛋白质等的水解产物和氧化产物-归纳总结,一种病毒只含一种核酸（DNA或RNA）
BIOLOGY,dna-rna-蛋白质等的水解产物和氧化产物-归纳总结,三种二糖的水解产物与分布
BIOLOGY,dna-rna-蛋白质等的水解产物和氧化产物-归纳总结,五种有机物的分解产物对比
BIOLOGY,dna-rna-蛋白质等的水解产物和氧化产物-归纳总结,光抑制环节三：ROS 使 PSII 的 D1 蛋白氧化失活
BIOLOGY,dna-rna-蛋白质等的水解产物和氧化产物-归纳总结,含核酸的细胞器归纳
BIOLOGY,dna-rna-蛋白质等的水解产物和氧化产物-归纳总结,在探究蛋白酶对蛋白质的水解实
BIOLOGY,dna-rna-蛋白质等的水解产物和氧化产物-归纳总结,多糖水解终产物与氧化分解终产物的区别
BIOLOGY,dna-rna-蛋白质等的水解产物和氧化产物-归纳总结,常见二糖的水解产物与分布
BIOLOGY,dna-rna-蛋白质等的水解产物和氧化产物-归纳总结,常见水解酶及其催化产物
BIOLOGY,dna-rna-蛋白质等的水解产物和氧化产物-归纳总结,核酸的分类与RNA的三类
BIOLOGY,dna-rna-蛋白质等的水解产物和氧化产物-归纳总结,淀粉与蛋白质的初步及彻底水解产物
BIOLOGY,dna-rna-蛋白质等的水解产物和氧化产物-归纳总结,熟鸡蛋更易消化的原理
BIOLOGY,dna-rna-蛋白质等的水解产物和氧化产物-归纳总结,用淀粉酶对淀粉和蔗糖的水解作
BIOLOGY,dna-rna-蛋白质等的水解产物和氧化产物-归纳总结,第三阶段：线粒体内膜进行电子传递与氧化磷酸化，产大量水与 ATP
BIOLOGY,dna-rna-蛋白质等的水解产物和氧化产物-归纳总结,胶原蛋白缝合线可被人体吸收的原理
BIOLOGY,dna-rna-蛋白质等的水解产物和氧化产物-归纳总结,蛋白质变性、盐析、水解区别
BIOLOGY,dna-rna-蛋白质等的水解产物和氧化产物-归纳总结,逆转录过程的条件与产物
BIOLOGY,dna是主要的遗传物质,DNA是主要的遗传物质（结论归纳）
BIOLOGY,dna是主要的遗传物质,RNA病毒的遗传物质特点与疫苗困难
BIOLOGY,dna是主要的遗传物质,n对等位基因（独立遗传）的遗传规律通式
BIOLOGY,dna是主要的遗传物质,主要与唯一的辨析（能源与遗传物质）
BIOLOGY,dna是主要的遗传物质,加热并没有使DNA完全失去活性
BIOLOGY,dna是主要的遗传物质,各类生物的核酸与遗传物质
BIOLOGY,dna是主要的遗传物质,因为绝大多数生物的遗传物质是DNA
BIOLOGY,dna是主要的遗传物质,在对照实验中
BIOLOGY,dna是主要的遗传物质,基因的概念：有遗传效应的 DNA 片段
BIOLOGY,dna是主要的遗传物质,增殖需要的条件、增殖需要的条件、内容
BIOLOGY,dna是主要的遗传物质,增殖需要的条件、增殖需要的条件、内容（续
BIOLOGY,dna是主要的遗传物质,常见的错误说法
BIOLOGY,dna是主要的遗传物质,有些病毒的遗传物质是RNA
BIOLOGY,dna是主要的遗传物质,核酸是遗传信息的携带者（DNA 遗传物质、RNA 辅助）
BIOLOGY,dna是主要的遗传物质,烟草花叶病毒侵染实验（RNA是遗传物质）
BIOLOGY,dna是主要的遗传物质,生物体各类能源物质的区分
BIOLOGY,dna是主要的遗传物质,生物体常见能源物质的分类
BIOLOGY,dna是主要的遗传物质,病毒的分类：按宿主与按遗传物质
BIOLOGY,dna是主要的遗传物质,糖类是主要能源物质的原因
BIOLOGY,dna是主要的遗传物质,细胞中遗传物质（DNA）的初
BIOLOGY,dna是主要的遗传物质,细胞分化及其意义·遗传物质不变性
BIOLOGY,dna是主要的遗传物质,脂肪含能多但不是主要能源物质的原因
BIOLOGY,dna是主要的遗传物质,艾弗里证明DNA是遗传物质的实验
BIOLOGY,dna是主要的遗传物质,表观遗传的概念与机制
BIOLOGY,dna是主要的遗传物质,调查人群中的遗传病
BIOLOGY,dna是主要的遗传物质,调查人群中的遗传病的方法
BIOLOGY,dna是主要的遗传物质,遗传物质探索实验易错辨析
BIOLOGY,dna是主要的遗传物质,遗传物质相关易错判定汇总
BIOLOGY,dna的双螺旋结构,DNA分子一般为“双螺旋结构”
BIOLOGY,dna的双螺旋结构,DNA分子的双螺旋结构要点
BIOLOGY,dna的双螺旋结构,DNA双螺旋结构模型的构建依据
BIOLOGY,dna的双螺旋结构,DNA双螺旋结构的特点
BIOLOGY,dna的双螺旋结构,DNA精确复制的原因
BIOLOGY,dna的双螺旋结构,威尔金斯和富兰克林的DNA衍射图谱
BIOLOGY,dna的复制,1958年
BIOLOGY,dna的复制,DNA 复制准确性唯一保障：碱基互补配对
BIOLOGY,dna的复制,DNA 复制需要引物：DNA 聚合酶不能从头合成
BIOLOGY,dna的复制,DNA分子中碱基对之间氢键可由解旋酶
BIOLOGY,dna的复制,DNA复制常见易错辨析
BIOLOGY,dna的复制,DNA复制方式的三种早期猜测
BIOLOGY,dna的复制,DNA复制相关的数量计算
BIOLOGY,dna的复制,DNA复制计算：子代DNA分子数与链数
BIOLOGY,dna的复制,DNA复制需要引物与半不连续复制（拓展）
BIOLOGY,dna的复制,DNA聚合酶
BIOLOGY,dna的复制,与DNA复制有关的碱基计算
BIOLOGY,dna的复制,原核环状 DNA 较小，往往单起点双向复制
BIOLOGY,dna的复制,复制起点：可与 DNA 聚合酶结合启动复制的特殊序列
BIOLOGY,dna的复制,子代DNA分子数、2n
BIOLOGY,dna的复制,真核生物DNA有多个复制起点
BIOLOGY,dna的复制,真核生物DNA的复制
BIOLOGY,dna的复制,细胞生物中凡存在DNA分子
BIOLOGY,dna的复制,解旋酶在DNA分子复制时使氢键打开
BIOLOGY,dna的结构及特点,DNA一般
BIOLOGY,dna的结构及特点,DNA分子的多样性是由于碱基排列顺序
BIOLOGY,dna的结构及特点,DNA是由两条单链组成
BIOLOGY,dna的结构及特点,RNA充当信使（三种RNA与结构特点）
BIOLOGY,dna的结构及特点,在双链DNA中
BIOLOGY,dna的结构及特点,根据碱基互补配对原则双链DNA中
BIOLOGY,dna的结构及特点,氨基酸的结构特点
BIOLOGY,dna的结构及特点,氨基酸的结构特点（通式）
BIOLOGY,dna的结构及特点,氨基酸的结构通式与结构特点
BIOLOGY,dna的结构及特点,碱基计算规律四：(A+T)/(G+C)双链与单链相等
BIOLOGY,dna的结构及特点,配对的碱基
BIOLOGY,dna连接酶,DNA复制与处理相关的四种酶
BIOLOGY,dna连接酶,DNA连接酶主要有两类
BIOLOGY,dna连接酶,与DNA相关的四种酶的区别
BIOLOGY,dna连接酶,冈崎片段与后随链的连接
BIOLOGY,pcr技术,PCR反应过程可以分为变性、复性和
BIOLOGY,pcr技术,PCR是聚合酶链式反应的缩写
BIOLOGY,pcr技术,两端由引物界定的目的片段从第三轮开始出现
BIOLOGY,pcr技术,巢式PCR的原理与优点
BIOLOGY,一对相对性状的杂交实验,一对相对性状杂交实验与假说内容
BIOLOGY,三率-的关系及测定,判定三率的关键词对应表
BIOLOGY,与酶有关的曲线分析,λ曲线各段含义分析
BIOLOGY,与酶有关的曲线分析,一昼夜CO2吸收（释放）曲线关键点分析
BIOLOGY,与酶有关的曲线分析,光补偿点与光饱和点及光照强度曲线分析
BIOLOGY,与酶有关的曲线分析,密闭容器一昼夜气体变化的分析
BIOLOGY,与酶有关的曲线分析,密闭容器中CO2浓度变化曲线分析
BIOLOGY,与酶有关的曲线分析,温度和pH对酶活性影响的曲线
BIOLOGY,与酶有关的曲线分析,电位曲线分段：上升支=Na+ 内流、下降支=K+ 外流、平稳段=Na+-K+ 泵
BIOLOGY,两对相对性状杂交实验过程,两对相对性状杂交实验F2为9：3：3：1的解释
BIOLOGY,两对相对性状杂交实验过程,两对相对性状杂交实验与自由组合现象
BIOLOGY,两对相对性状杂交实验过程,两对相对性状杂交实验的现象与结论
BIOLOGY,个体或配子致死问题的处理-规律方法,AB 配子致死：F2 = 5:3:3:1，测交 1:1:1
BIOLOGY,个体或配子致死问题的处理-规律方法,Ab 或 aB 配子致死：F2 = 7:1:3:1（或 7:3:1:1），测交 1:1:1:1
BIOLOGY,个体或配子致死问题的处理-规律方法,X^A X^A 纯合雌性个体致死 → 存活雌性只有杂合子
BIOLOGY,个体或配子致死问题的处理-规律方法,ab 配子致死：F2 = 4:1:1
BIOLOGY,个体或配子致死问题的处理-规律方法,合子不完全致死的算法
BIOLOGY,个体或配子致死问题的处理-规律方法,含 X^A 的雄配子 50% 致死 → 按存活配子重列棋盘
BIOLOGY,个体或配子致死问题的处理-规律方法,手枪模型：合子致死问题
BIOLOGY,个体或配子致死问题的处理-规律方法,致死基因的分类与效应
BIOLOGY,个体或配子致死问题的处理-规律方法,致死问题拆分综合策略：先拆对分析、再综合归一化
BIOLOGY,个体或配子致死问题的处理-规律方法,配子不完全致死的算法
BIOLOGY,个体或配子致死问题的处理-规律方法,金鱼模型：配子致死与不完全致死
BIOLOGY,中心法则,不同细胞中的中心法则途径
BIOLOGY,中心法则,中心法则图解
BIOLOGY,中心法则的提出及其发展,中心法则及其补充
BIOLOGY,中心法则的提出及其发展,中心法则的提出与发展
BIOLOGY,主动运输,ATP为主动运输供能
BIOLOGY,主动运输,ATP驱动的主动运输泵
BIOLOGY,主动运输,Na+-K+ 泵持续活动：泵出 Na+、泵入 K+，维持浓度差（耗 ATP）
BIOLOGY,主动运输,光驱动泵的主动运输
BIOLOGY,主动运输,光驱泵：能量来自光能的主动运输
BIOLOGY,主动运输,囊性纤维化发生的一种主要原因
BIOLOGY,主动运输,扩散是分子的运动形式
BIOLOGY,主动运输,氧气含量通过呼吸供能影响主动运输
BIOLOGY,主动运输,渗透平衡时半透膜两侧液面仍存在
BIOLOGY,主动运输,生理意义
BIOLOGY,主动运输,载体蛋白磷酸化与主动运输机制
BIOLOGY,主动运输,选择透过性膜
BIOLOGY,主动运输的类型,主动运输的意义
BIOLOGY,主动运输的类型,主动运输的方向特征：逆浓度梯度
BIOLOGY,主动运输的类型,主动运输的条件
BIOLOGY,主动运输的类型,主动运输的特点与意义
BIOLOGY,主动运输的类型,主动运输的能量来源拓展
BIOLOGY,主动运输的类型,疫苗的作用机理与类型
BIOLOGY,人类遗传病,人类红绿色盲是伴X染色体隐性遗传病
BIOLOGY,人类遗传病,人类遗传病的三大类型
BIOLOGY,人类遗传病,人类遗传病的类型与实例
BIOLOGY,人类遗传病,人类遗传病通常是指由遗传物质改变而引
BIOLOGY,人类遗传病,伴性遗传
BIOLOGY,人类遗传病,伴性遗传与人类遗传病易错判定汇总
BIOLOGY,人类遗传病,先天性疾病不一定是遗传病
BIOLOGY,人类遗传病,单基因遗传病是指受一对等位基因控制
BIOLOGY,人类遗传病,抗维生素D佝偻病是伴X染色体显性遗传
BIOLOGY,人类遗传病,携带遗传病基因的个体不一定会患遗传病
BIOLOGY,人类遗传病,杂交育种与遗传病概率推断
BIOLOGY,人类遗传病,染色体异常遗传病是指由染色体变异引起
BIOLOGY,人类遗传病,通过遗传咨询和产前诊断等手段对
BIOLOGY,人类遗传病,遗传病携带者的概念
BIOLOGY,人类遗传病,遗传病的检测和预防
BIOLOGY,人类遗传病,遗传病的检测和预防手段
BIOLOGY,人类遗传病,隐性遗传病往往需在基因纯合时发病
BIOLOGY,人脑的高级功能,人的大脑除了感知外部世界以及控制机体
BIOLOGY,人脑的高级功能,因在某种生理或病理现象下参与的神经中
BIOLOGY,人脑的高级功能,学习、记忆与情绪（人脑高级功能）
BIOLOGY,人脑的高级功能,情绪也是大脑的高级功能之一
BIOLOGY,人脑的高级功能,生理或病理现象、神经中枢参与（损伤）
BIOLOGY,人脑的高级功能,生理或病理现象、神经中枢参与（损伤）（续
BIOLOGY,人脑的高级功能,脑的组成与各部分功能
BIOLOGY,人脑的高级功能,视觉中枢≠视觉语言中枢
BIOLOGY,传统发酵技术,乳酸菌是厌氧细菌
BIOLOGY,传统发酵技术,传统发酵以混合菌种的固体发酵及半固体
BIOLOGY,传统发酵技术,传统发酵技术和发酵工程都
BIOLOGY,传统发酵技术,传统发酵的条件控制归纳
BIOLOGY,传统发酵技术,微生物的发酵反应式强调
BIOLOGY,传统发酵技术,果酒与果醋发酵流程
BIOLOGY,传统发酵技术,果酒自然发酵时
BIOLOGY,传统发酵技术,泡菜在腌制过程中会有亚硝酸盐产生
BIOLOGY,传统发酵技术,用于制作泡菜的蔬菜应新鲜
BIOLOGY,传统发酵技术,直接利用原材料中天然存在的微生物
BIOLOGY,传统发酵技术,腐乳一直受到人们的喜爱
BIOLOGY,传统发酵技术,选择新鲜的葡萄
BIOLOGY,传统发酵技术,酵母菌是兼性厌氧微生物
BIOLOGY,传统发酵技术,醋酸菌是好氧细菌
BIOLOGY,伴性遗传,以红绿色盲为例
BIOLOGY,伴性遗传,伴X隐性遗传中男女患病率差异的原因
BIOLOGY,伴性遗传,伴性遗传包括伴X显性遗传
BIOLOGY,体液免疫,体液免疫与细胞免疫的配合
BIOLOGY,体液免疫,体液免疫中的“三个唯一”
BIOLOGY,体液免疫,体液免疫产生的抗体主要分布在血清
BIOLOGY,体液免疫,体液免疫的过程
BIOLOGY,体液免疫,正确：辅助性T细胞在体液免疫和细胞免疫中都关键
BIOLOGY,体液免疫,病毒免疫：先细胞免疫再体液免疫
BIOLOGY,体液调节和神经调节的区别与联系,CO2对呼吸运动的调节
BIOLOGY,体液调节和神经调节的区别与联系,一些低等动物只有体液调节
BIOLOGY,体液调节和神经调节的区别与联系,人体通过调节产热与散热
BIOLOGY,体液调节和神经调节的区别与联系,体液调节与神经调节的区别与联系
BIOLOGY,体液调节和神经调节的区别与联系,体液调节途径
BIOLOGY,体液调节和神经调节的区别与联系,体温调节中枢位于“下丘脑”
BIOLOGY,体液调节和神经调节的区别与联系,内分泌腺与外分泌腺的区别
BIOLOGY,体液调节和神经调节的区别与联系,分级调节
BIOLOGY,体液调节和神经调节的区别与联系,原生质体与原生质层的区别
BIOLOGY,体液调节和神经调节的区别与联系,原生质层与原生质体的区别
BIOLOGY,体液调节和神经调节的区别与联系,在人和高等动物体内
BIOLOGY,体液调节和神经调节的区别与联系,实验结果与实验结论的区别
BIOLOGY,体液调节和神经调节的区别与联系,寄生与捕食、腐生的区别
BIOLOGY,体液调节和神经调节的区别与联系,抗原与过敏原的区别
BIOLOGY,体液调节和神经调节的区别与联系,易位与互换的区别
BIOLOGY,体液调节和神经调节的区别与联系,有氧呼吸与无氧呼吸的区别与联系
BIOLOGY,体液调节和神经调节的区别与联系,水盐平衡的调节
BIOLOGY,体液调节和神经调节的区别与联系,生命活动调节的三种基础模型
BIOLOGY,体液调节和神经调节的区别与联系,用“文字、→”方式写出生命活动调节途
BIOLOGY,体液调节和神经调节的区别与联系,甲状腺激素分泌的调节
BIOLOGY,体液调节和神经调节的区别与联系,神经调节、体液调节和免疫调节
BIOLOGY,体液调节和神经调节的区别与联系,神经调节的特点：反应迅速、准确、局限，主要靠反射弧
BIOLOGY,体液调节和神经调节的区别与联系,稳态调节与生态类选择题的避错要点
BIOLOGY,体液调节和神经调节的区别与联系,突触小体与突触的区别
BIOLOGY,体液调节和神经调节的区别与联系,项目、动物激素、酶、神经递质
BIOLOGY,体液调节和神经调节的区别与联系,项目、动物激素、酶、神经递质（续）
BIOLOGY,体温调节,下丘脑含体温调节中枢与渗透压感受器两个中心
BIOLOGY,体温调节,下丘脑是体温调节中枢（调节汗腺分泌与皮肤血管舒缩）
BIOLOGY,体温调节,代谢产热是机体热量的主要来源
BIOLOGY,体温调节,体温调节的过程与特点
BIOLOGY,体温调节,发烧”本身不是疾病
BIOLOGY,体温调节,只要体温稳定
BIOLOGY,体温调节,当局部体温高于正常体温时
BIOLOGY,信息传递,RNA病毒遗传信息传递途径归纳
BIOLOGY,信息传递,信息传递在农业生产中的应用有两个方面
BIOLOGY,信息传递,信息传递在生态系统中的作用
BIOLOGY,信息传递,信息分子的种类与共性
BIOLOGY,信息传递,生命活动的正常进行
BIOLOGY,信息传递,细胞间信息交流：化学物质传递
BIOLOGY,信息传递,自然界中的光、声、温度、湿度、磁场等
BIOLOGY,信息传递,项目、能量流动、物质循环、信息传递
BIOLOGY,元素和化合物的相互推断-归纳总结,ATP是一种高能磷酸化合
BIOLOGY,元素和化合物的相互推断-归纳总结,P、S、Mg、Fe等特征元素与化合物对应
BIOLOGY,元素和化合物的相互推断-归纳总结,不同化合物中A的含义辨析
BIOLOGY,元素和化合物的相互推断-归纳总结,人体细胞鲜重时，含量较多的四
BIOLOGY,元素和化合物的相互推断-归纳总结,双缩脲试剂成分含量
BIOLOGY,元素和化合物的相互推断-归纳总结,大量元素
BIOLOGY,元素和化合物的相互推断-归纳总结,微量元素在细胞中含量虽然很少
BIOLOGY,元素和化合物的相互推断-归纳总结,斐林试剂成分含量
BIOLOGY,元素和化合物的相互推断-归纳总结,某些重要化合物的组成部分
BIOLOGY,元素和化合物的相互推断-归纳总结,氮元素与含氮化合物的对应关系
BIOLOGY,元素和化合物的相互推断-归纳总结,生物界与非生物界在元素种类上具
BIOLOGY,元素和化合物的相互推断-归纳总结,细胞中主要化合物的元素组成
BIOLOGY,元素和化合物的相互推断-归纳总结,脂肪＋苏丹Ⅲ染液 →染成橘黄
BIOLOGY,元素和化合物的相互推断-归纳总结,还原糖＋斐林试剂 →砖红色沉
BIOLOGY,元素和化合物的相互推断-归纳总结,鉴定脂肪时，苏丹Ⅲ或苏丹IV
BIOLOGY,元素和化合物的相互推断-归纳总结,鲜重与干重中元素、化合物含量之最
BIOLOGY,元素和化合物的相互推断-归纳总结,鲜重与干重中含量之“最”
BIOLOGY,光反应,光反应与暗反应的关系上图说明
BIOLOGY,光反应,光反应为暗反应提供ATP和NADPH
BIOLOGY,光反应,光反应为暗反应提供NADPH和ATP
BIOLOGY,光反应,光反应之一：水的光解
BIOLOGY,光反应,光反应的场所与三个反应
BIOLOGY,光合作用,一般情况下，光合作用所利用的光都
BIOLOGY,光合作用,光合作用强度简单地说就
BIOLOGY,光合作用,光合作用意义
BIOLOGY,光合作用,化能合成作用和光合作用的主要区别
BIOLOGY,光合作用,探究光照强度对光合作用强度影
BIOLOGY,光合作用与细胞呼吸过程-物质和能量的关系,ATP-ADP循环是细胞能量的闭环系统
BIOLOGY,光合作用与细胞呼吸过程-物质和能量的关系,HBV感染中巨噬细胞与T细胞作用的分析
BIOLOGY,光合作用与细胞呼吸过程-物质和能量的关系,NADPH的名称为还原型辅酶Ⅱ
BIOLOGY,光合作用与细胞呼吸过程-物质和能量的关系,一昼夜曲线：光照为 0 时光合停止，曲线只反映呼吸
BIOLOGY,光合作用与细胞呼吸过程-物质和能量的关系,下丘脑是血糖调节中枢，通过神经作用于胰岛 A/B 细胞
BIOLOGY,光合作用与细胞呼吸过程-物质和能量的关系,不同生物产生ATP的生理过程
BIOLOGY,光合作用与细胞呼吸过程-物质和能量的关系,与能量转换
BIOLOGY,光合作用与细胞呼吸过程-物质和能量的关系,从光合作用过程来看
BIOLOGY,光合作用与细胞呼吸过程-物质和能量的关系,以上各物质变化中
BIOLOGY,光合作用与细胞呼吸过程-物质和能量的关系,先天性疾病、家族性疾病与遗传病的关系
BIOLOGY,光合作用与细胞呼吸过程-物质和能量的关系,光反应的过程（场所、物质与能量变化）
BIOLOGY,光合作用与细胞呼吸过程-物质和能量的关系,光合作用与细胞呼吸的比较
BIOLOGY,光合作用与细胞呼吸过程-物质和能量的关系,光合作用与细胞呼吸的物质和能量联系
BIOLOGY,光合作用与细胞呼吸过程-物质和能量的关系,光合作用与细胞呼吸的相互依存
BIOLOGY,光合作用与细胞呼吸过程-物质和能量的关系,光合作用中元素的转移途径
BIOLOGY,光合作用与细胞呼吸过程-物质和能量的关系,光合作用元素的转移途径
BIOLOGY,光合作用与细胞呼吸过程-物质和能量的关系,光合作用基本过程图
BIOLOGY,光合作用与细胞呼吸过程-物质和能量的关系,光合作用过程中元素的转移途径
BIOLOGY,光合作用与细胞呼吸过程-物质和能量的关系,光呼吸：C5 与 O2 经 Rubisco 反应生成 C2 的代谢过程
BIOLOGY,光合作用与细胞呼吸过程-物质和能量的关系,内环境成分与人体健康的关系
BIOLOGY,光合作用与细胞呼吸过程-物质和能量的关系,分化程度与分裂能力的关系
BIOLOGY,光合作用与细胞呼吸过程-物质和能量的关系,动作电位形成与Na+内流的关系分析
BIOLOGY,光合作用与细胞呼吸过程-物质和能量的关系,化能合成作用与光合作用的对比
BIOLOGY,光合作用与细胞呼吸过程-物质和能量的关系,化能合成作用与光合作用的比较
BIOLOGY,光合作用与细胞呼吸过程-物质和能量的关系,协同转运的能量来源与方向关系
BIOLOGY,光合作用与细胞呼吸过程-物质和能量的关系,卵裂期胚胎发育过程中物质和体积变化
BIOLOGY,光合作用与细胞呼吸过程-物质和能量的关系,叶绿体是进行光合作用的场所
BIOLOGY,光合作用与细胞呼吸过程-物质和能量的关系,叶面积系数与群体干物质积累
BIOLOGY,光合作用与细胞呼吸过程-物质和能量的关系,同一种物质进出不同细胞
BIOLOGY,光合作用与细胞呼吸过程-物质和能量的关系,呼吸作用的实质是细胞内
BIOLOGY,光合作用与细胞呼吸过程-物质和能量的关系,在有氧呼吸过程中
BIOLOGY,光合作用与细胞呼吸过程-物质和能量的关系,完全抑制光呼吸未必有利：光呼吸可耗散过剩光能
BIOLOGY,光合作用与细胞呼吸过程-物质和能量的关系,当细胞液浓度小于外界溶液浓度时
BIOLOGY,光合作用与细胞呼吸过程-物质和能量的关系,总光合速率可用O2的产生量或CO2
BIOLOGY,光合作用与细胞呼吸过程-物质和能量的关系,整株CO2吸收为0时叶肉细胞光合大于其呼吸
BIOLOGY,光合作用与细胞呼吸过程-物质和能量的关系,无氧呼吸在第一阶段释放出少量能量
BIOLOGY,光合作用与细胞呼吸过程-物质和能量的关系,无氧呼吸的全过程都是在细胞质基质中
BIOLOGY,光合作用与细胞呼吸过程-物质和能量的关系,有氧呼吸最常利用的物质是葡萄糖
BIOLOGY,光合作用与细胞呼吸过程-物质和能量的关系,染色质与染色体的关系
BIOLOGY,光合作用与细胞呼吸过程-物质和能量的关系,植物细胞O2并非只来自光合作用
BIOLOGY,光合作用与细胞呼吸过程-物质和能量的关系,水的理化特性与分子结构的关系
BIOLOGY,光合作用与细胞呼吸过程-物质和能量的关系,液面差与浓度差的关系
BIOLOGY,光合作用与细胞呼吸过程-物质和能量的关系,渗透作用必须通过半透膜
BIOLOGY,光合作用与细胞呼吸过程-物质和能量的关系,激素间的协同作用与拮抗作用
BIOLOGY,光合作用与细胞呼吸过程-物质和能量的关系,燃烧与细胞呼吸释放能量方式的比较
BIOLOGY,光合作用与细胞呼吸过程-物质和能量的关系,生态系统的组成成分四：非生物物质和能量（无机环境）
BIOLOGY,光合作用与细胞呼吸过程-物质和能量的关系,碳循环的过程与存在形式
BIOLOGY,光合作用与细胞呼吸过程-物质和能量的关系,种间关系的六种类型
BIOLOGY,光合作用与细胞呼吸过程-物质和能量的关系,突然停止CO2
BIOLOGY,光合作用与细胞呼吸过程-物质和能量的关系,细胞分化的意义及与细胞分裂的关系
BIOLOGY,光合作用与细胞呼吸过程-物质和能量的关系,细胞呼吸与光合作用维持生物圈碳氧平衡
BIOLOGY,光合作用与细胞呼吸过程-物质和能量的关系,细胞呼吸反应式中物质量的比例关系
BIOLOGY,光合作用与细胞呼吸过程-物质和能量的关系,细胞呼吸反应式中的比例关系
BIOLOGY,光合作用与细胞呼吸过程-物质和能量的关系,细胞呼吸是生物体代谢的枢纽
BIOLOGY,光合作用与细胞呼吸过程-物质和能量的关系,细胞呼吸有关反应式书写常见错误有不写
BIOLOGY,光合作用与细胞呼吸过程-物质和能量的关系,细胞器与代谢“一定与不一定”判定
BIOLOGY,光合作用与细胞呼吸过程-物质和能量的关系,细胞器与代谢的“一定”与“不一定”
BIOLOGY,光合作用与细胞呼吸过程-物质和能量的关系,细胞增殖的概念、过程与意义
BIOLOGY,光合作用与细胞呼吸过程-物质和能量的关系,细胞壁是全透性的，对水、溶质均无选择透过作用
BIOLOGY,光合作用与细胞呼吸过程-物质和能量的关系,细胞大小与表面积体积比的关系
BIOLOGY,光合作用与细胞呼吸过程-物质和能量的关系,细胞衰老与个体衰老的关系
BIOLOGY,光合作用与细胞呼吸过程-物质和能量的关系,膳食纤维的作用与第七类营养素
BIOLOGY,光合作用与细胞呼吸过程-物质和能量的关系,自由水与结合水比值与代谢、抗逆性的关系
BIOLOGY,光合作用与细胞呼吸过程-物质和能量的关系,蓝细菌（蓝藻）：原核生物，含藻蓝素和叶绿素，能进行光合作用
BIOLOGY,光合作用与细胞呼吸过程-物质和能量的关系,血浆、组织液和淋巴液的关系
BIOLOGY,光合作用与细胞呼吸过程-物质和能量的关系,补偿点移动二定律：呼吸↑或光合↓均使补偿点右移
BIOLOGY,光合作用与细胞呼吸过程-物质和能量的关系,观测的O2释放量不等于实际总O2量
BIOLOGY,光合作用与细胞呼吸过程-物质和能量的关系,酶是活细胞产生的具有催化作用的有机物
BIOLOGY,光合作用与细胞呼吸过程-物质和能量的关系,酶的作用是通过降低化学反应活化能加快
BIOLOGY,光合作用与细胞呼吸过程-物质和能量的关系,除作为自变量的因素外
BIOLOGY,光合作用的原理,1941年鲁宾和卡门用同位素
BIOLOGY,光合作用的原理,CO2供
BIOLOGY,光合作用的原理,五种育种方法的原理与优缺点比较
BIOLOGY,光合作用的原理,光合作用中的元素去向分析
BIOLOGY,光合作用的原理,光合作用产生的糖类
BIOLOGY,光合作用的原理,光合作用的原理·反应场所
BIOLOGY,光合作用的原理,光合作用的原理·物质变化
BIOLOGY,光合作用的原理,光合作用的原理·能量变化
BIOLOGY,光合作用的原理,光合作用的原理·需要条件
BIOLOGY,光合作用的原理,光合作用的原理和应用
BIOLOGY,光合作用的原理,光合作用的原理（一）
BIOLOGY,光合作用的原理,光合作用的原理（二）
BIOLOGY,光合作用的原理,光合作用的反
BIOLOGY,光合作用的原理,在总光照时间相同的条件下，光
BIOLOGY,光合作用的原理,实验中叶片上浮的原因
BIOLOGY,光合作用的原理,杂交育种的原理与优缺点
BIOLOGY,光合作用的原理,沸水烫新摘甜玉米可保持甜味的原理
BIOLOGY,光合作用的原理,渗透作用的原理（一）
BIOLOGY,光合作用的原理,渗透作用的原理（二）
BIOLOGY,光合作用的原理,蓝白斑筛选的原理
BIOLOGY,光合作用的原理,诱变育种的原理与特点
BIOLOGY,光合作用的原理,还原型辅酶Ⅱ的英文缩写NAD
BIOLOGY,光合作用的影响因素,(3)限制因素AD段主要限制因素
BIOLOGY,光合作用的影响因素,CO2浓度和温度对光合作用的影响及应用
BIOLOGY,光合作用的影响因素,光合作用的产物与输出
BIOLOGY,光合作用的影响因素,光合作用的概念与总反应
BIOLOGY,光合作用的影响因素,光合作用的概念与总反应式
BIOLOGY,光合作用的影响因素,土壤小动物对分解作用的辅助功能
BIOLOGY,光合作用的影响因素,影响光合作用的内部因素
BIOLOGY,光合作用的影响因素,影响光合作用的因·AB段
BIOLOGY,光合作用的影响因素,影响光合作用的因·A点
BIOLOGY,光合作用的影响因素,影响光合作用的因·BD段
BIOLOGY,光合作用的影响因素,影响光合作用的因·B点
BIOLOGY,光合作用的影响因素,影响光合作用的因·C点
BIOLOGY,光合作用的影响因素,影响光合作用的因·DE段
BIOLOGY,光合作用的影响因素,温度和CO2浓度对光合作用的影响
BIOLOGY,光合作用的影响因素,缺N、Mg、P都会影响光合作用的原因
BIOLOGY,光合作用的影响因素,逆境胁迫影响光合作用的途径归纳
BIOLOGY,光学显微镜和电子显微镜,基因突变在光学显微镜下不可见
BIOLOGY,光学显微镜和电子显微镜,显微结构与亚显微结构
BIOLOGY,免疫失调,HIV侵入体内后
BIOLOGY,免疫失调,在某些特殊的情况下
BIOLOGY,免疫失调,在过敏反应发生过程中
BIOLOGY,免疫失调,如果自身免疫反应对组织和
BIOLOGY,免疫失调,已免疫的机体
BIOLOGY,免疫失调,过敏反应发生机理
BIOLOGY,免疫学的应用,二次接种可提高机体对相应病原体
BIOLOGY,免疫学的应用,免疫学在临床实践上的应用
BIOLOGY,免疫学的应用,免疫学应用的三方面
BIOLOGY,免疫学的应用,免疫抑制剂的应用
BIOLOGY,免疫学的应用,在进行器官移植时
BIOLOGY,免疫学的应用,每个人的细胞表面都带有一组与
BIOLOGY,免疫学的应用,随着免疫学、生物化学
BIOLOGY,免疫系统的组成和功能,CRISPR/Cas9基因编辑系统的组分与功能
BIOLOGY,免疫系统的组成和功能,三种二糖的组成与分布
BIOLOGY,免疫系统的组成和功能,免疫系统主要包括免疫器官、免疫细胞
BIOLOGY,免疫系统的组成和功能,免疫系统的三大基本功能
BIOLOGY,免疫系统的组成和功能,免疫系统的三大基本功能是免疫防御
BIOLOGY,免疫系统的组成和功能,免疫系统的组成
BIOLOGY,免疫系统的组成和功能,免疫细胞并非只指淋巴细胞
BIOLOGY,免疫系统的组成和功能,切除胸腺——辅助性T细胞
BIOLOGY,免疫系统的组成和功能,唾液、泪液、胃液具有一定的杀菌作用
BIOLOGY,免疫系统的组成和功能,易错：过敏反应是免疫功能过强引起的
BIOLOGY,免疫系统的组成和功能,生态系统的组成成分一：生产者（自养型生物）
BIOLOGY,免疫系统的组成和功能,生态系统的组成成分三：分解者（腐生细菌真菌）
BIOLOGY,免疫系统的组成和功能,生态系统的组成成分二：消费者（异养动物）
BIOLOGY,免疫系统的组成和功能,皮肤、黏膜是保卫人体的第一道防线
BIOLOGY,免疫系统的组成和功能,骨髓与胸腺在免疫中的地位
BIOLOGY,兴奋在神经纤维上的传导,兴奋在神经元之间的传递是单向
BIOLOGY,兴奋在神经纤维上的传导,兴奋在神经元之间的传递过程与特点
BIOLOGY,兴奋在神经纤维上的传导,兴奋在神经纤维上传导与神经元间传递的比较
BIOLOGY,兴奋在神经纤维上的传导,兴奋在神经纤维上的传导特点
BIOLOGY,兴奋在神经纤维上的传导,兴奋在神经纤维上的传导：电位差→局部电流→双向传导
BIOLOGY,兴奋在神经纤维上的传导,兴奋在突触间单向传递：递质只由突触前膜释放
BIOLOGY,兴奋在神经纤维上的传导,神经传导的离子基础：静息时外正内负、动作电位时外负内正
BIOLOGY,兴奋在神经纤维上的传导,神经冲动在神经纤维上产生和传导
BIOLOGY,兴奋的产生和传导,NADPH与NADH的产生细胞判定
BIOLOGY,兴奋的产生和传导,兴奋在突触小体中传递时信号的转换
BIOLOGY,兴奋的产生和传导,在分析判断兴奋传导方向与
BIOLOGY,兴奋的产生和传导,在神经系统中
BIOLOGY,兴奋的产生和传导,形成静息电位时
BIOLOGY,兴奋的产生和传导,某些化学物质能够对神经系统产生影响
BIOLOGY,兴奋的产生和传导,组成不同
BIOLOGY,兴奋的产生和传导,血液中的K＋浓度急剧降低到一定程度会
BIOLOGY,兴奋的产生和传导,静息电位与动作电位的产生机理
BIOLOGY,其他性别决定方式简介-深度拓展,XY 型性别决定：雌性 XX、雄性 XY（雄性决定子代性别）
BIOLOGY,其他性别决定方式简介-深度拓展,喷瓜性别由复等位基因决定
BIOLOGY,其他性别决定方式简介-深度拓展,玉米植株性别由两对基因决定
BIOLOGY,其他植物激素,乙烯：来源与促进果实成熟的作用部位
BIOLOGY,其他植物激素,其他植物激素的合成部位与作用
BIOLOGY,其他植物激素,动物激素功能的研究方法
BIOLOGY,其他植物激素,植物激素的概念
BIOLOGY,其他植物激素,植物激素间的相互作用
BIOLOGY,其他植物激素,类别、分泌部位、化学本质、作用部位、运输
BIOLOGY,其他植物激素,赤霉素：来源、促进茎伸长与解除种子休眠
BIOLOGY,内分泌系统,主要内分泌腺分泌的激素及化学本质
BIOLOGY,内分泌系统,促胰液素是由小肠黏膜分泌
BIOLOGY,内分泌系统,内分泌腺、内分泌腺、激素、化学本质、主要
BIOLOGY,内分泌系统,摘除法：摘除内分泌腺→症状出现→回输恢复，证明腺体功能
BIOLOGY,内分泌系统,胰液分泌的多种调节途径图解
BIOLOGY,内分泌系统,胰腺是一种特殊的腺体
BIOLOGY,内环境,内环境相关易错辨析
BIOLOGY,内环境,易错：淀粉消化发生在消化道而非内环境
BIOLOGY,内环境的稳态,不属于内环境的液体辨析
BIOLOGY,内环境的稳态,内环境与稳态易错判定汇总
BIOLOGY,内环境的稳态,内环境的作用
BIOLOGY,内环境的稳态,内环境的概念与三大组成及其关系
BIOLOGY,内环境的稳态,内环境的理化性质（温度、渗透压、酸碱度）
BIOLOGY,内环境的稳态,内环境的组成成分
BIOLOGY,内环境的稳态,内环境稳态失调的实例
BIOLOGY,内环境的稳态,内环境稳态的实质
BIOLOGY,内环境的稳态,内环境稳态的意义
BIOLOGY,内环境的稳态,内环境稳态的概念、调节机制与意义
BIOLOGY,内环境的稳态,内环境稳态的概念与实质
BIOLOGY,内环境的稳态,内环境稳态的调节机制与能力限度
BIOLOGY,内环境的稳态,内环境稳态：细胞外液理化性质保持相对稳定
BIOLOGY,内环境的稳态,内环境达到稳态时
BIOLOGY,内环境的稳态,易错：内环境稳态是动态平衡而非恒定不变
BIOLOGY,内环境的稳态,随着生理学及其他学科的发展
BIOLOGY,减数分裂,XXY个体的成因分析
BIOLOGY,减数分裂,减数分裂Ⅰ前期：联会形成四分体
BIOLOGY,减数分裂,减数分裂和受精作用的意义
BIOLOGY,减数分裂,减数分裂异常与可遗传变异的关系总结
BIOLOGY,减数分裂,基因重组发生于减数第一次分裂：交叉互换（前期）与自由组合（后期）
BIOLOGY,减数分裂,雄蜂的假减数分裂
BIOLOGY,减数分裂细胞中染色体-dna数量变化规律,1.染色体变异导致异常配子种类变化
BIOLOGY,减数分裂细胞中染色体-dna数量变化规律,DNA碱基计算的四个规律
BIOLOGY,减数分裂细胞中染色体-dna数量变化规律,X、Y染色体的传递规律
BIOLOGY,减数分裂细胞中染色体-dna数量变化规律,三倍体因为原始生殖细胞中
BIOLOGY,减数分裂细胞中染色体-dna数量变化规律,两次有丝分裂后标记染色体的规律（15N标记）
BIOLOGY,减数分裂细胞中染色体-dna数量变化规律,产生精原细胞（或卵原细胞）
BIOLOGY,减数分裂细胞中染色体-dna数量变化规律,先有丝分裂后减数分裂的标记规律（0至n个）
BIOLOGY,减数分裂细胞中染色体-dna数量变化规律,减数分裂
BIOLOGY,减数分裂细胞中染色体-dna数量变化规律,减数分裂Ⅰ中期：同源染色体排列在赤道板两侧
BIOLOGY,减数分裂细胞中染色体-dna数量变化规律,减数分裂Ⅰ后期：同源染色体分离
BIOLOGY,减数分裂细胞中染色体-dna数量变化规律,减数分裂Ⅰ异常的配子判定规律
BIOLOGY,减数分裂细胞中染色体-dna数量变化规律,减数分裂Ⅱ异常的配子判定规律
BIOLOGY,减数分裂细胞中染色体-dna数量变化规律,减数分裂与受精易错判定汇总
BIOLOGY,减数分裂细胞中染色体-dna数量变化规律,减数分裂与基因突变的关系
BIOLOGY,减数分裂细胞中染色体-dna数量变化规律,减数分裂与基因突变的联系
BIOLOGY,减数分裂细胞中染色体-dna数量变化规律,减数分裂与有丝分裂的共同点
BIOLOGY,减数分裂细胞中染色体-dna数量变化规律,减数分裂与有丝分裂的比较
BIOLOGY,减数分裂细胞中染色体-dna数量变化规律,减数分裂中染色体与DNA数量变化规律
BIOLOGY,减数分裂细胞中染色体-dna数量变化规律,减数分裂产生配子种类的推断
BIOLOGY,减数分裂细胞中染色体-dna数量变化规律,减数分裂后子细胞全部带标记的规律
BIOLOGY,减数分裂细胞中染色体-dna数量变化规律,减数分裂和受精作用的意义
BIOLOGY,减数分裂细胞中染色体-dna数量变化规律,减数分裂常见易错辨析
BIOLOGY,减数分裂细胞中染色体-dna数量变化规律,减数分裂异常与配子异常规律
BIOLOGY,减数分裂细胞中染色体-dna数量变化规律,减数分裂的概念与结果
BIOLOGY,减数分裂细胞中染色体-dna数量变化规律,分离定律：等位基因在减数分裂时随同源染色体分开分离
BIOLOGY,减数分裂细胞中染色体-dna数量变化规律,初级精母细胞与精细胞中的性染色体组成
BIOLOGY,减数分裂细胞中染色体-dna数量变化规律,动物的精巢、卵巢以及植物的花药
BIOLOGY,减数分裂细胞中染色体-dna数量变化规律,"动物细胞有丝分裂·染色体形
态变化"
BIOLOGY,减数分裂细胞中染色体-dna数量变化规律,双链DNA中碱基数量关系的计算规律
BIOLOGY,减数分裂细胞中染色体-dna数量变化规律,受精作用的实质是精子的细胞核与
BIOLOGY,减数分裂细胞中染色体-dna数量变化规律,受精卵细胞核中的遗传物质从双亲各获得
BIOLOGY,减数分裂细胞中染色体-dna数量变化规律,台盼蓝染色鉴别细胞死活
BIOLOGY,减数分裂细胞中染色体-dna数量变化规律,同源染色体分离与非同源染色体自由组合
BIOLOGY,减数分裂细胞中染色体-dna数量变化规律,同源染色体是指配对的两条染色体
BIOLOGY,减数分裂细胞中染色体-dna数量变化规律,同源染色体的形态、大小不一定相同
BIOLOGY,减数分裂细胞中染色体-dna数量变化规律,同源染色体配对——联会
BIOLOGY,减数分裂细胞中染色体-dna数量变化规律,在减数分裂过程中染色体数目减半时期
BIOLOGY,减数分裂细胞中染色体-dna数量变化规律,在成人心肌细胞中数量显著多于
BIOLOGY,减数分裂细胞中染色体-dna数量变化规律,基因与DNA、染色体的关系
BIOLOGY,减数分裂细胞中染色体-dna数量变化规律,基因与染色体的位置数量关系
BIOLOGY,减数分裂细胞中染色体-dna数量变化规律,基因与染色体的数量和位置关系
BIOLOGY,减数分裂细胞中染色体-dna数量变化规律,多数哺乳动物的第一极体不进行减数分裂
BIOLOGY,减数分裂细胞中染色体-dna数量变化规律,姐妹染色单体：复制后由着丝点连接的两条染色单体
BIOLOGY,减数分裂细胞中染色体-dna数量变化规律,对有性生殖后代多样性的原因应从配子
BIOLOGY,减数分裂细胞中染色体-dna数量变化规律,性别鉴定：细胞质分裂与染色体判断
BIOLOGY,减数分裂细胞中染色体-dna数量变化规律,捕食与被捕食数量关系：捕食者数量变化滞后于被捕食者（多捕食者压力大）
BIOLOGY,减数分裂细胞中染色体-dna数量变化规律,易错：无子葡萄的果肉细胞含2个染色体组
BIOLOGY,减数分裂细胞中染色体-dna数量变化规律,易错：雄蜂精子中染色体数目与体细胞相同
BIOLOGY,减数分裂细胞中染色体-dna数量变化规律,有丝分裂与减数分裂在特征上
BIOLOGY,减数分裂细胞中染色体-dna数量变化规律,有丝分裂中各成分加倍的时期与原因
BIOLOGY,减数分裂细胞中染色体-dna数量变化规律,有丝分裂中染色体、染色单体、DNA数量变化规律
BIOLOGY,减数分裂细胞中染色体-dna数量变化规律,有丝分裂各期DNA染色体染色单体数目变化
BIOLOGY,减数分裂细胞中染色体-dna数量变化规律,有丝分裂常见易错辨析
BIOLOGY,减数分裂细胞中染色体-dna数量变化规律,染色体、染色单体与核DNA的比例规律
BIOLOGY,减数分裂细胞中染色体-dna数量变化规律,染色体数与核DNA数比值曲线解读
BIOLOGY,减数分裂细胞中染色体-dna数量变化规律,真核染色体 DNA 长且链状，多起点+双向复制提高效率
BIOLOGY,减数分裂细胞中染色体-dna数量变化规律,着丝粒自动分裂与纺锤丝无关
BIOLOGY,减数分裂细胞中染色体-dna数量变化规律,碱基计算规律三：非互补碱基之和互补链互为倒数
BIOLOGY,减数分裂细胞中染色体-dna数量变化规律,秋水仙素抑制纺锤体形成使染色体数目加倍，只作用于分裂细胞
BIOLOGY,减数分裂细胞中染色体-dna数量变化规律,突然停止CO2后各物质含量变化
BIOLOGY,减数分裂细胞中染色体-dna数量变化规律,突然停止光照后各物质含量变化
BIOLOGY,减数分裂细胞中染色体-dna数量变化规律,荧光标记基因在减数分裂Ⅱ细胞中的计数
BIOLOGY,减数分裂细胞中染色体-dna数量变化规律,衰老细胞的细胞核变化特征
BIOLOGY,减数分裂细胞中染色体-dna数量变化规律,配子中染色体组合多样性的原因
BIOLOGY,分泌蛋白的合成和运输,COPⅠ与COPⅡ囊泡运输方向及KDEL回收
BIOLOGY,分泌蛋白的合成和运输,与分泌蛋白合成和运输
BIOLOGY,分泌蛋白的合成和运输,以分泌蛋白为例理解细胞是统一的整体
BIOLOGY,分泌蛋白的合成和运输,信号肽假说与分泌蛋白进入内质网
BIOLOGY,分泌蛋白的合成和运输,内质网：粗面(合成蛋白)+滑面(合成脂质)
BIOLOGY,分泌蛋白的合成和运输,分泌蛋白
BIOLOGY,分泌蛋白的合成和运输,分泌蛋白出细胞体现膜的特性
BIOLOGY,分泌蛋白的合成和运输,分泌蛋白合成与运输的完整路径
BIOLOGY,分泌蛋白的合成和运输,分泌蛋白合成及分泌是考查细胞器之间协
BIOLOGY,分泌蛋白的合成和运输,分泌蛋白合成和运输过程中膜面
BIOLOGY,分泌蛋白的合成和运输,分泌蛋白的合成、加工与运输（一）
BIOLOGY,分泌蛋白的合成和运输,分泌蛋白的合成、加工与运输（二）
BIOLOGY,分泌蛋白的合成和运输,分泌蛋白的合成与运输路径
BIOLOGY,分泌蛋白的合成和运输,分泌蛋白的合成与运输过程
BIOLOGY,分泌蛋白的合成和运输,分泌蛋白的概念与实例
BIOLOGY,分泌蛋白的合成和运输,分泌蛋白类题目的四步答题模板
BIOLOGY,分泌蛋白的合成和运输,分泌蛋白运输中膜面积的变化
BIOLOGY,分泌蛋白的合成和运输,分泌蛋白首先在游离的核糖体核
BIOLOGY,分泌蛋白的合成和运输,前导链与后随链的合成差异
BIOLOGY,分泌蛋白的合成和运输,受体蛋白与载体蛋白的区别
BIOLOGY,分泌蛋白的合成和运输,囊泡定向运输依赖膜标志蛋白识别
BIOLOGY,分泌蛋白的合成和运输,囊泡运输的原理与要点
BIOLOGY,分泌蛋白的合成和运输,在分泌蛋白合成过程中
BIOLOGY,分泌蛋白的合成和运输,尿素的合成与排出途径
BIOLOGY,分泌蛋白的合成和运输,水分子仍能跨膜运输的原因
BIOLOGY,分泌蛋白的合成和运输,生长激素：垂体分泌，促进生长（蛋白合成/软骨增长）
BIOLOGY,分泌蛋白的合成和运输,研究分泌蛋白合成和运输的方法
BIOLOGY,分泌蛋白的合成和运输,血浆蛋白与血红蛋白的区别（内环境成分判定）
BIOLOGY,分泌蛋白的合成和运输,载体蛋白与通道蛋白的区别
BIOLOGY,分泌蛋白的合成和运输,载体蛋白与通道蛋白的比较
BIOLOGY,分泌蛋白的合成和运输,载体蛋白与通道蛋白的相同点
BIOLOGY,分泌蛋白的合成和运输,载体蛋白的特性
BIOLOGY,分泌蛋白的合成和运输,酶、抗体、转运蛋白的本质与功能归类
BIOLOGY,分泌蛋白的合成和运输,高尔基体：加工、分类、包装分泌物（分泌蛋白的运输中转站）
BIOLOGY,分离定律,人工异花传粉步骤
BIOLOGY,分离定律,假说-演绎法实验程序
BIOLOGY,分离定律,分离定律实质
BIOLOGY,分离定律,分离定律易错判定汇总
BIOLOGY,分离定律,判断显隐性的方法
BIOLOGY,分离定律,在杂种后代中同时出现显性性状和
BIOLOGY,分离定律,孟德尔发现遗传定律用的研究方法
BIOLOGY,分离定律,孟德尔对分离现象提出的假说
BIOLOGY,分离定律的概率计算-含自交与自由交配,F2群体的自交、测交与自由交配比例
BIOLOGY,分离定律的概率计算-含自交与自由交配,交配方式相关概念
BIOLOGY,分离定律的概率计算-含自交与自由交配,分离定律在育种与医学中的应用
BIOLOGY,分离定律的概率计算-含自交与自由交配,分离定律的内容、实质与发生时间
BIOLOGY,分离定律的概率计算-含自交与自由交配,分离定律的四种验证方法
BIOLOGY,分离定律的概率计算-含自交与自由交配,分离定律的实质与发生时间
BIOLOGY,分离定律的概率计算-含自交与自由交配,分离定律的概率计算方法
BIOLOGY,分离定律的概率计算-含自交与自由交配,分离定律的适用范围
BIOLOGY,分离定律的概率计算-含自交与自由交配,基因分离定律的实质
BIOLOGY,分离定律的概率计算-含自交与自由交配,杂交育种：杂交→自交→选优→连续自交至不再分离
BIOLOGY,分离定律的概率计算-含自交与自由交配,杂合子连续自交的概率计算
BIOLOGY,分离定律的概率计算-含自交与自由交配,男孩患病与患病男孩的概率辨析
BIOLOGY,分离定律的概率计算-含自交与自由交配,能量传递效率计算：相邻营养级同化量之比，一般 10%~20%
BIOLOGY,分离定律的概率计算-含自交与自由交配,自交与自由交配的区别及计算
BIOLOGY,分离定律的概率计算-含自交与自由交配,自交两代递推：Dd 自交一次后代杂合 1/2、纯合 1/2
BIOLOGY,分离定律的概率计算-含自交与自由交配,自由交配不改变基因频率与基因型频率（理想种群）
BIOLOGY,分离定律的概率计算-含自交与自由交配,自由交配前淘汰个体：先重算配子频率再计算
BIOLOGY,分离定律的概率计算-含自交与自由交配,自由交配计算·配子法：先求配子频率再随机结合
BIOLOGY,分离定律的概率计算-含自交与自由交配,自由水与结合水的概念及作用
BIOLOGY,分离定律的概率计算-含自交与自由交配,花粉鉴定法验证分离定律的原理
BIOLOGY,分离定律的概率计算-含自交与自由交配,连锁互换的配子比与交换率计算
BIOLOGY,分离定律的概率计算-含自交与自由交配,遗传平衡定律的五个前提条件
BIOLOGY,分离定律的概率计算-含自交与自由交配,遗传平衡定律的正推与逆推计算
BIOLOGY,分离定律的概率计算-含自交与自由交配,遗传平衡定律适用的前提条件
BIOLOGY,分离定律的概率计算-含自交与自由交配,隐性病随机婚配风险 = 人群携带率 × 1/4
BIOLOGY,分离定律的概率计算和常规应用,分离定律的应用（育种与医学实践）
BIOLOGY,分离定律的概率计算和常规应用,能量流动应用：合理确定能量传递比例、最高传递效率计算
BIOLOGY,动物细胞培养,动物细胞培养所需气体主要有O2和
BIOLOGY,动物细胞培养,动物细胞培养时
BIOLOGY,动物细胞培养,动物细胞培养时细胞往往贴附在培养瓶
BIOLOGY,动物细胞培养,动物细胞培养是指从动物体中取出相关
BIOLOGY,动物细胞培养,动物细胞培养过程
BIOLOGY,动物细胞培养,动物细胞培养过程中不同阶段使用酶
BIOLOGY,动物细胞培养,取供体动物的体细胞培养
BIOLOGY,动物细胞培养,在体外培养细胞时
BIOLOGY,协助扩散,协助扩散：顺浓度梯度、借助载体蛋白或通道蛋白、不耗能
BIOLOGY,协助扩散,水通道蛋白介导水的协助扩散
BIOLOGY,协助扩散,物质通过协助扩散进出细胞时需要借助膜
BIOLOGY,协同进化与生物多样性的形成,不同物种之间、生物与无机环境之间在
BIOLOGY,协同进化与生物多样性的形成,关于捕食者在进化中的作用
BIOLOGY,协同进化与生物多样性的形成,化石是研究生物进化直接的证据
BIOLOGY,协同进化与生物多样性的形成,协同进化的概念与实例
BIOLOGY,协同进化与生物多样性的形成,协同进化的概念与类型
BIOLOGY,协同进化与生物多样性的形成,在进化地位上越高等的生物
BIOLOGY,协同进化与生物多样性的形成,地球上最早出现的生物是异养厌氧
BIOLOGY,协同进化与生物多样性的形成,地球上最早生物与有性生殖的意义
BIOLOGY,协同进化与生物多样性的形成,地理隔离不一定会形成新物种
BIOLOGY,协同进化与生物多样性的形成,小地老虎的调查与生物防治方法
BIOLOGY,协同进化与生物多样性的形成,我国生物多样性的保护可以概括
BIOLOGY,协同进化与生物多样性的形成,捕食者对被捕食者种群生存发展的影响
BIOLOGY,协同进化与生物多样性的形成,现代生物进化理论的形成
BIOLOGY,协同进化与生物多样性的形成,生物与生物之间的协同进化
BIOLOGY,协同进化与生物多样性的形成,生物多样性之物种多样性与生态系统多样性
BIOLOGY,协同进化与生物多样性的形成,生物多样性的三个层次
BIOLOGY,协同进化与生物多样性的形成,生物多样性的价值
BIOLOGY,协同进化与生物多样性的形成,生物多样性的内容与形成原因
BIOLOGY,协同进化与生物多样性的形成,生物多样性的间接价值明显大于它
BIOLOGY,协同进化与生物多样性的形成,生物多样性的间接价值是指生物在
BIOLOGY,协同进化与生物多样性的形成,生物进化理论的新发展
BIOLOGY,协同进化与生物多样性的形成,种群基因组成的变化与物种的形成：基因频率改变→隔离→新物种
BIOLOGY,协同进化与生物多样性的形成,突变和基因重组产生进化的原材料
BIOLOGY,协同进化与生物多样性的形成,胚胎学是指研究动植物胚胎的形成和
BIOLOGY,协同进化与生物多样性的形成,自然选择决定生物进化的方向
BIOLOGY,协同进化与生物多样性的形成,达尔文提出的自然选择学说对生物
BIOLOGY,协同进化与生物多样性的形成,达尔文的生物进化论主要由两大学说组成
BIOLOGY,协同进化与生物多样性的形成,适应是普遍存在
BIOLOGY,单倍体,与正常植株相比
BIOLOGY,单倍体,单倍体强调的是由配子发育而来的个体
BIOLOGY,单倍体,单倍体育种可以先通过花药（或花粉）培
BIOLOGY,单倍体,单倍体育种的流程与优点
BIOLOGY,单倍体,单倍体育种的过程如下
BIOLOGY,单倍体,单倍体育种：花药离体培养+加倍得纯合子，明显缩短育种年限
BIOLOGY,单倍体,花药培养和花粉培养是人工诱导单倍体
BIOLOGY,单倍体,部分学生根据教材“与正常植株相比
BIOLOGY,单克隆抗体,单克隆抗体定义：由单个B淋巴细胞克隆增殖产生的特异性抗体
BIOLOGY,单克隆抗体,单抗制备第二次筛选：克隆化培养+专一抗体检测（抗原—抗体杂交）筛选
BIOLOGY,原核细胞,原核细胞代谢易错点集中辨析
BIOLOGY,原核细胞,原核细胞拟核中也存在DNA-蛋白质复合物
BIOLOGY,原核细胞,原核细胞无核仁也能合成rRNA
BIOLOGY,原核细胞,原核细胞的典型结构
BIOLOGY,原核细胞,原核细胞的结构特点
BIOLOGY,原核细胞,原核细胞的质粒DNA分布在细胞质中
BIOLOGY,原核细胞,原核细胞转录与翻译可同时进行
BIOLOGY,原核细胞,支原体的特点（最小细胞、无细胞壁）
BIOLOGY,原核细胞,支原体：最小最简单的无壁原核生物
BIOLOGY,原核细胞,细胞核相关易错判定（转录翻译场所、rRNA合成）
BIOLOGY,原核细胞,细菌（原核细胞）的结构共性
BIOLOGY,反射,反射分为条件反射和非条件反射
BIOLOGY,反射,条件反射的消退是中枢把原先引起兴奋性
BIOLOGY,反射,误认为“所有生物都有反射”
BIOLOGY,反射弧,反射弧五部分：感受器→传入神经→神经中枢→传出神经→效应器
BIOLOGY,反射弧,易错：刺激传出神经引起的反应不属于反射
BIOLOGY,反馈调节,关于反馈
BIOLOGY,反馈调节,正反馈与负反馈调节
BIOLOGY,反馈调节,正反馈调节：促进偏离持续进行（血液凝固、排尿排便）
BIOLOGY,反馈调节,种群数量通过负反馈调节维持在K值附近
BIOLOGY,反馈调节,负反馈调节：偏离后纠正回稳态，在生物体中更常见
BIOLOGY,反馈调节,项目、正反馈调节、负反馈调节
BIOLOGY,发酵工程,发酵工程一般包括菌种的选育
BIOLOGY,发酵工程,发酵工程的基本流程与中心环节
BIOLOGY,发酵工程,发酵罐在使用前要进行灭菌
BIOLOGY,发酵工程,啤酒酵母菌
BIOLOGY,发酵工程,现代发酵工程使用的大型发酵罐均有计算
BIOLOGY,受精作用,受精作用的概念、实质与结果
BIOLOGY,叶绿体,1954年阿尔农发现，在光照下叶绿体
BIOLOGY,叶绿体,叶绿体功（一）
BIOLOGY,叶绿体,叶绿体功（三）
BIOLOGY,叶绿体,叶绿体功（二）
BIOLOGY,叶绿体,叶绿体功（四）
BIOLOGY,叶绿体,叶绿体增大膜面积的方式
BIOLOGY,叶绿体,叶绿体（一）
BIOLOGY,叶绿体,叶绿体（二）
BIOLOGY,叶绿体,总结在叶绿体内部巨大的膜表面
BIOLOGY,叶绿体,教材对叶绿体分布的描述
BIOLOGY,叶绿体,离体叶绿体在适当条件下发生水
BIOLOGY,同源染色体,交叉互换：减数第一次分裂前期同源染色体非姐妹染色单体交换片段
BIOLOGY,同源染色体,分子标记共分离定位：目标表型与某染色体标记共分离
BIOLOGY,同源染色体,同源染色体的概念与判定
BIOLOGY,同源染色体,同源染色体的概念与特例
BIOLOGY,同源染色体,同源染色体：大小形态相近、一来自父方一来自母方、可联会
BIOLOGY,同源染色体,四分体个数等于配对的同源染色体对数
BIOLOGY,同源染色体,性染色体的传递特点（XY型）
BIOLOGY,同源染色体,染色体数目减半发生的时期
BIOLOGY,同源染色体,染色体组、二倍体、多倍体与单倍体的判断
BIOLOGY,同源染色体,染色体组的概念与判断
BIOLOGY,同源染色体,配子中染色体组合多样性的原因
BIOLOGY,噬菌体侵染细菌实验,T2噬菌体侵染大肠杆菌实验
BIOLOGY,噬菌体侵染细菌实验,保温”时间要合适——保温时间过短或过
BIOLOGY,噬菌体侵染细菌实验,噬菌体侵染大肠杆菌的实验
BIOLOGY,噬菌体侵染细菌实验,噬菌体侵染实验的标记要点与误差分析
BIOLOGY,噬菌体侵染细菌实验,噬菌体侵染细菌实验的设计思路与标记方法
BIOLOGY,噬菌体侵染细菌实验,噬菌体侵染过程与增殖条件
BIOLOGY,噬菌体侵染细菌实验,噬菌体实验的异常结果分析
BIOLOGY,噬菌体侵染细菌实验,噬菌体的增殖过程（五步）
BIOLOGY,噬菌体侵染细菌实验,在噬菌体浸染细菌实验中
BIOLOGY,噬菌体侵染细菌实验,子代噬菌体的放射性标记情况
BIOLOGY,噬菌体侵染细菌实验,实验中获得含放射性同位素标记
BIOLOGY,噬菌体侵染细菌实验,实验误差分析
BIOLOGY,噬菌体侵染细菌实验,恩格尔曼实验及其巧妙之处
BIOLOGY,噬菌体侵染细菌实验,搅拌的目的是使吸附在细菌上的噬菌体与
BIOLOGY,噬菌体侵染细菌实验,赫尔希和蔡斯利用放射性同位素标记技术
BIOLOGY,四分体,不要混淆“联会”“四分体”的先与后
BIOLOGY,四分体,联会与四分体
BIOLOGY,四分体,联会与四分体的数量关系
BIOLOGY,基因,一个种群中全部个体所含有的全部基因
BIOLOGY,基因,从性遗传是指由常染色体上的基因控制
BIOLOGY,基因,判断基因是否遵循两大定律的方法
BIOLOGY,基因,基因型为Aa的杂合子产生
BIOLOGY,基因,基因检测也是产前检测的手段之一
BIOLOGY,基因,基因治疗是指用正常基因取代或修补患者
BIOLOGY,基因,用PCR检测目的基因是否导入
BIOLOGY,基因,由常染色体上的基因控制
BIOLOGY,基因,种群与基因库的概念
BIOLOGY,基因,等位基因
BIOLOGY,基因,黄色和绿色分别由遗传因子（基因）Y
BIOLOGY,基因在染色体上,只有具性别分化（雌雄异体）
BIOLOGY,基因在染色体上,基因与染色体的数量与位置关系
BIOLOGY,基因在染色体上,性染色体上有许多基因
BIOLOGY,基因在染色体上,摩尔根通过果蝇杂交实验证明了萨顿
BIOLOGY,基因在染色体上,果蝇易饲养、繁殖快、相对性状明显
BIOLOGY,基因在染色体上,果蝇杂交实验
BIOLOGY,基因在染色体上,若相对性状的显隐性是未知
BIOLOGY,基因在染色体上,萨顿假说：基因在染色体上
BIOLOGY,基因在染色体上,萨顿并未证明基因在染色体上
BIOLOGY,基因在染色体上,萨顿的假说：基因在染色体上
BIOLOGY,基因在染色体上,萨顿的推论
BIOLOGY,基因工程,DNA不溶于酒精
BIOLOGY,基因工程,切割DNA分子的工具
BIOLOGY,基因工程,基因工程流程四要素：目的基因、载体构建、导入受体、检测鉴定
BIOLOGY,基因工程,基因工程的应用领域：医药（胰岛素/疫苗）、农牧业（抗虫转基因作物）、环境保护
BIOLOGY,基因工程,花粉管通道法有多种操作方式
BIOLOGY,基因工程,质粒是一种裸露的、结构简单
BIOLOGY,基因的本质,人类基因组计划测定
BIOLOGY,基因的本质,基因、DNA与染色体的关系
BIOLOGY,基因的本质,基因的本质与界定
BIOLOGY,基因的本质,基因的本质：有遗传效应的DNA片段
BIOLOGY,基因的表达,1965年
BIOLOGY,基因的表达,RNA干扰沉默基因的机制
BIOLOGY,基因的表达,n对等位基因的F1配子种类与比例
BIOLOGY,基因的表达,n对等位基因的F2表型种类与比例
BIOLOGY,基因的表达,一个mRNA分子上可以相继结合多个核
BIOLOGY,基因的表达,基因的连锁与互换
BIOLOGY,基因的表达,基因的连锁和互换
BIOLOGY,基因的表达,基因表达过程中
BIOLOGY,基因的表达,复等位基因的基因型数目计算
BIOLOGY,基因的表达,多对基因的配子种类与结合方式计算
BIOLOGY,基因的表达,生物体基因的碱基序列保持不变
BIOLOGY,基因的表达,用放射性同位素标记T或U可判断DNA
BIOLOGY,基因的表达,真核基因的间断编码与mRNA加工
BIOLOGY,基因的表达,管家基因与奢侈基因（选择性表达）
BIOLOGY,基因突变,DNA分子中发生碱基的替换、增添和
BIOLOGY,基因突变,DNA甲基化不属于基因突变
BIOLOGY,基因突变,判断两个突变体是否为同一基因突变
BIOLOGY,基因突变,原核生物与孟德尔定律及可遗传变异
BIOLOGY,基因突变,原癌基因突变或过量表达而导致相应蛋白
BIOLOGY,基因突变,基因是具有遗传效应的DNA片段
BIOLOGY,基因突变,基因突变一定会导致遗传信息
BIOLOGY,基因突变,基因突变不改变性状的三大原因
BIOLOGY,基因突变,基因突变仅改变了基因内部结构
BIOLOGY,基因突变,基因突变发生的时间与遗传性
BIOLOGY,基因突变,基因突变对氨基酸序列的影响规律
BIOLOGY,基因突变,基因突变是产生新基因
BIOLOGY,基因突变,基因突变未引起性状改变的原因
BIOLOGY,基因突变,基因突变的五大特点
BIOLOGY,基因突变,基因突变的利害不是由基因突变
BIOLOGY,基因突变,基因突变的原因与发生时期
BIOLOGY,基因突变,基因突变的意义
BIOLOGY,基因突变,基因突变的意义：生物变异的根本来源，为进化提供原材料
BIOLOGY,基因突变,基因突变的时间
BIOLOGY,基因突变,基因突变的概念、时间与原因
BIOLOGY,基因突变,基因突变的概念与特点
BIOLOGY,基因突变,基因突变的概念与结果
BIOLOGY,基因突变,基因突变的特点
BIOLOGY,基因突变,基因突变的结果
BIOLOGY,基因突变,基因突变类型：碱基对增添、缺失、替换（点突变）
BIOLOGY,基因突变,基因突变若发生在配子中
BIOLOGY,基因突变,基因突变：主要发生于分裂间期 DNA 复制时，产生新基因（等位基因）
BIOLOGY,基因突变,基因重组只是“原有基因间的重新组合”
BIOLOGY,基因突变,基因重组有三种类型
BIOLOGY,基因突变,比较项目、基因突变、基因重组
BIOLOGY,基因突变,理论依据
BIOLOGY,基因突变,结肠癌发生原因简化模型
BIOLOGY,基因突变,诱变因素不能决定基因突变的方向
BIOLOGY,基因突变,转化的实质是基因重组而非基因突变肺炎
BIOLOGY,基因突变,重叠延伸 PCR（SOE-PCR）：用带突变位点的引物实现基因定点突变
BIOLOGY,基因突变,隐性突变体等位性测验（互补测验）
BIOLOGY,基因突变,隐性突变：当代不表现，须等位基因纯合才表现
BIOLOGY,基因突变与细胞癌变,CRISPR/Cas9 应用：基因敲除、定点插入、突变细胞筛选与疾病治疗
BIOLOGY,基因突变与细胞癌变,人和动物细胞DNA上本来就存在与
BIOLOGY,基因突变与细胞癌变,体细胞突变不遗传、生殖细胞突变可遗传给后代
BIOLOGY,基因突变与细胞癌变,原位置突变与新位置突变的判定
BIOLOGY,基因突变与细胞癌变,原癌基因与抑癌基因（细胞癌变机理）
BIOLOGY,基因突变与细胞癌变,基因突变的意义（镰状细胞贫血实例）
BIOLOGY,基因突变与细胞癌变,基因突变的遗传性：配子与体细胞
BIOLOGY,基因突变与细胞癌变,多种精子和多种卵细胞随机结合
BIOLOGY,基因突变与细胞癌变,显性突变与隐性突变的判断
BIOLOGY,基因突变与细胞癌变,生物变异易错判定汇总
BIOLOGY,基因突变与细胞癌变,细胞癌变的机理与癌细胞特征
BIOLOGY,基因突变与细胞癌变,细胞癌变的机理：原癌基因与抑癌基因
BIOLOGY,基因突变与细胞癌变,镰状细胞贫血形成的直接原因
BIOLOGY,基因编辑,CRISPR/Cas9 作用机理：sgRNA 识别靶序列，Cas9 切割双链 DNA
BIOLOGY,基因表达与性状的关系,DNA甲基化
BIOLOGY,基因表达与性状的关系,基因、蛋白质与性状的关系
BIOLOGY,基因表达与性状的关系,基因与性状不是简单的一一对应
BIOLOGY,基因表达与性状的关系,基因与性状的关系并不都是简单的一一对
BIOLOGY,基因表达与性状的关系,基因与性状的数量关系（不是简单一一对应）
BIOLOGY,基因表达与性状的关系,基因控制性状的两种方式（直接与间接）
BIOLOGY,基因表达与性状的关系,基因控制性状的两种途径
BIOLOGY,基因表达与性状的关系,基因突变与生物性状的关系
BIOLOGY,基因表达与性状的关系,基因表达过程易错判定汇总
BIOLOGY,基因表达与性状的关系,基因间调控关系的敲除互测判定
BIOLOGY,基因表达与性状的关系,显性突变：突变当代即表现新性状（杂合即表达）
BIOLOGY,基因表达与性状的关系,细胞分化的本质就是基因的选择性表达
BIOLOGY,基因表达与性状的关系,遗传与基因表达类选择题的避错要点
BIOLOGY,基因重组,交叉互换的时期、范围与意义
BIOLOGY,基因重组,双标记基因与影印培养法筛选重组载体
BIOLOGY,基因重组,基因重组的两种主要形式
BIOLOGY,基因重组,基因重组的两种来源
BIOLOGY,基因重组,基因重组的类型与实质
BIOLOGY,基因重组,基因重组的类型与意义
BIOLOGY,基因重组,突变和基因重组提供进化的原材料
BIOLOGY,基因频率,X连锁基因频率与发病率的关系（男女相等时）
BIOLOGY,基因频率,交配方式、交配方式、基因频率、基因型频率
BIOLOGY,基因频率,公式法求基因频率（PA＝PAA＋1/2PAa）
BIOLOGY,基因频率,利用遗传平衡定律需满足以下条件
BIOLOGY,基因频率,生物进化的实质是种群基因频率的改变
BIOLOGY,基因频率,种群、基因库、基因频率与进化实质
BIOLOGY,基因频率,种群、基因库与基因频率
BIOLOGY,基因频率,类似的错误说法还
BIOLOGY,基因频率,造成此错误的关键原因
BIOLOGY,基因频率,遗传平衡定律（哈代-温伯格）：理想种群基因频率代代不变
BIOLOGY,多倍体,与二倍体植株相比
BIOLOGY,多倍体,二倍体、多倍体与单倍体的区分
BIOLOGY,多倍体,人工诱导多倍体的方法很多
BIOLOGY,多倍体,单倍体育种与多倍体育种
BIOLOGY,多倍体,多倍体与杂种不育的原因归纳
BIOLOGY,多倍体,多倍体特点：器官大、营养物质含量高，但结实率可能降低
BIOLOGY,大脑皮层,大脑皮层言语区（S、H、V、W区）的功能与受损症状
BIOLOGY,大脑皮层,渴觉在大脑皮层产生，不在下丘脑
BIOLOGY,孟德尔的豌豆杂交实验过程分析,Dd产生的配子有D 、 d两种
BIOLOGY,孟德尔的豌豆杂交实验过程分析,YyRr产生的配子是YR、Yr
BIOLOGY,孟德尔的豌豆杂交实验过程分析,人们将杂种后代中同时出现显性性状和
BIOLOGY,孟德尔的豌豆杂交实验过程分析,在孟德尔所做豌豆一对相对
BIOLOGY,孟德尔的豌豆杂交实验过程分析,孟德尔对分离现象提出的假说内容
BIOLOGY,孟德尔的豌豆杂交实验过程分析,孟德尔豌豆杂交实验中
BIOLOGY,孟德尔的豌豆杂交实验过程分析,孟德尔针对豌豆的两对相对
BIOLOGY,孟德尔的豌豆杂交实验过程分析,明确重组类型的含义
BIOLOGY,孟德尔的豌豆杂交实验过程分析,演绎推理”内容——如果假说正确
BIOLOGY,孟德尔的豌豆杂交实验过程分析,用豌豆做杂交实验易于成功的原因
BIOLOGY,孟德尔的豌豆杂交实验过程分析,约翰逊将孟德尔的“遗传因子”命名
BIOLOGY,孟德尔的豌豆杂交实验过程分析,这些性状能够稳定地遗传给后代
BIOLOGY,孟德尔的豌豆杂交实验过程分析,选用了正确的实验材料
BIOLOGY,孟德尔的豌豆杂交实验过程分析,遗传因子的发现
BIOLOGY,孟德尔的豌豆杂交实验过程分析,遗传定律是一种统计学规律
BIOLOGY,孟德尔的豌豆杂交实验过程分析,配子的随机结合发生在受精过程中
BIOLOGY,孟德尔的豌豆杂交实验过程分析,长句表达·实验结论类三步：描述自变量→分析结果→下结论
BIOLOGY,实验-低温诱导植物细胞染色体数目的变化,人们根据染色体的行
BIOLOGY,实验-低温诱导植物细胞染色体数目的变化,低温诱导染色体数目加倍的实验
BIOLOGY,实验-低温诱导植物细胞染色体数目的变化,低温诱导植物染色体数目变化的实验
BIOLOGY,实验-低温诱导植物细胞染色体数目的变化,低温诱导植物细胞染色体数目变化的实验
BIOLOGY,实验-低温诱导植物细胞染色体数目的变化,"动物细胞有丝分裂·染色单体
数目变化"
BIOLOGY,实验-低温诱导植物细胞染色体数目的变化,放大倍数与视野中细胞数目的计算
BIOLOGY,实验-低温诱导植物细胞染色体数目的变化,放大倍数变化与视野细胞数目推算
BIOLOGY,实验-低温诱导植物细胞染色体数目的变化,易错：高等植物不一定有性染色体
BIOLOGY,实验-低温诱导植物细胞染色体数目的变化,染色体数目变异的两种类型
BIOLOGY,实验-低温诱导植物细胞染色体数目的变化,染色体数目的变异可以分为两类
BIOLOGY,实验-低温诱导植物细胞染色体数目的变化,染色体组数目的判断方法
BIOLOGY,实验-低温诱导植物细胞染色体数目的变化,由染色体形态判定染色体组数目
BIOLOGY,实验-低温诱导植物细胞染色体数目的变化,由染色体数与形态数推算染色体组
BIOLOGY,实验-低温诱导植物细胞染色体数目的变化,秋水仙素处理后植株不同部位染色体数目不同
BIOLOGY,实验-使用高倍显微镜观察几种细胞,(2)真核细胞具有多样性和统一性多样性
BIOLOGY,实验-使用高倍显微镜观察几种细胞,三类有机物检测的三个唯一
BIOLOGY,实验-使用高倍显微镜观察几种细胞,使用高倍显微镜观·低倍镜
BIOLOGY,实验-使用高倍显微镜观察几种细胞,使用高倍显微镜观·口腔上皮细胞
BIOLOGY,实验-使用高倍显微镜观察几种细胞,使用高倍显微镜观·洋葱鳞片叶表皮细胞
BIOLOGY,实验-使用高倍显微镜观察几种细胞,使用高倍显微镜观·菠菜叶下表皮细胞
BIOLOGY,实验-使用高倍显微镜观察几种细胞,使用高倍显微镜观·酵母菌细胞
BIOLOGY,实验-使用高倍显微镜观察几种细胞,使用高倍显微镜观·高倍镜
BIOLOGY,实验-使用高倍显微镜观察几种细胞,使用高倍显微镜观察临时装片
BIOLOGY,实验-使用高倍显微镜观察几种细胞,列文虎克第一个观察到活细胞
BIOLOGY,实验-使用高倍显微镜观察几种细胞,实验结论
BIOLOGY,实验-使用高倍显微镜观察几种细胞,显微镜使用易错点辨析
BIOLOGY,实验-使用高倍显微镜观察几种细胞,显微镜成像特点与物像移动规律（同向移动）
BIOLOGY,实验-使用高倍显微镜观察几种细胞,显微镜成像特点：倒立放大的虚像
BIOLOGY,实验-使用高倍显微镜观察几种细胞,显微镜放大倍数与成像规律（一）
BIOLOGY,实验-使用高倍显微镜观察几种细胞,显微镜放大倍数与成像规律（二）
BIOLOGY,实验-使用高倍显微镜观察几种细胞,显微镜放大倍数的含义与计算
BIOLOGY,实验-使用高倍显微镜观察几种细胞,显微镜物像移动与成像规律
BIOLOGY,实验-使用高倍显微镜观察几种细胞,显微镜视野中细胞数目的计算
BIOLOGY,实验-使用高倍显微镜观察几种细胞,欧文顿实验：脂溶性物质易穿过细胞膜
BIOLOGY,实验-使用高倍显微镜观察几种细胞,毕希纳的酿酶实验
BIOLOGY,实验-使用高倍显微镜观察几种细胞,用低倍显微镜观察紫色洋葱鳞片叶
BIOLOGY,实验-使用高倍显微镜观察几种细胞,高倍显微镜的使用步骤
BIOLOGY,实验-使用高倍显微镜观察几种细胞,高倍显微镜的操作流程与注意事项
BIOLOGY,实验-使用高倍显微镜观察几种细胞,高倍镜的使用（一）
BIOLOGY,实验-使用高倍显微镜观察几种细胞,高倍镜的使用（三）
BIOLOGY,实验-使用高倍显微镜观察几种细胞,高倍镜的使用（二）
BIOLOGY,实验-培养液中酵母菌种群数量的变化,培养液中酵母菌种群数量的计数实验
BIOLOGY,实验-培养液中酵母菌种群数量的变化,对一支试管中的培养液中
BIOLOGY,实验-培养液中酵母菌种群数量的变化,探究酵母菌种群数量的变化
BIOLOGY,实验-培养液中酵母菌种群数量的变化,酵母菌分离菌种与数量下降的最佳时机
BIOLOGY,实验-探究抗生素对细菌的选择作用,加清水复原实验鉴别'平衡'与'死亡'
BIOLOGY,实验-探究抗生素对细菌的选择作用,探究抗生素对细菌的选择作用
BIOLOGY,实验-探究抗生素对细菌的选择作用,探究抗生素对细菌的选择作用实验
BIOLOGY,实验-探究抗生素对细菌的选择作用,蓝细菌的自养特性与常见种类
BIOLOGY,实验-探究抗生素对细菌的选择作用,选择培养基筛选目标菌的方法
BIOLOGY,实验-探究抗生素对细菌的选择作用,醋酸菌的代谢特点
BIOLOGY,实验-模拟生物体维持ph的稳定,模拟生物体维持pH稳定的实验
BIOLOGY,实验-模拟生物体维持ph的稳定,蓝细菌羧酶体维持高CO2低O2环境
BIOLOGY,实验-模拟生物体维持ph的稳定,血浆pH和体温的稳定
BIOLOGY,实验-观察根尖分生区组织细胞的有丝分裂,DNA数量加倍的时期
BIOLOGY,实验-观察根尖分生区组织细胞的有丝分裂,一个细胞周期过程中DNA、染（一）
BIOLOGY,实验-观察根尖分生区组织细胞的有丝分裂,一个细胞周期过程中DNA、染（二）
BIOLOGY,实验-观察根尖分生区组织细胞的有丝分裂,与有丝分裂有关的细胞器
BIOLOGY,实验-观察根尖分生区组织细胞的有丝分裂,与高等植物细胞有丝分裂有关
BIOLOGY,实验-观察根尖分生区组织细胞的有丝分裂,中心体的位置与细胞分裂中的动态变化
BIOLOGY,实验-观察根尖分生区组织细胞的有丝分裂,分裂产生子细胞的三种去向
BIOLOGY,实验-观察根尖分生区组织细胞的有丝分裂,制作装片
BIOLOGY,实验-观察根尖分生区组织细胞的有丝分裂,动植物细胞有丝分裂的区别
BIOLOGY,实验-观察根尖分生区组织细胞的有丝分裂,动植物细胞有丝分裂的异同
BIOLOGY,实验-观察根尖分生区组织细胞的有丝分裂,动物细胞
BIOLOGY,实验-观察根尖分生区组织细胞的有丝分裂,动物细胞有丝分裂
BIOLOGY,实验-观察根尖分生区组织细胞的有丝分裂,动物细胞有丝分裂·DNA
BIOLOGY,实验-观察根尖分生区组织细胞的有丝分裂,"动物细胞有丝分裂·不
同
点"
BIOLOGY,实验-观察根尖分生区组织细胞的有丝分裂,动物细胞有丝分裂·染色体
BIOLOGY,实验-观察根尖分生区组织细胞的有丝分裂,动物细胞有丝分裂·相同点
BIOLOGY,实验-观察根尖分生区组织细胞的有丝分裂,在分裂间期主要进行DNA复制和
BIOLOGY,实验-观察根尖分生区组织细胞的有丝分裂,在有丝分裂前期出现的染色体
BIOLOGY,实验-观察根尖分生区组织细胞的有丝分裂,实验原理（一）
BIOLOGY,实验-观察根尖分生区组织细胞的有丝分裂,实验原理（二）
BIOLOGY,实验-观察根尖分生区组织细胞的有丝分裂,实验步骤（一）
BIOLOGY,实验-观察根尖分生区组织细胞的有丝分裂,实验步骤（三）
BIOLOGY,实验-观察根尖分生区组织细胞的有丝分裂,实验步骤（二）
BIOLOGY,实验-观察根尖分生区组织细胞的有丝分裂,实验试剂质量浓度
BIOLOGY,实验-观察根尖分生区组织细胞的有丝分裂,对比实验
BIOLOGY,实验-观察根尖分生区组织细胞的有丝分裂,愈伤组织的特点
BIOLOGY,实验-观察根尖分生区组织细胞的有丝分裂,教材对有丝分裂结合后形成的子细胞
BIOLOGY,实验-观察根尖分生区组织细胞的有丝分裂,无丝分裂的特点与实例
BIOLOGY,实验-观察根尖分生区组织细胞的有丝分裂,无丝分裂的过程与特点
BIOLOGY,实验-观察根尖分生区组织细胞的有丝分裂,易错：细胞分裂素主要合成部位是根尖
BIOLOGY,实验-观察根尖分生区组织细胞的有丝分裂,有丝分裂中期：着丝粒排列在赤道板
BIOLOGY,实验-观察根尖分生区组织细胞的有丝分裂,有丝分裂各时期的特点(以高等植物细胞
BIOLOGY,实验-观察根尖分生区组织细胞的有丝分裂,有丝分裂末期：核膜核仁重现与细胞质分裂
BIOLOGY,实验-观察根尖分生区组织细胞的有丝分裂,有丝分裂观察实验的注意事项
BIOLOGY,实验-观察根尖分生区组织细胞的有丝分裂,染色体复制时期
BIOLOGY,实验-观察根尖分生区组织细胞的有丝分裂,染色质和染色体化学组成都主要
BIOLOGY,实验-观察根尖分生区组织细胞的有丝分裂,根尖分生区细胞的细胞器特点
BIOLOGY,实验-观察根尖分生区组织细胞的有丝分裂,比较动、植物细胞的细胞分裂
BIOLOGY,实验-观察根尖分生区组织细胞的有丝分裂,洋葱实验的一材多用
BIOLOGY,实验-观察根尖分生区组织细胞的有丝分裂,洋葱根尖可包括根冠、分生区、伸长区
BIOLOGY,实验-观察根尖分生区组织细胞的有丝分裂,由分裂期各期细胞数目推断各期时长
BIOLOGY,实验-观察根尖分生区组织细胞的有丝分裂,由柱状图比例判断细胞分裂时期
BIOLOGY,实验-观察根尖分生区组织细胞的有丝分裂,真核与原核细胞的分裂方式
BIOLOGY,实验-观察根尖分生区组织细胞的有丝分裂,组织液与淋巴液的存在部位与来源
BIOLOGY,实验-观察根尖分生区组织细胞的有丝分裂,细胞器分布的特殊规律
BIOLOGY,实验-观察根尖分生区组织细胞的有丝分裂,细胞增殖的概念与方式
BIOLOGY,实验-观察根尖分生区组织细胞的有丝分裂,细胞有丝分裂的过程
BIOLOGY,实验-观察根尖分生区组织细胞的有丝分裂,结果一个细胞分裂成
BIOLOGY,实验-观察根尖分生区组织细胞的有丝分裂,罗伯特·虎克发现并命名细胞
BIOLOGY,实验-观察根尖分生区组织细胞的有丝分裂,脱毒苗是选择植物的分生区如茎尖
BIOLOGY,实验-观察根尖分生区组织细胞的有丝分裂,观察根尖分生区组织细胞的有丝分裂实验
BIOLOGY,实验-观察根尖分生区组织细胞的有丝分裂,观察根尖分生区细胞有丝分裂的实验流程
BIOLOGY,实验-观察根尖分生区组织细胞的有丝分裂,赤道板是一种假想平面
BIOLOGY,实验-观察根尖分生区组织细胞的有丝分裂,过程、所用试剂、时间、目的
BIOLOGY,实验-观察根尖分生区组织细胞的有丝分裂,通过有丝分裂
BIOLOGY,实验-观察根尖分生区组织细胞的有丝分裂,间期复制的DNA通过
BIOLOGY,实验-观察根尖分生区组织细胞的有丝分裂,高等植物细胞有丝分裂
BIOLOGY,实验-观察根尖分生区组织细胞的有丝分裂,魏尔肖补充细胞通过分裂产生新细胞
BIOLOGY,实验-观察蝗虫精母细胞减数分裂装片,XYY个体的成因
BIOLOGY,实验-观察蝗虫精母细胞减数分裂装片,观察蝗虫精母细胞减数分裂装片
BIOLOGY,实验-观察蝗虫精母细胞减数分裂装片,观察蝗虫精母细胞减数分裂装片实验
BIOLOGY,密码子,从密码子表可以看出
BIOLOGY,密码子,启动子≠起始密码子
BIOLOGY,密码子,密码子与反密码子的数量关系
BIOLOGY,密码子,密码子的种类与特点
BIOLOGY,密码子,密码子的简并性及其意义
BIOLOGY,密码子,起始密码子与终止密码子
BIOLOGY,影响光合作用强度的环境因素,②材料（一）
BIOLOGY,影响光合作用强度的环境因素,②材料（二）
BIOLOGY,影响光合作用强度的环境因素,为提高光能利用率
BIOLOGY,影响光合作用强度的环境因素,光合作用强度
BIOLOGY,影响光合作用强度的环境因素,光照、温度及必需元素可通过影响叶绿素
BIOLOGY,影响光合作用强度的环境因素,影响光合作用的环境因素分析（5）
BIOLOGY,影响光合作用强度的环境因素,影响光合作用的环境因素分析（6）
BIOLOGY,影响光合作用强度的环境因素,影响光合作用的环境因素分析（7）
BIOLOGY,影响光合作用强度的环境因素,影响光合作用的环境因素分析（一）
BIOLOGY,影响光合作用强度的环境因素,影响光合作用的环境因素分析（三）
BIOLOGY,影响光合作用强度的环境因素,影响光合作用的环境因素分析（二）
BIOLOGY,影响光合作用强度的环境因素,影响光合作用的环境因素分析（四）
BIOLOGY,影响光合作用强度的环境因素,探究光照强度对光合作用强度的影响（叶圆片上浮法）
BIOLOGY,影响光合作用强度的环境因素,探究光照强度对光合作用强度的影响（叶片上浮法）
BIOLOGY,影响光合作用强度的环境因素,探究光照强度对光合作用强度（一）
BIOLOGY,影响光合作用强度的环境因素,探究光照强度对光合作用强度（二）
BIOLOGY,影响光合作用强度的环境因素,探究光照强度对光合作用影响的实验
BIOLOGY,影响光合作用强度的环境因素,探究环境因素对光·因变量
BIOLOGY,影响光合作用强度的环境因素,"探究环境因素对光·对无关变量
进行控制"
BIOLOGY,影响光合作用强度的环境因素,探究环境因素对光·控制自变量
BIOLOGY,影响光合作用强度的环境因素,易错：激素的产生和分布也受环境因素影响
BIOLOGY,影响光合作用强度的环境因素,泵被抑制会连带干扰依赖其梯度的协同转运
BIOLOGY,影响光合作用强度的环境因素,白天适当提高温度或增加CO2浓度
BIOLOGY,影响光合作用强度的环境因素,项目、改变温度、改变CO2浓度
BIOLOGY,影响酶促反应的因素分析,(5)实验结果（一）
BIOLOGY,影响酶促反应的因素分析,(5)实验结果（二）
BIOLOGY,影响酶促反应的因素分析,pH对酶活性的影响（一）
BIOLOGY,影响酶促反应的因素分析,pH对酶活性的影响（二）
BIOLOGY,影响酶促反应的因素分析,③预期结果
BIOLOGY,影响酶促反应的因素分析,光反应与暗反应的比较
BIOLOGY,影响酶促反应的因素分析,光反应与暗反应的比较及联系
BIOLOGY,影响酶促反应的因素分析,光反应与暗反应的联系
BIOLOGY,影响酶促反应的因素分析,在探究pH影响酶活性的实验
BIOLOGY,影响酶促反应的因素分析,在探究温度影响酶活性的实验
BIOLOGY,影响酶促反应的因素分析,底物浓度和酶浓度对反应速率的影响
BIOLOGY,影响酶促反应的因素分析,底物浓度和酶浓度对酶促反应速率的影响
BIOLOGY,影响酶促反应的因素分析,引起基因突变的因素分为外部因素和
BIOLOGY,影响酶促反应的因素分析,影响叶绿素合成的因素
BIOLOGY,影响酶促反应的因素分析,影响物质跨膜运输的因素
BIOLOGY,影响酶促反应的因素分析,影响物质跨膜运输速率的因素分析
BIOLOGY,影响酶促反应的因素分析,影响酶活性的条件·1
BIOLOGY,影响酶促反应的因素分析,影响酶活性的条件·2
BIOLOGY,影响酶促反应的因素分析,影响酶活性的条件·3
BIOLOGY,影响酶促反应的因素分析,影响酶活性的条件·4
BIOLOGY,影响酶促反应的因素分析,影响酶活性的条件·5
BIOLOGY,影响酶促反应的因素分析,影响酶活性的条件·因变量
BIOLOGY,影响酶促反应的因素分析,影响酶活性的条件·实验结果
BIOLOGY,影响酶促反应的因素分析,影响酶活性的条件·对无关变量进行控制
BIOLOGY,影响酶促反应的因素分析,影响酶活性的条件·控制自变量
BIOLOGY,影响酶促反应的因素分析,影响酶活性的条件·步骤及结果
BIOLOGY,影响酶促反应的因素分析,影响酶活性的条件·第一步
BIOLOGY,影响酶促反应的因素分析,影响酶活性的条件·第三步
BIOLOGY,影响酶促反应的因素分析,影响酶活性的条件·第二步
BIOLOGY,影响酶促反应的因素分析,影响酶活性的条件·第四步
BIOLOGY,影响酶促反应的因素分析,必须先将酶置于不同环境条件下
BIOLOGY,影响酶促反应的因素分析,斐林试剂反应的化学原理
BIOLOGY,影响酶促反应的因素分析,温度和pH
BIOLOGY,影响酶促反应的因素分析,温度和pH对酶促反应速率的曲线特征
BIOLOGY,影响酶促反应的因素分析,温度对酶活性的影响（一）
BIOLOGY,影响酶促反应的因素分析,温度对酶活性的影响（二）
BIOLOGY,影响酶促反应的因素分析,色素分离结果的解读
BIOLOGY,影响酶促反应的因素分析,色素分离结果（四条色素带）分析
BIOLOGY,影响酶促反应的因素分析,调节气孔开闭的因素
BIOLOGY,影响酶促反应的因素分析,过敏反应的机理与特点
BIOLOGY,影响酶促反应的因素分析,通过实验
BIOLOGY,影响酶促反应的因素分析,酶促反应速率表示酶所催化反应的快慢
BIOLOGY,影响酶促反应的因素分析,酶活性
BIOLOGY,影响酶促反应的因素分析,酶活性分别受温度、pH影响
BIOLOGY,微生物的培养,倒平板的具体操作步骤
BIOLOGY,微生物的培养,分散的微生物在适宜的固体培养基表面或
BIOLOGY,微生物的培养,在微生物学中
BIOLOGY,微生物的培养,地球上的植物每年产生
BIOLOGY,微生物的培养,培养基的化学成分包括水、无机盐
BIOLOGY,微生物的培养,培养基的种类及用途
BIOLOGY,微生物的培养,培养基的营养成分与作用
BIOLOGY,微生物的培养,平板划线法接种菌种时
BIOLOGY,微生物的培养,平板划线法的具体操作步骤
BIOLOGY,微生物的培养,微生物培养与发酵工程的题型地图
BIOLOGY,微生物的培养,微生物的纯培养包括配制培养基、灭菌
BIOLOGY,微生物的培养,微生物题的审题与答题规范
BIOLOGY,微生物的培养,比较项目、理化因素的作用强度、消灭微生物
BIOLOGY,微生物的培养,氮源的主要作用是合成含氮化合物
BIOLOGY,微生物的培养,消毒是指使用较为温和的物理
BIOLOGY,微生物的培养,灭菌是指使用强烈的理化方法杀死物体内
BIOLOGY,微生物的培养,用稀释涂布平板法统计
BIOLOGY,微生物的培养,稀释涂布平板法操作
BIOLOGY,微生物的培养,稀释涂布平板法除可以用于分离微生物外
BIOLOGY,微生物的培养,细菌计数板和血细胞计数板
BIOLOGY,微生物的培养,绝大多数微生物都能利用葡萄糖
BIOLOGY,微生物的培养,获得纯净的微生物培养物的关键
BIOLOGY,微生物的培养,除活菌计数外
BIOLOGY,微生物的培养,项目、第一次操作、每次划线之前、划线结束
BIOLOGY,性状分离比,F2 分离比 13:3 → 抑制基因使表现被抑制，测交 3:1
BIOLOGY,性状分离比,F2 分离比 15:1 → 只要含显性基因即表现，测交 3:1
BIOLOGY,性状分离比,F2 分离比 9:6:1 → 显性基因累加效应，测交 1:2:1
BIOLOGY,性状分离比,F2 分离比 9:7 → 基因互补（双显性同时存在才表现）
BIOLOGY,性状分离比,外源基因插入位置的判定（自交分离比）
BIOLOGY,性状分离比,性状类概念辨析
BIOLOGY,性状分离比,显、隐性性状的判断方法
BIOLOGY,性状分离比,显隐性性状的判断方法
BIOLOGY,性状分离比,经典变形分离比27比37与81比175
BIOLOGY,性状分离比,遗传学基本术语
BIOLOGY,性状分离比,遗传学基本术语（相对性状、性状分离、纯合子等）
BIOLOGY,性状分离比的模拟实验,和为4的n次方分离比的建模解读
BIOLOGY,性状分离比的模拟实验,实现3:1分离比的条件
BIOLOGY,性状分离比的模拟实验,实验设计的模型归纳（条件型、并列式、承接式）
BIOLOGY,性状分离比的模拟实验,显隐性性状的判断方法
BIOLOGY,性状分离比的模拟实验,绿叶中色素的提取和分离实验
BIOLOGY,性状分离比的模拟实验,色素提取分离实验异常现象分析
BIOLOGY,技巧-实验数据-与-9-3-3-1及其变式-间的转化方法,15:1变式：只要有显性基因就表现同一性状
BIOLOGY,技巧-实验数据-与-9-3-3-1及其变式-间的转化方法,9:3:3:1变式比例的分析方法
BIOLOGY,技巧-实验数据-与-9-3-3-1及其变式-间的转化方法,9:3:3:1的变式类型
BIOLOGY,技巧-实验数据-与-9-3-3-1及其变式-间的转化方法,9:3:4变式：隐性纯合掩盖显性效应
BIOLOGY,技巧-实验数据-与-9-3-3-1及其变式-间的转化方法,9:6:1变式：存在一种显性基因时表现同一性状
BIOLOGY,技巧-实验数据-与-9-3-3-1及其变式-间的转化方法,9:7变式：两种显性基因同时存在才表现
BIOLOGY,技巧-实验数据-与-9-3-3-1及其变式-间的转化方法,F2 分离比 9:3:4 → 隐性纯合归并，测交 1:1:2
BIOLOGY,技巧-实验数据-与-9-3-3-1及其变式-间的转化方法,Na+-K+泵的转运细节
BIOLOGY,技巧-实验数据-与-9-3-3-1及其变式-间的转化方法,单隐性 aa（或 bb）致死：F2 = 9:3:1，测交 1:1:1
BIOLOGY,技巧-实验数据-与-9-3-3-1及其变式-间的转化方法,双隐性 aabb 致死：F2 = 9:3:3，测交 1:1:1
BIOLOGY,技巧-实验数据-与-9-3-3-1及其变式-间的转化方法,基因工程实验数据解读：酶切图谱/电泳条带/基因型判断
BIOLOGY,技巧-实验数据-与-9-3-3-1及其变式-间的转化方法,由自交/测交比例对应染色体对数（3:1/1:1/9:3:3:1/1:1:1:1）
BIOLOGY,技巧-实验数据-与-9-3-3-1及其变式-间的转化方法,表型模拟及其鉴别方法
BIOLOGY,抗体,易错：抗体只在细胞外液中发挥作用
BIOLOGY,抗体,比较项目、抗原、抗体、细胞因子
BIOLOGY,抗体,比较项目、抗原、抗体、细胞因子（续）
BIOLOGY,抗原,过敏原不等同于抗原
BIOLOGY,捕获光能的色素和结构,光合色素的功
BIOLOGY,捕获光能的色素和结构,叶片呈现绿色的原因
BIOLOGY,捕获光能的色素和结构,叶绿体中的色素分布在类囊体
BIOLOGY,捕获光能的色素和结构,叶绿素a与叶绿素b：含量最多的色素
BIOLOGY,捕获光能的色素和结构,叶绿素主要吸收蓝紫光和红光光
BIOLOGY,捕获光能的色素和结构,叶绿素和类胡萝卜素的吸收光谱
BIOLOGY,捕获光能的色素和结构,在光学显微镜
BIOLOGY,捕获光能的色素和结构,实验步骤（一）
BIOLOGY,捕获光能的色素和结构,实验步骤（二）
BIOLOGY,捕获光能的色素和结构,层析后滤纸条自上而下的四条色素带依次
BIOLOGY,捕获光能的色素和结构,层析时，不
BIOLOGY,捕获光能的色素和结构,层析液
BIOLOGY,捕获光能的色素和结构,恩格尔曼实验要在没
BIOLOGY,捕获光能的色素和结构,捕获光能的色素
BIOLOGY,捕获光能的色素和结构,捕获光能的色素·分离色素
BIOLOGY,捕获光能的色素和结构,捕获光能的色素·提取色素
BIOLOGY,捕获光能的色素和结构,提取色素的原理
BIOLOGY,捕获光能的色素和结构,温室大棚适合用无色透明的玻璃
BIOLOGY,捕获光能的色素和结构,绿叶中色素的吸收光谱
BIOLOGY,捕获光能的色素和结构,胡萝卜素：含量最少扩散最快的色素
BIOLOGY,捕获光能的色素和结构,药品作用
BIOLOGY,探究动植物生命活动调节实验的思路与方法,其他植物激素的合成部位和主要作用
BIOLOGY,探究动植物生命活动调节实验的思路与方法,动植物以细胞代谢为基础的各种生理活动
BIOLOGY,探究动植物生命活动调节实验的思路与方法,各种植物激素并不是孤立地起作用
BIOLOGY,探究动植物生命活动调节实验的思路与方法,在植物体内
BIOLOGY,探究动植物生命活动调节实验的思路与方法,实验思路与实验步骤的书写区别
BIOLOGY,探究动植物生命活动调节实验的思路与方法,有学者根据一些实验结果提出
BIOLOGY,探究动植物生命活动调节实验的思路与方法,温特的实验进一步证明胚芽鞘
BIOLOGY,探究动植物生命活动调节实验的思路与方法,生物生命活动的能量最终来源是太阳能
BIOLOGY,探究动植物生命活动调节实验的思路与方法,艾弗里实验的关键设计思路
BIOLOGY,探究动植物生命活动调节实验的思路与方法,重力对植物生命活动的调节
BIOLOGY,探究动植物生命活动调节实验的思路与方法,鲍森·詹森的实验证明
BIOLOGY,探究基因位于常染色体上还是x-y染色体同源区段上,X、Y染色体同源区段的遗传
BIOLOGY,探究基因位于常染色体上还是x-y染色体同源区段上,两对等位基因独立遗传还是连锁的判定
BIOLOGY,探究基因位于常染色体上还是x-y染色体同源区段上,判断两对等位基因是否位于同一对同源染色体
BIOLOGY,探究基因位于常染色体上还是x-y染色体同源区段上,判断基因仅位于X染色体还是X、Y同源区段
BIOLOGY,探究基因位于常染色体上还是x-y染色体同源区段上,判断基因位于常染色体还是X、Y同源区段
BIOLOGY,探究基因位于常染色体上还是x-y染色体同源区段上,判断基因位于常染色体还是X染色体
BIOLOGY,探究基因位于常染色体上还是x-y染色体同源区段上,判断基因位于常染色体还是X染色体上
BIOLOGY,探究基因位于常染色体上还是x-y染色体同源区段上,判断基因位于细胞核还是细胞质（正反交法）
BIOLOGY,探究基因位于常染色体上还是x-y染色体同源区段上,判断基因在X非同源区还是X、Y同源区段
BIOLOGY,探究基因位于常染色体上还是x-y染色体同源区段上,判断基因在常染色体还是X、Y同源区段
BIOLOGY,探究基因位于常染色体上还是x-y染色体同源区段上,判断姐妹染色单体上等位基因的来源
BIOLOGY,探究基因位于常染色体上还是x-y染色体同源区段上,同源四倍体的配子基因型比例
BIOLOGY,探究基因位于常染色体上还是x-y染色体同源区段上,基因频率的计算方法（常染色体、性染色体、遗传平衡）
BIOLOGY,探究基因位于常染色体上还是x-y染色体同源区段上,定义法计算基因频率
BIOLOGY,探究基因位于常染色体上还是x-y染色体同源区段上,常染色体基因频率的计算
BIOLOGY,探究基因位于常染色体上还是x-y染色体同源区段上,新性状伴随染色体区段缺失 → 优先按缺失（假性显性）解释
BIOLOGY,探究基因位于常染色体上还是x-y染色体同源区段上,显性病定位：女儿正常→常显；父病女必病→伴X显
BIOLOGY,探究基因位于常染色体上还是x-y染色体同源区段上,正反交后代雌雄表现一致 → 基因位于常染色体
BIOLOGY,探究基因位于常染色体上还是x-y染色体同源区段上,正反交法判断基因在常染色体还是X染色体
BIOLOGY,探究基因位于常染色体上还是x-y染色体同源区段上,父传子现象区分 X 染色体与 X/Y 同源区段
BIOLOGY,探究基因位于常染色体上还是x-y染色体同源区段上,白眼雌果蝇异常个体的成因探究
BIOLOGY,探究基因位于常染色体上还是x-y染色体同源区段上,等位基因的概念：同源染色体同一位点控制相对性状的基因
BIOLOGY,探究基因位于常染色体上还是x-y染色体同源区段上,隐性病定位：无性别差异→常隐；男病多于女且交叉遗传→伴X隐
BIOLOGY,探究酶的专一性-高效性相关实验,b．轻轻振荡两支试管，使试管（一）
BIOLOGY,探究酶的专一性-高效性相关实验,b．轻轻振荡两支试管，使试管（二）
BIOLOGY,探究酶的专一性-高效性相关实验,探究淀粉酶对淀粉和蔗糖的水解
BIOLOGY,探究酶的专一性-高效性相关实验,探究酶专一性的实验设计
BIOLOGY,探究酶的专一性-高效性相关实验,探究酶的专一性实验设计
BIOLOGY,探究酶的专一性-高效性相关实验,探究酶的高效性实验设计
BIOLOGY,探究酶的专一性-高效性相关实验,探究酶的高效性时
BIOLOGY,探究酶的专一性-高效性相关实验,过氧化氢分解实验证明酶的高效性
BIOLOGY,探究酶的专一性-高效性相关实验,酶、无机催化剂与无催化剂曲线比较
BIOLOGY,探究酶的专一性-高效性相关实验,酶的专一性
BIOLOGY,探究酶的专一性-高效性相关实验,酶的专一性及两种学说
BIOLOGY,探究酶的专一性-高效性相关实验,酶的专一性（一）
BIOLOGY,探究酶的专一性-高效性相关实验,酶的专一性（二）
BIOLOGY,探究酶的专一性-高效性相关实验,酶的高效性
BIOLOGY,探究酶的专一性-高效性相关实验,酶的高效性与专一性
BIOLOGY,探究酶的专一性-高效性相关实验,酶的高效性和专一·思路一
BIOLOGY,探究酶的专一性-高效性相关实验,酶的高效性和专一·思路二
BIOLOGY,探究酶的专一性-高效性相关实验,酶的高效性和专一·第一步
BIOLOGY,探究酶的专一性-高效性相关实验,酶的高效性和专一·第三步
BIOLOGY,探究酶的专一性-高效性相关实验,酶的高效性和专一·第二步
BIOLOGY,探究酶的专一性-高效性相关实验,验证酶专一性的两种方案
BIOLOGY,探究酶的专一性-高效性相关实验,验证酶的作用、高效性和专一性的实验设计
BIOLOGY,探索光合作用原理的部分实验,光合作用原理的探索实验
BIOLOGY,探索光合作用原理的部分实验,光合作用探索的经典实验结论
BIOLOGY,探索光合作用原理的部分实验,光合作用的概念
BIOLOGY,探索光合作用原理的部分实验,反应式
BIOLOGY,探索光合作用原理的部分实验,实验原理的三段式书写
BIOLOGY,探索光合作用原理的部分实验,实验设计之科学性原则
BIOLOGY,探索光合作用原理的部分实验,实验设计的加法原理与减法原理
BIOLOGY,探索光合作用原理的部分实验,探索光合作用原理的部分实
BIOLOGY,探索光合作用原理的部分实验,文字信息提取：题干文字往往隐藏实验原理与依据
BIOLOGY,无机盐,无机盐也参与有机物的合成
BIOLOGY,无机盐,无机盐的四大功能
BIOLOGY,无机盐,无机盐的存在形式与吸收方式
BIOLOGY,无机盐,无机盐的生理功能
BIOLOGY,无机盐,无机盐离子跨膜运输方式辨析
BIOLOGY,无氧呼吸,C6H12O62C3H6O3（乳酸）
BIOLOGY,无氧呼吸,O2 浓度为 0 → 只进行无氧呼吸
BIOLOGY,无氧呼吸,不产生 CO2 → 只进行产乳酸的无氧呼吸或细胞死亡
BIOLOGY,无氧呼吸,不同生物无氧呼吸产物不同的原因
BIOLOGY,无氧呼吸,产生乳酸的无氧呼吸（动物/马铃薯）：丙酮酸→乳酸，不产 CO2
BIOLOGY,无氧呼吸,产生酒精或乳酸 → 一定存在无氧呼吸
BIOLOGY,无氧呼吸,厌氧型致病菌只能进行无氧呼吸
BIOLOGY,无氧呼吸,哺乳动物成熟红细胞的特点
BIOLOGY,无氧呼吸,无氧呼吸之乳酸发酵
BIOLOGY,无氧呼吸,无氧呼吸只在第一阶段释放能量
BIOLOGY,无氧呼吸,无氧呼吸场所
BIOLOGY,无氧呼吸,无氧呼吸概念
BIOLOGY,无氧呼吸,无氧呼吸的两种类型与代表生物
BIOLOGY,无氧呼吸,无氧呼吸的两种类型与对应生物
BIOLOGY,无氧呼吸,无氧呼吸的两种类型及对应生物
BIOLOGY,无氧呼吸,无氧呼吸的总反（一）
BIOLOGY,无氧呼吸,无氧呼吸的总反（二）
BIOLOGY,无氧呼吸,无氧呼吸的概念
BIOLOGY,无氧呼吸,无氧呼吸过程
BIOLOGY,无氧呼吸,无论是分解成酒精和二氧化碳或者
BIOLOGY,无氧呼吸,葡萄糖:O2:CO2 = 1:2:2 → 只进行产酒精的无氧呼吸
BIOLOGY,无氧呼吸,葡萄糖:乳酸 = 1:2 → 只进行产乳酸的无氧呼吸
BIOLOGY,无氧呼吸,阶段、场所、原料、产物、能量
BIOLOGY,无菌技术,无菌技术的四项要点
BIOLOGY,暗反应,ATP的来源与去路汇总
BIOLOGY,暗反应,暗反应之一：C3的还原
BIOLOGY,暗反应,暗反应之一：CO2的固定
BIOLOGY,暗反应,暗反应的场所与两个反应
BIOLOGY,有丝分裂,减数分裂Ⅱ的主要特征
BIOLOGY,有丝分裂,有丝分裂与减数分裂图像的鉴别
BIOLOGY,有丝分裂,有丝分裂前期的四项变化
BIOLOGY,有丝分裂,有丝分裂各时期的特点
BIOLOGY,有丝分裂,有丝分裂各期的主要特点
BIOLOGY,有丝分裂,有丝分裂后期：着丝粒分裂染色体加倍
BIOLOGY,有丝分裂,有丝分裂柱形图的辨析方法
BIOLOGY,有丝分裂,有丝分裂的意义
BIOLOGY,有氧呼吸,0 < O2 浓度 < 10% → 有氧与无氧呼吸并存
BIOLOGY,有氧呼吸,CO2 与 O2 计量比（有氧呼吸与光合逆反应）：6:6:1 关系
BIOLOGY,有氧呼吸,O2 浓度 ≥ 10% → 只进行有氧呼吸；两曲线交点为无氧呼吸消失点
BIOLOGY,有氧呼吸,O2 消耗量 = CO2 产生量 → 可能有氧呼吸，或有氧+乳酸无氧并存
BIOLOGY,有氧呼吸,产生 H2O → 一定存在有氧呼吸
BIOLOGY,有氧呼吸,光呼吸不产生 ATP，与有氧呼吸本质不同
BIOLOGY,有氧呼吸,同有机物在生物体外的燃烧相比
BIOLOGY,有氧呼吸,对于绝大多数生物来说
BIOLOGY,有氧呼吸,有氧与无氧呼吸等量消耗或等量产CO2的比例关系
BIOLOGY,有氧呼吸,有氧呼吸·第一阶段
BIOLOGY,有氧呼吸,有氧呼吸·第三阶段
BIOLOGY,有氧呼吸,有氧呼吸·第二阶段
BIOLOGY,有氧呼吸,有氧呼吸三个阶段的场所与物质变化
BIOLOGY,有氧呼吸,有氧呼吸三阶段产 ATP 分配：第一阶段少、第二阶段少、第三阶段最多
BIOLOGY,有氧呼吸,有氧呼吸中反应物的利用与产物的形成阶段
BIOLOGY,有氧呼吸,有氧呼吸中反应物的数量比例1:6:6
BIOLOGY,有氧呼吸,有氧呼吸中各元素的来源与去路
BIOLOGY,有氧呼吸,有氧呼吸中水的消耗与产生阶段辨析
BIOLOGY,有氧呼吸,有氧呼吸是指细胞在氧的参与下
BIOLOGY,有氧呼吸,有氧呼吸最常利用的底物是葡萄糖
BIOLOGY,有氧呼吸,有氧呼吸第一阶段：糖酵解
BIOLOGY,有氧呼吸,有氧呼吸第三阶段：O2 与电子和 H+ 结合生成水
BIOLOGY,有氧呼吸,有氧呼吸第三阶段：[H]与氧气结合
BIOLOGY,有氧呼吸,有氧呼吸第二阶段：丙酮酸和水反应
BIOLOGY,有氧呼吸,消耗 O2 → 一定存在有氧呼吸
BIOLOGY,有氧呼吸,生成于有氧呼吸第三阶段
BIOLOGY,有氧呼吸,线粒体结构：双层膜+嵴+基质（有氧呼吸场所）
BIOLOGY,有氧呼吸,葡萄糖:O2:CO2 = 1:6:6 → 只进行有氧呼吸
BIOLOGY,有氧呼吸的过程分析,DNA复制的过程、场所与特点
BIOLOGY,有氧呼吸的过程分析,DNA复制的过程、条件与意义
BIOLOGY,有氧呼吸的过程分析,对有氧呼吸的三个阶段归纳
BIOLOGY,有氧呼吸的过程分析,无氧呼吸的过程
BIOLOGY,有氧呼吸的过程分析,暗反应的过程（CO2固定与C3还原）
BIOLOGY,有氧呼吸的过程分析,有氧呼吸与无氧呼吸的比较
BIOLOGY,有氧呼吸的过程分析,有氧呼吸的三个概括阶段（糖酵解、三羧酸循环、氧化磷酸化）
BIOLOGY,有氧呼吸的过程分析,有氧呼吸的三个概括阶段：糖酵解、三羧酸循环与氧化磷酸化
BIOLOGY,有氧呼吸的过程分析,有氧呼吸的三个阶段
BIOLOGY,有氧呼吸的过程分析,有氧呼吸的主要场所——线粒体外膜
BIOLOGY,有氧呼吸的过程分析,有氧呼吸的总反
BIOLOGY,有氧呼吸的过程分析,有氧呼吸的概念
BIOLOGY,有氧呼吸的过程分析,有氧呼吸的能量去路与特点
BIOLOGY,有氧呼吸的过程分析,线粒体是进行有氧呼吸的主要场所
BIOLOGY,有氧呼吸的过程分析,细胞中消耗水的代谢过程汇总
BIOLOGY,有氧呼吸的过程分析,翻译的过程与条件
BIOLOGY,标志重捕法,标志重捕法估种群密度：N=M×n/m（重捕比=标志比）
BIOLOGY,标志重捕法,标志重捕法的估算公式与计算
BIOLOGY,标志重捕法,标志重捕法调查种群密度
BIOLOGY,标志重捕法,标记重捕法的注意事项
BIOLOGY,样方法,样方法的计数原则：计上不计下计左不计右
BIOLOGY,样方法,样方法误差归纳
BIOLOGY,样方法,黑光灯诱捕法与样方外的调查方法
BIOLOGY,核糖体,一条mRNA结合多个核糖体（多聚核糖体）
BIOLOGY,核糖体,多聚核糖体的意义
BIOLOGY,核糖体,核仁与某种RNA的合成以及核糖体
BIOLOGY,核糖体,核糖体与中心体（无膜细胞器）
BIOLOGY,核糖体,核糖体从mRNA的5’-端向3’-端
BIOLOGY,核糖体,核糖体和中心体
BIOLOGY,核糖体,核糖体是沿着mRNA移动
BIOLOGY,核苷酸,DNA中脱氧核苷酸的排列顺序储存着生
BIOLOGY,核苷酸,DNA和RNA都含有的碱基是A、C和
BIOLOGY,核苷酸,DNA复制计算：消耗脱氧核苷酸的数量
BIOLOGY,核苷酸,RNA有三种
BIOLOGY,核苷酸,与DNA不同
BIOLOGY,核苷酸,子代DNA中脱氧核苷酸链数、2n+1
BIOLOGY,核苷酸,核苷酸的组成与种类
BIOLOGY,核苷酸,核苷酸的组成及DNA与RNA的化学组成差异
BIOLOGY,核酸,核酸包括两大类
BIOLOGY,核酸,核酸常见易错辨析集
BIOLOGY,核酸,核酸是遗传信息的携带者
BIOLOGY,核酸,核酸的种类与分布
BIOLOGY,核酸,细胞中核酸的初步水解产物
BIOLOGY,植物生长素及其生理作用,性激素的来源与生理作用
BIOLOGY,植物生长素及其生理作用,易错：吲哚乙酸不是蛋白质也无催化作用
BIOLOGY,植物生长素及其生理作用,高中常见酶及其催化作用
BIOLOGY,植物生长调节剂,探索生长素类调节剂促进插条生根的最适浓度
BIOLOGY,植物生长调节剂,植物生长发育的整体调控网络
BIOLOGY,植物生长调节剂的应用,在蔬菜、水果上残留的一些植物生长调节
BIOLOGY,植物生长调节剂的应用,植物生长调节剂的特点与应用
BIOLOGY,植物生长调节剂的应用,用生长素类调节剂处理插条的方法
BIOLOGY,植物生长调节剂的应用,由人工合成
BIOLOGY,植物生长调节剂的应用,类别项目、植物激素、植物生长调节剂
BIOLOGY,植物生长调节剂的应用,类别项目、植物激素、植物生长调节剂（续）
BIOLOGY,植物组织培养,植物体细胞杂交：去壁→融合→杂种细胞→组织培养
BIOLOGY,植物组织培养,植物组织培养流程图植物组织培养
BIOLOGY,植物组织培养,植物组织培养的完整过程
BIOLOGY,植物组织培养,植物组织培养过程中有脱分化和再分化
BIOLOGY,植物组织培养,植物细胞全能性表达的条件
BIOLOGY,植物组织培养,用于快速繁殖优良品种
BIOLOGY,比较细胞中的生物大分子,不同生物细胞壁的成分比较
BIOLOGY,比较细胞中的生物大分子,大分子进出细胞核走核孔而非胞吞胞吐
BIOLOGY,比较细胞中的生物大分子,磷脂分子在水-苯混合溶剂中的排布
BIOLOGY,比较细胞中的生物大分子,细胞衰老的自由基学说
BIOLOGY,比较细胞中的生物大分子,能量、数量、生物量金字塔的比较
BIOLOGY,比较细胞中的生物大分子,膜内有机酸根等大分子负离子不能自由通过细胞膜
BIOLOGY,氨基酸,R基决定氨基酸的种类
BIOLOGY,氨基酸,不能准确说出与肽键直接相连的原子
BIOLOGY,氨基酸,双缩脲试剂使用易错点
BIOLOGY,氨基酸,在结构上具有的特点
BIOLOGY,氨基酸,基因、mRNA与氨基酸数目比例关系
BIOLOGY,氨基酸,必需氨基酸与非必需氨基酸
BIOLOGY,氨基酸,氨基酸数目≠氨基酸种类
BIOLOGY,氨基酸,氨基酸的数目与种类的区别
BIOLOGY,氨基酸,氨基酸的种类与必需氨基酸
BIOLOGY,氨基酸,由氨基酸形成血红蛋白
BIOLOGY,水,1mol ATP水解释放
BIOLOGY,水,ATP水解本身
BIOLOGY,水,ATP的水解反
BIOLOGY,水,CO2可使澄清的石灰水变浑浊
BIOLOGY,水,在分子水平上
BIOLOGY,水,对于水分子来说
BIOLOGY,水,恩格尔曼实验选用水绵的优点
BIOLOGY,水,无水乙醇也
BIOLOGY,水,曲线先降后升→先失水后自动复原（溶质可被吸收）
BIOLOGY,水,水分子（或其他溶剂分子）通过半透膜
BIOLOGY,水,水是生命之源
BIOLOGY,水,水是良好溶剂的原因
BIOLOGY,水,水的含量
BIOLOGY,水,水的特点（一）
BIOLOGY,水,水的特点（二）
BIOLOGY,水,水的调节与跨膜运输方式
BIOLOGY,水,淡水水域污染后富营养化
BIOLOGY,水,生理盐水的含义与应用
BIOLOGY,水,磷脂的头部亲水，两个脂肪酸尾
BIOLOGY,水,细胞中产生水的代谢过程汇总
BIOLOGY,水,肽键数与失水数的计算公式
BIOLOGY,水,膜内部分是疏水
BIOLOGY,水,自由水与结合水的关系（一）
BIOLOGY,水,自由水与结合水的关系（二）
BIOLOGY,水,自由水的主要功
BIOLOGY,水,自由水的作用
BIOLOGY,水,血浆白蛋白减少导致水肿的机理
BIOLOGY,水和无机盐平衡的调节,Na＋的主要来源是食盐
BIOLOGY,水和无机盐平衡的调节,口渴感形成的具体过程
BIOLOGY,水和无机盐平衡的调节,水盐平衡的调节
BIOLOGY,水和无机盐平衡的调节,盐平衡调节中醛固酮的作用：促进肾小管集合管对 Na+ 的重吸收
BIOLOGY,水和无机盐平衡的调节,酶与无机催化剂的相同点
BIOLOGY,测交,AA（或 BB）单独致死：F2 = 6:3:2:1，测交 1:1:1:1
BIOLOGY,渗透作用,渗透作用发生的两个条件：半透膜 + 膜两侧浓度差
BIOLOGY,渗透作用,渗透作用发生的条件
BIOLOGY,渗透作用,渗透作用概念
BIOLOGY,渗透作用,渗透作用的定义与发生条件
BIOLOGY,渗透作用,渗透作用的概念与发生条件
BIOLOGY,渗透作用,渗透作用：水分子通过半透膜从低浓度溶液向高浓度溶液扩散
BIOLOGY,渗透压,下丘脑含渗透压感受器，合成抗利尿激素（由垂体释放）
BIOLOGY,渗透压,易错：血浆渗透压与Na+、Cl-都有关
BIOLOGY,渗透压,液泡：调节渗透压、储存色素与营养物质
BIOLOGY,渗透压,渗透压取决于微粒的物质的量浓度
BIOLOGY,渗透压,渗透压取决于溶质微粒数目
BIOLOGY,渗透压,渗透压由单位体积溶液中的溶质微粒数目决定
BIOLOGY,渗透压,血浆渗透压的决定因素
BIOLOGY,溶酶体,溶酶体内部含有多种水解酶
BIOLOGY,溶酶体,溶酶体的自噬途径与特点
BIOLOGY,溶酶体,溶酶体：细胞内的消化车间（水解酶+吞噬降解）
BIOLOGY,激素,性激素的功能
BIOLOGY,激素,激素、病症、病因、症状
BIOLOGY,激素,激素、病症、病因、症状（续）
BIOLOGY,激素,激素的分泌、运输及与靶细胞结合
BIOLOGY,激素,激素的靶细胞既可以是其他细胞
BIOLOGY,激素,激素等化学物质
BIOLOGY,激素调节的特点,体液调节的特点：缓慢、广泛、持久，主靠激素运输
BIOLOGY,激素调节的特点,分级调节的意义：放大激素调节效应、形成多级联动
BIOLOGY,激素调节的特点,激素会与靶细胞上的特异性受体相互识别
BIOLOGY,激素调节的特点,激素分泌调节的三种模型
BIOLOGY,激素调节的特点,激素调节的四个特点
BIOLOGY,物种的形成,两个个体虽然能够交配产生后代
BIOLOGY,物种的形成,在判断是否为同一个物种时
BIOLOGY,物种的形成,物种、隔离与新物种的形成
BIOLOGY,物种的形成,物种是自然状态下能够自由交配并产生可
BIOLOGY,物种的形成,物种的概念
BIOLOGY,物质循环,减缓温室效应的措施
BIOLOGY,物质循环,尽管能量流动和物质循环紧密交织在一起
BIOLOGY,物质循环,无废弃物农业”物质循环再生
BIOLOGY,物质循环,物质循环的特点是具有全球性和
BIOLOGY,物质循环,物质循环的特点（全球性、循环往复）
BIOLOGY,物质循环,组成生物体的碳、氢、氧、氮、磷、硫等
BIOLOGY,环境因素参与调节植物的生命活动,“生命活动离不开细胞”的证据判断
BIOLOGY,环境因素参与调节植物的生命活动,单细胞生物依靠单个细胞完成生命活动
BIOLOGY,环境因素参与调节植物的生命活动,在自然界中
BIOLOGY,环境因素参与调节植物的生命活动,多细胞生物的生命活动依赖分化的细胞合作
BIOLOGY,环境因素参与调节植物的生命活动,持续型分泌与调节型分泌
BIOLOGY,环境因素参与调节植物的生命活动,有些植物在生长期需要经历一段时期
BIOLOGY,环境因素参与调节植物的生命活动,植物生长发育的调控
BIOLOGY,环境因素参与调节植物的生命活动,淀粉—平衡石假说”是被普遍承认
BIOLOGY,环境因素参与调节植物的生命活动,淀粉分布在植物的储藏器官中
BIOLOGY,环境因素参与调节植物的生命活动,温度参与调节植物生命活动的实例
BIOLOGY,环境因素参与调节植物的生命活动,生命活动的直接能源不只有ATP
BIOLOGY,环境因素参与调节植物的生命活动,细胞中绝大多数需要能量的生命活动都
BIOLOGY,环境因素参与调节植物的生命活动,细胞学说揭示了动物和植物的统
BIOLOGY,环境因素参与调节植物的生命活动,细胞学说揭示了动物和植物的统一性
BIOLOGY,环境因素参与调节植物的生命活动,蛋白质是生命活动的主要承担者
BIOLOGY,生命系统的结构层次,下列属于生命系统的哪个结构层
BIOLOGY,生命系统的结构层次,分子或原子不是生命系统
BIOLOGY,生命系统的结构层次,水是良好溶剂的结构原因
BIOLOGY,生命系统的结构层次,生命系统层次的特殊情形（单细胞生物与植物）
BIOLOGY,生命系统的结构层次,生命系统的结构层次要点
BIOLOGY,生命系统的结构层次,生命系统的结构层次顺序
BIOLOGY,生命系统的结构层次,生命系统结构层次的完整序列
BIOLOGY,生命系统的结构层次,生命系统结构层次的特殊情形
BIOLOGY,生命系统的结构层次,病毒属于生物但不属于生命系统结构层次
BIOLOGY,生态位,生态位包括生物所处的空间
BIOLOGY,生态位,生态位的概念与研究内容
BIOLOGY,生态工程,在进行生态工程建设时
BIOLOGY,生态工程,对生态工程基本原理的判断
BIOLOGY,生态工程,生态工程建设的目的就是遵循生态学规律
BIOLOGY,生态工程,生态工程是指人类应用生态学和系统学等
BIOLOGY,生态系统的稳定性,一般来说
BIOLOGY,生态系统的稳定性,判断生态系统稳定性的方法（1）抵抗力
BIOLOGY,生态系统的稳定性,在一般情况下
BIOLOGY,生态系统的稳定性,在生态系统中
BIOLOGY,生态系统的稳定性,在生态系统信息种类判断中
BIOLOGY,生态系统的稳定性,封上生态缸盖
BIOLOGY,生态系统的稳定性,抵抗力稳定性与恢复力稳定性
BIOLOGY,生态系统的稳定性,提高生态系统的稳定性
BIOLOGY,生态系统的稳定性,提高生态系统稳定性的措施
BIOLOGY,生态系统的稳定性,某一生态系统在彻底破坏之前
BIOLOGY,生态系统的稳定性,生态系统中能量的输入、传递、转化和
BIOLOGY,生态系统的稳定性,生态系统抵抗外界干扰并使自身的结构与
BIOLOGY,生态系统的稳定性,生态系统的信息传递不包括细胞之间
BIOLOGY,生态系统的稳定性,生态系统的结构和功能处于相对稳定
BIOLOGY,生态系统的稳定性,脱氧核糖少一个氧使DNA更稳定
BIOLOGY,生态系统的结构,在一定空间内
BIOLOGY,生态系统的结构,某陆地生态系统的食物网
BIOLOGY,生态系统的结构,温室效应对生态系统的气炭循环：CO2 循环通道（大气↔生产者）
BIOLOGY,生态系统的结构,生产者可以说是生态系统的基石
BIOLOGY,生态系统的结构,生态系统中信息的种类
BIOLOGY,生态系统的结构,生态系统信息的种类补充辨析
BIOLOGY,生态系统的结构,生态系统层次包含非生物成分
BIOLOGY,生态系统的结构,生态系统的概念：群落与无机环境的统一整体
BIOLOGY,生态系统的结构,生态系统的物质循环：碳循环与氮循环及分解者的作用
BIOLOGY,生态系统的结构,生态系统的结构包括生态系统
BIOLOGY,生态系统的结构,种群与生态系统的层次辨析
BIOLOGY,生态系统的结构,自然生态系统是通过生物与环境、生物与
BIOLOGY,生物多样性,保护生物多样性只是反对盲目地
BIOLOGY,生物多样性,引进物种和入侵物种不完全一致
BIOLOGY,生物多样性,易地保护是指把保护对象从原地迁出
BIOLOGY,生物多样性,生物多样性三个层次：遗传（基因）多样性、物种多样性、生态系统多样性
BIOLOGY,生物多样性,生物多样性之遗传（基因）多样性
BIOLOGY,生物多样性,生物多样性包括遗传多样性
BIOLOGY,生物多样性,生物多样性应包含三个层次内容
BIOLOGY,生物有共同祖先的证据,共同祖先的其他证据（比较解剖学、胚胎学、细胞与分子水平）
BIOLOGY,生物有共同祖先的证据,化石是指通过自然作用保存在地层中
BIOLOGY,生物有共同祖先的证据,化石是生物进化的最直接证据
BIOLOGY,生物有共同祖先的证据,化石是研究生物进化最直接、最重要的证据
BIOLOGY,生物有共同祖先的证据,化石是研究生物进化最直接的证据
BIOLOGY,生物有共同祖先的证据,已经发现的大量化石证据
BIOLOGY,生物有共同祖先的证据,生物共同祖先的其他证据
BIOLOGY,生物有共同祖先的证据,生物有共同祖先的多层次证据
BIOLOGY,生物有共同祖先的证据,生物进化易错判定汇总
BIOLOGY,生物有共同祖先的证据,说明共同祖先的更多证据
BIOLOGY,生长素,向光性原理
BIOLOGY,生长素,常见的体现生长素作用两重性的实例
BIOLOGY,生长素,曲线中HC段表明随生长素浓度升高
BIOLOGY,生长素,根的向地性：重力使根近地侧生长素浓度高、生长受抑制，根向下弯曲
BIOLOGY,生长素,生长素主要的合成部位是芽、幼嫩的叶和
BIOLOGY,生长素,生长素和生长激素仅有一字之差
BIOLOGY,生长素,生长素相对集中分布在生长旺盛的部位
BIOLOGY,生长素,生长素首先与生长素受体特异性结合
BIOLOGY,生长素,茎的背地性：重力使茎近地侧生长素多、反而促进生长，茎向上弯曲
BIOLOGY,生长素的两重性,抑制生长不等于不生长
BIOLOGY,生长素的两重性,生长素作用的两重性
BIOLOGY,生长素的极性运输,极性运输是指只能从形态学上端
BIOLOGY,生长素的极性运输,正确：不同器官对生长素的敏感度不同
BIOLOGY,生长素的极性运输,生长素的合成、运输与分布
BIOLOGY,生长素的极性运输,验证生长素极性运输的实验设计
BIOLOGY,甲状腺激素,易错：甲状腺激素不提供能量
BIOLOGY,疫苗,疫苗并不需要一定是一个完整的病原体
BIOLOGY,疫苗,疫苗是将病原微生物
BIOLOGY,疫苗,疫苗通常是用灭活的或减毒
BIOLOGY,病毒,病毒增殖的模板与原料来源
BIOLOGY,病毒,病毒的分类与宿主专一性
BIOLOGY,病毒,病毒的应用
BIOLOGY,病毒,病毒繁殖过程与可遗传变异来源
BIOLOGY,病毒,选用细菌和病毒作为实验材料的优点
BIOLOGY,病毒,除病毒以外，生物体都
BIOLOGY,真核细胞,真核细胞中发生碱基互补配对的场所
BIOLOGY,真核细胞,真核细胞中无细胞核的特例
BIOLOGY,真核细胞,真核细胞中有维持细胞的形态
BIOLOGY,真核细胞,真核细胞中葡萄糖的彻底分解离不开线粒
BIOLOGY,神经系统的分级调节,下丘脑是内分泌枢纽：分泌促激素释放激素启动分级调节
BIOLOGY,神经系统的分级调节,分级调节：下丘脑—垂体—靶腺体的分层控制
BIOLOGY,神经系统的分级调节,外周神经系统按功能的分类
BIOLOGY,神经系统的分级调节,排尿不仅受到脊髓的控制
BIOLOGY,神经系统的分级调节,甲状腺激素分泌的分级调节与反馈调节
BIOLOGY,神经系统的分级调节,皮层代表区范围的大小与躯体的大小无关
BIOLOGY,神经系统的分级调节,躯体各部分的运动机能在皮层
BIOLOGY,神经系统的结构,易错：自主神经系统只是传出神经
BIOLOGY,神经系统的结构,神经系统的组成
BIOLOGY,神经系统的结构,自主神经系统（交感神经与副交感神经）
BIOLOGY,神经调节的基本方式,在中枢神经系统的参与下
BIOLOGY,神经调节的基本方式,如果你的手指被植株上尖锐的刺扎了一下
BIOLOGY,神经调节的结构基础,中枢神经系统包括脑和脊髓
BIOLOGY,神经调节的结构基础,交感神经和副交感神经的作用通常
BIOLOGY,神经调节的结构基础,人的神经系统包括中枢神经系统和
BIOLOGY,神经调节的结构基础,传出神经可分为支配躯体运动
BIOLOGY,神经调节的结构基础,外周神经系统包括与脑相连的脑神经和与
BIOLOGY,神经调节的结构基础,神经元是神经系统结构与功能的基本单位
BIOLOGY,神经调节的结构基础,神经调节易错判定汇总
BIOLOGY,神经调节的结构基础,自主神经系统的组成和功能示例
BIOLOGY,神经调节的结构基础,负反馈调节是生态系统自我调节的基础
BIOLOGY,神经递质,学习和记忆涉及脑内神经递质
BIOLOGY,神经递质,易错：神经递质可使下一神经元兴奋或抑制
BIOLOGY,神经递质,激素、酶、抗体与神经递质的比较
BIOLOGY,神经递质,神经递质与突触后膜上的特异性受体结合
BIOLOGY,神经递质,神经递质发挥作用后
BIOLOGY,神经递质,神经递质的种类、释放与作用
BIOLOGY,种子萌发过程中细胞呼吸的变化分析,体内转化实验中细菌数量变化曲线分析
BIOLOGY,种子萌发过程中细胞呼吸的变化分析,变量分析
BIOLOGY,种子萌发过程中细胞呼吸的变化分析,实验过程中的变化因素
BIOLOGY,种子萌发过程中细胞呼吸的变化分析,实验过程中的变化因素称为变量
BIOLOGY,种子萌发过程中细胞呼吸的变化分析,干燥种子不萌发的原因
BIOLOGY,种子萌发过程中细胞呼吸的变化分析,条件骤变时C3、C5等物质含量的变化分析
BIOLOGY,种子萌发过程中细胞呼吸的变化分析,油料作物种子萌发初期干重增加的原因
BIOLOGY,种子萌发过程中细胞呼吸的变化分析,油料作物种子萌发时干重的变化
BIOLOGY,种子萌发过程中细胞呼吸的变化分析,油料种子萌发初期干重增加的原因
BIOLOGY,种子萌发过程中细胞呼吸的变化分析,渗透装置中液面变化的分析
BIOLOGY,种子萌发过程中细胞呼吸的变化分析,环境改变时C3与C5含量的变化规律
BIOLOGY,种子萌发过程中细胞呼吸的变化分析,相对多度与演替过程中的优势种更替
BIOLOGY,种子萌发过程中细胞呼吸的变化分析,种子形成与萌发中糖脂的变化方向
BIOLOGY,种子萌发过程中细胞呼吸的变化分析,种子萌发两阶段的代谢特点
BIOLOGY,种子萌发过程中细胞呼吸的变化分析,种子萌发过程中呼吸方式的变化
BIOLOGY,种子萌发过程中细胞呼吸的变化分析,衰老细胞内物质与代谢的变化
BIOLOGY,种子萌发过程中细胞呼吸的变化分析,酶在反应过程中结构改变
BIOLOGY,种群密度,其他种群密度调查方法
BIOLOGY,种群密度,标记重捕法调查种群密度
BIOLOGY,种群密度,样方法调查种群密度
BIOLOGY,种群密度,样方法：样方内计数平均值估算种群密度（植物/活动能力弱动物）
BIOLOGY,种群数量的变化,建立自然保护区
BIOLOGY,种群数量的变化,条件骤变时C3和C5含量的变化
BIOLOGY,种群数量的变化,构建种群数学模型的方法步骤
BIOLOGY,种群数量的变化,种群增长的“J”形曲线形成
BIOLOGY,种群数量的变化,种群数量的波动、爆发与衰退
BIOLOGY,种群数量的变化,种群数量过少会衰退消亡
BIOLOGY,种群数量的变化,计算公式
BIOLOGY,种群数量的变化,项目、种群数量变化、年龄结构
BIOLOGY,种群的数量变化,S 形种群曲线与增长速率曲线的对应关系（数量曲线与速率曲线区分）
BIOLOGY,种群的数量变化,S”形增长的种群
BIOLOGY,种群的数量变化,λ值与种群数量变化的判断
BIOLOGY,种群的数量变化,动作电位幅度与 Na+ 通道开放的数量有关
BIOLOGY,种群的数量变化,在自然界
BIOLOGY,种群的数量变化,密度制约因素相当于生物因素
BIOLOGY,种群的数量变化,影响种群数量变化的因素
BIOLOGY,种群的数量变化,种内竞争
BIOLOGY,种群的数量变化,随着种群的增长
BIOLOGY,种群的数量变化,项目、野生生物资源的合理利用和保护、有害
BIOLOGY,种群的数量特征,一个池塘中的所
BIOLOGY,种群的数量特征,估算种群密度常用的方法之一是样方法
BIOLOGY,种群的数量特征,单子叶草本植物常常是丛生或蔓生
BIOLOGY,种群的数量特征,在一定的区域内，同种生物的所
BIOLOGY,种群的数量特征,年龄组成并不决定种群密度的变化
BIOLOGY,种群的数量特征,种群在单位面积或单位体积中
BIOLOGY,种群的数量特征,种群密度定义：单位面积（或体积）内的个体数（种群最基本数量特征）
BIOLOGY,种群的数量特征,种群密度是种群最基本的数量特征
BIOLOGY,种群的数量特征,种群数量不等于种群密度
BIOLOGY,种群的数量特征,种群数量特征：出生率/死亡率、迁入/迁出直接决定种群密度
BIOLOGY,种群的数量特征,种群的数量特征及其关系
BIOLOGY,种群的数量特征,种群的数量特征（七个）
BIOLOGY,种群的数量特征,许多动物的活动能力强
BIOLOGY,种群的特征,J 形增长：“J”形曲线：理想条件（食物充足、无天敌）下种群增长
BIOLOGY,种群的特征,种群的概念与要点
BIOLOGY,种群的特征,种群的概念：一定区域同种生物全部个体
BIOLOGY,种群的特征,种群的空间特征（三种分布型）
BIOLOGY,种群的特征,细胞焦亡的特征
BIOLOGY,程序法分析遗传系谱图-规律方法,遗传系谱图的程序法分析
BIOLOGY,突触,突触仅起传递信号作用
BIOLOGY,类囊体,光系统与类囊体电子传递（拓展）
BIOLOGY,类囊体,阴生植物的弱光适应特征：叶绿素多、类囊体膜面积大、光饱和点低
BIOLOGY,精子与卵细胞形成过程的比较,DNA复制、转录、翻译的比较
BIOLOGY,精子与卵细胞形成过程的比较,DNA复制、转录和翻译的比较
BIOLOGY,精子与卵细胞形成过程的比较,二倍体、多倍体与单倍体的比较
BIOLOGY,精子与卵细胞形成过程的比较,初生演替与次生演替的比较
BIOLOGY,精子与卵细胞形成过程的比较,单倍体、二倍体与多倍体的比较
BIOLOGY,精子与卵细胞形成过程的比较,卵细胞形成过程中极体的产生与消亡
BIOLOGY,精子与卵细胞形成过程的比较,反射的概念与非条件反射、条件反射的比较
BIOLOGY,精子与卵细胞形成过程的比较,平板划线法与稀释涂布平板法的比较
BIOLOGY,精子与卵细胞形成过程的比较,抑制逆转录过程的药物设计思路
BIOLOGY,精子与卵细胞形成过程的比较,斐林试剂与双缩脲试剂的比较
BIOLOGY,精子与卵细胞形成过程的比较,易错：淋巴细胞形成不需要抗原刺激
BIOLOGY,精子与卵细胞形成过程的比较,物质的量浓度与渗透压大小的比较
BIOLOGY,精子与卵细胞形成过程的比较,疫苗原理：弱毒/灭活病原微体诱发主动免疫产生记忆细胞
BIOLOGY,精子与卵细胞形成过程的比较,精子形成的过程与各期特征
BIOLOGY,精子与卵细胞形成过程的比较,聚集在胚胎一端的细胞形成内细胞团
BIOLOGY,精子与卵细胞形成过程的比较,酶和激素的比较
BIOLOGY,精子与卵细胞形成过程的比较,阳生植物与阴生植物的比较
BIOLOGY,精子的形成过程,磷脂分子的排布与双分子层形成
BIOLOGY,糖类和脂肪的转化,糖类与脂肪的转化差异
BIOLOGY,糖类和脂肪的转化,糖类和脂肪之间的转化是有差异
BIOLOGY,糖类和脂肪的转化,维生素D的转化来源
BIOLOGY,糖类和脂肪的转化,脂肪的功能与分布
BIOLOGY,糖类和脂肪的转化,饱和脂肪酸与不饱和脂肪酸
BIOLOGY,糖类和脂肪的转化,饱和脂肪酸与不饱和脂肪酸的区别
BIOLOGY,糖类和脂质的相互转化,ATP与ADP可以相互转
BIOLOGY,糖类和脂质的相互转化,ATP与ADP的相互转化
BIOLOGY,糖类和脂质的相互转化,ATP与ADP相互转化的特点
BIOLOGY,糖类和脂质的相互转化,ATP和ADP的相互转化
BIOLOGY,糖类和脂质的相互转化,ATP和ADP的相互转化不
BIOLOGY,糖类和脂质的相互转化,ATP和ADP相互转化的能量供应机制
BIOLOGY,糖类和脂质的相互转化,固醇类物质的组成元素
BIOLOGY,糖类和脂质的相互转化,相互转化特点
BIOLOGY,糖类和脂质的相互转化,糖类与脂肪相互转化的程度差异
BIOLOGY,糖类和脂质的相互转化,糖类与脂质的相互转化
BIOLOGY,糖类和脂质的相互转化,细胞中糖类和脂质的转化（一）
BIOLOGY,糖类和脂质的相互转化,细胞中糖类和脂质的转化（二）
BIOLOGY,糖类和脂质的相互转化,脂质的分类与元素组成
BIOLOGY,糖类和脂质的相互转化,脂质的合成场所是内质网
BIOLOGY,糖类和脂质的相互转化,脂质的种类与功能：脂肪/磷脂/固醇
BIOLOGY,糖类和脂质的相互转化,转化过程（一）
BIOLOGY,糖类和脂质的相互转化,转化过程（二）
BIOLOGY,线粒体,内质网与线粒体紧密相依的功能意义
BIOLOGY,线粒体,动力车间”是线粒体
BIOLOGY,线粒体,在线粒体的内膜上和基质中含
BIOLOGY,线粒体,第二阶段：丙酮酸进入线粒体基质氧化为 CO2 与 [H]
BIOLOGY,线粒体,线粒体DNA为裸露的环状DNA
BIOLOGY,线粒体,线粒体不能直接利用葡萄糖
BIOLOGY,线粒体,线粒体与叶绿体悬浮液能否独立完成相应代谢的判定
BIOLOGY,线粒体,线粒体起源的内共生解释
BIOLOGY,线粒体,葡萄糖不能直接进入线粒体
BIOLOGY,组成细胞的元素,Mg是构成叶绿素的元素
BIOLOGY,组成细胞的元素,体液的组成
BIOLOGY,组成细胞的元素,因细胞中化学元素含量与细胞中
BIOLOGY,组成细胞的元素,如在细胞的鲜重中
BIOLOGY,组成细胞的元素,核酸的元素组成与功能定位
BIOLOGY,组成细胞的元素,根据核苷酸分子组成特点
BIOLOGY,组成细胞的元素,真核细胞的DNA主要分布在细胞核
BIOLOGY,组成细胞的元素,糖类的元素组成与分类
BIOLOGY,组成细胞的元素,糖类的元素组成与功能定位
BIOLOGY,组成细胞的元素,糖类的元素组成与功能总述
BIOLOGY,组成细胞的元素,组成细胞化学元素的作用和
BIOLOGY,组成细胞的元素,组成细胞化学元素的大量元素
BIOLOGY,组成细胞的元素,组成细胞的元素和·无机化合物
BIOLOGY,组成细胞的元素,组成细胞的元素和·有机化合物
BIOLOGY,组成细胞的元素,组成细胞的元素和化合物
BIOLOGY,组成细胞的元素,组成细胞的元素大多以化合物形式存在
BIOLOGY,组成细胞的元素,组成细胞的元素（一）
BIOLOGY,组成细胞的元素,组成细胞的元素（三）
BIOLOGY,组成细胞的元素,组成细胞的元素（二）
BIOLOGY,组成细胞的元素,组成细胞的化合物
BIOLOGY,组成细胞的元素,组成细胞的各种元素大多以化合物
BIOLOGY,组成细胞的元素,组成细胞的无机化合物和
BIOLOGY,组成细胞的元素,脂质的元素组成与功能定位
BIOLOGY,组成细胞的元素,脂质的元素组成与溶解性
BIOLOGY,组成细胞的元素,脂质的元素组成与理化特点
BIOLOGY,细胞中的元素,大豆脂肪与磷脂的元素辨析
BIOLOGY,细胞中的元素,糖类的元素组成
BIOLOGY,细胞中的元素,细胞中含量最多的四种元素
BIOLOGY,细胞中的化合物,干重中含量最多的化合物是蛋白质
BIOLOGY,细胞中的化合物,活细胞中含量最多的化合物
BIOLOGY,细胞中的化合物,活细胞中含量最多的化合物是水
BIOLOGY,细胞中的化合物,组成细胞的化学元素
BIOLOGY,细胞中的化合物,组成细胞的化学元素在无机自然界中都
BIOLOGY,细胞中的化合物,细胞中化合物的分类及功能定位
BIOLOGY,细胞中的化合物,细胞中的化合物依据
BIOLOGY,细胞中的化合物,细胞干重时含量最多的化合物
BIOLOGY,细胞中的无机盐,存在形式
BIOLOGY,细胞中的无机盐,无机盐的作用
BIOLOGY,细胞中的无机盐,无机盐的功
BIOLOGY,细胞中的无机盐,无机盐的功能：构成细胞成分、维持渗透压与酸碱平衡、酶激活
BIOLOGY,细胞中的无机盐,无机盐的存在形式
BIOLOGY,细胞中的无机盐,无机盐的存在形式与含量
BIOLOGY,细胞中的无机盐,无机盐的生理功能
BIOLOGY,细胞中的无机盐,正常情况下，细胞内自由水所占
BIOLOGY,细胞中的无机盐,水在细胞中以两种形式存在，绝
BIOLOGY,细胞中的无机盐,细胞中大多数无机盐以离子的形
BIOLOGY,细胞中的无机盐,细胞中常见的无机盐离子
BIOLOGY,细胞中的无机盐,细胞中的无机物
BIOLOGY,细胞中的无机盐,细胞中的无机盐·无机盐对于维持生物体
BIOLOGY,细胞中的无机盐,细胞中的无机盐·无机盐对于维持细胞的
BIOLOGY,细胞中的无机盐,细胞中的无机盐·无机盐是细胞必不可少
BIOLOGY,细胞中的无机盐,细胞中的无机盐·无机盐能调节人体的渗
BIOLOGY,细胞中的无机盐,细胞内的结合水的存在形式主要
BIOLOGY,细胞中的无机盐,细胞内结合水的存在形式主要是水与
BIOLOGY,细胞中的脂质,一种脂肪分子
BIOLOGY,细胞中的脂质,植物脂肪大多数含有不饱和脂肪酸
BIOLOGY,细胞中的脂质,磷脂与脂肪的不同之处在于，甘
BIOLOGY,细胞中的脂质,细胞中的脂质·分布
BIOLOGY,细胞中的脂质,细胞中的脂质·功能
BIOLOGY,细胞中的脂质,细胞中的脂质·种类及功能
BIOLOGY,细胞中的脂质,细胞中的脂质·结构组成
BIOLOGY,细胞中的脂质,胆固醇
BIOLOGY,细胞中的脂质,脂肪的作用
BIOLOGY,细胞中的脂质,脂肪的组成元素
BIOLOGY,细胞中的脂质,脂质元素组成
BIOLOGY,细胞中的脂质,脂质分子特点
BIOLOGY,细胞中的脂质,脂质功能
BIOLOGY,细胞中的脂质,脂质的分类和功
BIOLOGY,细胞免疫,免疫治疗：PD-1/PD-L1 阻断抗体恢复 T 细胞杀伤肿瘤
BIOLOGY,细胞免疫,初次免疫：浆细胞产生抗体较慢（第7-10天），记忆细胞留存
BIOLOGY,细胞免疫,细胞免疫的过程
BIOLOGY,细胞凋亡,细胞凋亡与坏死的形态学区别
BIOLOGY,细胞凋亡,细胞凋亡与细胞坏死的比较
BIOLOGY,细胞分化,细胞分化中基因的选择性表达
BIOLOGY,细胞分化,细胞分化及其意义
BIOLOGY,细胞分化,细胞分化及其意义·持久性
BIOLOGY,细胞分化,细胞分化及其意义·普遍性
BIOLOGY,细胞分化,细胞分化在三个水平上的标志
BIOLOGY,细胞分化,细胞分化的实质与结果
BIOLOGY,细胞分化,细胞分化的概念与特点
BIOLOGY,细胞分化,细胞生命历程类选择题的避错要点
BIOLOGY,细胞分化,表现细胞水平
BIOLOGY,细胞周期,中心体在细胞周期中的行为
BIOLOGY,细胞周期,分裂间期的特点与时长占比
BIOLOGY,细胞周期,动物细胞周期同步化的方法
BIOLOGY,细胞周期,细胞周期检验点
BIOLOGY,细胞周期,细胞周期检验点与细胞周期同步化（拓展）
BIOLOGY,细胞周期,细胞周期的四种表示方法
BIOLOGY,细胞周期,细胞周期的图形表示与判读
BIOLOGY,细胞周期,细胞周期的扇形图表示法
BIOLOGY,细胞周期,细胞周期的概念与分期
BIOLOGY,细胞周期,细胞周期的概念与条件
BIOLOGY,细胞周期,细胞周期的直线图与直方图表示法
BIOLOGY,细胞周期,细胞周期（一）
BIOLOGY,细胞周期,细胞周期（二）
BIOLOGY,细胞周期,细胞增殖易错判定汇总
BIOLOGY,细胞周期,细胞增殖（一）
BIOLOGY,细胞周期,细胞增殖（二）
BIOLOGY,细胞呼吸原理的应用,CRISPR/Cas9的应用与优点
BIOLOGY,细胞呼吸原理的应用,K/2 与 K 在渔业/资源利用中的应用（K/2 前捕捞、K/2 处捕捞产量最佳）
BIOLOGY,细胞呼吸原理的应用,K/2值的应用（捕捞与防治）
BIOLOGY,细胞呼吸原理的应用,K值理论在生产中的应用
BIOLOGY,细胞呼吸原理的应用,RT-PCR：逆转录PCR的原理与应用
BIOLOGY,细胞呼吸原理的应用,以“中耕松土”为例
BIOLOGY,细胞呼吸原理的应用,低温延长果蔬保鲜时间的原理
BIOLOGY,细胞呼吸原理的应用,多倍体育种的原理与应用
BIOLOGY,细胞呼吸原理的应用,性别比例在生产中的应用
BIOLOGY,细胞呼吸原理的应用,果蔬与种子储藏条件的差异
BIOLOGY,细胞呼吸原理的应用,种群研究的应用
BIOLOGY,细胞呼吸原理的应用,细胞呼吸原理的运用
BIOLOGY,细胞呼吸原理的应用,细胞呼吸原理（一）
BIOLOGY,细胞呼吸原理的应用,细胞呼吸原理（三）
BIOLOGY,细胞呼吸原理的应用,细胞呼吸原理（二）
BIOLOGY,细胞呼吸原理的应用,雄性不育系在杂交制种中的应用
BIOLOGY,细胞呼吸原理的应用,（5）遗传因素
BIOLOGY,细胞呼吸概念-实质和意义,生态位的概念与意义
BIOLOGY,细胞呼吸概念-实质和意义,细胞凋亡的概念、实例与意义
BIOLOGY,细胞呼吸概念-实质和意义,细胞凋亡的概念、类型与意义
BIOLOGY,细胞呼吸概念-实质和意义,细胞分化的概念、特点与实质
BIOLOGY,细胞呼吸概念-实质和意义,细胞呼吸概念
BIOLOGY,细胞呼吸概念-实质和意义,细胞呼吸的概念、实质与意义
BIOLOGY,细胞呼吸概念-实质和意义,细胞自噬的概念、类型与意义
BIOLOGY,细胞呼吸概念-实质和意义,细胞自噬的概念与意义
BIOLOGY,细胞呼吸概念-实质和意义,群落的概念与物种组成的意义
BIOLOGY,细胞呼吸的类型判断-规律方法,一个精原细胞产生的配子类型
BIOLOGY,细胞呼吸的类型判断-规律方法,产生 CO2 的三种可能呼吸组合
BIOLOGY,细胞呼吸的类型判断-规律方法,初生演替与次生演替的判断方法
BIOLOGY,细胞呼吸的类型判断-规律方法,单基因遗传病的类型、实例与特点
BIOLOGY,细胞呼吸的类型判断-规律方法,反射弧中传入神经与传出神经的判断方法
BIOLOGY,细胞呼吸的类型判断-规律方法,外源基因整合位置的判断方法
BIOLOGY,细胞呼吸的类型判断-规律方法,显隐性的判断方法
BIOLOGY,细胞呼吸的类型判断-规律方法,模型的类型与实例
BIOLOGY,细胞呼吸的类型判断-规律方法,物种的概念与隔离的类型
BIOLOGY,细胞呼吸的类型判断-规律方法,用同位素标记判断病毒核酸类型
BIOLOGY,细胞呼吸的类型判断-规律方法,由曲线判断三率的方法
BIOLOGY,细胞呼吸的类型判断-规律方法,鉴定DNA病毒与RNA病毒的方法
BIOLOGY,细胞增殖,杂交瘤细胞：B淋巴细胞（抗体）+骨髓瘤细胞（无限增殖）
BIOLOGY,细胞壁,支原体的特殊性
BIOLOGY,细胞壁,植物细胞末期细胞板扩展形成细胞壁
BIOLOGY,细胞壁,溶菌酶抗菌消炎的原理
BIOLOGY,细胞壁,细胞壁的成分、合成与特性
BIOLOGY,细胞学说,施莱登和施旺创建细胞学说
BIOLOGY,细胞学说,显微观察资料的积累——认识细
BIOLOGY,细胞学说,科学方法——归纳法
BIOLOGY,细胞学说,科学观察和归纳概括的结合——
BIOLOGY,细胞学说,细胞学说三个未涉及与两个统一了
BIOLOGY,细胞学说,细胞学说主要建立者
BIOLOGY,细胞学说,细胞学说及其建立·不完全归纳法
BIOLOGY,细胞学说,细胞学说及其建立·动物学家施旺
BIOLOGY,细胞学说,细胞学说及其建立·完全归纳法
BIOLOGY,细胞学说,细胞学说及其建立·德国的魏尔肖
BIOLOGY,细胞学说,细胞学说及其建立·意大利的马尔比基
BIOLOGY,细胞学说,细胞学说及其建立·植物学家施莱登
BIOLOGY,细胞学说,细胞学说及其建立·比利时的维萨里
BIOLOGY,细胞学说,细胞学说及其建立·法国的比夏
BIOLOGY,细胞学说,细胞学说及其建立·耐格里
BIOLOGY,细胞学说,细胞学说及其建立·英国的罗伯特·胡克
BIOLOGY,细胞学说,细胞学说及其建立·荷兰的列文虎克
BIOLOGY,细胞学说,细胞学说在修正中前进
BIOLOGY,细胞学说,细胞学说的三点主要内容
BIOLOGY,细胞学说,细胞学说的主要内容（三个要点）
BIOLOGY,细胞学说,细胞学说的内容
BIOLOGY,细胞学说,细胞学说的建立者与补充者
BIOLOGY,细胞学说,细胞学说的建立过程
BIOLOGY,细胞学说,细胞学说的建立运用不完全归纳法
BIOLOGY,细胞学说,细胞学说的意义
BIOLOGY,细胞学说,细胞学说的意义与局限
BIOLOGY,细胞学说,细胞学说的意义（一）
BIOLOGY,细胞学说,细胞学说的意义（二）
BIOLOGY,细胞学说,细胞学说的要点
BIOLOGY,细胞学说,细胞学说相关易错判定
BIOLOGY,细胞学说,细胞学说适用范围判定（只讲动植物）
BIOLOGY,细胞是基本的生命系统,“所有细胞生命活动所需能量主要来自线
BIOLOGY,细胞是基本的生命系统,一个细胞周期包括分裂间期和分裂期
BIOLOGY,细胞是基本的生命系统,从细胞学说要点可看出
BIOLOGY,细胞是基本的生命系统,多细胞植物没
BIOLOGY,细胞是基本的生命系统,多细胞的动物在生命系统
BIOLOGY,细胞是基本的生命系统,总结无论从结构上还
BIOLOGY,细胞是基本的生命系统,植物（如冷箭竹）没有系统层次
BIOLOGY,细胞是基本的生命系统,生命活动的基础（一）
BIOLOGY,细胞是基本的生命系统,生命活动的基础（二）
BIOLOGY,细胞是基本的生命系统,生命活动离不开细胞
BIOLOGY,细胞是基本的生命系统,生殖器官中精原细胞或卵原细胞
BIOLOGY,细胞是基本的生命系统,由一系列具体事实推出一般结论
BIOLOGY,细胞是基本的生命系统,由基因所决定的细胞自动结束生命的过程
BIOLOGY,细胞是基本的生命系统,病毒无酶系统、不能独立新陈代谢
BIOLOGY,细胞是基本的生命系统,细胞内的水分减少
BIOLOGY,细胞是基本的生命系统,细胞分化的原因是基因的选择性表达
BIOLOGY,细胞是基本的生命系统,细胞呈正方形
BIOLOGY,细胞是基本的生命系统,细胞周期是指连续分裂的细胞
BIOLOGY,细胞是基本的生命系统,细胞外液本质上是一种类似海水的盐溶液
BIOLOGY,细胞是基本的生命系统,细胞学说的主要内容
BIOLOGY,细胞是基本的生命系统,细胞学说的主要建立者
BIOLOGY,细胞是基本的生命系统,细胞是基本的生命·冷箭竹
BIOLOGY,细胞是基本的生命系统,细胞是基本的生命·叶
BIOLOGY,细胞是基本的生命系统,细胞是基本的生命·叶的保护组织
BIOLOGY,细胞是基本的生命系统,细胞是基本的生命·叶的表皮细胞
BIOLOGY,细胞是基本的生命系统,细胞是基本的生命·在一定区域内
BIOLOGY,细胞是基本的生命系统,细胞是基本的生命·在同一区域内
BIOLOGY,细胞是基本的生命系统,细胞是基本的生命·无
BIOLOGY,细胞是基本的生命系统,细胞是基本的生命·最大的生命系统
BIOLOGY,细胞是基本的生命系统,细胞是基本的生命·群落和它们所生活的无
BIOLOGY,细胞是基本的生命系统,细胞是生命活动的基本单位
BIOLOGY,细胞是基本的生命系统,细胞通过内环境与外界环境进行物质交换
BIOLOGY,细胞是基本的生命系统,解离的作用在于破坏细胞间质
BIOLOGY,细胞是基本的生命系统,首先发现并命名细胞的科学家
BIOLOGY,细胞生活的环境,下列生理过程发生的场所
BIOLOGY,细胞生活的环境,不同细胞生活的内环境
BIOLOGY,细胞生活的环境,人体内的细胞与外界环境之间进行物质交
BIOLOGY,细胞生活的环境,体液包括细胞内液和细胞外液
BIOLOGY,细胞生活的环境,各类细胞生活的内环境
BIOLOGY,细胞生活的环境,组成成分、血浆、组织液、淋巴液
BIOLOGY,细胞生活的环境,细胞、生活的内环境
BIOLOGY,细胞生活的环境,细胞、生活的内环境（续）
BIOLOGY,细胞生活的环境,细胞代谢主要发生在细胞内
BIOLOGY,细胞生活的环境,葡萄糖和氧气进入组织细胞
BIOLOGY,细胞生活的环境,血浆是血细胞生活的液体环境
BIOLOGY,细胞的全能性,干细胞（一）
BIOLOGY,细胞的全能性,干细胞（二）
BIOLOGY,细胞的全能性,细胞全
BIOLOGY,细胞的全能性,细胞的全能性（一）
BIOLOGY,细胞的全能性,细胞的全能性（三）
BIOLOGY,细胞的全能性,细胞的全能性（二）
BIOLOGY,细胞的分化与全能性,不同细胞全能性大小的比较
BIOLOGY,细胞的分化与全能性,二次免疫：记忆细胞快速增殖分化，产生大量抗体更快更持久
BIOLOGY,细胞的分化与全能性,具有全能性
BIOLOGY,细胞的分化与全能性,植物细胞全能性的概念与原因
BIOLOGY,细胞的分化与全能性,植物细胞全能性表达的条件
BIOLOGY,细胞的分化与全能性,植物细胞表现全能性的条件
BIOLOGY,细胞的分化与全能性,激素受体的分布位置
BIOLOGY,细胞的分化与全能性,细胞全能性强弱的比较规律
BIOLOGY,细胞的分化与全能性,细胞全能性的概念与原因
BIOLOGY,细胞的分化与全能性,细胞全能性高低的比较
BIOLOGY,细胞的分化与全能性,细胞分化与全能性易错判定汇总
BIOLOGY,细胞的分化与全能性,细胞核全能性的表达
BIOLOGY,细胞的多样性和统一性,1.不明确显微镜成像原理
BIOLOGY,细胞的多样性和统一性,DNA分子的多样性、特异性和稳定性
BIOLOGY,细胞的多样性和统一性,DNA分子的多样性与特异性
BIOLOGY,细胞的多样性和统一性,DNA分子的稳定性、多样性和特异性
BIOLOGY,细胞的多样性和统一性,RNA的功能多样性
BIOLOGY,细胞的多样性和统一性,代谢旺盛细胞的形态特征
BIOLOGY,细胞的多样性和统一性,区分原核生物和真核生物的主要依据
BIOLOGY,细胞的多样性和统一性,原来目镜10×物镜10×，现
BIOLOGY,细胞的多样性和统一性,原核生物
BIOLOGY,细胞的多样性和统一性,原核生物和真核生物的统一性体现在都具
BIOLOGY,细胞的多样性和统一性,原核生物无细胞核
BIOLOGY,细胞的多样性和统一性,原核细胞与真核细胞的主要区别
BIOLOGY,细胞的多样性和统一性,原核细胞和真核细胞的根本区别
BIOLOGY,细胞的多样性和统一性,受精时精卵随机结合增加多样性
BIOLOGY,细胞的多样性和统一性,在视野右上角看到一个细胞，要
BIOLOGY,细胞的多样性和统一性,常见的蓝细菌
BIOLOGY,细胞的多样性和统一性,干细胞的概念与类型
BIOLOGY,细胞的多样性和统一性,必须先用低倍镜观察清楚后
BIOLOGY,细胞的多样性和统一性,换用高倍镜前必须先用低倍镜找
BIOLOGY,细胞的多样性和统一性,换用高倍镜的正确操作
BIOLOGY,细胞的多样性和统一性,显微镜的目镜10×物镜40×
BIOLOGY,细胞的多样性和统一性,最小、最简单的单细胞生物
BIOLOGY,细胞的多样性和统一性,核酸的多样性与功能
BIOLOGY,细胞的多样性和统一性,氨基酸功能的多样性
BIOLOGY,细胞的多样性和统一性,激素选择性作用于靶细胞的机制
BIOLOGY,细胞的多样性和统一性,物像移动与装片移动的关系
BIOLOGY,细胞的多样性和统一性,物镜越长，放大倍数越大，目镜
BIOLOGY,细胞的多样性和统一性,生物界与非生物界元素的统一性和差异性
BIOLOGY,细胞的多样性和统一性,生物界与非生物界的统一性和差异性
BIOLOGY,细胞的多样性和统一性,由低倍镜换到高倍镜
BIOLOGY,细胞的多样性和统一性,癌细胞的特征
BIOLOGY,细胞的多样性和统一性,癌细胞的细胞器与膜特点
BIOLOGY,细胞的多样性和统一性,真核生物
BIOLOGY,细胞的多样性和统一性,神经递质作用的多样性
BIOLOGY,细胞的多样性和统一性,精细胞的变形
BIOLOGY,细胞的多样性和统一性,细胞多样性和统一性的体现
BIOLOGY,细胞的多样性和统一性,细胞多样性的体现与原因
BIOLOGY,细胞的多样性和统一性,细胞多样性的原因
BIOLOGY,细胞的多样性和统一性,细胞统一性与多样性的原因
BIOLOGY,细胞的多样性和统一性,细胞统一性的五个表现
BIOLOGY,细胞的多样性和统一性,细胞统一性的表现
BIOLOGY,细胞的多样性和统一性,蓝细菌细胞
BIOLOGY,细胞的多样性和统一性,蓝细菌细胞内
BIOLOGY,细胞的多样性和统一性,衰老细胞会影响个体的表现，个
BIOLOGY,细胞的多样性和统一性,酶在活细胞中产生
BIOLOGY,细胞的多样性和统一性,（4)原核细胞具有多样性和统一性
BIOLOGY,细胞的死亡,HAT 选择培养基筛选：未融合与同种融合细胞死亡，只有杂交瘤存活
BIOLOGY,细胞的死亡,细胞凋亡（一）
BIOLOGY,细胞的死亡,细胞凋亡（三）
BIOLOGY,细胞的死亡,细胞凋亡（二）
BIOLOGY,细胞的死亡,细胞坏死
BIOLOGY,细胞的死亡,细胞死亡方式
BIOLOGY,细胞的死亡,细胞的铁死亡
BIOLOGY,细胞的死亡,细胞自噬（一）
BIOLOGY,细胞的死亡,细胞自噬（二）
BIOLOGY,细胞的死亡,铁死亡的特征
BIOLOGY,细胞的统一性,原核细胞与真核细胞的统一性
BIOLOGY,细胞的统一性,生物界与无机自然界元素的统一性与差异性
BIOLOGY,细胞的统一性,细胞统一性的表现
BIOLOGY,细胞膜-质膜-的功能,mRNA、tRNA、rRNA的功能分工
BIOLOGY,细胞膜-质膜-的功能,三种固醇的功能
BIOLOGY,细胞膜-质膜-的功能,主要免疫细胞的功能
BIOLOGY,细胞膜-质膜-的功能,常见元素的功能及缺乏症速查
BIOLOGY,细胞膜-质膜-的功能,引物3′端与5′端的功能差异
BIOLOGY,细胞膜-质膜-的功能,核孔复合体的功能特点
BIOLOGY,细胞膜-质膜-的功能,核孔的功能与物质进出特点
BIOLOGY,细胞膜-质膜-的功能,核膜、核孔、核仁的功能特点
BIOLOGY,细胞膜-质膜-的功能,血钙的功能与含量异常表现
BIOLOGY,细胞膜成分和结构的探究历程,DNA与RNA在组成和结构上的区别
BIOLOGY,细胞膜成分和结构的探究历程,DNA结构模型构建的探索成果
BIOLOGY,细胞膜成分和结构的探究历程,动态结构模型的提出
BIOLOGY,细胞膜成分和结构的探究历程,动植物细胞亚显微结构的区别与共有结构
BIOLOGY,细胞膜成分和结构的探究历程,对细胞膜结构的探·方法
BIOLOGY,细胞膜成分和结构的探究历程,对细胞膜结构的探·模型名称
BIOLOGY,细胞膜成分和结构的探究历程,对细胞膜结构的探·科学家
BIOLOGY,细胞膜成分和结构的探究历程,对细胞膜结构的探·结果
BIOLOGY,细胞膜成分和结构的探究历程,对细胞膜结构的探·这一实验及相关的其他
BIOLOGY,细胞膜成分和结构的探究历程,年龄结构的类型与意义
BIOLOGY,细胞膜成分和结构的探究历程,成分或结构、时期、原因
BIOLOGY,细胞膜成分和结构的探究历程,新技术带来新模型
BIOLOGY,细胞膜成分和结构的探究历程,细胞膜成分
BIOLOGY,细胞膜成分和结构的探究历程,细胞膜成分与结构探索的关键结论
BIOLOGY,细胞膜成分和结构的探究历程,细胞膜成分与结构的探索历程
BIOLOGY,细胞膜成分和结构的探究历程,细胞膜成分探索的科学史实验
BIOLOGY,细胞膜成分和结构的探究历程,细胞膜成分的鉴定方法
BIOLOGY,细胞膜成分和结构的探究历程,细胞膜的成分
BIOLOGY,细胞膜成分和结构的探究历程,细胞膜结构与功能的探究设计
BIOLOGY,细胞膜成分和结构的探究历程,胆固醇的两项主要功能
BIOLOGY,细胞膜成分和结构的探究历程,静态结构模型的提出（一）
BIOLOGY,细胞膜成分和结构的探究历程,静态结构模型的提出（二）
BIOLOGY,细胞膜的结构和功能,ATP的结构
BIOLOGY,细胞膜的结构和功能,ATP的结构简式
BIOLOGY,细胞膜的结构和功能,HIV破坏辅助性T细胞导致免疫监视等功能丧失
BIOLOGY,细胞膜的结构和功能,tRNA的结构与功能（反密码子）
BIOLOGY,细胞膜的结构和功能,不同细胞膜的主要成分都是蛋白质和磷脂
BIOLOGY,细胞膜的结构和功能,中心体的结构与功能
BIOLOGY,细胞膜的结构和功能,从哺乳动物成熟的红细胞、原核
BIOLOGY,细胞膜的结构和功能,具有双层膜的细胞结构
BIOLOGY,细胞膜的结构和功能,内质网的结构与功能
BIOLOGY,细胞膜的结构和功能,制备细胞膜一般选用哺乳动物成
BIOLOGY,细胞膜的结构和功能,原生质层的组成与功能
BIOLOGY,细胞膜的结构和功能,原生质层相当于半透膜：细胞膜+液泡膜+两膜间的细胞质
BIOLOGY,细胞膜的结构和功能,叶绿体的结构与功能
BIOLOGY,细胞膜的结构和功能,哺乳动物成熟红细胞的结构与代谢特点
BIOLOGY,细胞膜的结构和功能,在活细胞中
BIOLOGY,细胞膜的结构和功能,对细胞主要由磷脂双分子层构成的原因
BIOLOGY,细胞膜的结构和功能,欧文顿实验推测细胞膜
BIOLOGY,细胞膜的结构和功能,油脂的表面如果吸附
BIOLOGY,细胞膜的结构和功能,液泡的结构与功能
BIOLOGY,细胞膜的结构和功能,溶酶体与液泡的结构和功能
BIOLOGY,细胞膜的结构和功能,溶酶体的结构与功能
BIOLOGY,细胞膜的结构和功能,糖类按功能的分类
BIOLOGY,细胞膜的结构和功能,线粒体嵴与叶绿体基粒的结构功能因果链
BIOLOGY,细胞膜的结构和功能,线粒体的结构与功能
BIOLOGY,细胞膜的结构和功能,细胞是生物体结构和功能的基本单位
BIOLOGY,细胞膜的结构和功能,细胞结构与功能相适应的实例
BIOLOGY,细胞膜的结构和功能,细胞结构分析类试题的答题模板
BIOLOGY,细胞膜的结构和功能,细胞膜
BIOLOGY,细胞膜的结构和功能,细胞膜上五种常考膜蛋白及功能
BIOLOGY,细胞膜的结构和功能,细胞膜不是静止不动
BIOLOGY,细胞膜的结构和功能,细胞膜中蛋白质约占40%与功能复杂性
BIOLOGY,细胞膜的结构和功能,细胞膜主要
BIOLOGY,细胞膜的结构和功能,细胞膜具有控制物质进出细胞的功能
BIOLOGY,细胞膜的结构和功能,细胞膜的三大功
BIOLOGY,细胞膜的结构和功能,细胞膜的三大功能
BIOLOGY,细胞膜的结构和功能,细胞膜的三大功能与信息交流方式
BIOLOGY,细胞膜的结构和功能,细胞膜的主要成分是脂质和蛋白质
BIOLOGY,细胞膜的结构和功能,细胞膜的功能
BIOLOGY,细胞膜的结构和功能,细胞膜的功能特点：选择透过性
BIOLOGY,细胞膜的结构和功能,细胞膜的功能（一）
BIOLOGY,细胞膜的结构和功能,细胞膜的功能（三）
BIOLOGY,细胞膜的结构和功能,细胞膜的功能（二）
BIOLOGY,细胞膜的结构和功能,细胞膜的外表面
BIOLOGY,细胞膜的结构和功能,细胞膜的成分及特点
BIOLOGY,细胞膜的结构和功能,细胞膜的流动性是由于组成细胞膜
BIOLOGY,细胞膜的结构和功能,细胞膜的结构特性是具有流动性
BIOLOGY,细胞膜的结构和功能,细胞膜的结构特点
BIOLOGY,细胞膜的结构和功能,细胞膜的结构特点：具有一定的流动性
BIOLOGY,细胞膜的结构和功能,细胞膜的选择透过性及原因
BIOLOGY,细胞膜的结构和功能,细胞膜结构的电镜照片
BIOLOGY,细胞膜的结构和功能,细胞间信息交流不一定
BIOLOGY,细胞膜的结构和功能,细胞间信息交流的方式多种多样
BIOLOGY,细胞膜的结构和功能,结构与功能观之一定、不一定、一定不归纳
BIOLOGY,细胞膜的结构和功能,结构特点与功能特点的关系
BIOLOGY,细胞膜的结构和功能,罗伯特森在电镜下看到了细胞膜
BIOLOGY,细胞膜的结构和功能,肿瘤免疫逃逸：肿瘤细胞 PD-L1 与 T 细胞 PD-1 结合抑制 T 细胞杀伤功能
BIOLOGY,细胞膜的结构和功能,脂肪的结构与功能
BIOLOGY,细胞膜的结构和功能,自由水与结合水的存在形式和功能
BIOLOGY,细胞膜的结构和功能,蛋白质在细胞膜行使功
BIOLOGY,细胞膜的结构和功能,鉴定动物细胞
BIOLOGY,细胞膜的结构和功能,高尔基体的结构与功能
BIOLOGY,细胞膜的结构和功能,高尔基体的结构与动植物功能差异
BIOLOGY,细胞衰老,细胞衰老在个体上的表现
BIOLOGY,细胞衰老,细胞衰老的原因（一）
BIOLOGY,细胞衰老,细胞衰老的原因（二）
BIOLOGY,细胞衰老,细胞衰老的特征
BIOLOGY,细胞衰老,细胞衰老的特征（一）
BIOLOGY,细胞衰老,细胞衰老的特征（三）
BIOLOGY,细胞衰老,细胞衰老的特征（二）
BIOLOGY,细胞衰老,细胞衰老的端粒学说
BIOLOGY,细胞衰老,细胞衰老的端粒学说与端粒酶
BIOLOGY,细胞衰老,细胞衰老的结果
BIOLOGY,细胞衰老,细胞衰老的自由基学说
BIOLOGY,细胞衰老,细胞衰老的过程
BIOLOGY,细胞骨架,细胞质基质与细胞骨架
BIOLOGY,细胞骨架,细胞骨架的组成与功能
BIOLOGY,细胞骨架,细胞骨架：维持细胞形态与内部运动（微丝微管）
BIOLOGY,结束后-应将耐药菌-培养基-纸片等进行高温灭菌处理-防止对环境造成污染,培养基的分类
BIOLOGY,结束后-应将耐药菌-培养基-纸片等进行高温灭菌处理-防止对环境造成污染,鉴别培养基与指示剂的使用
BIOLOGY,群落的主要类型及群落的演替,垂直结构涉及的是群落中“不同物种”在
BIOLOGY,群落的主要类型及群落的演替,性别决定的主要类型
BIOLOGY,群落的主要类型及群落的演替,我国森林群落从北到南的分布类型
BIOLOGY,群落的主要类型及群落的演替,根据群落的外貌和物种组成等方面的差异
BIOLOGY,群落的主要类型及群落的演替,森林为动物提供了丰富的食物和栖息场所
BIOLOGY,群落的主要类型及群落的演替,火灾后森林的演替类型
BIOLOGY,群落的主要类型及群落的演替,现代生物进化理论的主要内容及新发展
BIOLOGY,群落的主要类型及群落的演替,生态位是指一个物种在群落中
BIOLOGY,群落的主要类型及群落的演替,群落演替的概念与两种类型
BIOLOGY,群落的主要类型及群落的演替,群落的主要种间关系
BIOLOGY,群落的主要类型及群落的演替,群落的主要类型与生物适应性
BIOLOGY,群落的主要类型及群落的演替,群落的主要类型及其特征
BIOLOGY,群落的主要类型及群落的演替,草原主要分布在半干旱地区
BIOLOGY,群落的主要类型及群落的演替,荒漠中的生物具有耐旱的特性
BIOLOGY,群落的主要类型及群落的演替,调查某种植物或活动范围较小
BIOLOGY,群落的演替,人类活动往往使群落演替按照不同于自然
BIOLOGY,群落的演替,初生演替是指在一个从来没有被植物覆盖
BIOLOGY,群落的演替,方向、简单→复杂→稳定、复杂→简单→稳定
BIOLOGY,群落的演替,演替过程中一些种群取代另一些种群
BIOLOGY,群落的演替,群落相关易错辨析
BIOLOGY,群落的演替,裸岩上的演替要经历地衣阶段
BIOLOGY,群落的演替,随着时间的推移
BIOLOGY,群落的演替,（演替过程中一个群落取代另一个群落
BIOLOGY,群落的结构,土壤小动物对动植物遗体
BIOLOGY,群落的结构,在相同时间聚集在一定地域中
BIOLOGY,群落的结构,常用的统计物种相对数量的方法有两种
BIOLOGY,群落的结构,捕食和竞争都是不利
BIOLOGY,群落的结构,森林群落的分层现象
BIOLOGY,群落的结构,每个物种都有自己在群落中的地位或作用
BIOLOGY,群落的结构,种间关系主要有原始合作（互惠）
BIOLOGY,群落的结构,群落中每种生物都占据着相对稳定
BIOLOGY,群落的结构,群落的垂直结构
BIOLOGY,群落的结构,群落的季节性
BIOLOGY,群落的结构,群落的季节性变化
BIOLOGY,群落的结构,群落的概念与物种丰富度
BIOLOGY,群落的结构,群落的概念与物种组成
BIOLOGY,群落的结构,群落的概念：一定区域所有生物种群集合
BIOLOGY,群落的结构,群落的水平结构
BIOLOGY,群落的结构,群落的空间结构包括垂直结构和
BIOLOGY,群落的结构,群落的结构特征不仅表现在垂直方向上
BIOLOGY,群落的结构,若两种生物的最大数量有明显差异
BIOLOGY,育种,六种育种方式的原理、优缺点比较
BIOLOGY,育种,杂交育种的原理、过程与优缺点
BIOLOGY,育种,杂交育种的原理与优缺点
BIOLOGY,育种,诱变育种的原理与优缺点
BIOLOGY,肺炎链球菌转化实验,1944年
BIOLOGY,肺炎链球菌转化实验,S型与R型肺炎链球菌的区别
BIOLOGY,肺炎链球菌转化实验,并非所有的R型细菌都转化为S型细菌
BIOLOGY,肺炎链球菌转化实验,格里菲思体内转化实验
BIOLOGY,肺炎链球菌转化实验,格里菲思实验仅能证明S型细菌中
BIOLOGY,肺炎链球菌转化实验,格里菲思的体内转化实验
BIOLOGY,肺炎链球菌转化实验,肺炎链球菌R型与S型的区别
BIOLOGY,肺炎链球菌转化实验,肺炎链球菌体内转化实验不能简单地说成
BIOLOGY,肺炎链球菌转化实验,肺炎链球菌有两类
BIOLOGY,肺炎链球菌转化实验,肺炎链球菌转化的实质
BIOLOGY,肺炎链球菌转化实验,肺炎链球菌转化的实质是基因重组
BIOLOGY,肺炎链球菌转化实验,肺炎链球菌转化的机理（拓展）
BIOLOGY,肺炎链球菌转化实验,艾弗里体外转化实验
BIOLOGY,肺炎链球菌转化实验,艾弗里的体外转化实验
BIOLOGY,胚胎工程,从从输卵管中冲取的卵母细胞卵子
BIOLOGY,胚胎工程,哺乳动物的体外受精技术主要包括卵母细
BIOLOGY,胚胎工程,在自然条件下
BIOLOGY,胚胎工程,成熟的精子并不代表具有受精能力
BIOLOGY,胚胎工程,滋养层≠饲养层
BIOLOGY,胚胎工程,精子入卵后
BIOLOGY,胚胎工程,胚胎分割所需要的主要仪器设备
BIOLOGY,胚胎工程,胚胎工程是指对生殖细胞
BIOLOGY,胚胎工程,胚胎移植实质上是早期胚胎在
BIOLOGY,胚胎工程,胚胎移植是指将通过体外受精及其他方式
BIOLOGY,胚胎工程,胚胎移植的胚胎来源及生殖方式辨析
BIOLOGY,胚胎工程,超数排卵处理中使用
BIOLOGY,胚胎工程,防止多精入卵的两道屏障
BIOLOGY,胞吐,胞吐不只运输大分子物质
BIOLOGY,胞吞,胞吞和胞吐
BIOLOGY,胰岛素,影响胰岛素分泌的信号分子有葡萄糖
BIOLOGY,胰岛素,某种胰岛素的二硫键
BIOLOGY,胰岛素,饲喂法只适用于不被消化道破坏的激素（性激素可、胰岛素不可）
BIOLOGY,胰高血糖素,易错：胰高血糖素不能促进肌糖原分解升血糖
BIOLOGY,胰高血糖素,胰岛素与胰高血糖素的作用及相互关系
BIOLOGY,能量流动,吸能反应、放能反应与ATP的能量流通
BIOLOGY,能量流动,帮助人们将生物在时间
BIOLOGY,能量流动,未利用”是指未被自身呼吸作用消耗
BIOLOGY,能量流动,能量流动特点一：单向流动（不能逆流、不能循环）
BIOLOGY,能量流动,能量流动特点二：逐级递减（每级约10%-20%传递）
BIOLOGY,能量流动,能量流动的特点
BIOLOGY,能量流动,能量流动的特点（单向流动、逐级递减）
BIOLOGY,能量流动,能量流动的输入与输出守恒：输入=单向流动+消耗+未被利用
BIOLOGY,能量流动,能量流动的过程（输入、传递、转化、散失）
BIOLOGY,脂质,因由磷脂双分子层构成的脂质体
BIOLOGY,脂质,常见的脂质
BIOLOGY,脂质,常见的脂质有脂肪、磷脂和固醇等
BIOLOGY,脂质,脂质存在于所
BIOLOGY,脂质,苏丹Ⅲ染液只能将脂肪染成橘黄色（脂质范围内）
BIOLOGY,脱水缩合,二糖由两分子单糖脱水缩合而成
BIOLOGY,脱水缩合,二糖：由两个单糖脱水缩合而成（蔗糖/麦芽糖/乳糖）
BIOLOGY,脱水缩合,形成方式
BIOLOGY,脱水缩合,水解和脱水缩合的过程相反
BIOLOGY,脱水缩合,肽键：氨基酸之间脱水缩合形成的连接键（-CO-NH-）
BIOLOGY,脱水缩合,脱水缩合与肽键的形成
BIOLOGY,膜电位的测量及电表指针偏转的判断,动作电位：Na+ 通道开放、Na+ 内流使膜电位变为外负内正
BIOLOGY,膜电位的测量及电表指针偏转的判断,复极化：K+ 通道开放、K+ 外流使膜电位恢复外正内负
BIOLOGY,膜电位的测量及电表指针偏转的判断,膜电位的测量与电表指针偏转的判断
BIOLOGY,膜的流动镶嵌模型,易错：囊泡运输依赖膜的流动性
BIOLOGY,膜的流动镶嵌模型,流动镶嵌模型的基本内容
BIOLOGY,膜的流动镶嵌模型,流动镶嵌模型的基本内容（一）
BIOLOGY,膜的流动镶嵌模型,流动镶嵌模型的基本内容（二）
BIOLOGY,膜的流动镶嵌模型,生物膜的功
BIOLOGY,膜的流动镶嵌模型,生物膜的结构特点——具
BIOLOGY,自交和自由交配的概率计算,某种群的所有个体自交
BIOLOGY,自交和自由交配的概率计算,自由交配时
BIOLOGY,自交和自由交配的概率计算,自由交配的概率计算方法
BIOLOGY,自然选择,人工选择和自然选择的比较（1）区别
BIOLOGY,自然选择,共同由来学说和自然选择学说属于达尔文
BIOLOGY,自然选择,在自然选择过程中
BIOLOGY,自然选择,用达尔文观点解释长颈鹿脖子长
BIOLOGY,自然选择,自然选择作用的对象层次
BIOLOGY,自然选择,自然选择决定生物进化的方向
BIOLOGY,自然选择,自然选择对种群基因频率变化的影响
BIOLOGY,自然选择,达尔文生物进化论的两大学说
BIOLOGY,自然选择,达尔文生物进化论的两大组成
BIOLOGY,自然选择,达尔文自然选择学说的主要内容
BIOLOGY,自然选择,达尔文自然选择学说的内容、意义与不足
BIOLOGY,自然选择,达尔文自然选择学说的内容与不足
BIOLOGY,自然选择,达尔文进化论的两大学说
BIOLOGY,自然选择,适应是自然选择的结果
BIOLOGY,自由扩散,自由扩散和协助扩散（一）
BIOLOGY,自由扩散,自由扩散和协助扩散（三）
BIOLOGY,自由扩散,自由扩散和协助扩散（二）
BIOLOGY,自由扩散,自由扩散：脂溶性/小分子顺浓度梯度直接穿膜，不耗能、不需载体
BIOLOGY,自由扩散,酒精等脂溶性小分子以自由扩散出膜
BIOLOGY,自由组合定律,1909年
BIOLOGY,自由组合定律,基因重组：减 I 前期交叉互换与减 I 后期自由组合，产生新基因型
BIOLOGY,自由组合定律,对自由组合现象解释的假说要点
BIOLOGY,自由组合定律,拆分法求解自由组合计算
BIOLOGY,自由组合定律,用测交验证自由组合定律
BIOLOGY,自由组合定律,自由组合基础比例框架：F1 自交 9:3:3:1、测交 1:1:1:1
BIOLOGY,自由组合定律,自由组合定律实质
BIOLOGY,自由组合定律,自由组合定律易错判定汇总
BIOLOGY,自由组合定律,自由组合定律：非同源染色体非等位基因自由组合进入配子
BIOLOGY,自由组合定律,自由组合现象的假说解释
BIOLOGY,自由组合定律,进行有性生殖的真核生物的遗传
BIOLOGY,自由组合定律中的特殊分离比问题分析,9：3：3：1的变式分析
BIOLOGY,自由组合定律中的特殊分离比问题分析,XXY与XYY异常个体的成因分析
BIOLOGY,自由组合定律中的特殊分离比问题分析,分离定律中的特殊现象（致死、从性遗传、复等位基因等）
BIOLOGY,自由组合定律中的特殊分离比问题分析,分离定律中的致死与从性遗传等特殊情形
BIOLOGY,自由组合定律中的特殊分离比问题分析,分离定律中的致死问题
BIOLOGY,自由组合定律中的特殊分离比问题分析,显性累加效应的F2分离比
BIOLOGY,自由组合定律中的特殊分离比问题分析,特殊分离比判据：子代比例之和等于 16 即遵循自由组合定律
BIOLOGY,自由组合定律中的特殊分离比问题分析,特殊分离比解题总策略：和=16 定独立遗传、合并同类项、测交验证
BIOLOGY,自由组合定律中的特殊分离比问题分析,自由交配问题的三种算法
BIOLOGY,自由组合定律中的特殊分离比问题分析,致死类自由组合问题的分析方法
BIOLOGY,自由组合定律的解题规律及方法,n对等位基因自由组合的规律
BIOLOGY,自由组合定律的解题规律及方法,自由组合定律的实质与适用范围
BIOLOGY,自由组合定律的解题规律及方法,自由组合定律的测交验证
BIOLOGY,自由组合定律的解题规律及方法,自由组合定律的验证方法
BIOLOGY,自由组合定律的解题规律及方法,验证自由组合定律的四种实验方法
BIOLOGY,自由组合定律的解题规律及方法,验证自由组合定律的四种方法
BIOLOGY,色素,绿叶中色素的提取和分离”实验
BIOLOGY,蛋白质,35S（标记蛋白质）和
BIOLOGY,蛋白质,核酸多糖蛋白质合成都产生水
BIOLOGY,蛋白质,糖蛋白指一些多糖与蛋白质的复合体
BIOLOGY,蛋白质,蛋白质分子以不同方式镶嵌在
BIOLOGY,蛋白质,蛋白质是生命活动的主要承担者
BIOLOGY,蛋白质,蛋白质的检测和观察实验中
BIOLOGY,蛋白质,蛋白质种类繁多的原因
BIOLOGY,蛋白质,蛋白质经高温处理后变性失活
BIOLOGY,蛋白质,蛋白质＋双缩脲试剂 →紫色
BIOLOGY,蛋白质,镶嵌在膜上的一些特殊的蛋白质
BIOLOGY,蛋白质,项目、还原糖、脂肪、蛋白质、淀粉
BIOLOGY,蛋白质工程,蛋白质工程是指以蛋白质分子
BIOLOGY,蛋白质工程,蛋白质工程的基本思路
BIOLOGY,蛋白质的基本单位-氨基酸,DNA 的基本单位：脱氧核苷酸（磷酸+脱氧核糖+碱基）
BIOLOGY,蛋白质的基本单位-氨基酸,DNA、RNA与蛋白质的组成比较
BIOLOGY,蛋白质的基本单位-氨基酸,RNA 的基本单位：核糖核苷酸（磷酸+核糖+碱基A/U/C/G）
BIOLOGY,蛋白质的基本单位-氨基酸,mRNA上3个相邻的碱基决定1个氨基
BIOLOGY,蛋白质的基本单位-氨基酸,从氨基酸到蛋白质的形成层次
BIOLOGY,蛋白质的基本单位-氨基酸,写出结构式:-NH2氨基
BIOLOGY,蛋白质的基本单位-氨基酸,在人体中组成蛋白质的氨基酸
BIOLOGY,蛋白质的基本单位-氨基酸,实验设计的基本原则
BIOLOGY,蛋白质的基本单位-氨基酸,并不是所有的密码子都决定氨基酸
BIOLOGY,蛋白质的基本单位-氨基酸,标记噬菌体的基本操作思路
BIOLOGY,蛋白质的基本单位-氨基酸,核糖体是氨基酸脱水缩合形成蛋白质
BIOLOGY,蛋白质的基本单位-氨基酸,核酸的基本单位
BIOLOGY,蛋白质的基本单位-氨基酸,氨基酸是组成蛋白质的基本单位
BIOLOGY,蛋白质的基本单位-氨基酸,氨基酸的种类组成人体蛋白质的氨基酸
BIOLOGY,蛋白质的基本单位-氨基酸,氨基酸的结构（一）
BIOLOGY,蛋白质的基本单位-氨基酸,氨基酸的结构（二）
BIOLOGY,蛋白质的基本单位-氨基酸,氨基酸的运输方式
BIOLOGY,蛋白质的基本单位-氨基酸,氨基酸：蛋白质的基本组成单位（约20种，含氨基羧基）
BIOLOGY,蛋白质的基本单位-氨基酸,由多个氨基酸缩合而成的，含
BIOLOGY,蛋白质的基本单位-氨基酸,病毒一般由核酸和蛋白质组成
BIOLOGY,蛋白质的基本单位-氨基酸,碱基对替换对蛋白质的影响较小
BIOLOGY,蛋白质的基本单位-氨基酸,蛋白质多样性的直接与根本原因
BIOLOGY,蛋白质的基本单位-氨基酸,蛋白质的结构层次：氨基酸→肽链→折叠形成空间结构
BIOLOGY,蛋白质的结构及其多样性,噬菌体实验的结论与DNA作为遗传物质的特点
BIOLOGY,蛋白质的结构及其多样性,染色体的结构：DNA + 蛋白质（染色质丝）在分裂期螺旋化浓缩
BIOLOGY,蛋白质的结构及其多样性,核糖体的结构与功能
BIOLOGY,蛋白质的结构及其多样性,氨基酸形成蛋白质过程（一）
BIOLOGY,蛋白质的结构及其多样性,氨基酸形成蛋白质过程（二）
BIOLOGY,蛋白质的结构及其多样性,病毒无细胞结构、必须寄生活细胞
BIOLOGY,蛋白质的结构及其多样性,病毒的结构组成与分类
BIOLOGY,蛋白质的结构及其多样性,结构多样性与功能多样性的关系
BIOLOGY,蛋白质的结构及其多样性,结构多样性原因
BIOLOGY,蛋白质的结构及其多样性,蛋白质变性的本质（空间结构破坏、肽键不断）
BIOLOGY,蛋白质的结构及其多样性,蛋白质的变性：条件与肽键关系
BIOLOGY,蛋白质的结构及其多样性,蛋白质的结构层次
BIOLOGY,蛋白质的结构及其多样性,蛋白质结构多样性的原因
BIOLOGY,蛋白质相关计算题的总结,DNA半保留复制的相关计算
BIOLOGY,蛋白质相关计算题的总结,多肽水解的相关计算
BIOLOGY,蛋白质相关计算题的总结,蛋白质中游离氨基和羧基数目的计算
BIOLOGY,蛋白质相关计算题的总结,蛋白质中游离氨基羧基数计算
BIOLOGY,蛋白质相关计算题的总结,蛋白质原子守恒计算方法
BIOLOGY,蛋白质相关计算题的总结,蛋白质水解的相关计算
BIOLOGY,蛋白质相关计算题的总结,蛋白质相关计算规律
BIOLOGY,被动运输,有些小分子物质
BIOLOGY,被动运输,浓度差对被动运输速率的影响
BIOLOGY,被动运输,自由扩散和协助扩散都是顺浓度梯度运输
BIOLOGY,被动运输,被动运输：自由扩散与协助扩散
BIOLOGY,被动运输,跨膜运输方式的判断标准（方向与动力）
BIOLOGY,质壁分离,多条质壁分离曲线比较：最终稳定长度越短→外界初始浓度越高
BIOLOGY,质壁分离,曲线降至平台→水分进出动态平衡（质壁分离平衡）
BIOLOGY,质壁分离,蔗糖溶液不能使质壁分离细胞自动复原：蔗糖分子不可被细胞吸收
BIOLOGY,质壁分离,质壁分离与复原实验的拓展应用
BIOLOGY,质壁分离,质壁分离与复原实验的流程与观察
BIOLOGY,质壁分离,质壁分离与复原的条件和现象
BIOLOGY,质壁分离,质壁分离复原：细胞吸水使原生质层伸展与细胞壁贴合
BIOLOGY,质壁分离,质壁分离实验中溶液的选择与自动复原
BIOLOGY,质壁分离,质壁分离实验易错辨析
BIOLOGY,质壁分离,质壁分离实验的拓展应用
BIOLOGY,质壁分离,质壁分离曲线持续下降→细胞失水发生质壁分离
BIOLOGY,质壁分离,质壁分离自动复原的条件
BIOLOGY,质壁分离,质壁分离：外界浓度高于细胞液时，原生质层收缩与细胞壁分离
BIOLOGY,转基因生物的安全性,农杆菌是一种在土壤中生活的微生物
BIOLOGY,转基因生物的安全性,启动子位于基因的上游
BIOLOGY,转基因生物的安全性,在基因工程中使用的载体除质粒外
BIOLOGY,转基因生物的安全性,在获取目的基因和切割载体时通常用同种
BIOLOGY,转基因生物的安全性,在获得转基因产品的过程中
BIOLOGY,转基因生物的安全性,在转基因研究工作中
BIOLOGY,转基因生物的安全性,培育转基因抗虫棉主要需要四个步骤
BIOLOGY,转基因生物的安全性,基因工程原则上只能生产自然界中已存在
BIOLOGY,转基因生物的安全性,基因工程是指按照人们的愿望
BIOLOGY,转基因生物的安全性,基因工程的实质是“基因重组”
BIOLOGY,转基因生物的安全性,对微生物的基因改造是基因工程中
BIOLOGY,转基因生物的安全性,将目的基因导入动物受精卵最常用
BIOLOGY,转基因生物的安全性,有的伦理学家认
BIOLOGY,转基因生物的安全性,检查转基因抗虫棉是否培育成功
BIOLOGY,转基因生物的安全性,生殖性克隆是指通过克隆技术产生独立生
BIOLOGY,转基因生物的安全性,生物武器包括致病菌类、病毒类和
BIOLOGY,转基因生物的安全性,用基因工程的方法
BIOLOGY,转基因生物的安全性,目的基因的插入位点不是随机
BIOLOGY,转基因生物的安全性,科学家将药用蛋白基因与乳腺中
BIOLOGY,转基因生物的安全性,科学家正尝试利用基因工程技术对猪
BIOLOGY,转基因生物的安全性,试管婴儿与“设计试管婴儿
BIOLOGY,转基因生物的安全性,转化是指目的基因进入受体细胞内
BIOLOGY,转录,凡转录、翻译有核膜隔开或具
BIOLOGY,转录,并非所有细胞均可进行复制、转录与翻译
BIOLOGY,转录,转录的过程、场所与产物
BIOLOGY,载体,载体必须具备的条件
BIOLOGY,辨析真正光合速率-净光合速率和呼吸速率,一昼夜有机物积累量 = 正净光合段面积 − 负值段面积
BIOLOGY,辨析真正光合速率-净光合速率和呼吸速率,三率曲线的判定方法
BIOLOGY,辨析真正光合速率-净光合速率和呼吸速率,不同代谢状态下植物气体交换的判断
BIOLOGY,辨析真正光合速率-净光合速率和呼吸速率,光合适应现象（长期增施CO2光合速率下降）
BIOLOGY,辨析真正光合速率-净光合速率和呼吸速率,光合速率下降（呼吸不变）→ 补偿点右移
BIOLOGY,辨析真正光合速率-净光合速率和呼吸速率,光合速率与呼吸速率的常用测定方法
BIOLOGY,辨析真正光合速率-净光合速率和呼吸速率,光合速率与呼吸速率的测定方法
BIOLOGY,辨析真正光合速率-净光合速率和呼吸速率,光合速率增大 → 饱和点右移、最大值上移（C/D 点）
BIOLOGY,辨析真正光合速率-净光合速率和呼吸速率,光照为 0 时 CO2 吸收速率为负值→绝对值代表呼吸速率
BIOLOGY,辨析真正光合速率-净光合速率和呼吸速率,光照为 0 时速率仍为 0→该曲线是真（总）光合速率
BIOLOGY,辨析真正光合速率-净光合速率和呼吸速率,光照强度对光合速率的影响曲线
BIOLOGY,辨析真正光合速率-净光合速率和呼吸速率,光饱和点：净光合速率达到最大时所需的最小光照强度
BIOLOGY,辨析真正光合速率-净光合速率和呼吸速率,关键词'光照下吸收/释放/积累'→净光合速率
BIOLOGY,辨析真正光合速率-净光合速率和呼吸速率,关键词'固定/利用/消耗/产生'→真光合速率
BIOLOGY,辨析真正光合速率-净光合速率和呼吸速率,关键词'黑暗下释放/吸收/消耗'→呼吸速率
BIOLOGY,辨析真正光合速率-净光合速率和呼吸速率,净光合速率的含义与测定
BIOLOGY,辨析真正光合速率-净光合速率和呼吸速率,半叶法测定光合速率
BIOLOGY,辨析真正光合速率-净光合速率和呼吸速率,半叶法测定光合速率的计算
BIOLOGY,辨析真正光合速率-净光合速率和呼吸速率,叶圆片称重法测定光合速率
BIOLOGY,辨析真正光合速率-净光合速率和呼吸速率,呼吸速率的测定与含义
BIOLOGY,辨析真正光合速率-净光合速率和呼吸速率,在某植株或叶片的光补偿点（光
BIOLOGY,辨析真正光合速率-净光合速率和呼吸速率,多因素对光合速率限制的分析方法
BIOLOGY,辨析真正光合速率-净光合速率和呼吸速率,密闭容器 CO2 浓度下降 = 净光合 > 0（积累有机物）
BIOLOGY,辨析真正光合速率-净光合速率和呼吸速率,总光合、净光合与呼吸速率的关系
BIOLOGY,辨析真正光合速率-净光合速率和呼吸速率,总光合速率（也称真正光合速率
BIOLOGY,辨析真正光合速率-净光合速率和呼吸速率,换算公式：实际 CO2 消耗量 = 实测 CO2 吸收量 + 呼吸 CO2 释放量
BIOLOGY,辨析真正光合速率-净光合速率和呼吸速率,换算公式：实际产氧量 = 实测 O2 释放量 + 呼吸耗氧量
BIOLOGY,辨析真正光合速率-净光合速率和呼吸速率,真正光合速率、净光合速率与呼吸速率的关系
BIOLOGY,辨析真正光合速率-净光合速率和呼吸速率,真正光合速率、净光合速率和呼（一）
BIOLOGY,辨析真正光合速率-净光合速率和呼吸速率,真正（总）光合速率、净光合速率与呼吸速率的关系
BIOLOGY,辨析真正光合速率-净光合速率和呼吸速率,细胞代谢类选择题的避错要点
BIOLOGY,辨析真正光合速率-净光合速率和呼吸速率,装置图法测定光合速率与呼吸速率
BIOLOGY,辨析真正光合速率-净光合速率和呼吸速率,装置液滴移动法测定光合与呼吸速率
BIOLOGY,辨析真正光合速率-净光合速率和呼吸速率,黑白瓶法测定光合速率
BIOLOGY,辨析真正光合速率-净光合速率和呼吸速率,黑白瓶法规律一：有初始值时的计算
BIOLOGY,遗传信息的翻译,DNA 半保留复制保证亲子代遗传信息的稳定性
BIOLOGY,遗传信息的翻译,核酸是遗传信息的携带者
BIOLOGY,遗传信息的翻译,细胞核是遗传信息库和代谢遗传控制中心
BIOLOGY,遗传信息的翻译,遗传信息的翻译（概念、条件与过程）
BIOLOGY,遗传信息的翻译,遗传信息的转录（概念、条件与过程）
BIOLOGY,遗传系谱图和电泳图谱分析,凝胶电泳的原理与图谱解读
BIOLOGY,遗传系谱图和电泳图谱分析,利用已知基因和电泳法定位新基因
BIOLOGY,遗传系谱图和电泳图谱分析,电泳图谱分析基因型
BIOLOGY,遗传系谱图和电泳图谱分析,电泳图谱的原理与解读
BIOLOGY,遗传系谱图和电泳图谱分析,系谱图判断遗传方式的四步法
BIOLOGY,遗传系谱图的分析及概率的计算,Aa连续自交n代的计算模型
BIOLOGY,遗传系谱图的分析及概率的计算,Aa连续自交并逐代淘汰aa的计算
BIOLOGY,遗传系谱图的分析及概率的计算,PCR所需引物数的计算（2的n加1次方减2）
BIOLOGY,遗传系谱图的分析及概率的计算,两病概率的组合计算
BIOLOGY,遗传系谱图的分析及概率的计算,两种独立遗传遗传病的患病概率计算
BIOLOGY,遗传系谱图的分析及概率的计算,两种遗传病（独立遗传）患病概率的计算公式
BIOLOGY,遗传系谱图的分析及概率的计算,可遗传变异与不可遗传变异的分类
BIOLOGY,遗传系谱图的分析及概率的计算,基因频率与基因型频率的计算
BIOLOGY,遗传系谱图的分析及概率的计算,多肽中各原子数目的计算
BIOLOGY,遗传系谱图的分析及概率的计算,正推型：配子种类与概率的计算
BIOLOGY,遗传系谱图的分析及概率的计算,肽键数与脱去水分子数的计算
BIOLOGY,遗传系谱图的分析及概率的计算,能量传递效率的计算
BIOLOGY,遗传系谱图的分析及概率的计算,遗传图解与系谱图的书写规范
BIOLOGY,酶在代谢中的作用,(5)实验结论
BIOLOGY,酶在代谢中的作用,分子标记在基因定位中的作用
BIOLOGY,酶在代谢中的作用,分子标记在基因定位中的作用（拓展）
BIOLOGY,酶在代谢中的作用,对照实验
BIOLOGY,酶在代谢中的作用,科学方法——控制变量和设计对
BIOLOGY,酶在代谢中的作用,细胞代谢
BIOLOGY,酶在代谢中的作用,酶不改变反应的平衡点
BIOLOGY,酶在代谢中的作用,酶在细胞代谢中的·因变量
BIOLOGY,酶在代谢中的作用,酶在细胞代谢中的·实验过程
BIOLOGY,酶在代谢中的作用,"酶在细胞代谢中的·无关
变量"
BIOLOGY,酶在代谢中的作用,酶在细胞代谢中的·结果
BIOLOGY,酶在代谢中的作用,酶在细胞代谢中的·自变量
BIOLOGY,酶在代谢中的作用,酶在细胞代谢中的作用（一）
BIOLOGY,酶在代谢中的作用,酶的作用原理
BIOLOGY,酶的作用,合成类酶与工具酶的作用
BIOLOGY,酶的作用,活化能与酶的作用机理
BIOLOGY,酶的作用,液滴移动法中NaOH与NaHCO3溶液的作用
BIOLOGY,酶的作用,用阻断法分析交感与副交感神经对心脏的作用
BIOLOGY,酶的作用,端粒缩短的原因与端粒酶的作用
BIOLOGY,酶的作用,酶作用条件较温和与酶的保存
BIOLOGY,酶的作用,酶的作用机理：降低活化能
BIOLOGY,酶的作用,酶的作用条件较温和
BIOLOGY,酶的本质,1926年
BIOLOGY,酶的本质,PCR引物的本质与作用
BIOLOGY,酶的本质,[H]的本质是还原型辅酶Ⅰ（NADH）
BIOLOGY,酶的本质,光敏色素的本质与作用
BIOLOGY,酶的本质,探索过程（一）
BIOLOGY,酶的本质,探索过程（二）
BIOLOGY,酶的本质,渗透方向与渗透平衡的本质
BIOLOGY,酶的本质,渗透装置平衡的本质是渗透压与静水压的平衡
BIOLOGY,酶的本质,组织水肿的本质是组织液增多
BIOLOGY,酶的本质,酶的化学本质与产生条件
BIOLOGY,酶的本质,酶的本质与产生
BIOLOGY,酶的本质,酶的概念
BIOLOGY,酶的特性,无机催化剂催化的化学反应范围比较广
BIOLOGY,酶的特性及探究实验,实验原理三个来源：理论依据、仪器试剂提示、材料特性
BIOLOGY,限制酶,双酶切法：两种限制酶分别切割目的基因和质粒两端，实现定向连接
BIOLOGY,限制酶,通过引物引入酶切位点：在引物 5' 端添加限制酶识别序列
BIOLOGY,隔离在物种形成中的作用,物种形成与生物进化的关系
BIOLOGY,隔离在物种形成中的作用,物种形成的三个环节与标志
BIOLOGY,隔离在物种形成中的作用,物种形成的三大模式
BIOLOGY,隔离在物种形成中的作用,物种形成的渐变式模式
BIOLOGY,隔离在物种形成中的作用,现代生物进化理论要点与理论发展
BIOLOGY,非特异性免疫,一看、产生抗体的浓度、二次免疫比初次免疫
BIOLOGY,非特异性免疫,人体抵御病原体的三道防线
BIOLOGY,非特异性免疫,体液免疫中抗原引起免疫的途径
BIOLOGY,非特异性免疫,体液免疫和细胞免疫体现针对
BIOLOGY,非特异性免疫,免疫细胞是靠细胞表面
BIOLOGY,非特异性免疫,对免疫系统三大功能的判断
BIOLOGY,非特异性免疫,巢式 PCR：两对引物两轮扩增提高特异性与灵敏度
BIOLOGY,非特异性免疫,引物设计原则一：特异性（只能扩增目标片段，产物电泳单一条带）
BIOLOGY,非特异性免疫,特异性免疫的组成：体液免疫（抗体）与细胞免疫（T 细胞杀靶细胞）
BIOLOGY,食物链,生物富集：有害物质沿食物链逐级浓缩
BIOLOGY,食物链,食物网：各食物链交汇形成的网状营养结构
BIOLOGY,食物链,食物链、食物网与营养级划分
BIOLOGY,食物链,食物链：生产者到各级消费者的营养链（起点是生产者）
BIOLOGY,高尔基体,内质网与高尔基体加工的分工
BIOLOGY,高尔基体,溶酶体起源于高尔基体但不能合成水解酶
BIOLOGY,高尔基体,高尔基体主要
CHEMISTRY,1-写出分子式为c5h12的烷烃的结构简式,氰[(CN)2]的结构简式为N≡C
CHEMISTRY,al3-al-oh-3-alo-al-oh-4-之间的转化,铝三角：Al³⁺、Al(OH)₃、[Al(OH)₄]⁻ 的相互转化
CHEMISTRY,c-si单质的存在形态-物理性质及用途,溴、碘单质的物理性质
CHEMISTRY,c-si单质的存在形态-物理性质及用途,硅的存在、性质与高纯硅制备
CHEMISTRY,c-si单质的存在形态-物理性质及用途,硫单质的性质与用途
CHEMISTRY,c-si单质的存在形态-物理性质及用途,硫单质的物理性质与化学性质
CHEMISTRY,c-si单质的存在形态-物理性质及用途,硫的存在形态与物理性质
CHEMISTRY,c-si单质的存在形态-物理性质及用途,脂肪烃物理性质的递变规律
CHEMISTRY,c-si单质的存在形态-物理性质及用途,铁的存在、位置与物理性质
CHEMISTRY,c-si单质的存在形态-物理性质及用途,铁的存在、物理性质与化学性质
CHEMISTRY,cl2的实验室制法,SO2的实验室制法
CHEMISTRY,cl2的实验室制法,乙烯的实验室制法
CHEMISTRY,cl2的实验室制法,实验室制法
CHEMISTRY,cl2的实验室制法,实验室欲配制一种仅含四种离子
CHEMISTRY,cl2的实验室制法,氨气的实验室制法与简易方法
CHEMISTRY,cl2的实验室制法,氯气的实验室制法
CHEMISTRY,cl2的实验室制法,硫化氢的实验室制法
CHEMISTRY,d2o-h-h-d-h-t-h-三者中的中子数不同,卤素单质在不同溶剂中的颜色
CHEMISTRY,fe-oh-2的制备,Fe(OH)2的制备要点
CHEMISTRY,fe-oh-3胶体的制备,Fe(OH)3胶体的制备原理与操作
CHEMISTRY,fe-oh-3胶体的制备,氢氧化铁胶体的制备要点
CHEMISTRY,fe-oh-3胶体的制备,漂白粉的制备用石灰乳而非石灰水
CHEMISTRY,fe-oh-3胶体的制备,胶体的吸附性、渗析提纯与聚沉
CHEMISTRY,fe-oh-3胶体的制备,胶体的本质特征与介稳性
CHEMISTRY,fe-oh-3胶体的制备,胶体的聚沉
CHEMISTRY,fe-oh-3胶体的制备,高纯硅的制备流程
CHEMISTRY,fe2-fe3-的检验方法,Fe2+与Fe3+的检验
CHEMISTRY,fe2-fe3-的检验方法,Fe2＋与Fe3＋的检验
CHEMISTRY,fe2-fe3-的检验方法,Fe3+的检验方法
CHEMISTRY,fe2-fe3-的检验方法,SO2的污染与脱硫方法
CHEMISTRY,fe2-与fe3-的相互转化,Fe2+、Fe3+HCO、CO等发生水解相互
CHEMISTRY,fe2-与fe3-的相互转化,铝三角：Al3+、Al(OH)3、AlO2-的相互转化
CHEMISTRY,fecl3溶液-fe-oh-3胶体-fe-oh-3浊液是三种重要的分散系,δ0为CH3COOH的分布系数
CHEMISTRY,fecl3溶液-fe-oh-3胶体-fe-oh-3浊液是三种重要的分散系,分散系的分类与三种分散系比较
CHEMISTRY,fecl3溶液-fe-oh-3胶体-fe-oh-3浊液是三种重要的分散系,易水解固体溶解时不能加热
CHEMISTRY,fecl3溶液-fe-oh-3胶体-fe-oh-3浊液是三种重要的分散系,胶体的本质特征与常见胶体
CHEMISTRY,ksp的影响因素,溶度积的影响因素
CHEMISTRY,mol-l-1-na2so4溶液-酚酞溶液,Ba2++2OH-+2H++SO=BaSO4
CHEMISTRY,mol-l-1-na2so4溶液-酚酞溶液,MgSO4溶液　②BaCl2溶液　③饱和澄清
CHEMISTRY,mol-l-1-na2so4溶液-酚酞溶液,NO2 与 N2O4 的平衡
CHEMISTRY,mol-l-1-na2so4溶液-酚酞溶液,SO：稀H2SO4和品红溶液；加
CHEMISTRY,mol-l-1-na2so4溶液-酚酞溶液,X+Cu+H2SO4(浓)→Cu2++Y+S
CHEMISTRY,mol-l-1-na2so4溶液-酚酞溶液,mol·L-1 CuSO4溶液
CHEMISTRY,mol-l-1-na2so4溶液-酚酞溶液,使酚酞溶液变红的溶液
CHEMISTRY,mol-l-1-na2so4溶液-酚酞溶液,溶液稀释的守恒规律
CHEMISTRY,mol-l-1-na2so4溶液-酚酞溶液,用FeSO4溶液与不含O2的蒸馏水配制的Na
CHEMISTRY,mol-l-1-na2so4溶液-酚酞溶液,碘水、淀粉溶液　②氯水、CCl4　③溴水、苯
CHEMISTRY,mol-l-1-na2so4溶液-酚酞溶液,酚酞溶液
CHEMISTRY,n-的关系应用,K与温度及ΔH的关系
CHEMISTRY,n-的关系应用,关系式法解题的关键是建立关系式
CHEMISTRY,n-的关系应用,键长与键能、分子稳定性的关系
CHEMISTRY,n2o-no和no2等氮氧化物是空气污染物-含有氮氧化物的尾气需处理后才能排放,在工业上SO2尾气的处理方法一般有四种
CHEMISTRY,n2o-no和no2等氮氧化物是空气污染物-含有氮氧化物的尾气需处理后才能排放,氮氧化物尾气的常见处理方法
CHEMISTRY,n2o-no和no2等氮氧化物是空气污染物-含有氮氧化物的尾气需处理后才能排放,氮氧化物溶于水的计算
CHEMISTRY,n2o-no和no2等氮氧化物是空气污染物-含有氮氧化物的尾气需处理后才能排放,氮氧化物溶于水的计算依据
CHEMISTRY,n2o-no和no2等氮氧化物是空气污染物-含有氮氧化物的尾气需处理后才能排放,氮氧化物的污染与处理
CHEMISTRY,na2co3-nahco3与酸反应的图像分析,Fe 与 Cl2 反应只生成 FeCl3 的原因
CHEMISTRY,na2co3-nahco3与酸反应的图像分析,与新制的Cu(OH)2悬浊液反应
CHEMISTRY,na2co3-nahco3与酸反应的图像分析,产物选择性与竞争反应的分析
CHEMISTRY,na2co3-nahco3与酸反应的图像分析,塔式（峰式）能量图像分析三步法
CHEMISTRY,na2co3-nahco3与酸反应的图像分析,对数（负对数）图像的分析策略
CHEMISTRY,na2co3-nahco3与酸反应的图像分析,推断题眼：黄色物质对应的颜色
CHEMISTRY,na2co3-nahco3与酸反应的图像分析,数轴法分析铁与稀硝酸反应的产物
CHEMISTRY,na2co3-nahco3与酸反应的图像分析,检验CO2前须先除尽SO2
CHEMISTRY,na2co3-nahco3与酸反应的图像分析,环式催化图像分析三步法
CHEMISTRY,na2co3-nahco3与酸反应的图像分析,硫与银、铝的反应及含硫矿物
CHEMISTRY,na2co3-nahco3与酸反应的图像分析,硫单质反应的细节补充
CHEMISTRY,na2co3-nahco3与酸反应的图像分析,铁与氧化剂反应的价态规律
CHEMISTRY,na2co3-nahco3与酸反应的图像分析,铁与稀硝酸反应的量比规律
CHEMISTRY,na2co3-nahco3与酸反应的图像分析,铝盐与偏铝酸盐沉淀图像分析
CHEMISTRY,na2co3-nahco3与酸反应的图像分析,防与CO2反应
CHEMISTRY,na2co3-nahco3的应用,Al在氧气中燃烧生成Al2O3
CHEMISTRY,na2co3-nahco3的应用,Na2CO3和NaHCO3的比较
CHEMISTRY,na2co3-nahco3的应用,[Al(OH)4]-+CO2=Al(OH)3
CHEMISTRY,na2co3-nahco3的应用,同理：N3-、N2O、SCN—、
CHEMISTRY,na2o2的性质及应用,Fe2＋的性质
CHEMISTRY,na2o2的性质及应用,溶液中或cH2O(OH-)的计算及应用
CHEMISTRY,na2o2的性质及应用,硫化氢与氢硫酸的性质
CHEMISTRY,na2o2的性质及应用,硫化氢的性质
CHEMISTRY,na2o2的性质及应用,镁的性质
CHEMISTRY,nahco3与碱反应的应用,多元弱酸（酐）与碱反应的量比规律
CHEMISTRY,nahco3与碱反应的应用,意铵盐与碱反应的两个应用
CHEMISTRY,nahco3与碱反应的应用,氯气与碱反应的规律与加热差异
CHEMISTRY,nahco3与碱反应的应用,氯气与磷、氨等反应的补充
CHEMISTRY,nahco3与碱反应的应用,自发反应的应用与非自发过程的条件
CHEMISTRY,nox是汽车尾气中的主要污染物之一,工业尾气中的NOx常用碱液吸收处理
CHEMISTRY,nox是汽车尾气中的主要污染物之一,烟道气中的NOx是主要的大气污染物之一
CHEMISTRY,o2作为原电池的正极反应物时-其电极反应在不同的介质中有不同的写法,二次电池的解题流程
CHEMISTRY,o2作为原电池的正极反应物时-其电极反应在不同的介质中有不同的写法,原电池的三个流向与电极反应
CHEMISTRY,o2作为原电池的正极反应物时-其电极反应在不同的介质中有不同的写法,原电池的正、负极不仅与电极材料的性质有关
CHEMISTRY,o2作为原电池的正极反应物时-其电极反应在不同的介质中有不同的写法,画原电池装置图的四个常见失分点
CHEMISTRY,ph试纸的规范使用,计量仪器的精度与使用规范
CHEMISTRY,ph试纸的规范使用,试纸的使用
CHEMISTRY,so2和co2的鉴别方法,Na2CO3、NaHCO3的鉴别方法
CHEMISTRY,so2和co2的鉴别方法,SO2 与 CO2 的鉴别方法
CHEMISTRY,so检验的易错点,SO检验的易错点
CHEMISTRY,v-t图像分析改变条件对化学平衡的影响,t1时刻所改变的条件
CHEMISTRY,v-t图像分析改变条件对化学平衡的影响,v-t 图像中改变条件的三种情形判断
CHEMISTRY,v-t图像分析改变条件对化学平衡的影响,催化剂对化学平衡的影响
CHEMISTRY,v-t图像分析改变条件对化学平衡的影响,充入惰性气体对化学平衡的影响
CHEMISTRY,v-t图像分析改变条件对化学平衡的影响,压强对化学平衡的影响
CHEMISTRY,v-t图像分析改变条件对化学平衡的影响,条件改变
CHEMISTRY,v-t图像分析改变条件对化学平衡的影响,浓度对化学平衡的影响
CHEMISTRY,v-t图像分析改变条件对化学平衡的影响,温度对化学平衡的影响
CHEMISTRY,v-t图像分析改变条件对化学平衡的影响,由 v-t 图像反推改变的条件
CHEMISTRY,v-t图像分析改变条件对化学平衡的影响,速率平衡图像分析的两大误区
CHEMISTRY,v2o5常用作so2转化为so3的催化剂,Fe2(SO4)3可用作净水剂的原因是由于F
CHEMISTRY,v2o5常用作so2转化为so3的催化剂,Na2SO3转化为NaHSO3
CHEMISTRY,v2o5常用作so2转化为so3的催化剂,TiO2转化为TiCl4有直接氯化法和碳氯化
CHEMISTRY,v2o5常用作so2转化为so3的催化剂,“酸浸”时FeTiO3转化为TiO2+
CHEMISTRY,v2o5常用作so2转化为so3的催化剂,采用一种新型的催化剂
CHEMISTRY,δh的计算公式,ΔH的三类计算公式
CHEMISTRY,δh的计算公式,产率的计算公式
CHEMISTRY,δh的计算公式,价层电子对数的计算公式
CHEMISTRY,δh的计算公式,单一强酸强碱溶液 pH 的计算
CHEMISTRY,δh的计算公式,晶体密度计算公式与三步法
CHEMISTRY,δh的计算公式,纯度（质量分数）的计算公式
CHEMISTRY,一定量的铝分别与一定量的盐酸-氢氧化钠溶液反应,一定量溶液Q与氯气缓慢反应
CHEMISTRY,一氧化氮,一氧化氮的性质
CHEMISTRY,丁达尔效应,丁达尔效应：区分胶体与溶液的最简单方法
CHEMISTRY,三步法-配平缺项氧化还原反应化学方程式,新情境陌生氧化还原方程式书写四步法
CHEMISTRY,三步法-配平缺项氧化还原反应化学方程式,氧化还原反应方程式配平的一般步骤
CHEMISTRY,三步法-配平缺项氧化还原反应化学方程式,缺项配平的补项原则
CHEMISTRY,三步法-配平缺项氧化还原反应化学方程式,陌生氧化还原方程式的书写四步法
CHEMISTRY,不同类别的无机物之间转化的一般规律,价层电子对之间相互排斥作用大小的一般规律
CHEMISTRY,不同类别的物质之间的转化关系,Ksp 与溶解度关系的辨析
CHEMISTRY,不同类别的物质之间的转化关系,三键、双键、单键之间的排斥力大小顺序
CHEMISTRY,不同类别的物质之间的转化关系,凝华：物质由气态直接变为固态的过程
CHEMISTRY,不同类别的物质之间的转化关系,单质→氧化物→酸（碱）→盐转化链
CHEMISTRY,不同类别的物质之间的转化关系,单质到盐的转化关系
CHEMISTRY,不同类别的物质之间的转化关系,循环转化关系图中物质变化分析思路
CHEMISTRY,不同类别的物质之间的转化关系,沉淀的转化
CHEMISTRY,不同类别的物质之间的转化关系,液晶：介于液态和晶态之间的物质状
CHEMISTRY,不同类别的物质之间的转化关系,硫化氢的转化是资源利用的研究课题
CHEMISTRY,与量有关的离子方程式书写技巧,“少定多变”法书写与量有关的离子方程式
CHEMISTRY,与量有关的离子方程式书写技巧,与量有关的离子方程式书写三技法
CHEMISTRY,与量有关的离子方程式书写技巧,与量有关的离子方程式书写：定一议二原则
CHEMISTRY,与量有关的离子方程式书写技巧,与量有关的离子方程式：反应先后型
CHEMISTRY,与量有关的离子方程式书写技巧,与量有关的离子方程式：反应连续型
CHEMISTRY,与量有关的离子方程式书写技巧,与量有关的离子方程式：组成配比型
CHEMISTRY,与量有关的离子方程式书写技巧,与铝有关的离子方程式与离子共存
CHEMISTRY,与量有关的离子方程式书写技巧,质子守恒的书写技巧
CHEMISTRY,中和热-燃烧热的注意点,燃烧热与中和热的定义及比较
CHEMISTRY,中和热测定注意事项,中和反应反应热测定的原理与注意事项
CHEMISTRY,中学化学中常见的既能与盐酸反应-又能与naoh溶液反应的物质,A．标准浓度稀盐酸滴定未知浓度NaOH溶液
CHEMISTRY,中学化学中常见的既能与盐酸反应-又能与naoh溶液反应的物质,CO2 与盐溶液反应（强酸制弱酸）
CHEMISTRY,中学化学中常见的既能与盐酸反应-又能与naoh溶液反应的物质,SiO2虽然即能与NaOH溶液反应
CHEMISTRY,中学化学中常见的既能与盐酸反应-又能与naoh溶液反应的物质,与盐酸反应
CHEMISTRY,中学化学中常见的既能与盐酸反应-又能与naoh溶液反应的物质,钠与水、酸、盐溶液反应的实质
CHEMISTRY,中学化学中常见的既能与盐酸反应-又能与naoh溶液反应的物质,钠与酸、碱、盐溶液反应的先后规律
CHEMISTRY,中学化学中常见的既能与盐酸反应-又能与naoh溶液反应的物质,铝与盐溶液反应的补充与铝热剂引燃
CHEMISTRY,中心原子杂化类型的判断,中心原子杂化类型的判断方法
CHEMISTRY,中心原子杂化类型的判断,含 d 轨道的杂化类型
CHEMISTRY,中心原子杂化类型的判断,杂化轨道类型的判断方法
CHEMISTRY,中心原子杂化类型的判断,等效氢的判断三规则
CHEMISTRY,中心原子杂化类型的判断,结论：氢原子类型有3种，不同氢原
CHEMISTRY,为了检验淀粉水解产物-某学生设计了如下实验方案,为了检验淀粉的水解程度
CHEMISTRY,为了检验淀粉水解产物-某学生设计了如下实验方案,为检验上述实验收集到的产物
CHEMISTRY,为了检验淀粉水解产物-某学生设计了如下实验方案,实验方案评价的四项原则
CHEMISTRY,为了检验淀粉水解产物-某学生设计了如下实验方案,淀粉水解程度的实验判断
CHEMISTRY,主族元素的原子结构和元素性质的变化规律,元素的相对原子质量与丰度
CHEMISTRY,主族元素的原子结构和元素性质的变化规律,利用稀有气体元素确定主族元素位置
CHEMISTRY,主族元素的原子结构和元素性质的变化规律,卤族元素单质将同主族原子序数大的元素从其盐溶
CHEMISTRY,主族元素的原子结构和元素性质的变化规律,卤族单质性质的递变性
CHEMISTRY,主族元素的原子结构和元素性质的变化规律,卤素单质性质的相似性与递变性
CHEMISTRY,主族元素的原子结构和元素性质的变化规律,原子半径的周期性变化规律
CHEMISTRY,主族元素的原子结构和元素性质的变化规律,同主族元素性质递变规律
CHEMISTRY,主族元素的原子结构和元素性质的变化规律,同主族相邻元素原子序数差规律
CHEMISTRY,主族元素的原子结构和元素性质的变化规律,同周期元素性质递变规律
CHEMISTRY,主族元素的原子结构和元素性质的变化规律,同周期同主族性质递变规律
CHEMISTRY,主族元素的原子结构和元素性质的变化规律,溶液稀释与混合后 pH 的变化规律
CHEMISTRY,主族元素的原子结构和元素性质的变化规律,电离能的周期性变化规律
CHEMISTRY,主族元素的原子结构和元素性质的变化规律,电负性及其变化规律
CHEMISTRY,主族元素的原子结构和元素性质的变化规律,电负性的周期性变化规律
CHEMISTRY,主族元素的原子结构和元素性质的变化规律,电负性的概念与变化规律
CHEMISTRY,主族元素的原子结构和元素性质的变化规律,第一电离能及其变化规律
CHEMISTRY,主族元素的原子结构和元素性质的变化规律,第一电离能的概念与变化规律
CHEMISTRY,主族元素的原子结构和元素性质的变化规律,试从结构和性质上解释NH3极易溶于水的原因
CHEMISTRY,主族元素的原子结构和元素性质的变化规律,金属性与非金属性的周期性变化规律
CHEMISTRY,乙酸,糖类通式的例外：脱氧核糖与乙酸
CHEMISTRY,书写fe-oh-3胶体制备的化学方程式的五个易错点,Fe(OH)3胶体制备的注意事项
CHEMISTRY,书写fe-oh-3胶体制备的化学方程式的五个易错点,以碳酸氢盐为沉淀剂书写陌生方程式的三步法
CHEMISTRY,书写fe-oh-3胶体制备的化学方程式的五个易错点,官能团书写的规范与易错点
CHEMISTRY,书写fe-oh-3胶体制备的化学方程式的五个易错点,平衡常数与方程式书写形式的关系
CHEMISTRY,书写fe-oh-3胶体制备的化学方程式的五个易错点,弱电解质电离方程式的书写规则
CHEMISTRY,书写fe-oh-3胶体制备的化学方程式的五个易错点,易吸水易水解物质制备的防潮保护
CHEMISTRY,书写fe-oh-3胶体制备的化学方程式的五个易错点,有机物制备的注意要点
CHEMISTRY,书写fe-oh-3胶体制备的化学方程式的五个易错点,气体制备实验的五步基本思路
CHEMISTRY,书写fe-oh-3胶体制备的化学方程式的五个易错点,气体制备的净化与干燥顺序规则
CHEMISTRY,二次电池,二次电池充电时的连接与电极对应
CHEMISTRY,二次电池,二次电池的解题思路
CHEMISTRY,二次电池,锂离子二次电池
CHEMISTRY,二氧化氮,氨气与二氧化氮的反应
CHEMISTRY,二氧化硅,玻璃中含有二氧化硅
CHEMISTRY,二氧化硫,二氧化硫的实验室制备
CHEMISTRY,二氧化硫的尾气处理,二氧化硫的性质
CHEMISTRY,二氧化硫的尾气处理,尾气处理的三类方法与装置选择
CHEMISTRY,二氧化硫的尾气处理,尾气处理的原因、方法及装置
CHEMISTRY,二氧化硫的尾气处理,尾气处理装置的选择
CHEMISTRY,五步-书写热化学方程式,热化学方程式与化学
CHEMISTRY,五步-书写热化学方程式,热化学方程式的书写规则
CHEMISTRY,五步-书写热化学方程式,由已知热化学方程式求ΔH的加合法
CHEMISTRY,亚铁盐,亚铁盐的检验与性质
CHEMISTRY,从化合价的角度判断铁的氧化物和氢氧化物的性质,Fe3O4 的组成与性质特殊性
CHEMISTRY,从化合价的角度判断铁的氧化物和氢氧化物的性质,Mg(OH)2 与 Al(OH)3 的性质对比
CHEMISTRY,从化合价的角度判断铁的氧化物和氢氧化物的性质,NO与NO2的性质比较
CHEMISTRY,从化合价的角度判断铁的氧化物和氢氧化物的性质,NO与NO2的性质比较及酸性氧化物判断
CHEMISTRY,从化合价的角度判断铁的氧化物和氢氧化物的性质,利用化合价判断
CHEMISTRY,从化合价的角度判断铁的氧化物和氢氧化物的性质,氧化物的分类与性质对应
CHEMISTRY,从化合价的角度判断铁的氧化物和氢氧化物的性质,氮的氧化物的分类
CHEMISTRY,从化合价的角度判断铁的氧化物和氢氧化物的性质,铁的氢氧化物的性质与转化
CHEMISTRY,从化合价的角度判断铁的氧化物和氢氧化物的性质,铁的氧化物的性质
CHEMISTRY,从化合价的角度判断铁的氧化物和氢氧化物的性质,铁的氧化物的性质与组成判断
CHEMISTRY,从化合价的角度判断铁的氧化物和氢氧化物的性质,铜的卤化物、硫化物与氢化物的性质
CHEMISTRY,从化合价的角度认识cl2的化学性质-歧化反应,Cl2与H2、碱、水反应的电子转移辨析
CHEMISTRY,从化合价的角度认识cl2的化学性质-歧化反应,F、O的化合价特例
CHEMISTRY,从化合价的角度认识cl2的化学性质-歧化反应,从“变化”的角度考查
CHEMISTRY,从化合价的角度认识cl2的化学性质-歧化反应,从化学键角度计算反应热ΔH
CHEMISTRY,从化合价的角度认识cl2的化学性质-歧化反应,价态归中与歧化反应规律
CHEMISTRY,从化合价的角度认识cl2的化学性质-歧化反应,价态规律：归中与歧化
CHEMISTRY,从化合价的角度认识cl2的化学性质-歧化反应,实验方案评价的四个角度
CHEMISTRY,从化合价的角度认识cl2的化学性质-歧化反应,歧化反应规律思维模型
CHEMISTRY,从化合价的角度认识cl2的化学性质-歧化反应,氨的化学性质
CHEMISTRY,从化合价的角度认识cl2的化学性质-歧化反应,氯气与水、碱反应的歧化本质
CHEMISTRY,从化合价的角度认识cl2的化学性质-歧化反应,氯气与水、碱的歧化反应
CHEMISTRY,从化合价的角度认识cl2的化学性质-歧化反应,氯气的化学性质
CHEMISTRY,从化合价的角度认识cl2的化学性质-歧化反应,甲烷的氧化反应（燃烧）：CH4+2O2→CO2+2H2O
CHEMISTRY,从化合价的角度认识cl2的化学性质-歧化反应,铜的主要化学性质
CHEMISTRY,从化合价的角度认识cl2的化学性质-歧化反应,铝的化学性质
CHEMISTRY,从化合价的角度认识cl2的化学性质-歧化反应,铵盐的化学性质
CHEMISTRY,从化合价的角度认识cl2的化学性质-歧化反应,非常规化合价的判断
CHEMISTRY,从原子结构角度认识氯气的氧化性,ClO－的氧化性与水解性
CHEMISTRY,从原子结构角度认识氯气的氧化性,以晶体结构为主线的考查角度
CHEMISTRY,从原子结构角度认识氯气的氧化性,检验输送HCl、氯气的管道是否漏气
CHEMISTRY,从原子结构角度认识氯气的氧化性,氯气的验满方法
CHEMISTRY,从海水中提取物质的思路,从海水中提取镁的流程
CHEMISTRY,从海水中提取物质的思路,解答产物确定题的思路分析
CHEMISTRY,从铝土矿提纯al2o3-碱溶法-的工艺流程,由铝土矿提取氧化铝的两大工艺
CHEMISTRY,以烯烃-炔烃为原料的有机合成,从原料的利用率分析
CHEMISTRY,价层电子对互斥模型,价层电子对互斥模型（VSEPR）推测分子构型
CHEMISTRY,价层电子对互斥模型,价层电子对数与 VSEPR 模型的对应关系
CHEMISTRY,价层电子对互斥模型,价电子对互斥
CHEMISTRY,价层电子对互斥模型,副族与0族的价层电子规律
CHEMISTRY,价层电子对互斥模型,电子对结构
CHEMISTRY,依据反应条件判断有机反应类型,依据介质环境判断析氢腐蚀与吸氧腐蚀
CHEMISTRY,依据反应条件判断有机反应类型,依据硬度和机械性能判断
CHEMISTRY,依据反应条件判断有机反应类型,关注有机反应条件
CHEMISTRY,依据反应条件判断有机反应类型,多池串联装置的类型判断与计算依据
CHEMISTRY,依据反应条件判断有机反应类型,根据反应条件、浓度大小及反应的剧烈程度判断
CHEMISTRY,依据反应条件判断有机反应类型,由反应条件推断有机反应类型
CHEMISTRY,依据反应条件判断有机反应类型,醇的消去反应结构条件与产物判断
CHEMISTRY,依据官能团分类,官能团书写的规范性
CHEMISTRY,依据官能团分类,官能团保护的基本思路
CHEMISTRY,依据官能团分类,官能团异构
CHEMISTRY,假设法判断氧化还原反应能否进行的步骤,由 K 值数量级判断反应进行的程度
CHEMISTRY,假设法判断氧化还原反应能否进行的步骤,破解对数图像的步骤
CHEMISTRY,假设法判断氧化还原反应能否进行的步骤,观察能否发生氧化还原反应
CHEMISTRY,假设法判断氧化还原反应能否进行的步骤,醇能否发生催化氧化与消去的判断
CHEMISTRY,做到-五看-快速判断热化学方程式的正误,判断热化学方程式正误的五看
CHEMISTRY,做到-五看-快速判断热化学方程式的正误,判断热化学方程式正误的五看法
CHEMISTRY,催化剂,催化剂改变速率的原理
CHEMISTRY,催化剂,催化剂降低活化能但不改变反应热
CHEMISTRY,催化剂,外因改变速率的活化分子机理
CHEMISTRY,催化剂,温度对2NO2⇌N2O4平衡影响的实验现象
CHEMISTRY,催化剂,降低某气体分压等效于减压促平衡移动
CHEMISTRY,催化剂与反应历程,催化剂的特点与催化反应历程
CHEMISTRY,催化剂与反应历程,基元反应与反应历程、决速步骤
CHEMISTRY,催化剂与反应历程,环式催化机理中催化剂与中间体的判断
CHEMISTRY,元素-核素-同位素,元素、核素与同位素
CHEMISTRY,元素-核素-同位素,氢元素的三种核素：氕、氘、氚
CHEMISTRY,元素-核素-同位素,氢的三种核素与同位素单质
CHEMISTRY,元素周期律的内容及实质,元素周期律的内容与实质
CHEMISTRY,元素周期表,依据元素周期表记忆强弱电解质
CHEMISTRY,元素周期表,各周期元素种数与族的构成
CHEMISTRY,元素周期表,周期表金属与非金属分界线及元素分区
CHEMISTRY,元素周期表与原子结构的规律,元素周期表结构的易错易混点
CHEMISTRY,元素周期表与原子结构的规律,元素周期表结构的易错点
CHEMISTRY,元素周期表与原子结构的规律,基态、激发态与原子光谱
CHEMISTRY,元素周期表与原子结构的规律,电子云与原子轨道的形状
CHEMISTRY,元素周期表与原子结构的规律,电离能与原子结构
CHEMISTRY,元素周期表中元素的原子序数的差值关系,主族与过渡元素的价电子与族序数关系
CHEMISTRY,元素周期表中元素的原子序数的差值关系,元素周期表中的特殊位置
CHEMISTRY,元素周期表中元素的原子序数的差值关系,原子序数的数量关系
CHEMISTRY,元素周期表中元素的原子序数的差值关系,各周期首尾元素的原子序数与排布式
CHEMISTRY,元素周期表中元素的原子序数的差值关系,同主族相邻周期元素原子序数差的计算
CHEMISTRY,元素周期表中元素的原子序数的差值关系,同周期ⅡA与ⅢA族原子序数差
CHEMISTRY,元素周期表中元素的原子序数的差值关系,过渡元素的价电子数与列序数关系
CHEMISTRY,元素周期表及其应用易混易错点,周期表结构易混点辨析
CHEMISTRY,元素周期表的-四个关系式,元素周期表四个关系式
CHEMISTRY,元素周期表的-四个关系式,关系式法含义
CHEMISTRY,元素周期表的应用,元素周期表应用
CHEMISTRY,元素周期表的应用,元素周期表的三大应用
CHEMISTRY,元素周期表的应用,元素周期表的应用定位
CHEMISTRY,元素周期表的结构,元素周期表的分区
CHEMISTRY,元素周期表的结构,元素周期表的分区及价层电子排布
CHEMISTRY,元素周期表的结构,元素周期表的对角线规则
CHEMISTRY,元素周期表的结构,元素周期表的编排原则
CHEMISTRY,元素周期表的结构,元素周期表的编排原则与结构
CHEMISTRY,元素的性质比较和判断易混易错点,NO 与 NO2 的性质比较
CHEMISTRY,元素的性质比较和判断易混易错点,淀粉与纤维素的性质比较
CHEMISTRY,元素金属性强弱的判断,电负性差值与化学键类型及极性强弱的判断
CHEMISTRY,元素金属性强弱的判断,离子键与共价键强弱的判断依据
CHEMISTRY,元素金属性强弱的判断,金属性强弱的判断依据
CHEMISTRY,元素金属性强弱的判断,金属性强弱的比较方法
CHEMISTRY,元素非金属性强弱的判断,最高价氧化物对应水化物酸性的周期性变化
CHEMISTRY,元素非金属性强弱的判断,金属性与非金属性强弱比较的判断依据
CHEMISTRY,元素非金属性强弱的判断,金属性非金属性判断的常见误区
CHEMISTRY,元素非金属性强弱的判断,非金属性
CHEMISTRY,元素非金属性强弱的判断,非金属性强弱的判断依据
CHEMISTRY,元素非金属性强弱的判断,非金属性强弱的比较方法
CHEMISTRY,全程速率-时间图像,“全程”类速率-时间图像的分析
CHEMISTRY,全程速率-时间图像,全程速率-时间图像：Zn与足量盐酸反应
CHEMISTRY,全程速率-时间图像,自催化现象与全程速率曲线
CHEMISTRY,共价键,常见物质中的价键数目
CHEMISTRY,共价键的分类,σ 键与 π 键的形成及数目规律
CHEMISTRY,共价键的分类,离子键与共价键的比较
CHEMISTRY,其他防护方法,金属防护的三类方法
CHEMISTRY,典型含氮元素物质之间的相互转化,含氮元素物质之间的转化关系
CHEMISTRY,几种重要的醛-酮,甲醛、乙醛与丙酮
CHEMISTRY,分子-或离子-空间结构的判断,VSEPR 模型与分子空间结构的区别
CHEMISTRY,分子-或离子-空间结构的判断,有机分子空间结构的五种基本模型
CHEMISTRY,分子-或离子-空间结构的判断,预测分子空间结构的四步法
CHEMISTRY,分子-或离子-空间结构的判断,，SOCl2的空间结构的判断
CHEMISTRY,分子-离子-的空间结构判断易混易错点,常见微粒的杂化类型与空间结构对照
CHEMISTRY,分子晶体,分子晶体的熔点低
CHEMISTRY,分子晶体,原子晶体
CHEMISTRY,分子间作用力,三态转化与分子间作用力的变化
CHEMISTRY,分子间作用力,分子晶体的稳定性与熔沸点的决定因素区分
CHEMISTRY,分子间作用力,分子间氢键导致沸点反常偏高
CHEMISTRY,分子间作用力对物质性质的影响,分子极性对沸点的影响
CHEMISTRY,分子间作用力对物质性质的影响,影响物质体积大小的三个因素
CHEMISTRY,分子间作用力对物质性质的影响,键参数：键能、键长、键角对分子性质的影响
CHEMISTRY,分析有机合成与推断类题的-四要点,实验与分析要点
CHEMISTRY,分析有机合成与推断类题的-四要点,有机化学发展史的四个重要节点
CHEMISTRY,分析电解过程的思维程序,解答此类题的思维过程
CHEMISTRY,分析离子能否大量共存必备知识,判断离子能否大量共存的“四个要点”
CHEMISTRY,分析离子能否大量共存必备知识,判断离子能否大量共存的四个方面
CHEMISTRY,分析粒子种类-分子-离子-电子,电子跃迁与原子光谱
CHEMISTRY,分析粒子种类-分子-离子-电子,电解池中电子、离子、电流三流向
CHEMISTRY,分离-提纯有机化合物常用的方法,常用的分离方法
CHEMISTRY,分离-提纯有机化合物常用的方法,常见有机物分离提纯的方法
CHEMISTRY,分离-提纯有机化合物常用的方法,有机物定义：含碳的化合物（CO、CO2、碳酸盐等除外）
CHEMISTRY,分离-提纯有机化合物常用的方法,蒸馏：常用于分离、提纯液态有机物
CHEMISTRY,判断化学反应的自发性,自发过程判断的两条依据
CHEMISTRY,判断原电池正-负极的方法,原电池正、负极的判断方法
CHEMISTRY,判断原电池正-负极的方法,原电池正负极的判断方法
CHEMISTRY,判断原电池正-负极的方法,原电池正负极的四种判断方法
CHEMISTRY,判断同分异构体数目的常用方法和思路,二元取代物数目的判断
CHEMISTRY,判断同分异构体数目的常用方法和思路,同分异构体数目的判断方法
CHEMISTRY,判断同分异构体数目的常用方法和思路,基元法判断同分异构体数目
CHEMISTRY,判断同分异构体数目的常用方法和思路,基本方法和思路
CHEMISTRY,判断同分异构体数目的常用方法和思路,等效氢法是判断同分异构体数目的重要方法
CHEMISTRY,判断弱酸的三种方法,Fe(OH)2 制备的三种方法
CHEMISTRY,判断弱酸的三种方法,定性探究的三种方法：变量控制、转化、对照
CHEMISTRY,判断弱酸的三种方法,有机推断的三种方法
CHEMISTRY,判断弱酸的三种方法,氮的固定的三种方式
CHEMISTRY,判断弱酸的三种方法,配平的三种方法：正向、逆向、整体
CHEMISTRY,判断弱酸的三种方法,金属冶炼的三种方法与规律
CHEMISTRY,利用电离常数-k-巧判溶液稀释中有关粒子浓度比值大小,利用电离常数判断稀释中浓度比值变化
CHEMISTRY,利用电离常数-k-巧判溶液稀释中有关粒子浓度比值大小,加水稀释后粒子浓度比值分析方法
CHEMISTRY,利用电离常数-k-巧判溶液稀释中有关粒子浓度比值大小,单一盐溶液中粒子浓度大小比较
CHEMISTRY,利用电离常数-k-巧判溶液稀释中有关粒子浓度比值大小,水溶液对数图像的常见坐标类型与含义
CHEMISTRY,利用电离常数-k-巧判溶液稀释中有关粒子浓度比值大小,混合溶液中粒子浓度比较的通用方法
CHEMISTRY,利用电离常数-k-巧判溶液稀释中有关粒子浓度比值大小,等浓度CH3COOH与CH3COONa混合液的粒子浓度排序
CHEMISTRY,利用盖斯定律书写热化学方程式的一般步骤,常见堆积方式的空间利用率数值
CHEMISTRY,利用盖斯定律书写热化学方程式的一般步骤,热化学方程式的书写规范
CHEMISTRY,利用盖斯定律书写热化学方程式的一般步骤,盖斯定律的运算规则
CHEMISTRY,利用盖斯定律书写热化学方程式的一般步骤,解题的一般步骤
CHEMISTRY,制作简单的燃料电池,燃料电池
CHEMISTRY,制取cl2装置的创新,分离提纯的创新装置
CHEMISTRY,制取cl2装置的创新,图2为蒸发装置
CHEMISTRY,制取cl2装置的创新,过滤装置的拓展创新
CHEMISTRY,制取cl2装置的创新,集气装置的创新
CHEMISTRY,加成反应,烯烃、炔烃的加成与加聚反应
CHEMISTRY,勒夏特列原理及应用,勒夏特列原理及其应用
CHEMISTRY,勒夏特列原理及应用,勒夏特列原理及其适用范围
CHEMISTRY,化合价,判断元素的化合价
CHEMISTRY,化合价,化合价口诀与双线桥、单线桥的规范
CHEMISTRY,化学反应的本质,主要化学反应
CHEMISTRY,化学反应的本质,化学反应能量变化能垒图的三步分析法
CHEMISTRY,化学反应的本质,有机化学反应研究的内容
CHEMISTRY,化学反应的本质,特性：只有种类，没有个数；化学反
CHEMISTRY,化学反应的热效应的易混易错点,反应条件与热效应的误判辨析
CHEMISTRY,化学反应的热效应的易混易错点,可逆反应的实际热效应
CHEMISTRY,化学反应速率,化学平衡的建立
CHEMISTRY,化学反应速率与化学计量数的关系,K 值大小与反应进行程度的关系
CHEMISTRY,化学反应速率与化学计量数的关系,化学反应速率的含义、表示与换算规则
CHEMISTRY,化学反应速率与化学计量数的关系,化学反应速率的表示方法
CHEMISTRY,化学反应速率与化学计量数的关系,化学平衡移动与化学反应速率的关系
CHEMISTRY,化学反应速率与化学计量数的关系,化学计量数与各物理量变化的比例关系
CHEMISTRY,化学反应速率与化学计量数的关系,原子及离子中粒子数的关系
CHEMISTRY,化学反应速率与化学计量数的关系,反应速率常数的含义
CHEMISTRY,化学反应速率与化学计量数的关系,平均速率与瞬时速率
CHEMISTRY,化学反应速率与化学计量数的关系,构成原电池加快反应与产氢量的关系
CHEMISTRY,化学反应速率与化学计量数的关系,速率与化学计量数的关系
CHEMISTRY,化学反应速率与化学计量数的关系,配位数的确定及其与化学式的关系
CHEMISTRY,化学反应速率及表示方法,化学反应速率图像分析方法
CHEMISTRY,化学反应速率及表示方法,化学反应速率的定义与表示
CHEMISTRY,化学反应速率及表示方法,化学反应速率的概念与表示方法
CHEMISTRY,化学反应速率及表示方法,反应速率的其他表示方法与适用范围
CHEMISTRY,化学反应速率及表示方法,比较化学反应速率大小的常用方法
CHEMISTRY,化学反应速率及表示方法,表示方法
CHEMISTRY,化学反应速率及表示方法,非常规速率表达式与测定方法
CHEMISTRY,化学反应速率的比较,化学反应速率大小的比较方法
CHEMISTRY,化学反应速率的比较,原电池的两大应用：比较金属活动性与加快反应速率
CHEMISTRY,化学反应速率的测定,化学反应速率的测定方法
CHEMISTRY,化学反应速率的测定,锌与稀硫酸反应速率的测定方案
CHEMISTRY,化学反应速率的计算方法,三段式计算反应速率
CHEMISTRY,化学反应速率的计算方法,化学反应速率的常用测定方法
CHEMISTRY,化学反应速率的计算方法,化学反应速率计算三段式
CHEMISTRY,化学反应速率的计算方法,晶胞空间利用率的计算
CHEMISTRY,化学变化,非化学变化
CHEMISTRY,化学平衡常数,使用化学平衡常数应注意的问题
CHEMISTRY,化学平衡常数,化学平衡常数K
CHEMISTRY,化学平衡常数及影响因素,固体溶解度与气体溶解度的概念及影响因素
CHEMISTRY,化学平衡常数的影响因素,反应速率常数的影响因素
CHEMISTRY,化学平衡常数的影响因素,平衡常数 K 的意义与影响因素
CHEMISTRY,化学平衡常数的影响因素,溶解度的概念与影响因素
CHEMISTRY,化学平衡常数的影响因素,电离平衡常数的影响因素
CHEMISTRY,化学平衡状态的判断,化学平衡状态的判断依据
CHEMISTRY,化学平衡状态的判断,化学平衡状态的判断方法
CHEMISTRY,化学平衡状态的判断,化学平衡状态的判断：逆向相等、变量不变
CHEMISTRY,化学平衡状态的特征及判断,化学平衡中的特殊情况
CHEMISTRY,化学平衡状态的特征及判断,化学平衡状态的概念与特征
CHEMISTRY,化学平衡移动方向和转化率的判断,充放电时离子移动方向与pH变化区域
CHEMISTRY,化学平衡移动方向和转化率的判断,勒夏特列原理与平衡移动方向的判断
CHEMISTRY,化学平衡移动方向和转化率的判断,化学平衡可从正逆两个方向建立
CHEMISTRY,化学平衡移动方向和转化率的判断,原电池与电解池中离子移动方向的判断
CHEMISTRY,化学平衡移动方向和转化率的判断,浓度商 Q 与平衡常数 K 判断移动方向
CHEMISTRY,化学平衡移动方向和转化率的判断,浓度商Q与K判断方向及转化率计算
CHEMISTRY,化学平衡移动方向和转化率的判断,转化率、选择性与产率的图像信息提取
CHEMISTRY,化学平衡移动的分析方法,从化学平衡移动分析
CHEMISTRY,化学平衡移动的分析方法,充入惰性气体与平衡移动的关系
CHEMISTRY,化学平衡移动的分析方法,分布系数图像的分析方法
CHEMISTRY,化学平衡移动的分析方法,分析平衡移动的结果及移动结果与所解答问题的联
CHEMISTRY,化学平衡移动的分析方法,多池串联与分阶段电解的分析方法
CHEMISTRY,化学平衡移动的分析方法,平衡移动的典型探究实验
CHEMISTRY,化学平衡移动的分析方法,晶胞投影图分析方法
CHEMISTRY,化学平衡移动的分析方法,有机合成的原则与分析方法
CHEMISTRY,化学平衡移动的分析方法,氯水中平衡移动的应用
CHEMISTRY,化学平衡移动的分析方法,绝热体系中的平衡分析
CHEMISTRY,化学性质,氮的固定与氮气的性质
CHEMISTRY,化学键,化学键的定义与分类
CHEMISTRY,化学键与物质类别的关系,化学键类型与物质类别的对应关系
CHEMISTRY,化学键与物质类别的关系,极性键、非极性键与物质类别的关系
CHEMISTRY,化学键对物质性质的影响,氢键对物质性质的影响
CHEMISTRY,化学键对物质性质的影响,氢键的表示、强弱与对性质的影响
CHEMISTRY,化学键对物质性质的影响,物质性质探究类实验的类型
CHEMISTRY,化学键对物质性质的影响,配合物的形成对物质性质的影响
CHEMISTRY,化学键的符号表征-电子式,①电子式中未成键的最外层电子不能省略不写
CHEMISTRY,化学键的符号表征-电子式,化学计算中的符号与单位书写规范
CHEMISTRY,单糖,单糖：葡萄糖、果糖与核糖
CHEMISTRY,单质与氧化还原反应的关系,H2S与I2的氧化还原反应
CHEMISTRY,单质与氧化还原反应的关系,H2S燃烧产物与氧气用量的关系
CHEMISTRY,单质与氧化还原反应的关系,多步反应的焓变与活化能的关系
CHEMISTRY,单质与氧化还原反应的关系,氧化还原与四种基本反应类型的关系
CHEMISTRY,单质与氧化还原反应的关系,氧化还原反应基本概念的六个易混点
CHEMISTRY,单质铜的化学性质,单质性质
CHEMISTRY,卤代烃,卤代烃的水解（取代）与消去
CHEMISTRY,卤代烃在有机合成中的作用,卤代烃在有机合成中的桥梁作用
CHEMISTRY,卤代烃在有机合成中的作用,席夫碱在有机合成、液晶材料、植物生长调节等多
CHEMISTRY,卤代烃在生产生活中具有广泛的应用,内酯在化工、医药、农林等领域有广泛的应用
CHEMISTRY,卤代烃在生产生活中具有广泛的应用,盐类水解在生产生活中的应用
CHEMISTRY,卤代烃的性质及应用,卤代烃中卤素原子的检验与消去条件判断
CHEMISTRY,卤代烃的概念,卤代烃的通式与官能团
CHEMISTRY,卤代烃的水解反应和消去反应,卤代烃发生消去反应的条件
CHEMISTRY,卤代烃的水解反应和消去反应,卤代烃发生消去反应的结构条件
CHEMISTRY,卤代烃的水解反应和消去反应,卤代烃消去反应产物种类的判断
CHEMISTRY,卤代烃的水解反应和消去反应,卤代烃的水解与消去反应对比
CHEMISTRY,卤代烃的水解反应和消去反应,卤代烃的水解与消去反应条件
CHEMISTRY,卤代烃的水解反应和消去反应,卤代烃能发生消去反应的结构条件
CHEMISTRY,卤代烃的水解反应和消去反应,易水解的阳离子和阴离子会发生相互促进的水解反
CHEMISTRY,卤代烃的水解反应和消去反应,水解反应
CHEMISTRY,卤代烃的水解反应和消去反应,消去反应
CHEMISTRY,卤代烃的水解反应和消去反应,相互促进的水解反应
CHEMISTRY,卤代烃的物理性质,卤代烃的物理性质递变规律
CHEMISTRY,卤代烃的用途与危害,甲醛（HCHO）：结构、还原性、用途与危害
CHEMISTRY,卤代烃的结构和性质易混易错点,卤代烃消去与水解的溶剂混淆
CHEMISTRY,卤族元素的易错点,卤族元素的相似性
CHEMISTRY,卤素离子的检验方法,卤代烃中卤素原子的检验方法
CHEMISTRY,卤素离子的检验方法,卤素离子的检验
CHEMISTRY,压强平衡常数的计算,压强平衡常数 Kp 的计算模板
CHEMISTRY,压强平衡常数的计算,压强平衡常数Kp的计算
CHEMISTRY,压强平衡常数的计算,多平衡体系中平衡常数的计算
CHEMISTRY,压强平衡常数的计算,平衡常数的计算步骤
CHEMISTRY,原子核外电子排布,s、p 原子轨道的形状
CHEMISTRY,原子核外电子排布,核外电子排布三大原理
CHEMISTRY,原子核外电子排布,请结合核外电子排布相关知识解释
CHEMISTRY,原子核外电子排布,铁的核外电子排布与价态规律
CHEMISTRY,原子经济性,绿色化学与原子经济性
CHEMISTRY,原子结构与元素周期表的关系,元素周期表编排的史实与易错
CHEMISTRY,原子结构与元素周期表的关系,原子结构与微粒关系的易错点
CHEMISTRY,原子结构与元素周期表的关系,核素相对原子质量、元素相对原子质量与质量数
CHEMISTRY,原子结构与元素周期表的关系,氮元素的位置结构与存在形式
CHEMISTRY,原子结构与元素周期表的关系,相对原子质量与质量数的关系辨析
CHEMISTRY,原子结构与元素周期表的关系,能层、能级与原子轨道
CHEMISTRY,原子结构中微粒的关系及计算,原子中微粒数的关系与数字含义
CHEMISTRY,原子结构中微粒的关系及计算,原子坐标法计算晶胞中微粒间距离
CHEMISTRY,原电池原理的应用,原电池原理的三类应用
CHEMISTRY,原电池原理的应用,浓差电池
CHEMISTRY,原电池工作原理易错知识-10-点,原电池原理易错辨析
CHEMISTRY,原电池的工作原理-以zn-cu原电池为例,单液与双液原电池的对比
CHEMISTRY,原电池的工作原理-以zn-cu原电池为例,原电池的工作原理
CHEMISTRY,原电池的工作原理-以zn-cu原电池为例,原电池的构成条件
CHEMISTRY,原电池的工作原理-以zn-cu原电池为例,原电池的概念、形成条件与盐桥作用
CHEMISTRY,原电池的工作原理-以zn-cu原电池为例,原电池的概念与形成条件
CHEMISTRY,原电池的工作原理-以zn-cu原电池为例,液流电池的工作特点
CHEMISTRY,原电池的工作原理-以zn-cu原电池为例,锂离子电池的工作原理
CHEMISTRY,原电池的工作原理-以zn-cu原电池为例,锌铜原电池的工作原理
CHEMISTRY,反应原理,硝酸工业制法的反应原理
CHEMISTRY,反应热-焓变,反应热
CHEMISTRY,反应热-焓变,反应热与焓变
CHEMISTRY,反应热-焓变,反应热与焓变的定义及关系
CHEMISTRY,反应热大小的比较,σ 键与 π 键的比较
CHEMISTRY,反应热大小的比较,反应热大小比较方法
CHEMISTRY,反应热大小的比较,羟基氢原子活泼性的比较
CHEMISTRY,反应热大小的比较规律,反应热ΔH大小比较规律
CHEMISTRY,反应热大小的比较规律,金属腐蚀快慢的比较规律
CHEMISTRY,反应热大小的比较规律,键角大小的比较方法
CHEMISTRY,取代反应,取代、加成、加聚反应的概念
CHEMISTRY,取代反应,苯环：(1)取代反应：①在铁粉催
CHEMISTRY,取代反应,苯酚的弱酸性、取代反应与显色反应
CHEMISTRY,可充电电池常考知识-10-点和易错知识-3-点,二次电池与铅蓄电池
CHEMISTRY,可充电电池常考知识-10-点和易错知识-3-点,可充电电池有充电和放电两个过程
CHEMISTRY,可充电电池常考知识-10-点和易错知识-3-点,可充电电池的充放电原理
CHEMISTRY,可充电电池题目的解答思路,二次电池（可充电电池）的解题流程
CHEMISTRY,可逆反应,可逆反应 ΔH 的含义与实际放热比较
CHEMISTRY,可逆反应,可逆反应2SO2(g)+O2(g)2SO
CHEMISTRY,可逆反应,可逆反应与反应热
CHEMISTRY,可逆反应,特殊反应中NA的分析
CHEMISTRY,可逆反应的特点及应用,判断正在进行的可逆反应的方向以及反应是否达到
CHEMISTRY,可逆反应的特点及应用,可逆反应及其特点
CHEMISTRY,可逆反应的特点及应用,可逆反应的四个特点与平衡限度
CHEMISTRY,可逆反应的特点及应用,可逆反应的概念与特征
CHEMISTRY,可逆反应的特点及应用,可逆反应的概念与特点
CHEMISTRY,可逆反应的特点及应用,可逆反应的证明与平衡五特征
CHEMISTRY,合成氨反应的特点,工业合成氨反应的特点分析
CHEMISTRY,合成高分子反应的化学方程式的书写,加聚与缩聚方程式的书写
CHEMISTRY,合成高分子的结构和性质,合成高分子的组成与单体推断
CHEMISTRY,合成高分子的结构和性质,水合离子的结构表示
CHEMISTRY,合金,合金的组成与性能
CHEMISTRY,合金的概念及性能,合金的概念与性能特点
CHEMISTRY,合金的概念及性能,氢键的概念与特征
CHEMISTRY,合金的概念及性能,燃烧的概念与常见燃烧现象
CHEMISTRY,合金的概念及性能,醇、酚、醚的概念与结构区别
CHEMISTRY,同分异构体,同分异构体的类型与常见类别异构
CHEMISTRY,同分异构体,同分异构体计数的换元法
CHEMISTRY,同分异构体,复杂分子式的同分异构体全面推导
CHEMISTRY,同分异构现象和同分异构体,有机物的同分异构现象和同分异构体
CHEMISTRY,同系物-同分异构体的概念和判断易混易错点,二甲苯的三种同分异构体与命名
CHEMISTRY,同系物-同分异构体的概念和判断易混易错点,五同概念辨析：同位素、同素异形体、同系物、同分异构体、同种物质
CHEMISTRY,同系物-同分异构体的概念和判断易混易错点,同位素、同素异形体、同分异构体辨析
CHEMISTRY,同系物-同分异构体的概念和判断易混易错点,同位素、同素异形体与同分异构体的比较
CHEMISTRY,同系物-同分异构体的概念和判断易混易错点,同系物与同分异构体的辨析（三同与两同）
CHEMISTRY,同系物-同分异构体的概念和判断易混易错点,糖类概念的易错点补充
CHEMISTRY,含氯消毒剂的计算与比较,关于NA的计算与推断
CHEMISTRY,含苯环同分异构体数目的确定技巧,同分异构体数目的确定
CHEMISTRY,含苯环同分异构体数目的确定技巧,苯环上多取代同分异构体的数目规律
CHEMISTRY,含量-或转化率-时间-温度-压强-图像,含量-时间-温度（压强）图像：先拐先平数值大
CHEMISTRY,含量-或转化率-时间-温度-压强-图像,百分含量-温度（压强）图像：定一议二
CHEMISTRY,含铝物质的制备和转化,四羟基合铝酸钠的转化与含铝物质的制备
CHEMISTRY,吸热反应和放热反应,吸热反应与放热反应的判断误区
CHEMISTRY,吸热反应和放热反应,吸热反应与放热反应的补充实例
CHEMISTRY,吸热反应和放热反应,常见吸热反应与放热反应
CHEMISTRY,吸热反应和放热反应,常见放热反应与吸热反应
CHEMISTRY,吸热反应和放热反应,放热反应与吸热反应的能量本质
CHEMISTRY,喷泉实验,喷泉实验的压强差原理
CHEMISTRY,喷泉实验,喷泉实验的原理
CHEMISTRY,喷泉实验,喷泉实验的原理与拓展
CHEMISTRY,喷泉实验产物的浓度计算,喷泉实验所得溶液浓度的计算
CHEMISTRY,在浓差电池中-为了限定某些离子的移动-常涉及到-离子交换膜,含离子交换膜电解题的解题步骤
CHEMISTRY,在浓差电池中-为了限定某些离子的移动-常涉及到-离子交换膜,氯碱工业中阳离子交换膜的作用
CHEMISTRY,在浓差电池中-为了限定某些离子的移动-常涉及到-离子交换膜,盐桥的成分、作用与离子移动
CHEMISTRY,在浓差电池中-为了限定某些离子的移动-常涉及到-离子交换膜,离子交换膜电解装置的分析流程
CHEMISTRY,在浓差电池中-为了限定某些离子的移动-常涉及到-离子交换膜,离子交换膜的种类与作用
CHEMISTRY,在浓差电池中-为了限定某些离子的移动-常涉及到-离子交换膜,离子交换膜的类型与作用
CHEMISTRY,在浓差电池中-为了限定某些离子的移动-常涉及到-离子交换膜,离子交换膜的类型与功能
CHEMISTRY,在浓差电池中-为了限定某些离子的移动-常涉及到-离子交换膜,离子交换膜的类型与功能判断
CHEMISTRY,基元反应,基元反应与反应机理
CHEMISTRY,基态原子核外电子排布的表示方法,基态原子电子排布式的书写方法
CHEMISTRY,基态原子核外电子排布的表示方法,基态原子的核外电子排布
CHEMISTRY,基态原子核外电子排布的表示方法,核外电子排布的三大规律
CHEMISTRY,基态原子核外电子排布的表示方法,核外电子排布的四种表示方法
CHEMISTRY,基态原子核外电子排布的表示方法,电子排布的表示方法与书写技巧
CHEMISTRY,基态原子核外电子排布的表示方法,知道元素名称书写核外电子排布式的方法
CHEMISTRY,基态原子核外电子排布的表示方法,铜的矿石、电子排布与冶炼方法
CHEMISTRY,复杂氧化还原反应的计算,Na2O2与CO2、H2O反应的固体增重规律
CHEMISTRY,外界条件对化学反应速率的影响规律,充入惰性气体对反应速率的影响
CHEMISTRY,外界条件对化学反应速率的影响规律,共价键极性对有机反应的影响
CHEMISTRY,外界条件对化学反应速率的影响规律,升温对 Kw 与中性点的影响
CHEMISTRY,外界条件对化学反应速率的影响规律,反应物用量对转化率的影响规律
CHEMISTRY,外界条件对化学反应速率的影响规律,外界条件对反应速率的影响规律
CHEMISTRY,外界条件对化学反应速率的影响规律,外界条件影响速率的微观机理归因
CHEMISTRY,外界条件对化学反应速率的影响规律,浓度与压强对反应速率的影响
CHEMISTRY,外界条件对化学反应速率的影响规律,温度与催化剂对反应速率的影响
CHEMISTRY,外界条件对化学反应速率的影响规律,诱导效应对羧酸酸性的影响
CHEMISTRY,外界条件对化学反应速率的影响规律,配体体积对键角的影响
CHEMISTRY,外界条件对化学反应速率的影响规律,键的极性对酸性的影响
CHEMISTRY,外界条件对化学平衡的影响,外界条件对化学平衡移动方向的影响
CHEMISTRY,外界条件对水的电离平衡的影响,外界条件对电离平衡的影响
CHEMISTRY,外界条件对水的电离平衡的影响,电离平衡的建立与特征
CHEMISTRY,外界条件对电离平衡影响的四个不一定,电离平衡移动的四个不一定
CHEMISTRY,多糖-淀粉与纤维素,天然高分子化合物：淀粉、纤维素、蛋白质、天然橡胶
CHEMISTRY,多重平衡体系类型,原平衡体系容器容积增大
CHEMISTRY,官能团的转化,官能团的消除与相互转化
CHEMISTRY,定容时仰视或俯视刻度线产生的误差图解,反应热产生的原因
CHEMISTRY,实验室制取氯气装置的改进,图B的改进优点是使圆底烧瓶和分液漏斗中的气体
CHEMISTRY,实验室制取氯气装置的改进,多室电解装置的典型实例
CHEMISTRY,实验室制取氯气装置的改进,实验室制氨气的药品选择与装置要点
CHEMISTRY,实验室制取氯气装置的改进,实验室制氯气的易错点
CHEMISTRY,实验室制取氯气装置的改进,实验室氯化铵与熟石灰反应制取氨气
CHEMISTRY,实验室制取氯气装置的改进,广口瓶等多用仪器的组合应用
CHEMISTRY,实验室制取氯气装置的改进,防倒吸装置的三种类型
CHEMISTRY,实验室制备高铁酸钾-k2feo4-并探究其性质,原理及性质探究类实验方案评价的一般思路
CHEMISTRY,实验室用mno2和浓盐酸制取cl2时注意-四点,MnO2和浓盐酸混合共热
CHEMISTRY,实验室用mno2和浓盐酸制取cl2时注意-四点,二氧化锰与浓盐酸加热制氯气及反应停止的原因
CHEMISTRY,实验室用mno2和浓盐酸制取cl2时注意-四点,实验室制氯气的注意事项
CHEMISTRY,实验室用mno2和浓盐酸制取cl2时注意-四点,实验室制氯气：MnO2与浓盐酸加热
CHEMISTRY,实验室用mno2和浓盐酸制取cl2时注意-四点,实验室用NH4Cl固体制NH3
CHEMISTRY,实验室用mno2和浓盐酸制取cl2时注意-四点,必须用浓盐酸
CHEMISTRY,实验室用mno2和浓盐酸制取cl2时注意-四点,氯气的实验室制法
CHEMISTRY,实验室闻cl2及其他气体的方法是怎样的,实验室里闻有毒气体及未知气体气味的方法为用手
CHEMISTRY,实验室闻cl2及其他气体的方法是怎样的,气体的除杂方法
CHEMISTRY,实验探究乙酸乙酯的制备,乙酸乙酯的制备原理与装置
CHEMISTRY,实验方案设计,原理或性质探究类简单实验方案设计常考点总结
CHEMISTRY,实验方案设计,比较AgI与AgCl的Ksp的实验方案设计
CHEMISTRY,审题抓关键条件-状态-温度-压强,在压强为0.1 MPa、温度为300 ℃条件
CHEMISTRY,对角线规则,对角线规则的三组相似性详解
CHEMISTRY,工业上制备的盐酸显黄色是因为溶有fe3-而浓hno3显黄色是因为溶有no2,Cu溶于稀HNO3
CHEMISTRY,工业上制备的盐酸显黄色是因为溶有fe3-而浓hno3显黄色是因为溶有no2,硝基还原为氨基（Fe/HCl）
CHEMISTRY,工业制法,工业制硫酸的过程中
CHEMISTRY,工业制法,工业制硫酸（接触法）
CHEMISTRY,工业合成氨的适宜条件,实际工业合成氨反应的适宜条件
CHEMISTRY,工业合成氨的适宜条件,工业合成氨反应的适宜条件
CHEMISTRY,工业合成氨的适宜条件,工业合成氨适宜条件的选择原则
CHEMISTRY,工业合成氨的适宜条件,蒸馏操作的适用条件与装置要点
CHEMISTRY,工业生产中化学反应条件的选择,少量可提高生成的选择性
CHEMISTRY,工业生产中化学反应条件的选择,工业生产条件选择的一般原则
CHEMISTRY,工业生产中化学反应条件的选择,工业生产适宜条件的选择原则
CHEMISTRY,工业生产中化学反应条件的选择,常用的控制反应条件的方法
CHEMISTRY,工业生产中化学反应条件的选择,我国化学家侯德榜改进国外的纯碱生产工艺
CHEMISTRY,工业生产中化学反应条件的选择,控制反应条件的基本措施
CHEMISTRY,工业生产中化学反应条件的选择,设计制作化学电源的四步骤
CHEMISTRY,工业生产中化学反应条件的选择,酸式与碱式滴定管的选用
CHEMISTRY,工业生产中化学反应条件的选择,酸式滴定管与碱式滴定管的选择
CHEMISTRY,工业生产中的速率和平衡图像,水溶液离子平衡图像识图四步法
CHEMISTRY,工业生产中的速率和平衡图像,速率与平衡图像的读图要领
CHEMISTRY,巧抓-四点-突破酸碱中和滴定曲线中的粒子浓度关系,巧抓“四点”
CHEMISTRY,巧抓-四点-突破酸碱中和滴定曲线中的粒子浓度关系,强碱滴定同浓度盐酸与醋酸的曲线对比
CHEMISTRY,巧抓-四点-突破酸碱中和滴定曲线中的粒子浓度关系,抓两点突破二元弱电解质滴定曲线
CHEMISTRY,巧抓-四点-突破酸碱中和滴定曲线中的粒子浓度关系,滴定曲线的四点分析法
CHEMISTRY,巧抓-四点-突破酸碱中和滴定曲线中的粒子浓度关系,电解质溶液中的电荷守恒
CHEMISTRY,巧抓-四点-突破酸碱中和滴定曲线中的粒子浓度关系,酸碱中和滴定曲线的五点分析法
CHEMISTRY,巧抓-四点-突破酸碱中和滴定曲线中的粒子浓度关系,酸碱中和滴定曲线的分析方法
CHEMISTRY,已知总方程式-书写电极反应式,复杂电极反应式的书写
CHEMISTRY,已知总方程式-书写电极反应式,按要求书写电极反应式和总反应方程式
CHEMISTRY,已知总方程式-书写电极反应式,新型电化学装置分析三步法
CHEMISTRY,已知总方程式-书写电极反应式,由总反应式书写电极反应式
CHEMISTRY,已知总方程式-书写电极反应式,电极反应式与电解总反应的书写步骤
CHEMISTRY,已知总方程式-书写电极反应式,电极反应式书写：拆分法与加减法
CHEMISTRY,已知总方程式-书写电极反应式,电极反应式的书写：直接法与间接法
CHEMISTRY,已知总方程式-书写电极反应式,电极方程式书写三步：列物质、看环境、验总式
CHEMISTRY,常温下-铁-铝遇浓硝酸能发生-钝化-并非不反应-故常温下浓硝酸可以用铁桶盛放,常温下
CHEMISTRY,常温下-铁-铝遇浓硝酸能发生-钝化-并非不反应-故常温下浓硝酸可以用铁桶盛放,氨基：在氧化其他基团前可以用醋酸
CHEMISTRY,常见喷泉的类型,喷泉实验的原理与常见组合
CHEMISTRY,常见有机反应类型总结,根据标准溶液和待测溶液间反应类型的不同
CHEMISTRY,常见有机反应类型总结,高考常见有机新信息反应归类
CHEMISTRY,常见有机合成路线,常用的有机合成路线模板
CHEMISTRY,常见有机合成路线,有机合成路线设计的思维模型
CHEMISTRY,常见的易混淆物质变化,物质变化归类：三馏四色五解十四化
CHEMISTRY,常见的易混淆物质变化,物质变化的辨析
CHEMISTRY,常见的氧化剂与还原剂,常见氧化剂、还原剂及其产物预测
CHEMISTRY,常见的氧化剂与还原剂,常见氧化剂与还原剂及其产物
CHEMISTRY,常见的氧化剂与还原剂,常见氧化剂及其还原产物
CHEMISTRY,常见的氧化剂与还原剂,常见的氧化剂和还原剂
CHEMISTRY,常见的氧化剂与还原剂,常见的还原剂
CHEMISTRY,常见的氧化剂与还原剂,常见还原剂及其对应的氧化产物
CHEMISTRY,常见的氧化剂与还原剂,常见还原剂及其氧化产物
CHEMISTRY,常见的氧化剂与还原剂,氧化剂与还原剂产物的补充预测
CHEMISTRY,常见的混合物,升华法分离混合物
CHEMISTRY,常见的混合物,定混合物成分
CHEMISTRY,常见的混合物,常见的混合物清单
CHEMISTRY,常见金属材料,常见金属材料：铁合金、铝合金与新型合金
CHEMISTRY,常见阳离子的检验与推断依据,SO42－与SO32－的检验
CHEMISTRY,常见阳离子的检验与推断依据,SO的检验
CHEMISTRY,常见阳离子的检验与推断依据,依据生成的气体检验或推断
CHEMISTRY,常见阳离子的检验与推断依据,常见阳离子的检验
CHEMISTRY,常见阳离子的检验与推断依据,常见阳离子的检验方法
CHEMISTRY,常见阳离子的检验与推断依据,推断题眼：常见元素之最常识汇总
CHEMISTRY,常见阳离子的检验与推断依据,电解池中离子的放电顺序
CHEMISTRY,常见阳离子的检验与推断依据,电解池阴极产物判断与阳离子放电顺序
CHEMISTRY,常见阳离子的检验与推断依据,硫酸根离子的检验
CHEMISTRY,常见阳离子的检验与推断依据,硫酸根离子的检验操作与易错点
CHEMISTRY,常见阳离子的检验与推断依据,葡萄糖检验失败的常见原因
CHEMISTRY,常见阳离子的检验与推断依据,醛基与碳碳双键共存时的检验策略
CHEMISTRY,常见阳离子的检验与推断依据,铁离子的性质与检验
CHEMISTRY,常见阳离子的检验与推断依据,铵盐的性质与铵根离子的检验
CHEMISTRY,常见阳离子的检验与推断依据,阳离子放电顺序
CHEMISTRY,常见阴离子的检验与推断依据,常见阴离子的检验
CHEMISTRY,常见阴离子的检验与推断依据,常见阴离子的检验方法
CHEMISTRY,常见阴离子的检验与推断依据,电解池阳极产物判断与阴离子放电顺序
CHEMISTRY,常见阴离子的检验与推断依据,阴离子的放电顺序
CHEMISTRY,常规图像解题分析,对数图像的解题策略五步
CHEMISTRY,平衡常数与速率常数的有关计算,平衡常数与方程式写法的关系
CHEMISTRY,平衡常数与速率常数的有关计算,平衡常数与正逆速率常数的关系
CHEMISTRY,平衡常数与速率常数的有关计算,平衡常数与速率常数的关系
CHEMISTRY,平衡常数与速率常数的有关计算,连续反应表观速率常数的确定（慢步骤控制）
CHEMISTRY,平衡常数与速率常数的有关计算,速率常数与平衡常数的关系
CHEMISTRY,平衡常数和转化率的计算,转化率与产率的概念与计算
CHEMISTRY,平衡常数的应用,水解常数 Kh 的应用
CHEMISTRY,平衡转化率,A的平衡转化率
CHEMISTRY,平衡转化率,平衡转化率变化的分析
CHEMISTRY,应用氧化还原反应的原理实现不同价态含硫物质的转化,(1)同种元素相邻价态的粒子间不发生氧化还原
CHEMISTRY,应用氧化还原反应的原理实现不同价态含硫物质的转化,不同价态硫的转化是通过氧化还原反应实现
CHEMISTRY,应用氧化还原反应的原理实现不同价态含硫物质的转化,分液与萃取的原理、萃取剂要求及操作
CHEMISTRY,应用氧化还原反应的原理实现不同价态含硫物质的转化,原理：隔绝空气、高温下使物质_分
CHEMISTRY,应用氧化还原反应的原理实现不同价态含硫物质的转化,氢碘酸变黄的原因与保存方法
CHEMISTRY,应用氧化还原反应的原理实现不同价态含硫物质的转化,氧化还原反应四大基本规律
CHEMISTRY,应用氧化还原反应的原理实现不同价态含硫物质的转化,氧化还原反应四大规律
CHEMISTRY,应用氧化还原反应的原理实现不同价态含硫物质的转化,氧化还原反应的先后顺序与用量对产物的影响
CHEMISTRY,应用氧化还原反应的原理实现不同价态含硫物质的转化,氧化还原反应的基本规律
CHEMISTRY,应用氧化还原反应的原理实现不同价态含硫物质的转化,氧化还原反应的概念与本质
CHEMISTRY,应用氧化还原反应的原理实现不同价态含硫物质的转化,氧化还原滴定法的原理与常用试剂
CHEMISTRY,应用氧化还原反应的原理实现不同价态含硫物质的转化,碘量法滴定的原理与终点判断
CHEMISTRY,应用氧化还原反应的原理实现不同价态含硫物质的转化,若某物质参加反应
CHEMISTRY,应用氧化还原反应的原理实现不同价态含硫物质的转化,重结晶提纯的原理
CHEMISTRY,应用氧化还原反应的原理实现不同价态含硫物质的转化,铁与氧化剂反应的价态规律
CHEMISTRY,应用氧化还原反应的原理实现不同价态含硫物质的转化,铁的使用历史与工业炼铁原理
CHEMISTRY,应用氧化还原反应的原理实现不同价态含硫物质的转化,高炉炼铁的原理
CHEMISTRY,弱电解质的电离,弱电解质的电离方程式与电离特点
CHEMISTRY,弱电解质的电离平衡,判断强弱电解质的六种实验设计
CHEMISTRY,弱电解质的电离平衡,外因：盐类水解平衡同电离平衡一样
CHEMISTRY,弱电解质的电离平衡,弱电解质的判断方法
CHEMISTRY,弱电解质的电离平衡,弱电解质的电离平衡概念
CHEMISTRY,弱电解质的电离平衡,弱电解质部分电离
CHEMISTRY,弱电解质的电离平衡,强弱电解质的概念与判断角度
CHEMISTRY,弱电解质的电离平衡,电离平衡右移
CHEMISTRY,强电解质与弱电解质,强电解质与弱电解质的比较
CHEMISTRY,强酸与弱酸-强碱与弱碱稀释时的ph变化图像,强弱酸碱稀释时的pH变化规律
CHEMISTRY,强酸与弱酸-强碱与弱碱稀释时的ph变化图像,强碱滴定弱酸时中性点在计量点之前
CHEMISTRY,强酸与弱酸-强碱与弱碱稀释时的ph变化图像,强酸与弱酸的稀释规律（图像法）
CHEMISTRY,强酸与弱酸-强碱与弱碱稀释时的ph变化图像,酸碱稀释时的pH变化规律
CHEMISTRY,形成喷泉的原理,喷泉实验的原理与形成条件
CHEMISTRY,影响分子溶解性的因素,分子溶解性的判断顺序
CHEMISTRY,影响分子溶解性的因素,相似相溶规律及溶解性影响因素
CHEMISTRY,影响化学反应速率的因素,决定反应速率的主要因素
CHEMISTRY,影响化学反应速率的因素,影响化学反应速率的内因与外因
CHEMISTRY,影响化学反应速率的因素,影响原子半径的因素
CHEMISTRY,影响化学反应速率的因素,有机物制备需考虑的因素
CHEMISTRY,影响化学平衡的因素,影响电离平衡的因素
CHEMISTRY,影响沉淀溶解平衡的因素,影响盐类水解平衡的因素
CHEMISTRY,影响沉淀溶解平衡的因素,沉淀溶解平衡及其影响因素
CHEMISTRY,影响沉淀溶解平衡的因素,沉淀溶解平衡的影响因素
CHEMISTRY,影响沉淀溶解平衡的因素,沉淀溶解平衡的概念、特征与影响因素
CHEMISTRY,微粒半径大小比较,三看法快速判断简单微粒半径大小
CHEMISTRY,微粒半径大小比较,原子半径大小比较方法
CHEMISTRY,微粒半径大小比较,微粒半径大小比较规律
CHEMISTRY,微粒半径大小比较,离子半径大小比较方法
CHEMISTRY,微粒浓度的大小比较理论依据,微粒浓度大小比较的依据
CHEMISTRY,忽视溶液中水的存在,在湿法炼锌的电解循环溶液中
CHEMISTRY,忽视溶液中水的存在,硫的存在转化与相似相溶解释
CHEMISTRY,忽视溶液中水的存在,碳酸钠滴入足量甲酸溶液中
CHEMISTRY,忽视溶液中水的存在,铜的存在与冶炼
CHEMISTRY,忽视物质溶于水时溶液体积的变化,O2、N2难溶于水
CHEMISTRY,忽视物质溶于水时溶液体积的变化,已知：PbSO4不溶于水，但可溶
CHEMISTRY,忽视物质溶于水时溶液体积的变化,气体体积的测定既可通过测量气体排出的液体体积
CHEMISTRY,忽视物质溶于水时溶液体积的变化,溶于水
CHEMISTRY,忽视物质溶于水时溶液体积的变化,溶液等体积混合的质量分数变化规律
CHEMISTRY,忽视物质溶于水时溶液体积的变化,物质溶解、熔化时化学键的变化
CHEMISTRY,忽视物质溶于水时溶液体积的变化,电解时溶液pH的变化规律
CHEMISTRY,抑制-促进水电离平衡的方法,影响水电离平衡的因素
CHEMISTRY,控制变量法探究影响化学反应速率的因素,控制变量法探究影响反应速率的因素
CHEMISTRY,控制变量法探究影响化学反应速率的因素,控制变量法探究速率影响因素
CHEMISTRY,提高合成氨反应速率和平衡转化率的条件比较,平衡转化率的表达式与影响规律
CHEMISTRY,提高合成氨反应速率和平衡转化率的条件比较,抛物线型转化率曲线的分析
CHEMISTRY,提高合成氨反应速率和平衡转化率的条件比较,提高转化率的措施
CHEMISTRY,提高合成氨反应速率和平衡转化率的条件比较,物质制备实验的条件控制方式
CHEMISTRY,提高合成氨反应速率和平衡转化率的条件比较,由图像比较反应速率：时间越短速率越大
CHEMISTRY,摩尔质量的计算方法,n值的计算
CHEMISTRY,摩尔质量的计算方法,冰中氢键数目的计算
CHEMISTRY,摩尔质量的计算方法,差量法计算
CHEMISTRY,摩尔质量的计算方法,摩尔质量、相对分子质量、质量是三个不同的物理
CHEMISTRY,摩尔质量的计算方法,摩尔质量的三性
CHEMISTRY,摩尔质量的计算方法,摩尔质量的概念与数值关系
CHEMISTRY,摩尔质量的计算方法,摩尔质量相同的常见物质组合
CHEMISTRY,摩尔质量的计算方法,晶胞中微粒数的计算方法
CHEMISTRY,摩尔质量的计算方法,求气体摩尔质量的常用方法
CHEMISTRY,摩尔质量的计算方法,求算气体摩尔质量的五种常用方法
CHEMISTRY,摩尔质量的计算方法,混合物中微粒数目的计算技巧
CHEMISTRY,摩尔质量的计算方法,溶液pH的计算方法
CHEMISTRY,摩尔质量的计算方法,计算每步固体剩余的质量m(剩余)
CHEMISTRY,放热反应,吸放热反应与吸放热过程的区别
CHEMISTRY,斜向变化体现不同价态-不同类别之间物质的转化-主要体现物质的氧化性或还原性,Fe2+既有氧化性又有还原性
CHEMISTRY,斜向变化体现不同价态-不同类别之间物质的转化-主要体现物质的氧化性或还原性,元素化合价处于中间价态的物质既有氧化性
CHEMISTRY,斜向变化体现不同价态-不同类别之间物质的转化-主要体现物质的氧化性或还原性,卤素单质性质的相似性与递变性
CHEMISTRY,斜向变化体现不同价态-不同类别之间物质的转化-主要体现物质的氧化性或还原性,找出各物质的起始量、转化量、某时刻量
CHEMISTRY,斜向变化体现不同价态-不同类别之间物质的转化-主要体现物质的氧化性或还原性,氧化性与还原性
CHEMISTRY,斜向变化体现不同价态-不同类别之间物质的转化-主要体现物质的氧化性或还原性,熟悉氨气还原性的“四大体现”
CHEMISTRY,斜向变化体现不同价态-不同类别之间物质的转化-主要体现物质的氧化性或还原性,硫的氧化性与还原性表现
CHEMISTRY,斜向变化体现不同价态-不同类别之间物质的转化-主要体现物质的氧化性或还原性,还原性
CHEMISTRY,斜向变化体现不同价态-不同类别之间物质的转化-主要体现物质的氧化性或还原性,还原性气体保护法
CHEMISTRY,新型化学电源,化学电源的优点与优劣判断标准
CHEMISTRY,新型化学电源,新型化学电源的分析步骤
CHEMISTRY,明确有机物之间的转化关系-构建有机合成体系,典型有机物的转化关系及反应类型
CHEMISTRY,明确有机物之间的转化关系-构建有机合成体系,掌握典型有机物的性质及转化关系
CHEMISTRY,晶体,晶体洗涤剂的选择依据
CHEMISTRY,晶体与非晶体,晶体与非晶体的几点理解
CHEMISTRY,晶体与非晶体,晶体与非晶体的区别
CHEMISTRY,晶体与非晶体,晶体与非晶体的区别与鉴别
CHEMISTRY,晶体与非晶体,非晶体、等离子体与液晶的比较
CHEMISTRY,晶体熔-沸点比较的解题思维流程,不同类型晶体熔、沸点比较
CHEMISTRY,晶体熔-沸点比较的解题思维流程,差量法的解题关键是找准研究对象
CHEMISTRY,晶体熔-沸点比较的解题思维流程,氢键数目越多分子晶体熔沸点越高
CHEMISTRY,晶体熔-沸点比较的解题思维流程,解题思路点拨
CHEMISTRY,晶体熔-沸点高低的比较方法,不同类型晶体熔沸点高低的比较思路
CHEMISTRY,晶体熔-沸点高低的比较方法,原子晶体熔沸点的比较：键长与键能
CHEMISTRY,晶体熔-沸点高低的比较方法,同类型晶体熔沸点高低的比较规律
CHEMISTRY,晶体熔-沸点高低的比较方法,离子晶体熔沸点的比较：电荷与半径
CHEMISTRY,晶胞,晶胞参数
CHEMISTRY,晶胞组成的计算-均摊法,均摊法计算晶胞组成
CHEMISTRY,晶胞组成的计算-均摊法,晶胞的概念与均摊法计算
CHEMISTRY,晶胞组成的计算-均摊法,非长方体晶胞的均摊比例
CHEMISTRY,有关fe2-fe3-的水解问题,氮气的制法、用途与氮化镁水解
CHEMISTRY,有关fe2-fe3-的水解问题,镁在氮气中燃烧与氮化镁水解
CHEMISTRY,有关ksp的易错点,有关 Ksp 的易错点
CHEMISTRY,有关ph计算的一般思维模型,价态归中规律思维模型
CHEMISTRY,有关ph计算的一般思维模型,广义水解反应思维模型
CHEMISTRY,有关ph计算的一般思维模型,混合溶液pH的计算思维模型
CHEMISTRY,有关ph计算的一般思维模型,溶液pH计算的一般思维模型
CHEMISTRY,有关合成高分子的易混易错点,加聚与缩聚的区分
CHEMISTRY,有关物质的量浓度的计算,不饱和度的计算与应用
CHEMISTRY,有关物质的量浓度的计算,反应自发进行温度的计算
CHEMISTRY,有关物质的量浓度的计算,晶胞密度的计算
CHEMISTRY,有关物质的量浓度的计算,正确判断溶液的溶质并计算其物质的量
CHEMISTRY,有关物质的量浓度的计算,气体溶于水后溶液浓度的计算
CHEMISTRY,有关物质的量浓度的计算,物质的量浓度与质量分数、溶解度的换算
CHEMISTRY,有关物质的量浓度的计算,物质的量浓度的概念与计算
CHEMISTRY,有关物质的量浓度的计算,物质的量浓度的计算方法
CHEMISTRY,有关物质的量浓度的计算,物质的量浓度计算的两要素：定溶质、定体积
CHEMISTRY,有关物质的量浓度的计算,物质的量浓度计算的易错点
CHEMISTRY,有关物质的量浓度的计算,物质的量用于方程式计算的七步法
CHEMISTRY,有关物质的量浓度的计算,盐酸浓度的测定
CHEMISTRY,有关电离常数计算的两种类型-以弱酸hx为例,Kp计算的两种模板
CHEMISTRY,有关电离常数计算的两种类型-以弱酸hx为例,电离常数的近似计算
CHEMISTRY,有关蛋白质的易混易错点,蛋白质的盐析与变性辨析
CHEMISTRY,有关醛的定量计算,由银镜与氢氧化铜的定量关系推官能团数目
CHEMISTRY,有关铁及其化合物的除杂,粗盐提纯的除杂试剂与顺序
CHEMISTRY,有效碰撞理论解释外因对化学反应速率的影响,孤电子对对键角影响的理论解释
CHEMISTRY,有效碰撞理论解释外因对化学反应速率的影响,有效碰撞
CHEMISTRY,有效碰撞理论解释外因对化学反应速率的影响,有效碰撞理论与活化能
CHEMISTRY,有效碰撞理论解释外因对化学反应速率的影响,有效碰撞理论的基本概念
CHEMISTRY,有机化合物中的共价键,常见元素形成的共价键数目
CHEMISTRY,有机化合物中的共价键,有机物中的共价键与碳的杂化
CHEMISTRY,有机化合物中的共价键,离子化合物与共价化合物
CHEMISTRY,有机化合物中的共价键,配合物内界中共价键数目的判断
CHEMISTRY,有机化合物中碳原子的成键特点,4个碳原子的链状烷烃有2种
CHEMISTRY,有机化合物中碳原子的成键特点,分子的手性
CHEMISTRY,有机化合物的共面共线的判断,原子共线、共面的判断方法
CHEMISTRY,有机化合物的共面共线的判断,纯净物与混合物的判断误区
CHEMISTRY,有机化合物的空间结构,有机化合物的命名、结构简式的书写、有机化学方
CHEMISTRY,有机合成,有机合成中的碳骨架构建、官能团衍变与路线设计
CHEMISTRY,有机合成中碳骨架的构建,有机合成中开环的方法
CHEMISTRY,有机合成中碳骨架的构建,有机合成中成环的方法
CHEMISTRY,有机合成中碳骨架的构建,有机合成中碳链增长与缩短的方法
CHEMISTRY,有机合成中碳骨架的构建,有机合成中碳链增长的方法
CHEMISTRY,有机合成中碳骨架的构建,有机合成中碳链缩短的方法
CHEMISTRY,有机合成路线的推断方法,有机推断综合题常以新医药、新材料的合成工艺为
CHEMISTRY,有机合成路线的推断方法,高聚物单体的推断方法
CHEMISTRY,有机物分子分子式的确定,分子式
CHEMISTRY,有机物分子分子式的确定,有机物分子式与结构式的确定流程
CHEMISTRY,有机物分子分子式的确定,确定有机物中含有哪些元素
CHEMISTRY,有机物分子结构的确定,分子结构与晶体结构的测定方法
CHEMISTRY,有机物的分离和提纯,有机粗产品的分离提纯序列
CHEMISTRY,有机物的分类和官能团的识别,有机化合物的分类方法
CHEMISTRY,有机物的结构可用键线式表示-如,有机物结构的表示方法
CHEMISTRY,有机物的结构特点,过氧化物的结构特点与性质
CHEMISTRY,杂化轨道理论,杂化轨道理论与杂化类型判断
CHEMISTRY,杂化轨道理论,杂化轨道理论要点与杂化轨道数计算
CHEMISTRY,构造原理,构造原理与能级交错
CHEMISTRY,核外电子运动状态,电子云与能层、能级、原子轨道
CHEMISTRY,核外电子运动状态的表示和判断,电子运动状态与空间运动状态的数目
CHEMISTRY,核外电子运动状态的表示和判断,轨道表示式中的常见概念
CHEMISTRY,核酸,核酸的组成与 DNA、RNA
CHEMISTRY,核酸的结构与性质,核酸的生物功能
CHEMISTRY,根据分子-离子-结构推断元素,常考元素特殊电子层结构推断题眼
CHEMISTRY,根据影响因素判断氧化性-还原性强弱的方法,影响氧化性、还原性强弱的因素
CHEMISTRY,根据影响因素判断氧化性-还原性强弱的方法,影响离子键强弱的因素与常见特例
CHEMISTRY,根据影响因素判断氧化性-还原性强弱的方法,氧化性、还原性强弱的判断方法
CHEMISTRY,根据影响因素判断氧化性-还原性强弱的方法,氧化性还原性强弱的辨析要点
CHEMISTRY,根据文字描述信息推断元素,根据上述信息
CHEMISTRY,根据文字描述信息推断元素,由成键数目推断元素
CHEMISTRY,根据有机反应中定量关系推断官能团的数目,增加官能团数目与改变官能团位置的方法
CHEMISTRY,根据有机反应中定量关系推断官能团的数目,有机推断的三种方法与官能团确定的特征反应
CHEMISTRY,根据有机反应中定量关系推断官能团的数目,由定量关系确定官能团的数目
CHEMISTRY,检验so2和co2同时存在的一般流程,实验探究的一般流程
CHEMISTRY,横向变化体现了同价态不同的类别-氧化物-碱-盐-物质之间的转化,价态硫元素之间的转化也是物质推断的重要突破点
CHEMISTRY,氢氧化铜,Cu(OH)2受热分解为CuO和水
CHEMISTRY,氢氧化铜,氢氧化铜检验醛基与李比希法测碳氢
CHEMISTRY,氢氧化铝的性质与制备,制备氢氧化铝的最佳途径选择
CHEMISTRY,氢氧化铝的性质与制备,某高温还原法制备新型陶瓷氮化铝
CHEMISTRY,氢氧化铝的性质与制备,氢氧化铝的两性与用途
CHEMISTRY,氧化剂,遇KMnO4等强氧化剂时
CHEMISTRY,氧化性-还原性强弱的比较,常见氧化性还原性强弱顺序
CHEMISTRY,氧化性-还原性强弱的比较,比较酸性强弱的实验必须控制变量
CHEMISTRY,氧化性-还原性强弱的比较,氧化性、还原性强弱的比较方法
CHEMISTRY,氧化性-还原性强弱的比较,氧化性、还原性强弱的比较规律
CHEMISTRY,氧化性-还原性强弱的比较,氧化性、还原性强弱规律及应用
CHEMISTRY,氧化性-还原性强弱的比较,足量氧化剂按还原性顺序依次氧化的书写规则
CHEMISTRY,氧化性-还原性的判断,强氧化性与强还原性的离子
CHEMISTRY,氧化性-还原性的判断,氧化性、还原性的强弱取决于得、失电子的难易程
CHEMISTRY,氧化物的类型,常用试纸的类型与使用方法
CHEMISTRY,氧化物的类型,氧化物的类型与判断误区
CHEMISTRY,氧化物的类型,氧化物的类型补充与“一定不一定”
CHEMISTRY,氧化物的类型,溶解度曲线的类型与提纯应用
CHEMISTRY,氧化物的类型,酸性氧化物与碱性氧化物的通性
CHEMISTRY,氧化还原反应,氧化还原反应法
CHEMISTRY,氧化还原反应,烯烃、炔烃的氧化反应
CHEMISTRY,氧化还原反应中电子转移的表示方法,1 mol Cl2 参与不同反应的电子转移数
CHEMISTRY,氧化还原反应中电子转移的表示方法,典型氧化还原反应中 1 mol 物质的电子转移数
CHEMISTRY,氧化还原反应中电子转移的表示方法,双线桥法与单线桥法表示电子转移
CHEMISTRY,氧化还原反应中电子转移的表示方法,氧化还原反应中电子转移数目的分析
CHEMISTRY,氧化还原反应中电子转移的表示方法,氧化还原反应生成物的判断方法
CHEMISTRY,氧化还原反应中电子转移的表示方法,氧化还原反应电子转移的表示方法
CHEMISTRY,氧化还原反应中电子转移的表示方法,氧化还原反应的本质、特征与概念体系
CHEMISTRY,氧化还原反应中电子转移的表示方法,氧化还原反应的特征与本质
CHEMISTRY,氧化还原反应中电子转移的表示方法,特殊反应的电子转移对照
CHEMISTRY,氧化还原反应中电子转移的表示方法,电子转移数目的判断要点
CHEMISTRY,氧化还原反应中电子转移的表示方法,电子转移的表示方法
CHEMISTRY,氧化还原反应中电子转移的表示方法,硅与碱反应的机理与电子转移
CHEMISTRY,氧化还原反应中电子转移的表示方法,钠与氧气反应的产物与电子转移
CHEMISTRY,氧化还原反应方程式的配平方法,判断反应方向的传统方法
CHEMISTRY,氧化还原反应方程式的配平方法,多步氧化还原反应建立关系式的两种方法
CHEMISTRY,氧化还原反应方程式的配平方法,氧化还原方程式的配平方法
CHEMISTRY,氧化还原反应概念的-易错点,氧化还原反应概念的关系链
CHEMISTRY,氧化还原反应概念的-易错点,氧化还原概念的五个误区
CHEMISTRY,氧化还原反应规律及其应用,Na2O2与CO2、H2O反应的三大规律
CHEMISTRY,氧化还原反应规律及其应用,先后规律及应用
CHEMISTRY,氧化还原反应规律及其应用,相似相溶规律及其应用
CHEMISTRY,氧化还原反应规律及其应用,铝热反应及其应用
CHEMISTRY,氧化铝-氢氧化铝两性的重要应用,AlCl3与NaOH反应的量比规律（氢氧化铝两性）
CHEMISTRY,氧化铝的性质与应用,铝的性质：活泼却抗腐蚀与钝化
CHEMISTRY,氨,氨的结构、性质与制法
CHEMISTRY,氨基酸的结构与性质,次氯酸的结构与性质
CHEMISTRY,氨基酸的结构与性质,氨基酸的两性与成肽反应
CHEMISTRY,氨基酸的结构与性质,氨基酸的成肽规律与两性
CHEMISTRY,氨基酸的结构与性质,胺与酰胺的结构与性质
CHEMISTRY,氨的化学性质,氨的性质
CHEMISTRY,氨的实验室制法,氨的实验室制法要点
CHEMISTRY,氮元素的价类二维图及转化关系,氮元素的“价
CHEMISTRY,氮气,氮气的结构与化学性质
CHEMISTRY,氮的氧化物,氮的氧化物与 NO₂—N₂O₄ 平衡
CHEMISTRY,氯及其化合物的知识盲点,氯及其化合物的价类转化
CHEMISTRY,氯及其化合物的知识盲点,用电子式表示化合物的形成过程
CHEMISTRY,氯气,氯气的主要用途与工业制盐酸
CHEMISTRY,氯水的成分,新制氯水的多种成分决定了它具有多重性质
CHEMISTRY,氯水的成分,氯水的成分与三个平衡
CHEMISTRY,氯水的成分,氯水的成分与性质对应关系
CHEMISTRY,氯离子检验,离子检验操作现象描述
CHEMISTRY,水泥,水泥的成分与原料
CHEMISTRY,水的电离平衡移动的影响因素,影响水的电离平衡的因素
CHEMISTRY,水的电离平衡移动的影响因素,影响电离平衡的因素
CHEMISTRY,水的电离平衡移动的影响因素,正确理解水的电离平衡曲线
CHEMISTRY,水的电离平衡移动的影响因素,水的电离平衡曲线的理解与识别
CHEMISTRY,水的电离平衡移动的影响因素,水的电离平衡的影响因素
CHEMISTRY,水的电离平衡移动的影响因素,电离平衡的影响因素（以醋酸为例）
CHEMISTRY,水的电离平衡移动的影响因素,电离平衡移动中离子浓度的变化实例
CHEMISTRY,水的电离平衡移动的影响因素,电离度的概念与影响因素
CHEMISTRY,水的离子积常数,水的电离与水的离子积
CHEMISTRY,水的离子积常数,水的电离与离子积常数
CHEMISTRY,水的离子积常数,水的离子积常数KW=c(H+)·c(OH-)
CHEMISTRY,水的离子积常数,水的离子积常数KW的适用范围与温度关系
CHEMISTRY,水的离子积常数,水的离子积常数Kw
CHEMISTRY,水的离子积常数,水的离子积常数的推导与电离程度数据
CHEMISTRY,水解平衡常数-能水解的盐表示为ma,水解常数Kh=Kw/Ka与越弱越水解
CHEMISTRY,沉淀溶解平衡,沉淀溶解平衡曲线（c-c 图像）的分析
CHEMISTRY,沉淀溶解平衡,沉淀溶解平衡滴定曲线的分析
CHEMISTRY,沉淀溶解平衡,沉淀溶解平衡移动中离子浓度关系曲线
CHEMISTRY,沉淀溶解平衡体系中相关计算方法,由 Ksp 计算沉淀某离子的 pH 范围
CHEMISTRY,沉淀溶解平衡的应用,分步沉淀的规律
CHEMISTRY,沉淀滴定法,回滴定法（佛尔哈德法）测定氯含量
CHEMISTRY,沉淀滴定法,滴定法
CHEMISTRY,油脂,油脂的组成、氢化与皂化
CHEMISTRY,活化能,阿伦尼乌斯公式与活化能对温度敏感性
CHEMISTRY,浓差电池-的分析方法,一池两用装置的分析
CHEMISTRY,浓差电池-的分析方法,多池串联装置的分析方法
CHEMISTRY,浓度商与化学平衡常数的表达式,分压平衡常数Kp的定义与表达式
CHEMISTRY,浓度商与化学平衡常数的表达式,化学平衡常数K的含义、表达式与影响因素
CHEMISTRY,浓度商与化学平衡常数的表达式,化学平衡常数的含义与表达式
CHEMISTRY,浓度商与化学平衡常数的表达式,将平衡浓度代入平衡常数表达式
CHEMISTRY,浓度商与化学平衡常数的表达式,平衡常数取对数的图像线性化方法
CHEMISTRY,浓度商与化学平衡常数的表达式,平衡常数的简单计算（三段式）
CHEMISTRY,浓度商与化学平衡常数的表达式,曲线交点读取平衡常数的方法
CHEMISTRY,浓度商与化学平衡常数的表达式,极端假设法确定平衡浓度范围
CHEMISTRY,浓度商与化学平衡常数的表达式,浓度商Q与平衡常数K的关系
CHEMISTRY,浓度商与化学平衡常数的表达式,表达式
CHEMISTRY,浓度计算的常用方法,反应热计算的常用依据
CHEMISTRY,浓度计算的常用方法,可逆反应与浓度变化对 NA 计算的影响
CHEMISTRY,浓度计算的常用方法,官能团引入的常用方法汇总
CHEMISTRY,浓度计算的常用方法,常用试纸的类型与使用方法
CHEMISTRY,浓度计算的常用方法,测量气体体积的常用方法
CHEMISTRY,浓度计算的常用方法,装置气密性检查的常用方法与答题规范
CHEMISTRY,浓度计算的常用方法,金属防护的常用方法
CHEMISTRY,浓盐酸和浓氨水反应有白烟生成-常用于hcl和nh3的相互检验,氯气与磷反应：唯一的烟、雾同时生成反应
CHEMISTRY,浓盐酸和浓氨水反应有白烟生成-常用于hcl和nh3的相互检验,浓氨水+固体CaO
CHEMISTRY,浓盐酸和浓氨水反应有白烟生成-常用于hcl和nh3的相互检验,浓氨水+固体NaOH
CHEMISTRY,浓盐酸和浓氨水反应有白烟生成-常用于hcl和nh3的相互检验,粗硅与干燥的HCl气体反应制得SiHCl3
CHEMISTRY,浓盐酸和浓氨水反应有白烟生成-常用于hcl和nh3的相互检验,键能与反应热计算
CHEMISTRY,浓硫酸,气体干燥与净化的试剂选择
CHEMISTRY,浓硫酸,浓硫酸作干燥剂的可干燥气体范围
CHEMISTRY,浓硫酸,浓硫酸的三大特性
CHEMISTRY,浓硫酸,量取一定量的浓硫酸
CHEMISTRY,浓硫酸与金属的反应规律,强制弱与易溶制难溶规律
CHEMISTRY,浓硫酸与金属的反应规律,氯气与金属、非金属单质的反应
CHEMISTRY,浓硫酸与金属的反应规律,氯气与金属的反应
CHEMISTRY,浓硫酸与金属的反应规律,铁与非金属单质的反应
CHEMISTRY,浓硫酸转化为二氧化硫,硫代硫酸盐遇酸分解生成硫和二氧化硫
CHEMISTRY,海水提取溴,欲从含Br-的废液中提取溴单质
CHEMISTRY,海水提取溴,海水中提取溴的工艺
CHEMISTRY,海水提取溴,海水提溴与海带提碘的流程
CHEMISTRY,海水提取镁,从海水中提取金属镁的流程
CHEMISTRY,海水提镁的工艺流程分析,中国古代化学的工艺简介
CHEMISTRY,海水提镁的工艺流程分析,化工流程题的结构分析与破题关键
CHEMISTRY,海水提镁的工艺流程分析,工艺流程中冷却降温的目的
CHEMISTRY,海水提镁的工艺流程分析,工艺流程中加热的目的
CHEMISTRY,海水提镁的工艺流程分析,工艺流程中水浸的目的
CHEMISTRY,海水提镁的工艺流程分析,工艺流程中煅烧灼烧的目的
CHEMISTRY,海水提镁的工艺流程分析,工艺流程中调节pH的目的与试剂选择
CHEMISTRY,海水提镁的工艺流程分析,工艺流程中趁热过滤的目的
CHEMISTRY,海水提镁的工艺流程分析,工艺流程中酸浸的目的
CHEMISTRY,海水提镁的工艺流程分析,工艺流程的整体三阶段框架
CHEMISTRY,海水提镁的工艺流程分析,工艺流程题的分析方法
CHEMISTRY,海水提镁的工艺流程分析,废弃物类工艺流程题的解题主线
CHEMISTRY,海水提镁的工艺流程分析,海水提溴与海带提碘的流程原理
CHEMISTRY,海水提镁的工艺流程分析,海水提镁的流程原理
CHEMISTRY,淀粉-或纤维素-中含有的羟基数为3n,淀粉和纤维素因通式中n值不同
CHEMISTRY,混合溶液酸碱性的判断规律,共价键中σ键与π键的判断规律
CHEMISTRY,混合溶液酸碱性的判断规律,溶液酸碱性的判断依据
CHEMISTRY,混合溶液酸碱性的判断规律,溶液酸碱性的判断方法
CHEMISTRY,混合溶液酸碱性的判断规律,酸碱溶液混合后酸碱性的判断规律
CHEMISTRY,溴苯和硝基苯的制取实验,溴苯与硝基苯的提纯流程
CHEMISTRY,溴苯和硝基苯的制取实验,苯的硝化反应与硝基苯制备要点
CHEMISTRY,溶度积,溶度积的表达式与溶度积规则
CHEMISTRY,溶度积和离子积的关系,溶度积与离子积的大小关系
CHEMISTRY,溶液ph的计算,混合溶液 pH 的计算
CHEMISTRY,溶液中微粒浓度大小的比较,混合溶液中粒子浓度大小比较
CHEMISTRY,溶液中微粒浓度大小的比较,溶液中微粒数目的分析要点
CHEMISTRY,溶液中微粒种类的判断,多组分溶液中反应先后的判断方法
CHEMISTRY,溶液中微粒种类的判断,溶液中微粒数目的判断要点
CHEMISTRY,溶液中微粒种类的判断,苯环上等效氢（化学环境）种类的判断
CHEMISTRY,溶液中粒子等量关系-三大守恒,电解质溶液中的三大守恒
CHEMISTRY,溶液的ph,溶液pH的计算与测定
CHEMISTRY,溶液的稀释和混合问题,实验Ⅲ所得溶液的颜色不是蓝色
CHEMISTRY,溶液的配制步骤,一定物质的量浓度溶液的配制步骤
CHEMISTRY,溶液的配制步骤,粗溴苯的提纯洗涤步骤
CHEMISTRY,溶液的配制步骤,铁盐与亚铁盐溶液的配制
CHEMISTRY,溶液的配制误差分析,溶液配制误差分析方法
CHEMISTRY,溶液的配制误差分析,配制一定物质的量浓度溶液的误差分析
CHEMISTRY,溶液的酸碱性,二性——溶液的酸碱性
CHEMISTRY,溶液的酸碱性,根据酸碱性
CHEMISTRY,溶液的酸碱性,测定对应盐溶液的酸碱性
CHEMISTRY,溶液的酸碱性,溶液的酸碱性与pH
CHEMISTRY,溶液的酸碱性,等浓度弱酸与其盐混合液的酸碱性
CHEMISTRY,溶质为酸的溶液-oh-全部来自水的电离,NaHSO4 在水溶液与熔融状态的电离差异
CHEMISTRY,溶质为酸的溶液-oh-全部来自水的电离,a点，溶质为CH3COONa、C
CHEMISTRY,滴定操作,仪器的 0 刻度与基本操作禁忌
CHEMISTRY,滴定曲线,酸碱中和滴定曲线的起点与突变范围
CHEMISTRY,漂白粉,84消毒液与漂白粉的有效成分
CHEMISTRY,漂白粉,漂白液与漂白粉
CHEMISTRY,炔烃,炔烃的通式与碳碳三键
CHEMISTRY,炔烃的化学性质,炔烃的加成与加聚
CHEMISTRY,烃类的燃烧规律,有机物燃烧的定量规律
CHEMISTRY,热化学方程式书写注意事项,化学方程式计算的注意事项
CHEMISTRY,热化学方程式书写注意事项,热化学方程式书写的补充要求
CHEMISTRY,热化学方程式书写注意事项,热化学方程式的书写规范
CHEMISTRY,热化学方程式书写注意事项,燃烧热热化学方程式书写三要素
CHEMISTRY,热重分析确定金属化合物的组成,热重分析中固体失重的先后顺序规律
CHEMISTRY,热重分析确定金属化合物的组成,热重分析固体组成的计算四步法
CHEMISTRY,热重分析确定金属化合物的组成,热重分析法
CHEMISTRY,热重分析确定金属化合物的组成,热重分析法的解题方法
CHEMISTRY,热重分析确定金属化合物的组成,热重分析法的解题步骤
CHEMISTRY,热重分析确定金属化合物的组成,热重曲线平台的组成含义
CHEMISTRY,烯烃,烯烃的通式与碳碳双键
CHEMISTRY,烯烃的化学性质,烯烃的加成、加聚与氧化
CHEMISTRY,烯烃的顺反异构,烯烃顺反异构的产生条件
CHEMISTRY,烯烃的顺反异构,烯烃顺反异构的含义与存在条件
CHEMISTRY,烯烃的顺反异构,顺反异构
CHEMISTRY,烷烃的化学性质,烷烃的取代反应与燃烧
CHEMISTRY,焓变,焓与焓变 ΔH
CHEMISTRY,焰色反应,显色反应
CHEMISTRY,焰色试验,焰色试验检验Na+与K+
CHEMISTRY,焰色试验的应用,焰色试验的操作
CHEMISTRY,焰色试验的应用,焰色试验的操作与常见焰色
CHEMISTRY,煤的综合利用,煤的气化、液化与干馏
CHEMISTRY,熟练掌握溶解-过滤-蒸发等操作-认识化学方法在物质分离和提纯中的重要作用,利用物质的溶解度对物质进行分离、提纯
CHEMISTRY,熟练掌握溶解-过滤-蒸发等操作-认识化学方法在物质分离和提纯中的重要作用,化学方法
CHEMISTRY,熟练掌握溶解-过滤-蒸发等操作-认识化学方法在物质分离和提纯中的重要作用,工艺流程常用分离方法汇总
CHEMISTRY,熟练掌握溶解-过滤-蒸发等操作-认识化学方法在物质分离和提纯中的重要作用,常考的分离提纯操作
CHEMISTRY,熟练掌握溶解-过滤-蒸发等操作-认识化学方法在物质分离和提纯中的重要作用,易分，应使被提纯或分离的物质与其
CHEMISTRY,熟练掌握溶解-过滤-蒸发等操作-认识化学方法在物质分离和提纯中的重要作用,流程题中易混操作的辨析
CHEMISTRY,熟练掌握溶解-过滤-蒸发等操作-认识化学方法在物质分离和提纯中的重要作用,物质分离提纯的常用化学方法
CHEMISTRY,熟练掌握溶解-过滤-蒸发等操作-认识化学方法在物质分离和提纯中的重要作用,蒸发结晶操作要点
CHEMISTRY,熟练掌握溶解-过滤-蒸发等操作-认识化学方法在物质分离和提纯中的重要作用,蒸发结晶的操作要点与时机
CHEMISTRY,熟练掌握溶解-过滤-蒸发等操作-认识化学方法在物质分离和提纯中的重要作用,过滤与蒸发结晶的操作要点
CHEMISTRY,熟练掌握溶解-过滤-蒸发等操作-认识化学方法在物质分离和提纯中的重要作用,过滤操作的要点：一贴二低三靠
CHEMISTRY,熟练掌握溶解-过滤-蒸发等操作-认识化学方法在物质分离和提纯中的重要作用,过滤操作要点：一贴二低三靠
CHEMISTRY,熟练掌握溶解-过滤-蒸发等操作-认识化学方法在物质分离和提纯中的重要作用,选分离方法
CHEMISTRY,熟记硅及其化合物的特殊性质,卤素单质的特殊性
CHEMISTRY,熟记硅及其化合物的特殊性质,卤素性质的特殊性
CHEMISTRY,熟记硅及其化合物的特殊性质,探究物质的其他特殊性质
CHEMISTRY,熟记硅及其化合物的特殊性质,氟的特殊性
CHEMISTRY,熵和熵变的含义,熵与熵变的含义及大小规律
CHEMISTRY,物理变化与化学变化的两种判断方法,从溶液中获取晶体的两种方法
CHEMISTRY,物理变化与化学变化的两种判断方法,分子极性的判断方法
CHEMISTRY,物理变化与化学变化的两种判断方法,判断弱电解质的两种常用方法
CHEMISTRY,物理变化与化学变化的两种判断方法,化学反应的两大变化与两大守恒
CHEMISTRY,物理变化与化学变化的两种判断方法,常见物理变化与化学变化辨析
CHEMISTRY,物理变化与化学变化的两种判断方法,淀粉水解程度的判断方法
CHEMISTRY,物理变化与化学变化的两种判断方法,物理变化与化学变化的判断
CHEMISTRY,物理变化与化学变化的两种判断方法,电解池阴、阳极的判断方法
CHEMISTRY,物理变化与化学变化的两种判断方法,电解池阴阳极的六种判断方法
CHEMISTRY,物理变化与化学变化的两种判断方法,电解池阴阳极的判断方法
CHEMISTRY,物理变化与化学变化的两种判断方法,酸的元数判断方法
CHEMISTRY,物理变化与化学变化的两种判断方法,金属腐蚀快慢的判断方法
CHEMISTRY,物质变化过程中的化学键变化,传统文化中的化学物质对应
CHEMISTRY,物质变化过程中的化学键变化,传统文化中的物质组成、性质和变化
CHEMISTRY,物质变化过程中的化学键变化,常见物质中的化学键数目
CHEMISTRY,物质变化过程中的化学键变化,生活常识中的化学：常见物质性质与生活应用正误判断
CHEMISTRY,物质的分类,依据物质的分类判断
CHEMISTRY,物质的分类,常见物质俗名与物质的分类方法
CHEMISTRY,物质的分类,物质的分离与提纯的区别
CHEMISTRY,物质的分类,物质的分类方法
CHEMISTRY,物质的化学键,1 mol 常见物质所含共价键数目
CHEMISTRY,物质的化学键,微观：有旧化学键断裂，同时有新化
CHEMISTRY,物质的组成,盐桥的组成、作用与离子移向口诀
CHEMISTRY,物质的聚集状态,推断题眼：特殊聚集状态与密度之最的物质
CHEMISTRY,物质的聚集状态,物质的聚集状态补充
CHEMISTRY,物质的量-或浓度-时间图像,此类图像的纵坐标为某物质的平衡浓度或转化率
CHEMISTRY,物质的量-阿伏加德罗常数,三种平衡常数：Kc、Kp 与 Kx
CHEMISTRY,物质的量-阿伏加德罗常数,标准平衡常数与物质的量分数（浓度）平衡常数
CHEMISTRY,物质的量-阿伏加德罗常数,物质的量的概念与使用注意
CHEMISTRY,物质的量-阿伏加德罗常数,阿伏加德罗常数判断的三步法
CHEMISTRY,物质的量-阿伏加德罗常数,阿伏加德罗常数有单位
CHEMISTRY,物质的量-阿伏加德罗常数,阿伏加德罗常数正误判断的六类题型
CHEMISTRY,物质间转化的5个常见易错点,推断题眼：常见连续转化链
CHEMISTRY,特点,盐类水解反应的特点与方程式写法
CHEMISTRY,现象描述答题模板,归因解释类问题的答题模板
CHEMISTRY,现象描述答题模板,答题模板
CHEMISTRY,现象描述答题模板,答题要素
CHEMISTRY,现象描述答题模板,解答该量气装置读数时的答题模板
CHEMISTRY,玻璃,普通玻璃
CHEMISTRY,玻璃,硅酸与硅酸钠（水玻璃）
CHEMISTRY,理解物质氧化性-还原性强弱的注意事项,pH 试纸测溶液 pH 的注意事项
CHEMISTRY,理解物质氧化性-还原性强弱的注意事项,确定物质组成的注意事项
CHEMISTRY,甲烷与氯气在光照条件下存在如下反应历程-表示电子,烷烃卤代反应的产物特征
CHEMISTRY,甲烷与氯气在光照条件下存在如下反应历程-表示电子,甲烷的取代反应：氯气光照下逐步取代生成四种氯代物
CHEMISTRY,甲烷作燃料电池的负极反应物时-其电极反应式在不同的介质中有不同的写法,原电池电极材料的多种组合方式
CHEMISTRY,甲烷作燃料电池的负极反应物时-其电极反应式在不同的介质中有不同的写法,反应物或生成物中有固体和纯液体存在时
CHEMISTRY,甲烷作燃料电池的负极反应物时-其电极反应式在不同的介质中有不同的写法,常见一次电池的电极反应
CHEMISTRY,甲烷作燃料电池的负极反应物时-其电极反应式在不同的介质中有不同的写法,燃料电池电极反应式的书写
CHEMISTRY,甲烷作燃料电池的负极反应物时-其电极反应式在不同的介质中有不同的写法,燃料电池电极反应式的书写方法
CHEMISTRY,甲烷作燃料电池的负极反应物时-其电极反应式在不同的介质中有不同的写法,燃料电池电极反应随介质变化
CHEMISTRY,甲烷作燃料电池的负极反应物时-其电极反应式在不同的介质中有不同的写法,电极反应
CHEMISTRY,甲烷作燃料电池的负极反应物时-其电极反应式在不同的介质中有不同的写法,碱性甲烷燃料电池的总反应与电极反应
CHEMISTRY,甲烷作燃料电池的负极反应物时-其电极反应式在不同的介质中有不同的写法,负极质量不一定减少
CHEMISTRY,甲烷作燃料电池的负极反应物时-其电极反应式在不同的介质中有不同的写法,酸性、碱性介质中的配平规则
CHEMISTRY,电化学综合计算的三种常用方法,有机合成路线设计的三种常用方法
CHEMISTRY,电化学综合计算的三种常用方法,有机物分离提纯的三种常用方法
CHEMISTRY,电化学综合计算的三种常用方法,气体的三种收集方法及适用气体
CHEMISTRY,电化学综合计算的三种常用方法,氮的固定的三种途径
CHEMISTRY,电化学综合计算的三种常用方法,混合物计算的三种方法
CHEMISTRY,电化学综合计算的三种常用方法,混合物计算的三种方法：方程组、极值法、平均值法
CHEMISTRY,电化学综合计算的三种常用方法,焓变的三种计算方法与活化能关系
CHEMISTRY,电化学综合计算的三种常用方法,电化学综合计算的三种方法
CHEMISTRY,电化学综合计算的三种常用方法,电化学计算的三种方法
CHEMISTRY,电化学综合计算的三种常用方法,电解计算的三种方法
CHEMISTRY,电子守恒法计算的原理,利用电子守恒关系求解
CHEMISTRY,电子守恒法计算的原理,在电子守恒的基础上
CHEMISTRY,电子守恒法计算的原理,守恒法计算的三大类型
CHEMISTRY,电子守恒法计算的原理,差量法计算：找准理论差量
CHEMISTRY,电子守恒法计算的原理,得失电子守恒
CHEMISTRY,电子守恒法计算的原理,得失电子守恒法计算
CHEMISTRY,电子守恒法计算的原理,电化学计算的依据：三个相等
CHEMISTRY,电子守恒法计算的原理,电子守恒法计算
CHEMISTRY,电子守恒法计算的流程,三守恒规律与电子守恒计算流程
CHEMISTRY,电子工业常用30-的fecl3溶液腐蚀敷在绝缘板上的铜箔-制造印刷电路板,FeCl₃ 溶液腐蚀铜箔制印刷电路板
CHEMISTRY,电子式的书写与判断,电子式书写与形成过程表示规则
CHEMISTRY,电子式的书写与判断,电子式的书写规则
CHEMISTRY,电子排布式,由电子排布推断主族的规律
CHEMISTRY,电子排布式,电子排布式与排布图的各类要求
CHEMISTRY,电子数相等的粒子的判断与应用,数一下与该粒子周围距离最近的粒子数
CHEMISTRY,电子数相等的粒子的判断与应用,由得失电子总数相等知
CHEMISTRY,电子数相等的粒子的判断与应用,等电子体的判断与应用
CHEMISTRY,电子数相等的粒子的判断与应用,质子数和电子数均相等的微粒关系
CHEMISTRY,电离常数,电离平衡常数的表达式与应用
CHEMISTRY,电离平衡,外界条件对电离平衡的影响
CHEMISTRY,电离能的三个重要应用,电离能的应用
CHEMISTRY,电离能的三个重要应用,第一电离能的反常现象
CHEMISTRY,电离能的三个重要应用,逐级电离能规律及应用
CHEMISTRY,电荷守恒在离子推断中的应用,关系式法在多步反应计算中的应用
CHEMISTRY,电荷守恒在离子推断中的应用,关系式法在滴定及多步反应计算中的应用
CHEMISTRY,电荷守恒在离子推断中的应用,应用原理
CHEMISTRY,电荷守恒在离子推断中的应用,意电荷守恒
CHEMISTRY,电荷守恒在离子推断中的应用,是否遵循电荷守恒与质量守恒定律
CHEMISTRY,电荷守恒在离子推断中的应用,波谱分析法在结构鉴定中的应用
CHEMISTRY,电荷守恒在离子推断中的应用,电化学原理在环境保护中的应用
CHEMISTRY,电荷守恒在离子推断中的应用,电荷守恒
CHEMISTRY,电荷守恒在离子推断中的应用,离子推断中的特殊现象对应
CHEMISTRY,电荷守恒在离子推断中的应用,离子推断的四原则
CHEMISTRY,电荷守恒在离子推断中的应用,离子推断的四项原则
CHEMISTRY,电解原理应用的四点注意事项,化学法除杂的四原则与四注意
CHEMISTRY,电解原理应用的四点注意事项,差量法应用原理
CHEMISTRY,电解原理应用的四点注意事项,电解原理在物质制备中的应用
CHEMISTRY,电解原理应用的四点注意事项,电解原理的四类工业应用
CHEMISTRY,电解池,电解与电解池的概念及构成条件
CHEMISTRY,电解池工作原理-以电解cucl2溶液为例,电解与电解池
CHEMISTRY,电解质,常见强弱电解质按周期表的记忆法
CHEMISTRY,电解质,电解的四种基本类型
CHEMISTRY,电解质导电性的-易错点,电解质判断的易错点
CHEMISTRY,电解质概念和判断的几个-特殊点,平衡判断的动态标志与静态标志
CHEMISTRY,电解质概念和判断的几个-特殊点,特殊平衡线图像（L 线上的点都是平衡点）
CHEMISTRY,电解质概念和判断的几个-特殊点,电解与电解池的概念
CHEMISTRY,电解质概念和判断的几个-特殊点,电解质与非电解质概念的六个辨析点
CHEMISTRY,电解质概念和判断的几个-特殊点,电解质与非电解质的判断边界
CHEMISTRY,电解质概念和判断的几个-特殊点,纯净物与混合物判断的特殊情况
CHEMISTRY,电解质溶液的导电原理,电解质溶液的导电原理与影响因素
CHEMISTRY,电解质溶液的导电性,惰性电极电解溶液的四种类型规律
CHEMISTRY,电解质溶液的导电性,电解后溶液的复原措施
CHEMISTRY,电解质溶液的导电性,电解质溶液中微粒数目的 NA 陷阱
CHEMISTRY,电解质溶液的导电性,电解质溶液中的物料守恒（元素守恒）
CHEMISTRY,电解质溶液的导电性,电解质溶液中的电荷守恒
CHEMISTRY,电解质溶液的导电性,电解质溶液中的质子守恒
CHEMISTRY,电解质溶液的导电性,电解质溶液的导电能力
CHEMISTRY,电解质的电离,从电离角度定义酸、碱、盐
CHEMISTRY,电解质的电离,特殊电解质的电离
CHEMISTRY,电解质的电离,电解质的“拆”分原则
CHEMISTRY,电解饱和食盐水-氯碱工业,氯气的工业制法
CHEMISTRY,电解饱和食盐水-氯碱工业,氯碱工业
CHEMISTRY,电解饱和食盐水-氯碱工业,氯碱工业与阳离子交换膜的作用
CHEMISTRY,电解饱和食盐水-氯碱工业,氯碱工业：电解饱和食盐水
CHEMISTRY,电负性的三个重要应用,电离能与电负性的含义及应用
CHEMISTRY,电负性的三个重要应用,电负性的三个应用
CHEMISTRY,电负性的三个重要应用,电负性的应用
CHEMISTRY,盐溶液蒸干灼烧时所得产物的判断,把AlCl3溶液蒸干灼烧
CHEMISTRY,盐溶液蒸干灼烧时所得产物的判断,盐溶液蒸干（灼烧）产物的判断
CHEMISTRY,盐溶液酸碱性的判断,弱酸酸式盐溶液酸碱性的判断方法
CHEMISTRY,盐溶液酸碱性的判断,推断盐溶液性质的三部曲
CHEMISTRY,盐溶液酸碱性的判断,盐溶液酸碱性的解释示例
CHEMISTRY,盐溶液酸碱性的判断,盐的分类方式
CHEMISTRY,盐溶液酸碱性的判断,酸式盐溶液酸碱性的判断
CHEMISTRY,盐类水解的影响因素,影响盐类水解的因素
CHEMISTRY,盐类水解的影响因素,盐类水解的影响因素与蒸干产物判断
CHEMISTRY,盐类水解的影响因素,盐类水解的结果
CHEMISTRY,盐类水解的规律及拓展应用,盐类水解的条件、实质与规律
CHEMISTRY,盐类水解的规律及拓展应用,盐类水解的规律
CHEMISTRY,盐类水解的规律及拓展应用,盐类水解的规律（七句口诀）
CHEMISTRY,盐类水解离子方程式的书写,广义水解产物的书写形式
CHEMISTRY,盐类水解离子方程式的书写,水解反应的离子方程式的书写
CHEMISTRY,盐类水解离子方程式的书写,盐类水解离子方程式的书写规则
CHEMISTRY,盐类水解程度大小比较的规律,若电离程度大于水解程度
CHEMISTRY,相同ph-相同体积的一元强酸与一元弱酸的比较,①同温、同压、同体积的任何气体的分子数相等
CHEMISTRY,相同ph-相同体积的一元强酸与一元弱酸的比较,多元弱酸的酸根离子比相应的酸式酸根离子的水解
CHEMISTRY,相同ph-相同体积的一元强酸与一元弱酸的比较,相同浓度与相同 c(H+) 的强弱酸比较
CHEMISTRY,相同ph-相同体积的一元强酸与一元弱酸的比较,相同浓度与相同pH的盐酸和醋酸比较
CHEMISTRY,相同ph-相同体积的一元强酸与一元弱酸的比较,相同浓度或相同pH的一元强酸弱酸比较
CHEMISTRY,相同ph-相同体积的一元强酸与一元弱酸的比较,空间；填充；模型：①用不同体积
CHEMISTRY,看-标准状况-下物质是否为-气体,22.4 L气体在标准状况下的物质的量是1
CHEMISTRY,看-标准状况-下物质是否为-气体,标准状况下的非气态常见物质
CHEMISTRY,看-气体-是否处于-标准状况-0-101kpa,在标准状况下
CHEMISTRY,石油的综合利用,化石燃料的综合利用
CHEMISTRY,石油裂解是一个复杂的过程-其产物为混合物-例如,产物：产物为_混合__物；产物为
CHEMISTRY,硅,硅的制备与用途
CHEMISTRY,硅的工业制法,硅的工业制法及提纯三步
CHEMISTRY,硅的工业制法,硝酸的工业制法：氨的催化氧化法
CHEMISTRY,硅的工业制法,硫酸的工业制备流程
CHEMISTRY,硅酸和硅酸盐,硅酸与硅酸钠
CHEMISTRY,硅酸盐,传统硅酸盐材料：陶瓷、玻璃、水泥
CHEMISTRY,硅酸盐改写成氧化物形式的方法,硅酸盐组成的氧化物表示法
CHEMISTRY,硝酸,硝酸的性质、制法与不稳定性
CHEMISTRY,硝酸与金属反应的规律,浓硫酸与金属反应的规律
CHEMISTRY,硝酸与金属反应的规律,硝酸与金属反应的规律及计算
CHEMISTRY,硝酸与金属反应的规律,硝酸与金属反应的计算方法
CHEMISTRY,硫,硫单质的性质
CHEMISTRY,硫单质,硫单质、CS2均属于非极性分子
CHEMISTRY,硫及其化合物之间的转化规律,图所示某固态单质A及其化合物之间的转化关系
CHEMISTRY,硫及其化合物之间的转化规律,硫及其化合物的价类转化规律
CHEMISTRY,硫及其化合物之间的转化规律,硫及其化合物间的转化规律
CHEMISTRY,硫转化为硫化亚铁,硫与铁反应生成硫化亚铁
CHEMISTRY,硫酸,硫酸的物理性质与浓硫酸的三大特性
CHEMISTRY,碱金属元素单质及其化合物有广泛用途,AlCl3晶体中虽含有金属元素
CHEMISTRY,碱金属元素单质及其化合物有广泛用途,从化合价和物质类别两个视角认识元素及其化合物
CHEMISTRY,碱金属元素单质及其化合物有广泛用途,元素化合物框图推断三步法
CHEMISTRY,碱金属元素单质及其化合物有广泛用途,金属与非金属元素分界线
CHEMISTRY,碱金属元素单质及其化合物有广泛用途,钒具有广泛用途
CHEMISTRY,碱金属元素单质及其化合物有广泛用途,钴元素可形成种类繁多的配合物
CHEMISTRY,碱金属元素单质及其化合物有广泛用途,非金属单质及其化合物的转化
CHEMISTRY,碱金属的一般性与特殊性,碱金属性质的特殊性
CHEMISTRY,碱金属的一般性与特殊性,碱金属的特性
CHEMISTRY,碱金属的一般性与特殊性,碱金属的相似性、递变性与特殊性
CHEMISTRY,碱金属的一般性与特殊性,碱金属的相似性与递变性
CHEMISTRY,碱金属的一般性与特殊性,金属冶炼的一般方法
CHEMISTRY,碱金属的一般性与特殊性,金属性与金属活动性的区别
CHEMISTRY,碳-硅单质的化学性质-还原性,二氧化硫的化学性质
CHEMISTRY,碳-硅单质的化学性质-还原性,硅单质的性质与半导体
CHEMISTRY,碳-硅单质的化学性质-还原性,硫单质的性质
CHEMISTRY,碳-硅单质的化学性质-还原性,碳、硅单质的存在与还原性
CHEMISTRY,碳-硅单质的化学性质-还原性,葡萄糖与果糖的性质
CHEMISTRY,碳-硅及其化合物的知识盲点,硅及其化合物的知识盲点
CHEMISTRY,碳酸氢钠,碳酸氢钠溶液
CHEMISTRY,碳酸钠,纯碱中碳酸钠质量分数的测定
CHEMISTRY,碳酸钠-碳酸氢钠与酸反应的特点,多元弱酸盐与强酸反应的量比规律
CHEMISTRY,碳酸钠-碳酸氢钠与酸反应的特点,碳酸盐与盐酸滴加顺序的反应特点
CHEMISTRY,碳酸钠-碳酸氢钠与酸反应的特点,碳酸钠、碳酸氢钠与酸反应的图像分析
CHEMISTRY,碳酸钠-碳酸氢钠与酸反应的特点,金属阳离子与碳酸氢根反应的沉淀模型
CHEMISTRY,碳酸钠-碳酸氢钠与酸反应的特点,钠与含羟基有机物反应的剧烈程度比较
CHEMISTRY,碳酸钠-碳酸氢钠与酸反应的特点,钠与水、酸反应的本质与顺序
CHEMISTRY,碳酸钠与碳酸氢钠的相互转化,碳酸盐与碳酸氢盐的比较
CHEMISTRY,碳酸钠与碳酸氢钠的相互转化,碳酸钠与碳酸氢钠的化学性质
CHEMISTRY,碳酸钠与碳酸氢钠的相互转化,碳酸钠与碳酸氢钠的比较
CHEMISTRY,碳酸钠与碳酸氢钠的相互转化,碳酸钠与碳酸氢钠的比较与鉴别
CHEMISTRY,碳酸钠与碳酸氢钠的相互转化,碳酸钠与碳酸氢钠的物理性质
CHEMISTRY,碳酸钠与碳酸氢钠的相互转化,碳酸钠与碳酸氢钠的鉴别
CHEMISTRY,碳酸钠与碳酸氢钠的相互转化,碳酸钠与碳酸氢钠的除杂
CHEMISTRY,碳酸钠与碳酸氢钠的相互转化,碳酸钠与碳酸氢钠的除杂与鉴别
CHEMISTRY,碳酸钠与碳酸氢钠的相互转化,苯环与侧链的相互影响
CHEMISTRY,碳酸钠和碳酸氢钠易错知识点,某校化学课外小组为了鉴别碳酸钠和碳酸氢钠两种
CHEMISTRY,离子共存,离子共存题的隐含条件：一色二性三特殊
CHEMISTRY,离子共存的判断易错点,判断离子共存的六个要点（一色二性三特殊四反应）
CHEMISTRY,离子共存的判断易错点,官能团判断的易错点
CHEMISTRY,离子共存的判断易错点,晶体判断的易错点补充
CHEMISTRY,离子共存的判断易错点,离子共存的判断要点
CHEMISTRY,离子共存的判断易错点,离子共存的本质
CHEMISTRY,离子反应,离子反应发生的条件
CHEMISTRY,离子反应,离子反应的定义与发生条件
CHEMISTRY,离子方程式,特殊离子不共存的典型方程式
CHEMISTRY,离子方程式,离子方程式补缺项的酸碱环境规则
CHEMISTRY,离子方程式的正误判断方法,化学（离子）方程式正误判断的七个检查点
CHEMISTRY,离子方程式的正误判断方法,离子交换膜类型的判断方法
CHEMISTRY,离子方程式的正误判断方法,离子方程式正误判断之一看：是否符合客观事实
CHEMISTRY,离子方程式的正误判断方法,离子方程式正误判断之七看：是否符合题设条件
CHEMISTRY,离子方程式的正误判断方法,离子方程式正误判断之三看：化学式拆分是否正确
CHEMISTRY,离子方程式的正误判断方法,离子方程式正误判断之二看：符号使用是否准确
CHEMISTRY,离子方程式的正误判断方法,离子方程式正误判断之五看：反应物或产物配比是否正确
CHEMISTRY,离子方程式的正误判断方法,离子方程式正误判断之六看：电荷与电子得失是否守恒
CHEMISTRY,离子方程式的正误判断方法,离子方程式正误判断之四看：是否漏写并行离子反应
CHEMISTRY,离子方程式的正误判断方法,离子方程式正误判断的七看
CHEMISTRY,离子方程式的正误判断方法,离子方程式正误判断的方法
CHEMISTRY,离子晶体,存在：离子化合物(离子晶体)；单
CHEMISTRY,离子浓度大小比较的方法,离子浓度大小比较的定性与定量方法
CHEMISTRY,等效平衡,等效平衡的分类与判断
CHEMISTRY,等电子原理,TiCl4与SiCl4互为等电子体
CHEMISTRY,简单有机物同分异构体的书写,书写同分异构体的插入法
CHEMISTRY,简单有机物同分异构体的书写,同分异构体的书写方法
CHEMISTRY,简单有机物同分异构体的书写,烯烃、炔烃同分异构体的书写
CHEMISTRY,简单有机物同分异构体的书写,碳链异构的书写顺序
CHEMISTRY,简单有机物同分异构体的书写,简单有机物同分异构体的书写方法
CHEMISTRY,糖类,糖类的概念与分类
CHEMISTRY,糖类的组成和分类,各类糖的分子组成与相互关系
CHEMISTRY,糖类的结构和性质,蔗糖与麦芽糖的比较
CHEMISTRY,糖类的结构和性质易混易错点,糖类实验的两个易错点
CHEMISTRY,红色物质cu和cu2o的检验,推断题眼：紫色物质对应的颜色
CHEMISTRY,红色物质cu和cu2o的检验,推断题眼：红色系物质对应的颜色
CHEMISTRY,红色物质cu和cu2o的检验,推断题眼：蓝色物质对应的颜色
CHEMISTRY,结合-片段型-元素周期表推断短周期主族元素,下表列出了某短周期元素R的各级电离能数据
CHEMISTRY,结合-片段型-元素周期表推断短周期主族元素,按成键数目推断短周期主族元素
CHEMISTRY,绿色思想-循环使用的物质为co2-饱和食盐水,推断题眼：绿色系物质对应的颜色
CHEMISTRY,绿色思想-循环使用的物质为co2-饱和食盐水,流程中循环利用物质与绿色化学分析
CHEMISTRY,绿色思想-循环使用的物质为co2-饱和食盐水,盐桥的成分选择与使用要点
CHEMISTRY,绿色思想-循环使用的物质为co2-饱和食盐水,饱和食盐水中Cl-浓度较大
CHEMISTRY,羧酸,羧酸的组成与羧基
CHEMISTRY,羧酸和酯的结构和性质易混易错点,酚酯的水解耗碱量
CHEMISTRY,羧酸的化学性质,羧酸的酸性、取代与还原反应
CHEMISTRY,羧酸的组成和结构,核酸的组成与结构
CHEMISTRY,羧酸的结构和性质,羧基的结构与氢原子活泼性比较
CHEMISTRY,联合制碱法-侯氏制碱法,侯氏制碱法
CHEMISTRY,联合制碱法-侯氏制碱法,侯氏制碱法的原理
CHEMISTRY,联合制碱法-侯氏制碱法,侯氏制碱法（联合制碱法）
CHEMISTRY,聚合反应及聚合物单体的判断,动力学控制与热力学控制的判断
CHEMISTRY,聚合反应及聚合物单体的判断,聚合反应：加聚反应与缩聚反应（单体与聚合物）
CHEMISTRY,聚苯乙烯是一类重要的高分子材料-可通过苯乙烯聚合制得,水泥是重要的建筑材料
CHEMISTRY,胶体,胶体的性质与聚沉
CHEMISTRY,胶体的性质及应用,Fe3+的氧化性与易水解性质及应用
CHEMISTRY,胶体的性质及应用,Fe3＋的性质
CHEMISTRY,胶体的性质及应用,次氯酸的性质
CHEMISTRY,胶体的性质及应用,硫化氢与氢硫酸的性质
CHEMISTRY,胶体的性质及应用,胶体粒子的直径决定了胶体的性质
CHEMISTRY,胺-酰的结构和性质,胺的组成与碱性
CHEMISTRY,胺-酰胺的结构和性质,胺、酰胺的性质
CHEMISTRY,胺和酰胺的结构和性质易混易错点,胺与酰胺的归类与性质区分
CHEMISTRY,能垒与决速步骤,活化能最大的基元步骤为决速步
CHEMISTRY,脂肪烃的结构和性质,脂肪烃的通式与物理性质递变
CHEMISTRY,脂肪烃的结构和性质易混易错点,氮的固定与氮气性质易错点
CHEMISTRY,脂肪烃的结构特点及通式,烷烃、烯烃、炔烃的通式与代表物结构
CHEMISTRY,脂肪烃的结构特点及通式,烷烃、烯烃、炔烃的通式与结构
CHEMISTRY,脂肪烃的结构特点及通式,烷烃通式 CnH2n+2 与结构特点（全部单键、链状、饱和）
CHEMISTRY,脂肪烃的结构特点及通式,结构通式
CHEMISTRY,自发反应,自发过程与自发反应
CHEMISTRY,自由能与化学反应的方向,复合判据 ΔH-TΔS 判断反应方向
CHEMISTRY,自由能与化学反应的方向,能与弱酸的盐反应
CHEMISTRY,芳香烃,芳香烃的定义
CHEMISTRY,芳香烃的结构和性质易混易错点,芳香烃的两个易错点：苯不被氧化、侧链氧化有前提
CHEMISTRY,苯分子的空间结构,苯分子的空间结构与原子共面共线判断
CHEMISTRY,苯及其同系物的性质,苯的同系物的侧链取代与苯环取代
CHEMISTRY,苯的化学性质,苯的取代与加成反应
CHEMISTRY,苯的取代反应实验,烷烃的取代反应与裂化裂解
CHEMISTRY,苯的取代反应实验,苯与液溴的取代反应及溴苯制备要点
CHEMISTRY,苯的取代反应实验,苯的取代与加成反应
CHEMISTRY,苯的同系物的命名,苯的同系物
CHEMISTRY,苯的同系物的命名,苯的同系物的氧化与取代规律
CHEMISTRY,苯的同系物的结构与性质,物质结构与性质综合题中的各小题之间相对独立
CHEMISTRY,苯的同系物的结构与性质,苯的结构与无双键的证明
CHEMISTRY,苯的同系物的结构与性质,醛、酮的结构与性质
CHEMISTRY,范德华力,范德华力与氢键
CHEMISTRY,药品取用,药品取用的规范操作
CHEMISTRY,药品取用,试剂、药品的保存与取用
CHEMISTRY,药品取用,试剂瓶中的药品取出后
CHEMISTRY,萃取,液-液萃取
CHEMISTRY,萃取,萃取与反萃取
CHEMISTRY,蒸发,减压蒸发的原因
CHEMISTRY,蒸发,蒸发结晶
CHEMISTRY,蒸馏,减压蒸馏
CHEMISTRY,蒸馏,蒸馏、分馏、干馏的比较
CHEMISTRY,蒸馏,蒸馏操作要点
CHEMISTRY,蛋白质,蛋白质的组成与性质
CHEMISTRY,蛋白质和氨基酸的结构与性质,氨基酸的两性与成肽反应
CHEMISTRY,蛋白质的结构与性质,蛋白质的性质
CHEMISTRY,蛋白质的结构与性质,蛋白质的性质与检验
CHEMISTRY,蛋白质的结构与性质,蛋白质的性质：盐析、变性与颜色反应
CHEMISTRY,蛋白质的结构与性质,请比较蛋白质的盐析和变性的区别有哪些
CHEMISTRY,解沉淀溶解平衡图像题的三步骤,pM-pC沉淀溶解图中直线的含义
CHEMISTRY,解沉淀溶解平衡图像题的三步骤,多曲线复杂平衡图像的解题步骤
CHEMISTRY,解沉淀溶解平衡图像题的三步骤,对数型沉淀溶解曲线（pC 图像）的分析
CHEMISTRY,解沉淀溶解平衡图像题的三步骤,沉淀溶解平衡图像的突破三步曲
CHEMISTRY,解沉淀溶解平衡图像题的三步骤,解沉淀溶解平衡图像题三步骤
CHEMISTRY,解答有机合成及推断题的常用方法,推断合成中间产物的常用方法
CHEMISTRY,解答有机合成及推断题的常用方法,正确解答有机合成的关键
CHEMISTRY,认识外界因素对化学反应速率影响的误区,压强对速率影响的思维模型
CHEMISTRY,认识外界因素对化学反应速率影响的误区,温度、压强对正逆反应速率影响的幅度规律
CHEMISTRY,设计制备纯硅的实验题中重要的知识点,解答物质制备综合实验题的一般程序
CHEMISTRY,设计制备纯硅的实验题中重要的知识点,证明某酸是弱酸的实验设计思路
CHEMISTRY,设计和制作一个氢氧燃料电池,氢氧燃料电池与常见燃料电池燃料
CHEMISTRY,误将溶液体积看作1l,两溶液等体积混合后质量分数的规律
CHEMISTRY,误将溶液体积看作1l,羧基：(1)使紫色石蕊溶液变红；
CHEMISTRY,误将溶液体积看作1l,1若限定溶液无色
CHEMISTRY,误差分析的方法,中和滴定误差分析
CHEMISTRY,误差分析的方法,中和滴定误差分析的基本方法
CHEMISTRY,误差分析的方法,滴定终点判断与误差分析
CHEMISTRY,误差分析的方法,碳骨架建构的方法
CHEMISTRY,误差分析的方法,缺项配平的方法与技巧
CHEMISTRY,超分子,超分子：分子识别与自组装
CHEMISTRY,足量的铝分别与等物质的量的hcl和naoh反应,烃完全燃烧耗氧量的比较规律
CHEMISTRY,足量的铝分别与等物质的量的hcl和naoh反应,等物质的量的酸和碱与足量的铝反应
CHEMISTRY,足量的铝分别与等物质的量的hcl和naoh反应,等质量的铝分别与等物质的量的强酸和强碱溶液反
CHEMISTRY,过氧化钠,NO 与 NO2 的收集方法与 NO2 的氧化性
CHEMISTRY,过氧化钠,Na2O2是一种常见的过氧化物
CHEMISTRY,过氧化钠,Na2O2的强氧化性与还原性
CHEMISTRY,过氧化钠,Na2O2的强氧化性表现
CHEMISTRY,过氧化钠,SO2 漂白与褪色的原因区分
CHEMISTRY,过氧化钠,W()是一种姜黄素类似物
CHEMISTRY,过氧化钠,——检验Cl2等具有强氧化性的物
CHEMISTRY,过氧化钠,三类漂白剂的区别
CHEMISTRY,过氧化钠,已知二氯烯丹是一种播前除草剂
CHEMISTRY,过氧化钠,常见漂白性物质的原理比较
CHEMISTRY,过氧化钠,强氧化性
CHEMISTRY,过氧化钠,次氯酸盐的强氧化性
CHEMISTRY,过氧化钠,氯气具有强氧化性
CHEMISTRY,过氧化钠,浓硫酸的三大特性：吸水性、脱水性、强氧化性
CHEMISTRY,过氧化钠,漂白液与漂白粉
CHEMISTRY,过氧化钠,熔融的金属氧化物作介质传导O2-
CHEMISTRY,过氧化钠,硝酸的不稳定性与强氧化性
CHEMISTRY,过氧化钠,硝酸的强氧化性与不稳定性
CHEMISTRY,过氧化钠,纯净的过氧化钙
CHEMISTRY,过氧化钠,过氧化钠溶于水
CHEMISTRY,过氧化钠,过氧化钠的强氧化性与还原性
CHEMISTRY,过氧化钠的性质与探究,SiO2的用途、性质与提纯除杂
CHEMISTRY,过氧化钠的性质与探究,三氧化硫的性质
CHEMISTRY,过氧化钠的性质与探究,二氧化硅的性质与易错点
CHEMISTRY,过氧化钠的性质与探究,常见硫酸盐的性质与用途
CHEMISTRY,过氧化钠的性质与探究,氧化钠与过氧化钠的比较
CHEMISTRY,过氧化钠的性质与探究,氮气的性质与氮的固定
CHEMISTRY,过氧化钠的性质与探究,溶度积 Ksp 的性质与比较规则
CHEMISTRY,过氧化钠的性质与探究,铜单质的性质与主要反应汇总
CHEMISTRY,过渡态理论,过渡态理论与活化能
CHEMISTRY,过渡晶体与混合型晶体,混合晶体
CHEMISTRY,连续型离子方程式的书写-分类分析法,滴定分析法
CHEMISTRY,连续型离子方程式的书写-分类分析法,电离方程式的书写
CHEMISTRY,连续型离子方程式的书写-分类分析法,电离方程式的书写规则
CHEMISTRY,连续型离子方程式的书写-分类分析法,离子方程式中化学式的拆写规则
CHEMISTRY,连续型离子方程式的书写-分类分析法,离子方程式的书写步骤与意义
CHEMISTRY,连续型离子方程式的书写-分类分析法,离子方程式的书写步骤与拆分规则
CHEMISTRY,连续型离子方程式的书写-分类分析法,重量分析法
CHEMISTRY,连续型离子方程式的书写-分类分析法,重量分析法的过程包括分离和称量两个过程
CHEMISTRY,速率常数和速率方程,基元反应速率方程与速率常数
CHEMISTRY,速率常数和速率方程,速率常数与速率方程
CHEMISTRY,配位键,配位键属于 σ 键，计数时必须计入
CHEMISTRY,配位键和配合物,配位键与配合物
CHEMISTRY,配平氧化还原反应方程式的三个-基本原则,核反应方程式的守恒规律
CHEMISTRY,配平氧化还原反应方程式的三个-基本原则,氧化还原方程式的三种配平类型
CHEMISTRY,配平氧化还原反应方程式的三个-基本原则,氧化还原方程式的正向配平法与逆向配平法
CHEMISTRY,配平氧化还原反应方程式的三个-基本原则,氧化还原方程式配平五步骤
CHEMISTRY,配平氧化还原反应方程式的三个-基本原则,氧化还原方程式配平的三原则与五步骤
CHEMISTRY,配平氧化还原反应方程式的三个-基本原则,陌生情境氧化还原方程式的书写
CHEMISTRY,配平氧化还原反应方程式的三个-基本原则,陌生氧化还原方程式的书写程序
CHEMISTRY,配平氧化还原反应方程式的三个-基本原则,陌生非氧化还原方程式的书写要点
CHEMISTRY,配平氧化还原反应方程式的三个-基本原则,陌生非氧化还原（复分解）方程式的分步书写法
CHEMISTRY,酚,酚的结构与苯酚的化学性质
CHEMISTRY,酚的概念和物理性质,苯酚的物理性质与久置变色
CHEMISTRY,酚的结构和性质,苯酚的弱酸性及与碳酸盐的反应判断
CHEMISTRY,酚的结构和性质,酚羟基比醇羟基活泼的原因
CHEMISTRY,酮,酮的组成与酮羰基
CHEMISTRY,酯,酯的水解条件：酸性可逆与碱性完全
CHEMISTRY,酯化反应,酯化反应：酸与醇生成酯和水（可逆反应）
CHEMISTRY,酯化反应实验探究,酯化实验的加料顺序与饱和碳酸钠的作用
CHEMISTRY,酯和油脂的结构和性质,羧酸与酯、油脂的性质
CHEMISTRY,酰胺,酰胺的定义与水解
CHEMISTRY,酸碱中和滴定,中和滴定指示剂的选择
CHEMISTRY,酸碱中和滴定,中和滴定指示剂的选择与终点判断
CHEMISTRY,酸碱中和滴定,滴定半中和点：c(HA)=c(A-)时pH=pKa
CHEMISTRY,酸碱中和滴定,计量仪器的使用规范：量筒、容量瓶、滴定管、天平
CHEMISTRY,酸碱中和滴定,量筒和滴定管的读数
CHEMISTRY,酸碱中和滴定的关键,酸碱中和滴定的原理与操作
CHEMISTRY,酸碱中和滴定的关键,酸碱中和滴定的操作与终点判断
CHEMISTRY,醇,醇的分子结构与断键位置
CHEMISTRY,醇和酚的结构和性质易混易错点,醇与酚的区分及性质混淆
CHEMISTRY,醇的化学性质,从官能团、化学键的视角理解醇的化学性质
CHEMISTRY,醇的化学性质,醇的化学性质与断键位置
CHEMISTRY,醇的结构和性质,醇的消去与催化氧化的结构条件
CHEMISTRY,醛,醛的组成与醛基
CHEMISTRY,醛-酮在有机合成中的应用,醛、酮在有机合成中增长碳链的三种反应
CHEMISTRY,醛-酮的化学性质,醛的氧化与加成反应
CHEMISTRY,醛-酮的概念,醛与酮的结构区别
CHEMISTRY,醛和酮的结构和性质,醛酮羰基的结构与加成反应
CHEMISTRY,醛和酮的结构和性质易混易错点,醛基与碳碳双键共存时的检验顺序
CHEMISTRY,金属与硝酸反应计算的四种方法,反应热计算的主要依据
CHEMISTRY,金属与硝酸反应计算的四种方法,反应热计算的虚拟路径法（盖斯定律循环）
CHEMISTRY,金属与硝酸反应计算的四种方法,定量分析的四种方法
CHEMISTRY,金属与硝酸反应计算的四种方法,沉淀溶解的四种方法（含氧化还原溶解）
CHEMISTRY,金属与硝酸反应计算的四种方法,沉淀生成的四种方法
CHEMISTRY,金属与硝酸反应计算的四种方法,装置气密性检查的四种方法
CHEMISTRY,金属与硝酸反应计算的四种方法,金属与硝酸反应的计算方法
CHEMISTRY,金属与硝酸反应计算的四种方法,铁与硝酸反应的计算方法
CHEMISTRY,金属冶炼,金属冶炼的实质与三大方法
CHEMISTRY,金属及其化合物的制备,金属及其化合物的制备路径选择
CHEMISTRY,金属导电和电解质溶液导电的对比,不能用电解水溶液制取活泼金属
CHEMISTRY,金属导电和电解质溶液导电的对比,升温对三类导体导电能力的影响
CHEMISTRY,金属导电和电解质溶液导电的对比,外加电解质对原电解质溶液导电能力的影响
CHEMISTRY,金属导电和电解质溶液导电的对比,条件：较浓的轻金属盐或铵盐溶液，
CHEMISTRY,金属导电和电解质溶液导电的对比,电冶金：电解熔融盐冶炼活泼金属
CHEMISTRY,金属导电和电解质溶液导电的对比,电解池电极与电源极性的对应关系
CHEMISTRY,金属导电和电解质溶液导电的对比,电解质熔融态导电的差异
CHEMISTRY,金属导电和电解质溶液导电的对比,金属导电与电解质溶液导电的对比
CHEMISTRY,金属晶体,金属单质是金属晶体
CHEMISTRY,金属晶体,金属晶体多数硬度大
CHEMISTRY,金属材料,新型无机非金属材料
CHEMISTRY,金属材料和金属的冶炼易错点,金属材料与金属冶炼的易错点
CHEMISTRY,金属电化学腐蚀规律,化学腐蚀与电化学腐蚀
CHEMISTRY,金属电化学腐蚀规律,金属的电化学腐蚀：析氢腐蚀与吸氧腐蚀
CHEMISTRY,金属的冶炼-金属矿物的开发利用,冶炼某些金属
CHEMISTRY,金属的防护,金属的防护方法
CHEMISTRY,金属矿物的开发利用,合理开发利用金属资源的途径
CHEMISTRY,金属腐蚀的本质,烯烃炔烃使溴水与酸性KMnO4褪色的本质区别
CHEMISTRY,金属腐蚀的本质,金属腐蚀快慢的比较
CHEMISTRY,金属腐蚀的本质,金属腐蚀的本质与析氢、吸氧腐蚀
CHEMISTRY,钠与水及酸-碱-盐溶液的反应,NH4HSO4溶液与NaOH溶液的反应
CHEMISTRY,钠与水及酸-碱-盐溶液的反应,SO2 与铁盐、铜盐溶液的反应
CHEMISTRY,钠与水及酸-碱-盐溶液的反应,与酸的反应
CHEMISTRY,钠与水及酸-碱-盐溶液的反应,次氯酸与NaHCO3溶液的反应
CHEMISTRY,钠与水及酸-碱-盐溶液的反应,用动态观点理解Cu与浓HNO3的反应
CHEMISTRY,钠与水及酸-碱-盐溶液的反应,酸式盐溶液
CHEMISTRY,钠与水及酸-碱-盐溶液的反应,钠与乙醇的反应及与水对比
CHEMISTRY,钠与水及酸-碱-盐溶液的反应,钠与氯化铵溶液的反应
CHEMISTRY,钠与水及酸-碱-盐溶液的反应,钠与水、乙醇的反应
CHEMISTRY,钠与水及酸-碱-盐溶液的反应,钠与水的反应及现象
CHEMISTRY,钠与水及酸-碱-盐溶液的反应,钠与熔融盐、特殊盐溶液的反应
CHEMISTRY,钠与水及酸-碱-盐溶液的反应,钠与酸、盐溶液的反应规律
CHEMISTRY,钠与水及酸-碱-盐溶液的反应,钠与酸、盐溶液的反应顺序
CHEMISTRY,钠与水及酸-碱-盐溶液的反应,钠与酸、碱、盐溶液反应的实质
CHEMISTRY,钠与水及酸-碱-盐溶液的反应,铁与盐溶液的反应
CHEMISTRY,钠与水及酸-碱-盐溶液的反应,铝与水的反应
CHEMISTRY,钠和钠的氧化物易错知识点,难溶性的碱易分解生成对应的氧化物
CHEMISTRY,钠的制取及保存,钠的保存、制取与用途
CHEMISTRY,钠的制取及保存,钠的制取、保存与用途
CHEMISTRY,钠的用途,无水硫酸铜的用途定位
CHEMISTRY,钠的用途,有机制备常用仪器的用途：三颈烧瓶与冷凝管
CHEMISTRY,铁,钢铁的析氢腐蚀与吸氧腐蚀
CHEMISTRY,铁-铁的氧化物和氢氧化物的易错点,铁、铁的氧化物与氢氧化物的易错点
CHEMISTRY,铁三角-中的转化关系,铁三角的转化关系
CHEMISTRY,铁三角-中的转化关系,铁三角转化关系及应用
CHEMISTRY,铁三角-中的转化关系,铝三角的转化关系
CHEMISTRY,铁与水蒸气反应的注意事项,pH试纸使用时的注意事项
CHEMISTRY,铁与水蒸气反应的注意事项,意事项
CHEMISTRY,铁与水蒸气反应的注意事项,探究验证实验的注意事项
CHEMISTRY,铁与水蒸气反应的注意事项,检验Fe2+和Fe3+时的注意事项
CHEMISTRY,铁与水蒸气反应的注意事项,蒸馏操作及注意事项
CHEMISTRY,铁与水蒸气反应的注意事项,醛基特征反应实验的注意事项
CHEMISTRY,铁与水蒸气反应的注意事项,铁与水蒸气、酸的反应
CHEMISTRY,铁与水蒸气反应的注意事项,铁与水蒸气反应的实验
CHEMISTRY,铁与水蒸气反应的注意事项,铁与酸、水蒸气的反应
CHEMISTRY,铁及其化合物的转化,反应物的转化率
CHEMISTRY,铁及其化合物的转化,氮及其化合物的价类转化
CHEMISTRY,铁的制备和性质,铁的冶炼与铁的性质要点
CHEMISTRY,铁的化学性质,铁的化学性质与钝化
CHEMISTRY,铁的原子结构和存在,铁的存在与物理性质
CHEMISTRY,铁的氢氧化物,两性氢氧化物双向电离
CHEMISTRY,铁的氢氧化物,用滴管将新制的氯水慢慢滴入含有酚酞的氢氧化钠
CHEMISTRY,铁的氢氧化物,铁的氢氧化物及 Fe(OH)2 的制备
CHEMISTRY,铁的氢氧化物的稳定性,稳定性增强
CHEMISTRY,铁的氢氧化物的稳定性,稳定性改变
CHEMISTRY,铁的氧化物,若a:b=3:4，则铁的氧化物是
CHEMISTRY,铁的氧化物组成的确定,确定铁的氧化物组成的基本方法
CHEMISTRY,铁的氧化物组成的确定,铁的氧化物组成的确定方法
CHEMISTRY,铁的物理性质,二氧化硫的物理性质
CHEMISTRY,铁的物理性质,氨的物理性质与氨水的组成
CHEMISTRY,铁的物理性质,氮气的物理性质与结构稳定性
CHEMISTRY,铁的物理性质,氯气的物理性质
CHEMISTRY,铁的物理性质,氯气的物理性质与液氯钢瓶贮运
CHEMISTRY,铁的物理性质,甲烷的物理性质：无色无味气体，极难溶于水，密度比空气小
CHEMISTRY,铁的物理性质,醇的物理性质与氢键
CHEMISTRY,铁的物理性质,钠的物理性质
CHEMISTRY,铁的物理性质,钠的物理性质与保存方法
CHEMISTRY,铁盐,其他常见铁盐
CHEMISTRY,铁盐和亚铁盐的性质和检验易错点,亚铁离子的性质与检验
CHEMISTRY,铁盐和亚铁盐的性质和检验易错点,铜的性质易错点补充
CHEMISTRY,铁盐的性质及应用,铁盐的性质与 Fe³⁺ 的检验
CHEMISTRY,铁粉与硫粉在空气中混合燃烧时-可能发生哪些反应,镁的性质与在空气中燃烧的产物
CHEMISTRY,铜及其化合物的性质,纯净物与混合物的判别依据
CHEMISTRY,铜及其化合物的易错点,冶炼方法选择的易错点
CHEMISTRY,铜及其化合物的易错点,化学键判断的易错点
CHEMISTRY,铜及其化合物的易错点,硫及其化合物常见易错辨析
CHEMISTRY,铜盐,铜盐与含铜化合物的转化
CHEMISTRY,铝与酸-碱反应生成h2的定量关系,CO2 与碱反应产物的定量判断
CHEMISTRY,铝与酸-碱反应生成h2的定量关系,Na2O2 与 CO2、H2O 反应的定量关系
CHEMISTRY,铝与酸-碱反应生成h2的定量关系,Na2O与Na2O2都能和水反应生成碱
CHEMISTRY,铝与酸-碱反应生成h2的定量关系,与反应生成
CHEMISTRY,铝与酸-碱反应生成h2的定量关系,烷烃卤代反应的条件、产物与定量关系
CHEMISTRY,铝与酸-碱反应生成h2的定量关系,铝与酸、碱反应生成氢气的定量关系
CHEMISTRY,铝及其化合物之间的性质与应用,铝及其化合物的性质与应用
CHEMISTRY,铝的制备和用途,铝的制备与用途
CHEMISTRY,铝的化学性质,镁、铝的特殊化学性质
CHEMISTRY,铵盐,铵盐的性质与检验
CHEMISTRY,键参数及其应用,水解常数及其应用
CHEMISTRY,键的极性和分子的极性,醛酮与极性分子加成的取向规则
CHEMISTRY,键的极性和分子的极性,键的极性、空间构型与分子极性的关系
CHEMISTRY,键的极性和分子的极性,键的极性与分子的极性
CHEMISTRY,键的极性和分子的极性,键的极性对羧酸酸性的影响
CHEMISTRY,镁的重要化合物,铜的重要化合物及其应用
CHEMISTRY,阿伏伽德罗常及其应用-七大误区,新型合金及其应用
CHEMISTRY,阿伏伽德罗常及其应用-七大误区,重要核素及其应用
CHEMISTRY,阿伏加德罗定律及其推论,气体摩尔体积与阿伏加德罗定律
CHEMISTRY,阿伏加德罗定律的应用,应用阿伏加德罗定律解题三步思路
CHEMISTRY,阿伏加德罗常数,阿伏加德罗常数题的三步审答法
CHEMISTRY,阿伏加德罗常数,阿伏加德罗常数：粒子数目计算要点
CHEMISTRY,阿伏加德罗常数-10大-陷阱,阿伏加德罗常数中的隐含条件陷阱
CHEMISTRY,阿伏加德罗常数-10大-陷阱,阿伏加德罗常数的三量
CHEMISTRY,阿伏加德罗常数-10大-陷阱,阿伏加德罗常数的精确定义
CHEMISTRY,限定条件下同分异构体的书写步骤,同分异构体的书写步骤与限定条件思路
CHEMISTRY,限定条件下同分异构体的书写步骤,限定条件下同分异构体的书写四步法
CHEMISTRY,限定条件下同分异构体的书写步骤,限定条件下同分异构体的常见结构限定信息
CHEMISTRY,陶瓷,陶瓷的成分与原料
CHEMISTRY,隐含的限制条件-有机物分子的不饱和度-ω,有机物不饱和度的计算与原子处理规则
CHEMISTRY,非电解质,(1)单质和混合物既不是电解质也不是非电解质
CHEMISTRY,非电解质,(1)电解质和非电解质一定都是化合物
CHEMISTRY,非电解质,电解质与非电解质
CHEMISTRY,饱和一元醛-酮的通式,饱和一元醛的通式与醛酮的组成
CHEMISTRY,验证某无色气体为no的方法是向无色气体中通入o2-或空气-无色气体变为红棕色,实验中通入气体的几种作用
CHEMISTRY,验证某无色气体为no的方法是向无色气体中通入o2-或空气-无色气体变为红棕色,推断题眼：特殊气体及其特征性质
CHEMISTRY,验证某无色气体为no的方法是向无色气体中通入o2-或空气-无色气体变为红棕色,气体收集方法与排液集气创新
CHEMISTRY,验证某无色气体为no的方法是向无色气体中通入o2-或空气-无色气体变为红棕色,若NO、NO2、O2通入水中
CHEMISTRY,验证计算过程-比例关系,关系式法计算
CHEMISTRY,高分子的分类及性质特点,胶体的分类及常见胶体
MATH,venn图在集合运算中的应用,Venn 图分析集合运算
MATH,venn图在集合运算中的应用,向量在物理中的应用要点
MATH,venn图在集合运算中的应用,韦恩图在集合问题中的应用
MATH,一元二次不等式,一元二次不等式恒成立的三种情形
MATH,一元二次不等式,一元二次不等式整数解问题的两条路线
MATH,一元二次不等式,一元二次方程根的分布五要素
MATH,一元二次不等式,解二次不等式讨论 a=0
MATH,三点共线和空间四点共面的方法比较,公理 2 及确定平面的三个推论
MATH,三点共线和空间四点共面的方法比较,公理 3：两平面的交线
MATH,三点共线和空间四点共面的方法比较,共面、共线、共点的证明套路
MATH,三视图与直观图,直观图与原图形的面积关系
MATH,三视图与直观图,直观图与原图的面积关系
MATH,三角函数的值域与最值,三角函数值域（最值）的六种基本类型
MATH,三角函数的值域与最值,三角函数最值（值域）的三类结构处理
MATH,三角函数的值域与最值,存在性转最值（单函数）：$f(x)>0$ 能成立 $\Leftrightarrow f(x)_{\max}>0$；$f(x)<0$ 能成立 $\Leftrightarrow f(x)_{\min}<0$
MATH,三角函数的值域与最值,平移变换中周期与最值不变
MATH,三角函数的值域与最值,恒成立转最值（单函数）：$f(x)>0$ 恒成立 $\Leftrightarrow f(x)_{\min}>0$；$f(x)<0$ 恒成立 $\Leftrightarrow f(x)_{\max}<0$
MATH,三角函数的值域与最值,抽象函数的参数确定、大小比较与最值
MATH,三角函数的图象与性质,三角函数图象变换的两条路径
MATH,三角函数的图象与性质,三角函数图象对称结构的等距结论
MATH,三角函数的图象与性质,三角函数图象的五点法与三点两线法
MATH,三角函数的图象与性质,三角函数对称性与三大性质的联动
MATH,三角函数的图象与性质,三角函数零点与图象的数形结合
MATH,三角函数的图象与性质,三角性质问题先化为 y=Asin(ωx+φ) 标准形式
MATH,三角函数的图象与性质,余弦函数的图象与性质
MATH,三角函数的图象与性质,函数图象与实际过程的吻合判断
MATH,三角函数的图象与性质,函数的表示方法
MATH,三角函数的图象与性质,含上下平移的三角图象变换
MATH,三角函数的图象与性质,对勾函数的图象与最值
MATH,三角函数的图象与性质,对勾函数的图象要素
MATH,三角函数的图象与性质,对钩函数的图象与性质
MATH,三角函数的图象与性质,常考奇函数清单与“奇函数＋常数”性质
MATH,三角函数的图象与性质,异名三角函数图象变换先化同名
MATH,三角函数的图象与性质,拓展判定：$f(a\pm x)$ 为偶函数 $\Rightarrow$ $f(x)$ 的图象关于直线 $x=a$ 对称
MATH,三角函数的图象与性质,排列数、组合数的公式与性质
MATH,三角函数的图象与性质,正弦函数的图象与五点法
MATH,三角函数的图象与性质,零点三等价：函数有零点 $\Leftrightarrow$ 方程 $f(x)=0$ 有实数根 $\Leftrightarrow$ 图象与 $x$ 轴有交点
MATH,三角函数的定义,f(x) 与三角函数结合的构造
MATH,三角函数的定义,三角函数值在各象限的符号口诀
MATH,三角函数的定义,三角函数值在各象限的符号规律
MATH,三角函数的定义,三角函数值的象限符号
MATH,三角函数的定义,三角函数化简后确保 ω>0
MATH,三角函数的定义,三角函数参数范围问题的思路
MATH,三角函数的定义,三角函数型的定值构造
MATH,三角函数的定义,三角函数有界性在参数问题中的应用
MATH,三角函数的定义,三角函数模型建模五步
MATH,三角函数的定义,三角函数模型的两类应用
MATH,三角函数的定义,三角函数的两种定义
MATH,三角函数的定义,三角函数的求导公式
MATH,三角函数的定义,任意角三角函数的坐标定义与单位圆定义
MATH,三角函数的定义,任意角三角函数的定义
MATH,三角函数的定义,利用定义求三角函数值的两种方法
MATH,三角函数的定义,单位圆中的三角函数线
MATH,三角函数的定义,复数的三角形式与代数三角互化
MATH,三角函数的定义,椭圆的定义与标准方程
MATH,三角函数的定义,解三角形中的角化函数求范围
MATH,三角形面积公式,三角形中线的向量形式
MATH,三角形面积公式,三角形中线的角形式（分角互余结构）
MATH,三角形面积公式,三角形中线长与高线公式
MATH,三角形面积公式,三角形中角平分线、中线、垂线的处理
MATH,三角形面积公式,三角形中边（角、面积）最值的代数法与几何法
MATH,三角形面积公式,三角形倍角定理
MATH,三角形面积公式,三角形内角和及其变形
MATH,三角形面积公式,三角形四心向量式的辨别特征
MATH,三角形面积公式,三角形射影定理
MATH,三角形面积公式,三角形角平分线长公式
MATH,三角形面积公式,三角形面积公式的其他形式
MATH,三角形面积公式,三角形面积公式集
MATH,三角形面积公式,三角形面积（周长）的最值求法
MATH,三角形面积公式,全等三角形折叠模型的外接球
MATH,三角形面积公式,切线长公式：直角三角形勾股定理求切线长
MATH,三角形面积公式,判断三角形形状的两种思路
MATH,三角形面积公式,双曲线焦点三角形 r₁·r₂ 公式
MATH,三角形面积公式,双曲线焦点三角形内切圆圆心横坐标绝对值恒为 a
MATH,三角形面积公式,双曲线焦点三角形面积公式
MATH,三角形面积公式,向量减法的三角形法则
MATH,三角形面积公式,向量加法的三角形法则
MATH,三角形面积公式,圆柱、圆锥、圆台的侧面积公式
MATH,三角形面积公式,圆锥曲线焦点三角形的处理
MATH,三角形面积公式,奔驰定理与三角形四心的向量式
MATH,三角形面积公式,射影定理（三角形）
MATH,三角形面积公式,弧度制与扇形公式
MATH,三角形面积公式,弧度制与扇形弧长面积公式
MATH,三角形面积公式,弧长与扇形面积公式的使用要点
MATH,三角形面积公式,弧长与扇形面积公式（弧度制）
MATH,三角形面积公式,扇形的弧长与面积公式
MATH,三角形面积公式,抛物线焦点弦与原点构成的三角形面积公式
MATH,三角形面积公式,椭圆焦点三角形 r₁·r₂ 公式
MATH,三角形面积公式,椭圆焦点三角形内切圆半径公式
MATH,三角形面积公式,椭圆焦点三角形面积公式
MATH,三角形面积公式,椭圆焦点三角形面积的最大值为 bc
MATH,三角形面积公式,测量问题的三角化解法
MATH,三角形面积公式,角平分线分三角形面积比等于邻边比
MATH,三角恒等变换,三角形内角的正切恒等式
MATH,三角恒等变换,三角恒等变换的一般思路
MATH,三角恒等变换,三角恒等变换的三看原则
MATH,三角恒等变换,三角恒等变换的化简目标原则
MATH,三角恒等变换,极化恒等式（平行四边形与三角形形式）
MATH,三角恒等变换,证明三角形中的恒等式或不等式
MATH,不等式恒成立,二次不等式恒成立的判别式条件
MATH,不等式恒成立,二次不等式恒成立的图象条件
MATH,不等式恒成立,基本不等式恒成立（存在）的四条等价
MATH,不等式恒成立,数列不等式恒成立（存在性）求参数的策略
MATH,不等式恒成立,构造双函数与公切线夹逼
MATH,不等式恒成立,端点效应四类型：$f(x)\ge 0$ 恒成立且 $f(m)=0$ 则 $f'(m)\ge 0$（其余三型对应）
MATH,不等式恒成立与能成立问题,函数的“能成立”与“恒成立”
MATH,不等式恒成立与能成立问题,参变分离求恒成立与能成立
MATH,不等式恒成立与能成立问题,恒成立与能成立的最值转化
MATH,不等式恒成立与能成立问题,恒成立与能成立问题的最值转化
MATH,不等式恒成立与能成立问题,恒成立问题分类讨论法：不宜参变分离时按参数分类研究函数性质
MATH,不等式恒成立与能成立问题,数形结合解不等式与交点问题
MATH,不等式的基本性质,不等式的七条基本性质
MATH,不等式的基本性质,交集与并集运算的基本性质清单
MATH,不等式的基本性质,双参不等式的最值定位法与值域法
MATH,不等式的基本性质,同构转化的基本恒等式：$x=\mathrm{e}^{\ln x}=a^{\log_a x}$
MATH,不等式的基本性质,均值不等式的几何（无字）证明
MATH,不等式的基本性质,条件等式的齐次化配凑
MATH,不等式的基本性质,概率的基本性质
MATH,不等式的基本性质,零点积不等式的题干特征识别
MATH,不规则几何体建系问题,外接球问题的补形法总思想
MATH,两曲线的公切线问题,两圆公切线——代数法（圆心距分别等于相应半径）
MATH,两曲线的公切线问题,两圆公切线——几何法
MATH,两曲线的公切线问题,两圆外切时过公共切点的公切线：两圆方程作差
MATH,两曲线的公切线问题,两圆的公共弦与公切线
MATH,两曲线的公切线问题,两圆的公共弦与公切线方程
MATH,两曲线的公切线问题,两曲线公切线的方程组解法
MATH,两曲线的公切线问题,两曲线公切线的求法
MATH,两曲线的公切线问题,两曲线公切线问题的分拆解法
MATH,两曲线的公切线问题,公切线斜率不存在时的数形结合检验
MATH,两曲线的公切线问题,公切线问题四步法：设两切点→求斜率→写切线方程→联立消元
MATH,两曲线的公切线问题,由公切线条数反求两圆参数范围
MATH,两条直线的位置关系,两条直线的位置关系判定
MATH,两角和与差的公式,两角和与差公式
MATH,两角和与差的公式,两角和与差的正弦、余弦、正切公式
MATH,两角和与差的公式,两角和差公式的结构记忆要点
MATH,二倍角公式,三倍角公式
MATH,二倍角公式,两直线夹角正切公式
MATH,二倍角公式,二倍角公式与降幂公式
MATH,二倍角公式,半角公式
MATH,二倍角公式,半角公式及符号处理
MATH,二倍角公式,和差倍角公式的逆用与“1 的代换”
MATH,二倍角公式,和差角公式与二倍角公式组
MATH,二倍角公式,辅助角公式
MATH,二倍角公式,辅助角公式及特殊角的代入结果
MATH,二倍角公式,辅助角公式（合一变形）
MATH,二分法,二分法及其适用条件
MATH,二分法,二分法求方程近似解
MATH,二次函数在闭区间上的最值问题,二次函数定轴动区间与动轴定区间问题
MATH,二次函数在闭区间上的最值问题,二次函数闭区间上的最值
MATH,二次函数在闭区间上的最值问题,区间表示法与数轴端点
MATH,二次函数在闭区间上的最值问题,对钩函数在闭区间上的最值比较
MATH,二次函数在闭区间上的最值问题,闭区间上函数最值的求法
MATH,二次函数在闭区间上的最值问题,闭区间上最值的求解步骤
MATH,二面角的求法,二面角的作法与求法汇总
MATH,二面角的求法,"二面角的范围 [0, π]"
MATH,二面角的求法,线面角的三步求法与距离法
MATH,二项分布,$n$ 重伯努利试验与二项分布
MATH,二项分布,二项分布概率计算公式
MATH,二项分布,二项分布的期望与方差公式
MATH,二项分布,二项分布的本质与特征（有放回独立重复）
MATH,二项分布,伯努利试验与二项分布
MATH,二项式定理,$(a+b)^n$ 与 $(b+a)^n$ 的展开式差异
MATH,二项式定理,"a,b 不都为正时系数最值：比较 |A_k| 再按奇偶定号"
MATH,二项式定理,n 为偶数时二项式系数在中间一项取最大
MATH,二项式定理,n 为奇数时二项式系数在中间两项取最大
MATH,二项式定理,二项式中的赋值法
MATH,二项式定理,二项式定理与通项
MATH,二项式定理,二项式定理与通项公式
MATH,二项式定理,二项式系数先增后减且对称分布
MATH,二项式定理,二项式系数和为 2ⁿ
MATH,二项式定理,各二项式系数的和
MATH,二项式定理,奇偶项二项式系数和各为 2ⁿ⁻¹
MATH,二项式定理,奇偶项系数和：令变量为 1 与 −1 后求和、作差
MATH,任意角与弧度制,任意角与终边相同的角
MATH,任意角与弧度制,常用特殊角的度数与弧度对照
MATH,任意角与弧度制,弧度制定义与角度弧度互化
MATH,任意角与弧度制,角度制与弧度制的换算
MATH,估值法-1-估算要比较大小的两个值所在的大致区间,零点所在区间的两种判断方法
MATH,余弦定理,“a²+b²−c²”形式用余弦定理化边为角
MATH,余弦定理,三余弦定理（最小角定理）
MATH,余弦定理,余弦定理及其变形
MATH,余弦定理,余弦定理的三种形式与求角变形
MATH,余弦定理,余弦定理的变形（求角公式）
MATH,余弦定理,正余弦定理的边角互化策略
MATH,余弦定理,用余弦定理判断三角形形状
MATH,余弦定理,角的余弦用余弦定理化角为边
MATH,余数列周期性,递推数列周期性的发现与求值
MATH,作差法,点差法：设点、作差、表斜率三步处理中点弦
MATH,作差法-作商法,作差法与作商法比较大小
MATH,偶次方根的被开方数的被开方数必须大于等于零-即中,有限集子集个数的计数公式
MATH,充分性与必要性位置颠倒理解错误致错,单端点的必要性探路
MATH,充分性与必要性位置颠倒理解错误致错,必要性探路的本质与适用场景
MATH,充分条件与必要条件的判断,f'(x0)=0 是极值的必要不充分条件
MATH,充分条件与必要条件的判断,充分与必要条件的判定（定义法与集合法）
MATH,充分条件与必要条件的判断,充分必要条件的三种判断方法
MATH,充分条件与必要条件的判断,充分条件、必要条件的判断与求参步骤
MATH,充分条件与必要条件的判断,充分条件与必要条件
MATH,充分条件与必要条件的判断,充分条件与必要条件的判定
MATH,充分条件与必要条件的判断,充分条件与必要条件的定义
MATH,充分条件与必要条件的判断,因式分解型条件的使用
MATH,充分条件与必要条件的判断,多重充分必要条件的传递判断（树图法）
MATH,充分条件与必要条件的判断,探求某命题的充分（必要）条件
MATH,充分条件与必要条件的判断,既不充分也不必要条件的判定
MATH,充要条件,充要条件在恒等变形中的应用
MATH,充要条件,充要条件（等价）
MATH,全概率,全概率公式
MATH,全概率,全概率公式与贝叶斯公式
MATH,全概率,全概率公式与贝叶斯思想
MATH,共轭复数,复数相等的条件与共轭复数
MATH,关于点对称,圆的对称性与“被直线平分”问题
MATH,关于点对称,点与直线的对称问题求法
MATH,关于点对称,"点对称判定：$f(a+x)+f(b-x)=2c\Leftrightarrow$ 图象关于点 $\left(\dfrac{a+b}{2},c\right)$ 对称"
MATH,关于点对称,直线关于点与直线的对称
MATH,关于线对称,"一轴一中心求周期：图象关于 $x=a$ 与点 $(b,0)\ (a\neq b)$ 对称 $\Rightarrow 4|a-b|$ 为一个周期"
MATH,关于线对称,双轴对称求周期：图象关于 $x=a$ 与 $x=b\ (a\neq b)$ 对称 $\Rightarrow 2|a-b|$ 为一个周期
MATH,关于线对称,正态曲线是单峰曲线且关于直线 x=μ 对称
MATH,关于线对称,轴对称判定：$f(a+x)=f(b-x)\Leftrightarrow$ 图象关于直线 $x=\dfrac{a+b}{2}$ 对称
MATH,几何体展开图最短距离问题,几何体表面最短距离的展开法
MATH,几何体展开图最短距离问题,展开图求表面最短距离
MATH,几何体展开图最短距离问题,求圆的切线方程——几何法（圆心到切线距离等于半径）
MATH,几何体展开图最短距离问题,空间线段和最小值：展开化折为直，两点之间线段最短
MATH,函数y-asin-ωx-φ-的图象,y=sinx 到 y=Asin(ωx+φ) 的两种变换途径
MATH,函数y-asin-ωx-φ-的图象,y=sinx 到 y=Asin(ωx+φ) 的图象变换
MATH,函数y-f-x-在x-x0处的导数定义,二阶导数与凹凸函数：$f''(x)>0$ 为凹函数，$f''(x)<0$ 为凸函数
MATH,函数y-f-x-在x-x0处的导数定义,奇函数在原点处有定义则 $f(0)=0$
MATH,函数值域的求法,三角函数值域的三种求法
MATH,函数值域的求法,函数值域的常用求法
MATH,函数值域的求法,指数型与对数型函数值域的换元法
MATH,函数单调性的性质,函数单调性的定义
MATH,函数单调性的性质,单调性的运算性质
MATH,函数单调性的性质,单调性的运算性质与书写易误点
MATH,函数单调性的性质,幂函数的性质
MATH,函数单调性的性质,正弦函数的性质
MATH,函数奇偶性的几个重要结论,三角函数奇偶性的 $\varphi$ 条件清单
MATH,函数奇偶性的几个重要结论,三角函数奇偶性的化归判别
MATH,函数奇偶性的几个重要结论,函数奇偶性的定义与判定前提
MATH,函数奇偶性的几个重要结论,函数奇偶性的定义与判定方法
MATH,函数奇偶性的几个重要结论,可导函数奇偶周期性的导数性质
MATH,函数奇偶性的几个重要结论,复合函数奇偶性：内层函数为偶函数则复合函数为偶函数
MATH,函数奇偶性的几个重要结论,奇偶性的常用结论
MATH,函数奇偶性的几个重要结论,抽象函数奇偶性的证明要点
MATH,函数奇偶性的几个重要结论,指数函数奇偶性的三种构造类型
MATH,函数定义域的常见类型,具体函数与抽象函数定义域的求法
MATH,函数定义域的常见类型,函数定义域的常见限制
MATH,函数定义域的常见类型,函数定义域的求解原则
MATH,函数定义域的常见类型,常见奇偶函数类型
MATH,函数定义域的常见类型,平移齐次化的适用范围与常见目标类型
MATH,函数定义域的常见类型,抽象函数定义域的传递规则
MATH,函数定义域的常见类型,抽象函数定义域的转移法
MATH,函数定义域的常见类型,求具体函数定义域的基本原则
MATH,函数极值与最值的关系,三次函数四等分性：对称中心横坐标与两极值点等距，$f(x_4)=f(x_1)$，$f(x_3)=f(x_2)$
MATH,函数极值与最值的关系,三次函数极值由判别式 $\Delta=4(b^2-3ac)$ 决定：$\Delta>0$ 两个极值点，$\Delta\le 0$ 无极值点
MATH,函数极值与最值的关系,函数最大值与最小值的定义
MATH,函数极值与最值的关系,函数极值的定义与判定条件
MATH,函数极值与最值的关系,函数极值（极大值、极小值）
MATH,函数极值与最值的关系,含参数函数最值的讨论
MATH,函数极值与最值的关系,唯一极值点与最值的关系
MATH,函数极值与最值的关系,最值与极值的关系
MATH,函数极值与最值的关系,条件最值的消参法与换元法
MATH,函数极值与最值的关系,极值不一定是最值
MATH,函数极值与最值的关系,由导函数图象判断极值点
MATH,函数极值与最值的关系,闭区间上函数最值的求法
MATH,函数的三要素,双刀（双曲型）函数的识别要素
MATH,函数的三要素,求集合中元素个数的三步法
MATH,函数的单调区间,正弦函数与余弦函数的核心性质
MATH,函数的单调性,三次函数 $\Delta\le 0$ 时无极值：$a>0$ 在 $\mathbb{R}$ 上单调递增，$a<0$ 单调递减
MATH,函数的单调性与导数,三次函数的单调性与极值
MATH,函数的单调性与导数,单调性与导数恒成立的关系
MATH,函数的单调性与导数,导数综合大题的通用流程
MATH,函数的周期性,$y=A\sin(\omega x+\varphi)+k$ 中参数的意义
MATH,函数的周期性,周期判定基础式：$f(x)=f(x+a)\ (a>0)\Rightarrow T=a$
MATH,函数的周期性,常见的周期性结论
MATH,函数的周期性,正切型函数的最小正周期 T=π/|ω|
MATH,函数的周期性,正弦余弦型函数的最小正周期 T=2π/|ω|
MATH,函数的周期性,正弦型函数的周期
MATH,函数的周期性,简谐运动模型中参数的物理意义
MATH,函数的奇偶性,y=Acos(ωx+φ) 的奇偶性判定
MATH,函数的奇偶性,y=Asin(ωx+φ) 的奇偶性判定
MATH,函数的奇偶性,y=Atan(ωx+φ) 的奇偶性判定
MATH,函数的奇偶性,任意函数分解为偶函数与奇函数之和
MATH,函数的奇偶性,复合函数的奇偶性法则“内偶则偶，两奇为奇”
MATH,函数的奇偶性,奇偶函数运算性质：奇±奇=奇，偶±偶=偶，奇×奇=偶，偶×偶=偶，奇×偶=奇
MATH,函数的奇偶性,奇偶性判定前提与四则保持性
MATH,函数的奇偶性,奇偶性性质法求参：拆出含参部分，由不含参部分的奇偶性定参数
MATH,函数的奇偶性,常见奇偶性函数模型
MATH,函数的奇偶性,平移构造抽象函数的奇偶性
MATH,函数的奇偶性-周期性-对称性关系,三角函数对称性与周期性的关系
MATH,函数的奇偶性-周期性-对称性关系,五种常用对称关系
MATH,函数的奇偶性-周期性-对称性关系,双对称推周期
MATH,函数的奇偶性-周期性-对称性关系,可导函数的奇偶性、周期性与导函数
MATH,函数的奇偶性-周期性-对称性关系,奇偶性、对称性、周期性、单调性联用
MATH,函数的奇偶性-周期性-对称性关系,奇偶性、对称性与周期性的互推关系
MATH,函数的奇偶性-周期性-对称性关系,奇偶性与对称性组合的周期结论
MATH,函数的奇偶性-周期性-对称性关系,奇函数叠加反对称推周期
MATH,函数的奇偶性-周期性-对称性关系,对称性与周期性的联动结论
MATH,函数的奇偶性-周期性-对称性关系,抽象函数奇偶、周期、对称的融合推断
MATH,函数的奇偶性-周期性-对称性关系,抽象函数赋值法之变量代换：将一个变量赋为另一变量的表达式以求周期性、奇偶性
MATH,函数的奇偶性-周期性-对称性关系,正弦、余弦、正切函数的性质
MATH,函数的奇偶性-周期性-对称性关系,由奇偶性与对称性反求 $\varphi$、$\omega$ 的条件
MATH,函数的奇偶性-周期性-对称性关系,纵向伸缩变换中周期、对称轴及对称中心不变
MATH,函数的定义域,交集的定义与符号
MATH,函数的定义域,使用正切和差公式的三重定义域检验
MATH,函数的定义域,函数最值的定义
MATH,函数的定义域,函数的定义与三要素
MATH,函数的定义域,分数指数幂幂函数的定义域与奇偶性
MATH,函数的定义域,分段函数的定义与求值
MATH,函数的定义域,分段函数的定义域与值域
MATH,函数的定义域,取整函数（高斯函数）的定义与性质
MATH,函数的定义域,向量的定义与模
MATH,函数的定义域,命题的定义与分类
MATH,函数的定义域,奇函数与偶函数的定义
MATH,函数的定义域,子集与真子集的定义
MATH,函数的定义域,子集的定义与记号
MATH,函数的定义域,对数反比例型函数对称中心的定位巧法
MATH,函数的定义域,导数的定义
MATH,函数的定义域,并集的定义与符号
MATH,函数的定义域,描述法的定义与格式
MATH,函数的定义域,数列的定义与函数本质
MATH,函数的定义域,正切函数的核心性质
MATH,函数的定义域,正弦、余弦、正切函数的定义域与值域对照
MATH,函数的定义域,正弦、余弦、正切函数的性质
MATH,函数的定义域,特殊类型函数的定义域求法
MATH,函数的定义域,百分位数的定义
MATH,函数的定义域,真子集的定义与记号
MATH,函数的定义域,补集的定义与符号
MATH,函数的对应关系,函数三要素与同一函数的判定
MATH,函数的对应关系,函数对应关系的图象判定
MATH,函数的对应关系,函数的概念与三要素
MATH,函数的对应关系,样本相关系数的公式与解读
MATH,函数的对称性,f(x+1) 为偶函数的对称轴
MATH,函数的对称性,y=Acos(ωx+φ) 的对称轴与对称中心
MATH,函数的对称性,y=Asin(ωx+φ) 的对称轴与对称中心
MATH,函数的对称性,y=Atan(ωx+φ) 的对称中心
MATH,函数的对称性,三次函数的凹凸性与拐点
MATH,函数的对称性,三次函数的拐点即对称中心
MATH,函数的对称性,三角函数对称轴与对称中心的求法
MATH,函数的对称性,二项式系数的性质
MATH,函数的对称性,函数自对称的两类公式
MATH,函数的对称性,函数轴对称与点对称的两个条件式
MATH,函数的对称性,利用对称性求所有零点之和
MATH,函数的对称性,利用对称性求零点之和
MATH,函数的对称性,图象的对称、伸缩与翻折变换
MATH,函数的对称性,图象的对称与翻折变换
MATH,函数的对称性,图象的对称轴与对称中心条件
MATH,函数的对称性,奇函数平移后的对称性结论
MATH,函数的对称性,对数无理型函数对称中心的叠加
MATH,函数的对称性,对称条件式构造辅助函数定两根范围
MATH,函数的对称性,"拓展判定：$f(a\pm x)$ 为奇函数 $\Rightarrow$ $f(x)$ 的图象关于点 $(a,0)$ 对称"
MATH,函数的对称性,正切型函数对称中心的“水平间隔”
MATH,函数的对称性,正弦余弦型函数对称元素的“水平间隔”
MATH,函数的对称性,正态分布的对称性概率性质
MATH,函数的对称性,等差等比数的对称设元法
MATH,函数的极值,三次函数 $\Delta>0$ 且 $f(x_1)f(x_2)<0$：有三个零点且被两极值点隔开
MATH,函数的极值,三次函数 $\Delta>0$ 且 $f(x_1)f(x_2)>0$：只有一个零点
MATH,函数的概念,函数的概念与三要素
MATH,函数的概念,导数的概念与导函数
MATH,函数的概念,排列与组合的概念及公式
MATH,函数的概念,绝对值型函数的处理方式
MATH,函数的隐零点问题,隐零点代换类型1（直接代换）：目标式只含 $\mathrm{e}^{x_0}$（或 $\ln x_0$）与 $x_0$ 时直接代入消去
MATH,函数的隐零点问题,隐零点代换类型2（指对互化）：目标式含 $\ln x_0$（或 $\mathrm{e}^{x_0}$）时对已知式同取对数（指数）
MATH,函数的隐零点问题,隐零点（虚设零点代换）
MATH,函数零点存在定理,"函数零点存在定理：$[a,b]$ 上连续且 $f(a)f(b)<0$ 则在 $(a,b)$ 内至少有一个零点"
MATH,函数零点存在定理,导数研究函数零点个数
MATH,函数零点存在定理,导数零点问题与隐零点
MATH,函数零点存在定理,隐零点核心思想：导函数零点确定存在但求不出具体值，『设而不求、进行代换』
MATH,函数零点存在定理,零点存在定理
MATH,函数零点存在定理,零点存在性定理的“反之不成立”
MATH,函数零点的定义,三角函数零点的公式化求法
MATH,函数零点的定义,函数零点的概念
MATH,函数零点的定义,分段（复合）函数零点的分段计数
MATH,函数零点的定义,对数绝对值型函数两零点的条件
MATH,分层随机抽样,分层随机抽样与按比例分配
MATH,分层随机抽样,分层随机抽样的平均数公式
MATH,分层随机抽样,分层随机抽样的方差公式
MATH,分层随机抽样,比例分配分层抽样的总均值与方差
MATH,分段函数的常见类型及解法,三类常见递推模型及解法
MATH,分段函数的常见类型及解法,分段函数的求值与不等式处理
MATH,分段函数的常见类型及解法,常见函数的泰勒展开式
MATH,分离参数法-分离参数后转化为求函数的值域-最值-问题求解,不能分离参数的恒成立讨论法
MATH,分离参数法-分离参数后转化为求函数的值域-最值-问题求解,代数式最值——分式型 z=(y−b)/(x−a) 转化为动直线斜率
MATH,分离参数法-分离参数后转化为求函数的值域-最值-问题求解,代数式最值——线性型 z=ax+by 转化为动直线纵截距
MATH,分离参数法-分离参数后转化为求函数的值域-最值-问题求解,分离参数法处理恒成立问题
MATH,分离参数法-分离参数后转化为求函数的值域-最值-问题求解,分离参数法解能成立（有解）问题
MATH,分离参数法-分离参数后转化为求函数的值域-最值-问题求解,已知零点个数求参数范围之分离参数法：令 $f(x)=0$ 化 $a=h(x)$，数 $y=h(x)$ 与直线 $y=a$ 的交点
MATH,分离参数法-分离参数后转化为求函数的值域-最值-问题求解,恒成立问题分离参数法：参变分离化为 $a\ge h(x)$ 型最值问题
MATH,分离参数法-分离参数后转化为求函数的值域-最值-问题求解,恒成立问题的分离参数法
MATH,分离参数法-分离参数后转化为求函数的值域-最值-问题求解,恒成立（有解）分离参数的四条等价
MATH,分离参数法-分离参数后转化为求函数的值域-最值-问题求解,极值差问题转化为参数函数值域
MATH,分离参数法-分离参数后转化为求函数的值域-最值-问题求解,求函数值域（最值）的基本方法
MATH,分离参数法-分离参数后转化为求函数的值域-最值-问题求解,由零点情况求参数的三种途径
MATH,分离参数法-分离参数后转化为求函数的值域-最值-问题求解,零点个数问题：分离参数作图
MATH,分类加法计数原理,Venn 图与容斥原理的计数应用
MATH,分类加法计数原理,Venn图与容斥计数
MATH,分类加法计数原理,不相邻型概率的插空计数
MATH,分类加法计数原理,两个计数原理的使用策略
MATH,分类加法计数原理,两个计数原理的区别
MATH,分类加法计数原理,分类加法与分步乘法计数原理
MATH,分组-并项-法求数列的前n项和,分组求和法与并项求和法
MATH,分组转化法,分组转化法求和
MATH,列举观察法-列出几何中的全部元素-通过定义得出集合间关系,列举法使用规则
MATH,列举观察法-列出几何中的全部元素-通过定义得出集合间关系,判断集合间关系的方法
MATH,列举观察法-列出几何中的全部元素-通过定义得出集合间关系,子集与相等关系的判断方法
MATH,列举观察法-列出几何中的全部元素-通过定义得出集合间关系,离心率取值范围——平面几何中的不等关系
MATH,判别式法-主要用于含有二次的分式函数-形如,一元二次方程根的分布（区间根问题）
MATH,判断函数奇偶性时忽略定义域致错,函数奇偶性的定义与判断
MATH,判断函数奇偶性时忽略定义域致错,奇偶函数的定义域关于原点对称（判断奇偶性的前提）
MATH,判断函数奇偶性时忽略定义域致错,奇偶性定义：奇函数满足 $f(-x)=-f(x)$，偶函数满足 $f(-x)=f(x)$
MATH,判断函数奇偶性时忽略定义域致错,奇偶性的前提：定义域关于原点对称
MATH,判断抽象函数单调性的方法,判断函数单调性的四种方法
MATH,判断抽象函数单调性的方法,抽象函数单调性的判定与证明（凑与赋值）
MATH,判断抽象函数单调性的方法,抽象函数周期性的判定与类比
MATH,判断抽象函数单调性的方法,抽象函数赋值法与单调性判定要点
MATH,判断抽象函数单调性的方法,正弦余弦型函数单调性的整体代换判断
MATH,判断集合间的关系,判断集合间关系的三个方法
MATH,利用-线线平行-线面平行-面面平行-的相互转化,三个“二次”关系的相互转化
MATH,利用-线线平行-线面平行-面面平行-的相互转化,动态问题中不变关系的两条常用证明路径
MATH,利用-线线平行-线面平行-面面平行-的相互转化,线面平行的判定与性质
MATH,利用-线线平行-线面平行-面面平行-的相互转化,线面平行的判定定理
MATH,利用-线线平行-线面平行-面面平行-的相互转化,线面平行的性质定理
MATH,利用不等式的性质求数-式-的范围,不等式性质求范围的整体系数换元
MATH,利用不等式的性质求数-式-的范围,切线夹与割线夹（剪刀模型）
MATH,利用不等式的性质求数-式-的范围,利用不等式性质求代数式范围的待定系数法
MATH,利用不等式的性质求数-式-的范围,各类“角”的范围汇总
MATH,利用不等式的性质求数-式-的范围,由不等式性质求取值范围（范围传递）
MATH,利用不等式的性质求数-式-的范围,空集的性质
MATH,利用不等式的性质求数-式-的范围,隐零点三步骤：设零点（写范围）→列等式（已知式）→代换（化简目标式）
MATH,利用元素与集合的关系求参数,与切线有关的参数问题（三个关系列方程）
MATH,利用元素与集合的关系求参数,元素与集合的属于关系
MATH,利用元素与集合的关系求参数,判断元素与集合关系的两个方法
MATH,利用元素与集合的关系求参数,利用 aₙ 与 Sₙ 的关系求通项
MATH,利用元素与集合的关系求参数,利用共轭与模的关系求复数
MATH,利用元素与集合的关系求参数,子集、真子集与集合相等
MATH,利用元素与集合的关系求参数,容斥原理之集合中元素个数
MATH,利用元素与集合的关系求参数,求参数后检验互异性
MATH,利用元素与集合的关系求参数,由元素与集合关系求参数须验互异性
MATH,利用元素与集合的关系求参数,由集合关系求参数的数轴法
MATH,利用元素与集合的关系求参数,由集合包含关系求参数的三步与空集讨论
MATH,利用元素与集合的关系求参数,由集合相等（双向包含）求参数
MATH,利用元素与集合的关系求参数,空集是任何集合的子集
MATH,利用元素与集合的关系求参数,集合与元素
MATH,利用元素与集合的关系求参数,集合求参切勿遗漏空集
MATH,利用元素与集合的关系求参数,集合的分类：有限集、无限集、空集
MATH,利用充分必要条件求参数,A的充分不必要条件是B的语句辨析
MATH,利用充分必要条件求参数,共线向量条件的双向应用（含参数）
MATH,利用充分必要条件求参数,必要性探路法：取特殊值（常取端点）得参数必要条件，缩小范围后再验证充分性
MATH,利用充分必要条件求参数,用集合包含关系判定充分必要条件
MATH,利用充分必要条件求参数,由充分必要条件求参数的转化思路
MATH,利用充分必要条件求参数,由充分必要条件求参数（集合法）
MATH,利用充分必要条件求参数,由数列递增（递减）条件求参数范围
MATH,利用充分必要条件求参数,直线与圆相切条件求参数
MATH,利用函数的单调性求参数,利用函数单调性求参：由单调性构造含参方程(组)或不等式(组)
MATH,利用函数的单调性求参数,幂函数解析式与参数的求法
MATH,利用函数的单调性求参数,由单调性求参数的三种情形
MATH,利用函数的单调性求参数,由单调性求参数的两种等价转化
MATH,利用函数的单调性求参数,由单调性求参数的转化原则
MATH,利用单调性解不等式时忽略定义域致错,“积、和”混合解不等式型及系数比陷阱
MATH,利用单调性解不等式时忽略定义域致错,利用单调性去外壳：$x_1<x_2\Leftrightarrow f(x_1)<f(x_2)$（增），化 $f(A)<f(B)$ 为自变量不等式
MATH,利用单调性解不等式时忽略定义域致错,利用单调性比较大小与解不等式
MATH,利用单调性解不等式时忽略定义域致错,利用单调性求 ω 思路2：整体法子区间包含
MATH,利用单调性解不等式时忽略定义域致错,利用单调性解函数不等式
MATH,利用单调性解不等式时忽略定义域致错,抽象不等式借助单调性求解
MATH,利用单调性解不等式时忽略定义域致错,抽象函数不等式的求解（脱 f 法）
MATH,利用单调性解不等式时忽略定义域致错,数列不等式证明的四类放缩
MATH,利用单调性解不等式时忽略定义域致错,综合单调性与奇偶性解 $f(g(x))<f(h(x))$ 型不等式的流程
MATH,利用向量法解二面角问题的策略,二面角法向量的“同进同出、一进一出”
MATH,利用向量法解二面角问题的策略,共零点问题的分类处理策略
MATH,利用向量法解二面角问题的策略,向量法解决几何问题的三步曲
MATH,利用向量法解二面角问题的策略,向量法解平面几何问题的三部曲
MATH,利用向量法解二面角问题的策略,空间向量求二面角与法向量方向的判断
MATH,利用向量法解二面角问题的策略,给值求角问题的策略
MATH,利用基本不等式求最值,1的代换
MATH,利用基本不等式求最值,“1”的代换
MATH,利用基本不等式求最值,“1”的代换：已知 ax+by=c 时把 c 换成 1 与目标式相乘，构造积定求最值
MATH,利用基本不等式求最值,凑项配凑法求最值
MATH,利用基本不等式求最值,利用基本不等式求最值的五种方法
MATH,利用基本不等式求最值,基本不等式与恒成立（有解）问题的结合
MATH,利用基本不等式求最值,基本不等式求最值的“一正二定三相等”
MATH,利用基本不等式求最值,基本不等式求最值的凑、拆、除、代、解五技巧
MATH,利用基本不等式求最值,基本不等式求最值的构造模型
MATH,利用基本不等式求最值,展开式系数最大值：相邻项系数比较不等式组
MATH,利用基本不等式求最值,条件等式中平方平均的放缩求最值
MATH,利用基本不等式求最值,消元法：由约束方程解出一个变元代入目标式，变为单变量求最值
MATH,利用基本不等式求最值,直接用基本不等式：积为定值求最小值（配凑积不变）
MATH,利用基本不等式求最值,积定和最小、和定积最大
MATH,利用基本不等式求最值,解三角形中利用基本不等式求最值
MATH,利用基本不等式求最值,解三角形最值：转化为边的基本不等式路径
MATH,利用基本不等式求最值,配凑法：把 ax + b/x 或 ax(b−cx) 配成和定/积定的形式求最值
MATH,利用奇偶性求值-将待求函数值或不等式利用奇偶性转化为已知区间上的函数值求解,偶函数在关于原点对称的两区间上单调性相反（去外壳化绝对值）
MATH,利用奇偶性求值-将待求函数值或不等式利用奇偶性转化为已知区间上的函数值求解,分式不等式化为整式不等式
MATH,利用奇偶性求值-将待求函数值或不等式利用奇偶性转化为已知区间上的函数值求解,利用周期性转化求值与零点问题
MATH,利用奇偶性求值-将待求函数值或不等式利用奇偶性转化为已知区间上的函数值求解,利用奇偶性与单调性解抽象不等式
MATH,利用奇偶性求值-将待求函数值或不等式利用奇偶性转化为已知区间上的函数值求解,利用奇偶性求函数值与参数
MATH,利用奇偶性求值-将待求函数值或不等式利用奇偶性转化为已知区间上的函数值求解,利用奇偶性求解析式与补全定义
MATH,利用奇偶性求值-将待求函数值或不等式利用奇偶性转化为已知区间上的函数值求解,基底优先思想与唯一性转化
MATH,利用奇偶性求值-将待求函数值或不等式利用奇偶性转化为已知区间上的函数值求解,奇偶性在求值、解析式与求参中的应用
MATH,利用奇偶性求值-将待求函数值或不等式利用奇偶性转化为已知区间上的函数值求解,特殊点个数求 ω 思路1：转化到 x 列不等式组
MATH,利用奇偶性求值-将待求函数值或不等式利用奇偶性转化为已知区间上的函数值求解,给值求值的化归思路
MATH,利用奇偶性求值-将待求函数值或不等式利用奇偶性转化为已知区间上的函数值求解,给角求值：非特殊角向特殊角的拆分
MATH,利用奇偶性求值-将待求函数值或不等式利用奇偶性转化为已知区间上的函数值求解,闭区间上函数最值需比较极值点与区间端点处的函数值
MATH,利用导数求函数极值的方法步骤,函数极值的第二判定定理
MATH,利用导数求函数极值的方法步骤,利用导数比较大小
MATH,利用导数求函数极值的方法步骤,极值的判定：导数变号
MATH,利用导数求函数极值的方法步骤,用导数求极值的一般步骤
MATH,利用导数研究函数的最值,利用导数研究单调性三步法：找核心→定正负→写区间
MATH,利用导数研究函数的最值,利用导数研究单调性的步骤
MATH,利用空间向量求空间距离,空间向量求点线距离（投影法）
MATH,利用空间向量求空间距离,空间向量求点面距（法向量法）
MATH,利用空间向量解决探索性问题,向量法解探索性问题
MATH,利用空间向量解决探索性问题,探索性问题：先设后证
MATH,利用空间向量解决探索性问题,空间向量处理探索性问题的两类思路
MATH,利用空间向量解决最值范围问题,向量法解最值与范围问题
MATH,利用空间向量解决最值范围问题,圆锥曲线最值与范围问题
MATH,利用空间向量解决最值范围问题,空间几何中最值范围问题的处理框架
MATH,利用空间向量证明垂直的方法,空间向量证线线垂直
MATH,利用空间向量证明垂直的方法,空间向量证线线平行：方向向量共线
MATH,利用空间向量证明垂直的方法,空间向量证线面垂直
MATH,利用空间向量证明垂直的方法,空间向量证线面平行的三种途径
MATH,利用空间向量证明垂直的方法,空间向量证面面垂直
MATH,利用空间向量证明垂直的方法,空间向量证面面平行
MATH,利用面面平行的定义,面面平行的判定与性质
MATH,利用面面平行的定义,面面平行的判定定理
MATH,利用面面平行的定义,面面平行的性质定理
MATH,前n项和公式法-为常数为等差数列,数列放缩：先求和后放缩
MATH,前n项和公式法-为常数为等差数列,数列求通项的公式法
MATH,前n项和公式法-为常数为等差数列,等差数列的判断与证明方法
MATH,前项和公式法-若数列的前项和-则该数列是等比数列,等比数列的前 n 项和公式
MATH,前项和公式法-若数列的前项和-则该数列是等比数列,等比数列的前n项和公式
MATH,单变量不等式恒成立问题,多变量导数问题先化多变量为单变量
MATH,单变量不等式恒成立问题,比值代换法化双变量为单变量
MATH,双变量不等式恒成立问题,双变量任意存在问题的值域转化
MATH,双变量不等式恒成立问题,双变量同构法
MATH,双变量不等式恒成立问题,双变量恒（能）成立的四种转化
MATH,双变量不等式恒成立问题,双变量问题的换元法（对称式齐次化）
MATH,双变量不等式恒成立问题,双变量问题的消元法
MATH,双变量不等式恒成立问题,恒成立转最值（双函数）：同变量比 $[f-g]_{\min}$，双变量 $\forall x_1\forall x_2$ 比 $f_{\min}$ 与 $g_{\max}$
MATH,双变量不等式恒成立问题,齐次消元法处理双变量不等式
MATH,双曲线,双曲线上动点不一定满足 $|PF_1|-|PF_2|=2a$
MATH,双曲线,双曲线中 e 与 b/a 的互化公式
MATH,双曲线,双曲线中点弦斜率积结论 k_AB·k_OM
MATH,双曲线,双曲线定义中距离差的分支讨论
MATH,双曲线,双曲线焦点弦长公式
MATH,双曲线,双曲线第三定义斜率积结论
MATH,双曲线,双曲线过焦点弦的最短弦长：同支为通径、两支为实轴长
MATH,双曲线的渐近线,双曲线中点弦所在直线的斜率公式
MATH,双曲线的渐近线,双曲线的几何性质
MATH,双曲线的渐近线,双曲线的几何性质与渐近线
MATH,双曲线的渐近线,双曲线的定义
MATH,双曲线的渐近线,双曲线的定义与标准方程
MATH,双曲线的渐近线,对勾函数的渐近线、极值点与系数符号
MATH,双曲线的渐近线,方差决定正态曲线的胖瘦高矮
MATH,双曲线的渐近线,椭圆与双曲线的焦半径与通径
MATH,双曲线的渐近线,椭圆与双曲线的通径长 2b²/a
MATH,双曲线的渐近线,由渐近线设双曲线方程
MATH,双曲线的离心率,双曲线焦点三角形离心率的正弦定理公式
MATH,双曲线的离心率,离心率取值范围——圆锥曲线自身性质与坐标范围
MATH,取倒数法-an-1-p-q-r是常数-可变形为,倒数关系周期式：$f(x+a)=\pm\dfrac{1}{f(x)}\Rightarrow T=2a$
MATH,取倒数法-an-1-p-q-r是常数-可变形为,倒数变换法类型2：paₙa₍ₙ₊₁₎+qa₍ₙ₊₁₎=kaₙ 型
MATH,取倒数法-an-1-p-q-r是常数-可变形为,倒数大小的转化结论
MATH,古典概型,古典概型的概率公式
MATH,古典概型,古典概型的求解步骤
MATH,同角三角函数的基本关系,$\cos A>0$ 时三角形不一定是锐角三角形
MATH,同角三角函数的基本关系,三角函数值域的三种基本类型
MATH,同角三角函数的基本关系,三角函数式化简的五大策略
MATH,同角三角函数的基本关系,三角形内角和的三角函数关系
MATH,同角三角函数的基本关系,共零点法的基本原理
MATH,同角三角函数的基本关系,同角三角函数基本关系及常用变形
MATH,同角三角函数的基本关系,同角三角函数的平方关系与商数关系
MATH,同角三角函数的基本关系,同角关系“知一求二”的操作流程
MATH,同角三角函数的基本关系,平面的基本事实与推论
MATH,同角三角函数的基本关系,球的截面圆的直角三角形解法
MATH,同角三角函数的基本关系,由边角关系判断三角形形状
MATH,同角三角函数的基本关系,解三角形最值：转化为角的三角函数路径
MATH,向量共线定理,三垂线定理及其逆定理
MATH,向量共线定理,共线向量定理的几何与坐标两形式
MATH,向量共线定理,内角平分线定理
MATH,向量共线定理,平行向量（共线向量）
MATH,向量共线定理,易错：向量共线与点共线
MATH,向量共线定理,梅涅劳斯定理与塞瓦定理
MATH,向量共线定理,空间共线向量定理
MATH,向量共线定理,零向量与任意向量共线（垂直）须单独讨论
MATH,向量共线定理,零向量的特殊性
MATH,向量的模与夹角,求模与夹角的常用公式
MATH,含参一元二次不等式的解法,一元二次（分式）不等式的解法
MATH,含参一元二次不等式的解法,二次函数、二次方程与二次不等式的关系
MATH,含参一元二次不等式的解法,分式不等式的解法
MATH,含参一元二次不等式的解法,分式不等式的解法与分式函数对称中心
MATH,含参一元二次不等式的解法,含参一元二次不等式的分类讨论
MATH,含参一元二次不等式的解法,含参一元二次不等式的讨论策略
MATH,含参一元二次不等式的解法,含参二次函数正负讨论的四个角度：函数类型→根的个数→根与区间位置→两根大小
MATH,含参一元二次不等式的解法,简单指数、对数不等式的解法
MATH,含参一元二次不等式的解法,解不含参一元二次不等式的三步
MATH,含参一元二次不等式的解法,解含参一元二次不等式的三类讨论
MATH,含参一元二次不等式的解法,证明含参不等式的常数化整理
MATH,含参一元二次不等式的解法,高次不等式的数轴穿根法
MATH,含参函数的单调性讨论,含参函数单调性的分类讨论
MATH,含参函数的单调性讨论,含参数单调性的分类讨论
MATH,周期函数的定义,周期函数与最小正周期
MATH,周期函数的定义,周期函数的复合与公共周期
MATH,周期函数的定义,周期函数的定义与求值应用
MATH,周期数列的常见形式,取整函数与周期数列的求和
MATH,周期数列的常见形式,周期数列的求解方法
MATH,命题的否定-对命题p加以否定-得到一个新的命题-记作-读作-非p-或p的否定,不等式命题的特值否定法
MATH,命题的否定-对命题p加以否定-得到一个新的命题-记作-读作-非p-或p的否定,常见正面词语的否定
MATH,圆的方程,|z−z₀|=r 表示以 Z₀ 为圆心的圆
MATH,圆的方程,两圆的公共弦问题
MATH,圆的方程,圆的标准方程与一般方程
MATH,圆的方程,求圆的切线方程——代数法（联立令判别式为零）
MATH,圆锥曲线的综合问题,三角综合问题先化标准形 $y=A\sin(\omega x+\varphi)+k$
MATH,圆锥曲线的综合问题,圆与圆锥曲线的切线方程公式
MATH,圆锥曲线的综合问题,圆锥曲线大题的通用流程
MATH,圆锥曲线的综合问题,圆锥曲线小题的快解策略
MATH,圆锥曲线的综合问题,圆锥曲线常用结论（通径、切线、斜率积）
MATH,圆锥曲线的综合问题,圆锥曲线求值与证明的规范流程
MATH,圆锥曲线的综合问题,圆锥曲线的弦长公式
MATH,圆锥曲线的综合问题,帕斯卡定理（圆锥曲线内接六边形）
MATH,圆锥曲线的综合问题,未知圆锥曲线类型时设 $mx^2+ny^2=1$
MATH,圆锥曲线的综合问题,概率与统计综合问题的思路
MATH,在棱长为的正四面体中-高-外接球半径-内切球半径,内切球半径公式
MATH,在棱长为的正四面体中-高-外接球半径-内切球半径,内切球半径的两种求法
MATH,在棱长为的正四面体中-高-外接球半径-内切球半径,内切球半径的等体积法
MATH,在棱长为的正四面体中-高-外接球半径-内切球半径,圆台内切球的存在条件与半径 R=√(r₁r₂)
MATH,在棱长为的正四面体中-高-外接球半径-内切球半径,圆台外接球方程（球心在棱台内）
MATH,在棱长为的正四面体中-高-外接球半径-内切球半径,圆台外接球方程（球心在棱台外）
MATH,在棱长为的正四面体中-高-外接球半径-内切球半径,圆柱内切球的存在条件与半径
MATH,在棱长为的正四面体中-高-外接球半径-内切球半径,圆锥内切球半径公式 R=r(l−r)/h
MATH,在棱长为的正四面体中-高-外接球半径-内切球半径,墙角型四面体的外接球半径
MATH,在棱长为的正四面体中-高-外接球半径-内切球半径,外接球球心的确定与补形法
MATH,在棱长为的正四面体中-高-外接球半径-内切球半径,外接球补形为圆台：正棱台
MATH,在棱长为的正四面体中-高-外接球半径-内切球半径,外接球补形为圆锥：正棱锥
MATH,在棱长为的正四面体中-高-外接球半径-内切球半径,对棱垂直（直角）四面体的外接球
MATH,在棱长为的正四面体中-高-外接球半径-内切球半径,对等四面体型（三组对棱相等）的外接球半径
MATH,在棱长为的正四面体中-高-外接球半径-内切球半径,建系法求外接球半径（球心坐标方程组）
MATH,在棱长为的正四面体中-高-外接球半径-内切球半径,正八面体内切球：上半锥体轴截面直角三角形求 R
MATH,在棱长为的正四面体中-高-外接球半径-内切球半径,正四面体的内切球与外接球
MATH,在棱长为的正四面体中-高-外接球半径-内切球半径,正四面体的外接球与内切球半径
MATH,在棱长为的正四面体中-高-外接球半径-内切球半径,正方体的内切球、棱切球与外接球
MATH,在棱长为的正四面体中-高-外接球半径-内切球半径,正方体（正四面体）的外接球、内切球、棱切球半径关系
MATH,在棱长为的正四面体中-高-外接球半径-内切球半径,正棱柱内切球：轴截面中 R=r 且 h=2R
MATH,在棱长为的正四面体中-高-外接球半径-内切球半径,正棱锥内切球：轴截面相似三角形求半径
MATH,在棱长为的正四面体中-高-外接球半径-内切球半径,正棱锥（圆锥）外接球勾股方程 R²=r²+(h−R)²
MATH,在棱长为的正四面体中-高-外接球半径-内切球半径,直棱柱、正棱柱、正棱锥与正四面体
MATH,在棱长为的正四面体中-高-外接球半径-内切球半径,直棱柱的外接球半径公式
MATH,在棱长为的正四面体中-高-外接球半径-内切球半径,直棱柱（三棱柱）外接球模型
MATH,在棱长为的正四面体中-高-外接球半径-内切球半径,补形法求外接球
MATH,在棱长为的正四面体中-高-外接球半径-内切球半径,长方体切割体的外接球（墙角体、鳖臑等）
MATH,在棱长为的正四面体中-高-外接球半径-内切球半径,长方体的外接球半径
MATH,在棱长为的正四面体中-高-外接球半径-内切球半径,鳖臑型四面体的外接球半径
MATH,在求函数的最值时-一定要在定义域-使实际问题有意义的自变量的取值范围-内求解,“定义域为某区间”与“在某区间上有意义”
MATH,在求函数的最值时-一定要在定义域-使实际问题有意义的自变量的取值范围-内求解,与复数有关的最值的两类方法
MATH,在求函数的最值时-一定要在定义域-使实际问题有意义的自变量的取值范围-内求解,函数定义的“任意性”与“唯一性”
MATH,在求函数的最值时-一定要在定义域-使实际问题有意义的自变量的取值范围-内求解,分段函数中求自变量的值
MATH,在求函数的最值时-一定要在定义域-使实际问题有意义的自变量的取值范围-内求解,双曲线焦半径的取值范围
MATH,在求函数的最值时-一定要在定义域-使实际问题有意义的自变量的取值范围-内求解,含参函数最值的求解流程
MATH,在求函数的最值时-一定要在定义域-使实际问题有意义的自变量的取值范围-内求解,实际问题的最优化解法
MATH,在求函数的最值时-一定要在定义域-使实际问题有意义的自变量的取值范围-内求解,已知函数模型与构造模型求解实际问题
MATH,在求函数的最值时-一定要在定义域-使实际问题有意义的自变量的取值范围-内求解,平方和约束下和的最值
MATH,在求函数的最值时-一定要在定义域-使实际问题有意义的自变量的取值范围-内求解,待定系数法求线性组合的取值范围
MATH,在求函数的最值时-一定要在定义域-使实际问题有意义的自变量的取值范围-内求解,数学建模：从实际情境到模型求解与检验的五步流程
MATH,在求函数的最值时-一定要在定义域-使实际问题有意义的自变量的取值范围-内求解,构建函数模型解决实际问题的步骤
MATH,在求函数的最值时-一定要在定义域-使实际问题有意义的自变量的取值范围-内求解,根据实际问题判断函数图象
MATH,在求函数的最值时-一定要在定义域-使实际问题有意义的自变量的取值范围-内求解,椭圆定义的对称转化求周长最值
MATH,在求函数的最值时-一定要在定义域-使实际问题有意义的自变量的取值范围-内求解,"椭圆焦半径的取值范围 [a−c, a+c]"
MATH,在求函数的最值时-一定要在定义域-使实际问题有意义的自变量的取值范围-内求解,横向伸缩变换中最值不变
MATH,在求函数的最值时-一定要在定义域-使实际问题有意义的自变量的取值范围-内求解,求离心率取值范围的本质：建立 a 与 c 的关系
MATH,在求函数的最值时-一定要在定义域-使实际问题有意义的自变量的取值范围-内求解,翻折问题第一步：分清翻折前后的变化量与不变量
MATH,在求函数的最值时-一定要在定义域-使实际问题有意义的自变量的取值范围-内求解,自变量差 $2a$ 等值式：$f(x+a)=f(x-a)\Rightarrow T=2a$
MATH,在等差数列-an-中-当m-n时-d-为公差公式-利用这个公式很容易求出公差,n 次方差公式
MATH,在等差数列-an-中-当m-n时-d-为公差公式-利用这个公式很容易求出公差,两个数列的公共项结论
MATH,在等差数列-an-中-当m-n时-d-为公差公式-利用这个公式很容易求出公差,两组数据合并后的方差公式
MATH,在等差数列-an-中-当m-n时-d-为公差公式-利用这个公式很容易求出公差,有限集合子集个数的四个公式
MATH,在等差数列-an-中-当m-n时-d-为公差公式-利用这个公式很容易求出公差,正切和差公式的整体变形
MATH,在等差数列-an-中-当m-n时-d-为公差公式-利用这个公式很容易求出公差,正切和差公式的知二求一
MATH,垂直关系之间的转化,三种垂直关系的转化链
MATH,垂直关系之间的转化,平行与垂直关系的综合转化路线
MATH,垂线法求线面角-也称直接法,二面角的几何法（垂线法作平面角）
MATH,垂线法求线面角-也称直接法,向量法求线面角
MATH,垂线法求线面角-也称直接法,垂线法求线面角
MATH,基本不等式,基本不等式与“一正二定三相等”
MATH,基本不等式,基本不等式易错：定值与取等
MATH,基本不等式,基本不等式链与糖水不等式
MATH,基本不等式,基本不等式（均值不等式）
MATH,基本不等式的实际应用,分段函数求值与解不等式的思路
MATH,基本不等式的实际应用,基本不等式三种形式的选用
MATH,基本不等式的实际应用,基本不等式的常用变形组
MATH,基本初等函数的导数,基本初等函数的值域清单
MATH,基本初等函数的导数,基本初等函数的导数公式
MATH,基本初等函数的导数,基本初等函数的求导公式
MATH,基本初等函数的导数,导数讨论的核心函数：提出恒正（恒负）因子后决定导数符号的因式
MATH,处理空间几何体体积的基本思路,祖暅原理与组合体体积
MATH,复合函数定义域忽略内层值域与外层定义域关系致错,三角复合函数定义域的分层求法
MATH,复合函数定义域忽略内层值域与外层定义域关系致错,二次函数由值域反求区间端点
MATH,复合函数定义域忽略内层值域与外层定义域关系致错,函数建模易错点：定义域与合理性
MATH,复合函数定义域忽略内层值域与外层定义域关系致错,复合函数奇偶性：内层函数为奇函数则复合函数奇偶性与外层函数相同
MATH,复合函数定义域忽略内层值域与外层定义域关系致错,复合函数定义域的求解规则
MATH,复合函数定义域忽略内层值域与外层定义域关系致错,定义域优先与值域的天然限制
MATH,复合函数定义域忽略内层值域与外层定义域关系致错,对数型函数定义域优先原则
MATH,复合函数定义域忽略内层值域与外层定义域关系致错,嵌套（镶嵌）函数 $f(f(x))$ 的处理
MATH,复合函数求导-漏层-或-错层-致错,求导的三类基本要领
MATH,复合函数的导数,复合函数的链式求导法则
MATH,复合函数的导数,复合函数的链式法则
MATH,复合函数的导数,复合函数零点换元解套两层法：令 $t=g(x)$，先解 $f(t)=0$ 再解 $t=g(x)$
MATH,复数的几何意义,与复数有关的最值：几何轨迹法
MATH,复数的几何意义,复数、复平面点、平面向量三者一一对应
MATH,复数的几何意义,复数加减运算的几何意义
MATH,复数的几何意义,复数的几何意义与 i 的乘方周期性
MATH,复数的几何意义,复数的几何意义与向量对应
MATH,复数的几何意义,复数的几何意义与模
MATH,复数的几何意义,复数的模表示点到原点的距离
MATH,复数的几何意义,数乘的几何意义与共线向量定理
MATH,复数的四则运算,复数四则运算与分母实数化
MATH,复数的四则运算,复数的模及其运算性质
MATH,复数的四则运算,复数轨迹的四种基本图形
MATH,复数的四则运算,奇偶函数的四则运算性质
MATH,复数的四则运算,导数的四则运算法则
MATH,复数的概念,复数概念与分类的要点
MATH,复数的概念,复数概念的易错辨析
MATH,复数的概念,复数的概念与分类
MATH,复数的模,共轭复数与复数的模
MATH,多面体与旋转体,圆柱、圆锥、圆台、球的结构特征
MATH,多面体与旋转体,基本立体图形的结构特征
MATH,多面体与旋转体,棱柱、棱锥、棱台的结构特征
MATH,多面体与旋转体,欧拉公式（多面体）
MATH,子集的个数问题,圆上到直线距离为定值的点的个数问题
MATH,子集的个数问题,子集个数公式
MATH,子集的个数问题,已知两边及一边对角时解的个数判断
MATH,子集的个数问题,集合子集个数公式
MATH,子集的个数问题,集合计数问题与容斥公式
MATH,存在量词与存在量词命题,全称量词与存在量词
MATH,定理法-利用零点存在定理-函数的图象在区间上是连续不断的曲线-且,确定零点所在区间的方法
MATH,对含有一个量词命题的否定理解错误致错,含一个量词命题的否定两步法
MATH,对含有一个量词命题的否定理解错误致错,含量词命题的否定
MATH,对含有一个量词命题的否定理解错误致错,含量词命题的否定规则
MATH,对命题条件探索的三种方法,何时需要二次求导的三种情形
MATH,对命题条件探索的三种方法,作函数图象的三种方法
MATH,对命题条件探索的三种方法,判断不等式是否成立的三种方法
MATH,对命题条件探索的三种方法,命题的结构“若p，则q”
MATH,对命题条件探索的三种方法,数列单调性（增减）判断的三种方法
MATH,对命题条件探索的三种方法,数（式）大小比较的三种方法
MATH,对命题条件探索的三种方法,有限制条件的排列组合：三种考虑途径
MATH,对命题条件探索的三种方法,条件概率的三种求法
MATH,对命题条件探索的三种方法,求零点个数的三种方法
MATH,对命题条件探索的三种方法,由零点个数求参数的三种方法
MATH,对命题条件探索的三种方法,配方法应用的三个要点
MATH,对命题条件探索的三种方法,集合的三种表示法
MATH,对导数正负与函数图象升降关系理解不准确致错,"三次函数图象关于点 $\left(-\dfrac{b}{3a},f\left(-\dfrac{b}{3a}\right)\right)$ 中心对称且无对称轴"
MATH,对导数正负与函数图象升降关系理解不准确致错,两个函数图象的互对称关系
MATH,对导数正负与函数图象升降关系理解不准确致错,两函数图象之间的对称关系
MATH,对导数正负与函数图象升降关系理解不准确致错,两函数图象间的对称关系
MATH,对导数正负与函数图象升降关系理解不准确致错,"偶函数加点对称求周期：偶函数图象关于 $(a,0)\ (a\neq 0)$ 对称 $\Rightarrow 4|a|$ 为一个周期"
MATH,对导数正负与函数图象升降关系理解不准确致错,凹凸反转：拆分为两个函数判断正负
MATH,对导数正负与函数图象升降关系理解不准确致错,原函数与导函数图象的互判依据
MATH,对导数正负与函数图象升降关系理解不准确致错,奇函数加轴对称求周期：奇函数图象关于 $x=a\ (a\neq 0)$ 对称 $\Rightarrow 4|a|$ 为一个周期
MATH,对导数正负与函数图象升降关系理解不准确致错,导数值与图象变化快慢
MATH,对导数正负与函数图象升降关系理解不准确致错,核心函数正负难判断时构造新函数用二次求导判断
MATH,对导数正负与函数图象升降关系理解不准确致错,正弦与余弦图象的平移互化关系
MATH,对导数正负与函数图象升降关系理解不准确致错,由原函数图象判断导数不等式解集
MATH,对折叠与展开问题认识不清致误,折叠问题：抓不变量
MATH,对数,对数放缩结论 ln x ≤ ½(x²−1)
MATH,对数与对数运算,$\forall$ 与 $\exists$ 及 $\lg$、$\ln$ 的速辨
MATH,对数函数,抽象函数模型：对数函数型对应 $f(xy)=f(x)+f(y)$
MATH,对数函数图象的常用结论,$\mathrm{i}$ 的幂次循环与常用结果速算
MATH,对数函数图象的常用结论,三角函数周期的常用结论
MATH,对数函数图象的常用结论,偶函数加轴对称求周期：偶函数图象关于 $x=a\ (a\neq 0)$ 对称 $\Rightarrow 2|a|$ 为一个周期
MATH,对数函数图象的常用结论,函数图象的对称性结论
MATH,对数函数图象的常用结论,函数图象的常用画法
MATH,对数函数图象的常用结论,函数图象的识别方法
MATH,对数函数图象的常用结论,分段函数图象的端点衔接与应用
MATH,对数函数图象的常用结论,周期性的常用结论
MATH,对数函数图象的常用结论,图象的平移与伸缩变换
MATH,对数函数图象的常用结论,图象的平移变换
MATH,对数函数图象的常用结论,圆的切线方程常用结论
MATH,对数函数图象的常用结论,垂直关系的常用结论
MATH,对数函数图象的常用结论,外接圆与内切圆的常用结论
MATH,对数函数图象的常用结论,"奇函数加点对称求周期：奇函数图象关于 $(a,0)\ (a\neq 0)$ 对称 $\Rightarrow 2|a|$ 为一个周期"
MATH,对数函数图象的常用结论,幂函数图象的第一象限“三线六区”
MATH,对数函数图象的常用结论,幂函数图象的补充规律
MATH,对数函数图象的常用结论,平行关系中的常用结论
MATH,对数函数图象的常用结论,抛物线焦点弦的常用结论组
MATH,对数函数图象的常用结论,描点法作函数图象的步骤
MATH,对数函数图象的常用结论,由泰勒展开得到的常用放缩结论
MATH,对数函数的图象与性质应用,对数函数的图象与性质
MATH,对数函数的概念,含对数的特殊点必要性探路
MATH,对数函数的概念,对数反比例绝对值型函数的断点判断
MATH,对数型复合函数的单调性问题的求解策略,复合函数的求导
MATH,对数型复合函数的单调性问题的求解策略,定点定值问题的求解策略
MATH,对数型复合函数的单调性问题的求解策略,对数型复合函数单调性的处理思路
MATH,对数型复合函数的单调性问题的求解策略,对数型复合函数的三问分析
MATH,对数型复合函数的单调性问题的求解策略,概率小题的快解策略
MATH,对数型复合函数的单调性问题的求解策略,概率统计与数列综合问题的求解步骤
MATH,对数型复合函数的单调性问题的求解策略,比大小难题的“构造—放缩链”总策略
MATH,对数混合运算的一般原则,$a^b$ 与 $b^a$ 型（幂指混合）比大小的同构法
MATH,对数混合运算的一般原则,交并补运算的图形化方法
MATH,对数混合运算的一般原则,指数对数混合式：分离后分别构造
MATH,对数运算,对数运算的化简策略
MATH,对斜二测画法的规则掌握不牢,斜二测画法的规则
MATH,对斜二测画法的规则掌握不牢,斜二测画法的规则与面积关系
MATH,对斜二测画法的规则掌握不牢,斜二测画法规则
MATH,对集合表示方法的理解偏差致错,描述法中代表元素的辨析
MATH,对集合表示方法的理解偏差致错,终边相同的角的集合表示
MATH,对集合表示方法的理解偏差致错,终边相同的角：判断与集合表示
MATH,对集合表示方法的理解偏差致错,集合的五种表示方法
MATH,导数与不等式,数列与不等式综合的三种考查方式
MATH,导数与函数的单调性的关系,f(x)与其倒数、相反数单调性的关系
MATH,导数与函数的单调性的关系,三个“二次”的关系
MATH,导数与函数的单调性的关系,单调性的运算与反向结论
MATH,导数与函数的单调性的关系,单调性的运算与复合结论
MATH,导数与函数的单调性的关系,单调性的运算结论
MATH,导数与函数的单调性的关系,单调递增时导数值不一定恒大于 0
MATH,导数与函数的单调性的关系,奇偶性与单调性的关系
MATH,导数与函数的单调性的关系,定义法证明单调性的四步流程
MATH,导数与函数的单调性的关系,导数与函数单调性的关系
MATH,导数与函数的单调性的关系,导数与单调性的关系
MATH,导数与函数的单调性的关系,幂函数与常数的求导公式
MATH,导数与函数的单调性的关系,由导函数图象读极值与单调性的逻辑链
MATH,导数与函数零点问题,共零点法求参数与隐零点函数值域
MATH,导数与函数零点问题,函数零点与方程的根
MATH,导数与函数零点问题,复合函数零点问题的三步处理
MATH,导数与函数零点问题,数列问题的函数与导数视角
MATH,导数定义在极限中的计算,动点轨迹中的特殊点与极限位置
MATH,导数定义在极限中的计算,导数定义中极限式的变形
MATH,导数定义在极限中的计算,导数的定义（极限式）
MATH,导数构造法解函数不等式,f'(x)±nf(x) 型的指数构造
MATH,导数构造法解函数不等式,分离常数构造对勾型
MATH,导数构造法解函数不等式,利用导数证明不等式的常用路径
MATH,导数构造法解函数不等式,同构解不等式三步骤：配凑相同结构→构造新函数判单调→去外层结构化简
MATH,导数构造法解函数不等式,导数构造法解不等式
MATH,导数构造法解函数不等式,抽象函数不等式的求解套路
MATH,导数构造法解函数不等式,换元构造辅助函数处理非和型结构
MATH,导数构造法解函数不等式,构造 xf(x) 与 f(x)/x 型函数
MATH,导数构造法解函数不等式,由导数关系式构造函数的对照表
MATH,导数构造法解函数不等式,逆向构造：$\dfrac{f'(x)}{f(x)}>0$（$f(x)>0$）时构造 $h(x)=\ln[f(x)]$
MATH,导数构造法解函数不等式,逆向构造：$f'(x)+\lambda f(x)>0$ 时构造 $h(x)=\mathrm{e}^{\lambda x}f(x)$
MATH,导数构造法解函数不等式,逆向构造：$f'(x)-\lambda f(x)>0$ 时构造 $h(x)=\dfrac{f(x)}{\mathrm{e}^{\lambda x}}$
MATH,导数构造法解函数不等式,逆向构造：$f'(x)\pm g'(x)>0$ 时构造 $h(x)=f(x)\pm g(x)$
MATH,导数构造法解函数不等式,配凑同构（和差型）：$a^{x}>\log_a x$ 型化为 $a^{x}+x>\log_a x+x=a^{\log_a x}+\log_a x$ 后构造同型函数
MATH,导数法求函数单调区间的步骤,“单调区间”与“在区间上单调”
MATH,导数法求函数单调区间的步骤,三角函数单调区间的通法
MATH,导数法求函数单调区间的步骤,不含参函数单调区间的两个注意点
MATH,导数法求函数单调区间的步骤,二次求导的四步核心法
MATH,导数法求函数单调区间的步骤,函数单调性的定义
MATH,导数法求函数单调区间的步骤,单调区间的书写规范
MATH,导数法求函数单调区间的步骤,可导函数单调的充要条件
MATH,导数法求函数单调区间的步骤,存在单调区间的条件
MATH,导数法求函数单调区间的步骤,导数法求单调区间的步骤
MATH,导数法求函数单调区间的步骤,正切型函数单调性（含无定义点分段处理）
MATH,导数法求函数单调区间的步骤,求单调区间的两个注意点
MATH,导数法求函数单调区间的步骤,用导数求单调区间的步骤
MATH,导数的几何意义,切线问题的三个关系列方程
MATH,导数的几何意义,导数的几何意义与切线方程
MATH,导数的几何意义,相切问题核心思想：有切点用切点，无切点设切点，以导数几何意义构造方程组
MATH,导数的运算法则,对数的定义与运算性质
MATH,导数的运算法则,导数的乘法法则
MATH,导数的运算法则,导数的和差运算法则
MATH,导数的运算法则,导数的除法法则
MATH,导数的运算法则,由导数运算法则构造辅助函数的对照规律
MATH,嵌套函数的零点问题,极值点与导函数的零点（变号零点）
MATH,已知函数单调性求参数,三次函数 $a<0$ 且 $\Delta>0$：先减后增再减，$x_1$ 极小值点、$x_2$ 极大值点
MATH,已知函数单调性求参数,三次函数 $a>0$ 且 $\Delta>0$：先增后减再增，$x_1$ 极大值点、$x_2$ 极小值点
MATH,已知函数单调性求参数,指数函数单调性应用的同底原则
MATH,已知函数单调性求参数,由切线方程反求参数
MATH,已知函数单调性求参数,由单调性求参数范围
MATH,已知函数单调性求参数,由单调性求参数范围的恒成立转化
MATH,已知函数的极值求参数,由极值（点）求参数
MATH,已知函数的极值求参数,由极值（点）求参数的两个要领
MATH,幂函数的定义-一般地-函数y-xα叫做幂函数-其中x是自变量-α是常数,幂函数定义对系数的要求
MATH,幂函数的定义-一般地-函数y-xα叫做幂函数-其中x是自变量-α是常数,幂函数的定义与五种常见幂函数
MATH,幂函数的定义-一般地-函数y-xα叫做幂函数-其中x是自变量-α是常数,幂函数的定义与常见图象
MATH,平均数与中位数,众数、中位数与平均数
MATH,平均数与中位数,平均数、中位数与众数
MATH,平均数与中位数,频率分布直方图中的数字特征估计
MATH,平行关系之间的转化,三种平行关系的转化链
MATH,平行关系之间的转化,平行关系命题真假的判定思路
MATH,平行关系之间的转化,隐零点代换类型3（指对同构）：关系同时含 $\mathrm{e}^{x_0}$、$x_0$ 与 $\ln x_0$ 时同构变形转化
MATH,平面与平面平行,球面与平面相交：交线为圆，勾股定理求截面圆半径
MATH,平面向量基本定理,共线与共面向量定理的向量式刻画
MATH,平面向量基本定理,共线向量定理与共面向量定理
MATH,平面向量基本定理,向量基本概念的双要素辨析
MATH,平面向量基本定理,平面向量基本定理与基底
MATH,平面向量基本定理,空间共面向量定理
MATH,平面向量基本定理,空间向量基本定理
MATH,平面向量基本定理,空间向量基本定理与共面向量定理
MATH,平面向量的坐标运算,向量共线与垂直的坐标条件
MATH,平面向量的坐标运算,向量加减与数乘的坐标运算
MATH,平面向量的坐标运算,向量坐标＝终点坐标减起点坐标
MATH,平面向量的坐标运算,向量垂直的判定与坐标运算
MATH,平面向量的坐标运算,向量平行与垂直的坐标判定
MATH,平面向量的坐标运算,向量的坐标表示与坐标运算
MATH,平面向量的坐标运算,向量的坐标运算
MATH,平面向量的数量积,平面向量数量积的投影法
MATH,平面向量的数量积,平面向量极化恒等式公式
MATH,平面向量的数量积,投影（数量）与投影向量的区分
MATH,平面向量的数量积,数量积常用变形公式
MATH,平面向量的数量积,由数量积求向量夹角
MATH,平面向量的概念,$0$、$\{0\}$、$\varnothing$ 与零向量的辨析
MATH,平面向量的概念,向量的基本概念
MATH,平面向量的概念,平面法向量的求法
MATH,平面向量的线性运算,变量的相关关系
MATH,平面向量的线性运算,向量加减法的三角形与平行四边形法则
MATH,平面向量的线性运算,向量的线性运算与几何意义
MATH,平面向量的线性运算,均值与方差的线性性质
MATH,平面向量的线性运算,均值的线性变换与方差不变性
MATH,平面向量的线性运算,平面向量线性运算的常用路径
MATH,平面向量的线性运算,非线性回归的线性化处理
MATH,应用等比数列性质解题时的2个注意点,奔驰定理的面积比应用
MATH,应用等比数列性质解题时的2个注意点,斐波那契数列
MATH,异面直线所成角的求法,含参直线恒过定点的求法
MATH,异面直线所成角的求法,异面直线所成角的两种求法
MATH,待定系数法-若已知函数的类型-如一次函数-二次函数等-可用待定系数法,an+1=pan+q 型的待定系数构造
MATH,待定系数法-若已知函数的类型-如一次函数-二次函数等-可用待定系数法,一阶线性递推的待定系数构造（含一次函数型非齐次项）
MATH,待定系数法-若已知函数的类型-如一次函数-二次函数等-可用待定系数法,决定系数 R²
MATH,待定系数法-若已知函数的类型-如一次函数-二次函数等-可用待定系数法,基底与系数的唯一性结论
MATH,待定系数法-若已知函数的类型-如一次函数-二次函数等-可用待定系数法,复合型一次函数解析式的待定系数
MATH,待定系数法-若已知函数的类型-如一次函数-二次函数等-可用待定系数法,已知模型确定待定系数
MATH,待定系数法-若已知函数的类型-如一次函数-二次函数等-可用待定系数法,抛物线方程待定系数的分类
MATH,待定系数法-若已知函数的类型-如一次函数-二次函数等-可用待定系数法,用对数估算大数的位数
MATH,待定系数法-若已知函数的类型-如一次函数-二次函数等-可用待定系数法,由二次函数图象判断系数符号
MATH,待定系数法-若已知函数的类型-如一次函数-二次函数等-可用待定系数法,确定圆的方程的待定系数策略
MATH,待定系数法-若已知函数的类型-如一次函数-二次函数等-可用待定系数法,错位相减的万能结构（待定系数法）
MATH,忽略二次型式子最高次系数为0致错,含参二次问题切勿遗漏二次项系数为零
MATH,忽略二次型式子最高次系数为0致错,最高次项系数含参时须讨论系数为零及其正负（开口方向防写反）
MATH,忽略对指数与对数底数的讨论致错,取倒数与取对数的构造
MATH,忽略对指数与对数底数的讨论致错,指数、对数、幂（一次）增长模型的比较
MATH,忽略对指数与对数底数的讨论致错,指数与对数函数的求导公式
MATH,忽略对指数与对数底数的讨论致错,指数与对数的基本放缩不等式链
MATH,忽略对指数与对数底数的讨论致错,指数函数与对数函数互为反函数
MATH,忽略建系的条件而出错,扇形周长一定时面积最大的条件
MATH,忽视不等式性质成立的条件致错,同向不等式相乘的前提条件
MATH,忽视基本不等式应用的条件致错,基本不等式实际应用的三个注意点
MATH,忽视基本不等式应用的条件致错,泰勒放缩与帕德近似在比大小中的应用
MATH,忽视异面直线的夹角与向量的夹角范围不同,向量夹角的定义与范围
MATH,忽视异面直线的夹角与向量的夹角范围不同,圆外一点两切线的夹角被圆心连线平分
MATH,忽视异面直线的夹角与向量的夹角范围不同,由一般式系数求倾斜角范围
MATH,忽视异面直线的夹角与向量的夹角范围不同,直线的倾斜角与斜率
MATH,忽视异面直线的夹角与向量的夹角范围不同,空间向量求异面直线的距离
MATH,忽视异面直线的夹角与向量的夹角范围不同,空间角与向量夹角的范围差异
MATH,忽视异面直线的夹角与向量的夹角范围不同,"线面角的范围 [0, π/2]"
MATH,忽视异面直线的夹角与向量的夹角范围不同,象限角与轴线角
MATH,忽视集合元素的互异性致错,n 个元素排好后 n+1 个空位插入 m 个元素的计数公式
MATH,忽视集合元素的互异性致错,含相同元素的排列计数
MATH,忽视集合元素的互异性致错,离散型集合含参问题：列等号→解参数→代回集合检验互异性
MATH,忽视集合元素的互异性致错,集合元素个数问题的三种形式
MATH,忽视集合元素的互异性致错,集合元素的三个特性
MATH,忽视集合元素的互异性致错,集合元素的三个特性与常用数集
MATH,忽视集合元素的互异性致错,集合元素的三大特性
MATH,忽视集合元素的互异性致错,集合元素的容斥原理
MATH,忽视零向量,零向量与单位向量
MATH,性质法-利用函数性质-若能确定函数的单调性-则其零点个数不难得到,Asin(ωx+φ) 型函数性质的整体法
MATH,性质法-利用函数性质-若能确定函数的单调性-则其零点个数不难得到,三次函数 $\Delta\le 0$ 时有且只有一个零点
MATH,性质法-利用函数性质-若能确定函数的单调性-则其零点个数不难得到,三次函数零点个数的判定
MATH,性质法-利用函数性质-若能确定函数的单调性-则其零点个数不难得到,三角函数零点（交点）个数的数形判断
MATH,性质法-利用函数性质-若能确定函数的单调性-则其零点个数不难得到,倒数性质与真、假分数性质
MATH,性质法-利用函数性质-若能确定函数的单调性-则其零点个数不难得到,利用函数性质确定零点个数
MATH,性质法-利用函数性质-若能确定函数的单调性-则其零点个数不难得到,区间内特殊点个数问题统一用整体法处理
MATH,性质法-利用函数性质-若能确定函数的单调性-则其零点个数不难得到,子集、真子集个数的计数结论
MATH,性质法-利用函数性质-若能确定函数的单调性-则其零点个数不难得到,幂函数的单调性与奇偶性
MATH,性质法-利用函数性质-若能确定函数的单调性-则其零点个数不难得到,正余弦型函数性质的判断步骤
MATH,性质法-利用函数性质-若能确定函数的单调性-则其零点个数不难得到,确定零点个数方法一：令 $f(x)=0$ 直接求解，由方程根的个数定零点个数
MATH,性质法-利用函数性质-若能确定函数的单调性-则其零点个数不难得到,确定零点个数方法二①：画 $f(x)$ 的大致图象数与 $x$ 轴的交点
MATH,性质法-利用函数性质-若能确定函数的单调性-则其零点个数不难得到,确定零点个数方法二②：拆成 $f(x)=h(x)-g(x)$，数两函数图象交点
MATH,性质法-利用函数性质-若能确定函数的单调性-则其零点个数不难得到,确定零点个数：零点存在定理＋导数单调性＋端点值（极值）符号综合
MATH,性质法-利用函数性质-若能确定函数的单调性-则其零点个数不难得到,零点个数的四种判断方法
MATH,性质法-利用函数性质-若能确定函数的单调性-则其零点个数不难得到,零点个数的常用结论
MATH,投影向量,投影长度与投影向量
MATH,抛物线,抛物线中点弦斜率结论
MATH,抛物线焦半径,双曲线焦半径公式（带绝对值，口诀：左加右减、下加上减）
MATH,抛物线焦半径,抛物线焦半径的倾斜角形式 p/(1∓cosα)
MATH,抛物线焦半径,抛物线焦半径：|AF|=x₁+p/2
MATH,抛物线焦半径,椭圆焦半径公式（口诀：左加右减、下加上减）
MATH,抛物线的焦点与准线,圆锥曲线的第二定义（到焦点与准线距离之比）
MATH,抛物线的焦点与准线,抛物线定义求距离和的最小值
MATH,抛物线的焦点与准线,抛物线焦点弦定值：1/|AF|+1/|BF|=2/p
MATH,抛物线的焦点与准线,抛物线焦点弦定值：x₁x₂=p²/4
MATH,抛物线的焦点与准线,抛物线焦点弦定值：y₁y₂=−p²
MATH,抛物线的焦点与准线,抛物线焦点弦的结论
MATH,抛物线的焦点与准线,抛物线焦点弦长公式
MATH,抛物线的焦点与准线,抛物线焦点弦：以 AB 为直径的圆与直线 MN 相切（∠AHB=90°）
MATH,抛物线的焦点与准线,抛物线焦点弦：以 MN 为直径的圆与 AB 切于焦点 F（∠MFN=90°）
MATH,抛物线的焦点与准线,抛物线的定义与标准方程
MATH,抛物线的焦点与准线,抛物线的焦半径与焦点弦
MATH,抛物线的焦点与准线,焦点与准线的对应关系
MATH,抽象函数的性质综合,二项式系数的性质
MATH,抽象函数的性质综合,函数四大性质综合的解题枢纽
MATH,抽象函数的性质综合,抽象函数常见周期的六类技巧
MATH,抽象函数的性质综合,抽象函数模型：一次函数型对应 $f(x\pm y)=f(x)\pm f(y)\mp b$
MATH,抽象函数的性质综合,抽象函数模型：余弦型对应 $f(x)+f(y)=2f\left(\dfrac{x+y}{2}\right)f\left(\dfrac{x-y}{2}\right)$
MATH,抽象函数的性质综合,抽象函数模型：幂函数型对应 $f(xy)=f(x)f(y)$
MATH,抽象函数的性质综合,抽象函数模型：正切型对应 $f(x\pm y)=\dfrac{f(x)\pm f(y)}{1\mp f(x)f(y)}$
MATH,抽象函数的性质综合,抽象函数模型：正弦型对应 $f(x+y)f(x-y)=f^{2}(x)-f^{2}(y)$
MATH,抽象函数的性质综合,抽象函数模型：正比例函数型对应 $f(x\pm y)=f(x)\pm f(y)$
MATH,抽象函数的性质综合,抽象函数的二次型、正切型与对数、反比例型模型
MATH,抽象函数的性质综合,抽象函数的常见函数模型对应
MATH,抽象函数的性质综合,抽象函数的线性类模型（直线型与平移型）
MATH,抽象函数的性质综合,抽象函数的赋值法
MATH,抽象函数的性质综合,抽象函数的赋值法与构造
MATH,抽象函数的性质综合,抽象函数赋值法的五个着眼点
MATH,抽象函数的性质综合,"抽象函数赋值法：赋特殊值 $0,\pm1,\pm2$ 求特殊函数值"
MATH,指对幂比较大小的常用方法,作差法比较大小
MATH,指对幂比较大小的常用方法,幂值大小的比较策略
MATH,指对幂比较大小的常用方法,指对幂比大小的中间值法与估值法
MATH,指对幂比较大小的常用方法,指对幂比大小的六种方法
MATH,指数不等式,不等式两边乘除负数变号
MATH,指数不等式,不等式中同一表达式（如 $x-1$）多次出现时换元简化运算
MATH,指数不等式,同构变换处理 ex 与 lnx 混合不等式
MATH,指数不等式,同构法处理指对混合不等式
MATH,指数不等式,向量三角不等式
MATH,指数不等式,柯西不等式（微拓展）
MATH,指数不等式,解简单对数不等式的三种形式
MATH,指数不等式,飘带不等式（对数平均不等式）
MATH,指数不等式,（x−a)(x−b)型不等式解集
MATH,指数函数,三类函数模型的增长差异
MATH,指数函数,抽象函数模型：指数函数型对应 $f(x+y)=f(x)f(y)$
MATH,指数函数及其性质,同构的含义：变形使两式结构相同或相似，按该结构构造新函数并利用其性质简化问题
MATH,指数函数及其性质,复数相等、共轭复数及其性质
MATH,指数函数及其性质,样本相关系数 r 及其性质
MATH,指数函数的图象与性质应用,指数函数的图象与性质
MATH,指数函数的图象与性质应用,由图象过象限定指数函数参数
MATH,指数函数的常用技巧,四类函数的常用切线放缩不等式清单
MATH,指数函数的常用技巧,抽象函数的常用赋值技巧
MATH,指数函数的常用技巧,排列组合的常用技巧
MATH,指数函数的常用技巧,特殊化思想中的常数函数
MATH,指数型复合函数的单调性问题,指数型函数的“一点一线”特征
MATH,指数型复合函数的单调性问题,指数型函数的定点
MATH,指数型复合函数的单调性问题,指数型复合函数的单调性与值域
MATH,指数幂的运算性质,交并补的运算性质
MATH,指数幂的运算性质,复数模的运算性质
MATH,指数幂的运算性质,指数幂与对数化简求值的运算原则
MATH,换元法-主要用于解决已知的解析式-求函数的解析式的问题,三次函数 $\Delta>0$ 且某极值函数值为零：有两个零点，且解析式含二重因式
MATH,换元法-主要用于解决已知的解析式-求函数的解析式的问题,二次函数解析式的三种形式与图象性质
MATH,换元法-主要用于解决已知的解析式-求函数的解析式的问题,二次函数解析式的三种形式与选用
MATH,换元法-主要用于解决已知的解析式-求函数的解析式的问题,函数解析式的四种求法
MATH,换元法-主要用于解决已知的解析式-求函数的解析式的问题,分段函数求值：先判断自变量所在子集再代入对应解析式
MATH,换元法-主要用于解决已知的解析式-求函数的解析式的问题,常见函数模型的解析式清单
MATH,换元法-主要用于解决已知的解析式-求函数的解析式的问题,换元法：令新元为满足条件的式子整体替代，破解直接配凑困难
MATH,换元法-主要用于解决已知的解析式-求函数的解析式的问题,整体换元 t=eˣ/x 简化函数
MATH,换元法-主要用于解决已知的解析式-求函数的解析式的问题,求函数解析式的常用方法
MATH,换元法-主要用于解决已知的解析式-求函数的解析式的问题,由图象定 $y=A\sin(\omega x+\varphi)$ 解析式的“三看”
MATH,换元法-主要用于解决已知的解析式-求函数的解析式的问题,由图象求 $y=A\sin(\omega x+\varphi)$ 解析式
MATH,换元法-主要用于解决已知的解析式-求函数的解析式的问题,由图象选解析式的三个观察角度
MATH,换元法-主要用于解决已知的解析式-求函数的解析式的问题,由解析式选图象的四步排除法
MATH,换元法-主要用于解决已知的解析式-求函数的解析式的问题,部分周期图象求解析式的“补全周期”技巧
MATH,换元法-主要用于解决已知的解析式-求函数的解析式的问题,齐次分式的同除换元
MATH,换底公式,换底公式及其推论
MATH,排列,排列与排列数
MATH,数列与函数的关系,an 与 Sn 的关系
MATH,数列与函数的关系,an 与 Sn 的关系公式
MATH,数列与函数的关系,两直线交点与方程组的关系
MATH,数列与函数的关系,事件的关系与运算
MATH,数列与函数的关系,二次不等式与二次方程、二次函数的关系
MATH,数列与函数的关系,同构法二：利用根与系数的关系同构
MATH,数列与函数的关系,数列是特殊的函数
MATH,数列与函数的关系,递推式含 (−1)ⁿ：找间隔两项的关系
MATH,数列与函数的关系,频率与概率的关系
MATH,数列求和,奇偶并项求和法
MATH,数列求和,数列放缩：先放缩后求和
MATH,数列求和,数列求和之公式法与常用求和
MATH,数列求和,数列求和的并项求和法
MATH,数列的单调性与最值问题,单调性的定义与等价判定形式
MATH,数列的单调性与最值问题,圆锥曲线中的范围与最值问题
MATH,数列的单调性与最值问题,多元（三元）最值问题的减元视角
MATH,数列的单调性与最值问题,数列公共项与插项（减项）问题
MATH,数列的单调性与最值问题,数列的周期性与单调性判断
MATH,数列的单调性与最值问题,用函数观点求数列最值
MATH,数列的单调性与最值问题,等差数列单调性与 $S_n$ 最值的求法
MATH,数列的单调性与最值问题,等比数列增减性与 $q$、$a_1$ 符号的关系
MATH,数列的单调性与最值问题,给值求值问题的“三步法”
MATH,数列的单调性与最值问题,衍生数列的插入、添加与删减（公共项）问题
MATH,数列的概念,分段（分域）数列的处理
MATH,数列的递推公式,含 Sn 的递推关系处理
MATH,数列的递推公式,数列的概念与通项
MATH,数列的递推公式,数列的表示方法与分类
MATH,数列通项公式的求法,中点公式的向量形式
MATH,数列通项公式的求法,分段通项公式的奇偶讨论求解
MATH,数列通项公式的求法,均值与方差的求法及性质
MATH,数列通项公式的求法,常见裂项公式集
MATH,数列通项公式的求法,弦长的两种求法
MATH,数列通项公式的求法,数列通项公式与表示法
MATH,数列通项公式的求法,直线被圆截得弦长的求法
MATH,数列通项公式的求法,裂项公式：1/(4n²−1)
MATH,数列通项公式的求法,裂项公式：1/(√(2n−1)+√(2n+1))
MATH,数列通项公式的求法,裂项公式：1/(√n+√(n+k))
MATH,数列通项公式的求法,裂项公式：1/[n(n+1)(n+2)]
MATH,数列通项公式的求法,裂项公式：1/[n(n+k)]
MATH,数列通项公式的求法,裂项公式：2ⁿ/[(2ⁿ+1)(2ⁿ⁺¹+1)]
MATH,数列通项公式的求法,裂项公式：[1+tan(n+1)tan n]tan 1
MATH,数列通项公式的求法,裂项公式：ln(1+1/n)
MATH,数列通项公式的求法,裂项公式：n·n! = (n+1)! − n!
MATH,数学归纳法,数学归纳法证明数列命题的两步规范
MATH,数学归纳法,数学归纳法：递推基础＋递推归纳两步证明自然数命题
MATH,方程组法-主要解决已知与-的方程-求解析式,求解析式的四种方法要点
MATH,曲线-在-某点处的切线问题,“在点P处”与“过点P”的切线区别
MATH,曲线-在-某点处的切线问题,圆的切线问题
MATH,曲线-在-某点处的切线问题,在点处的切线与过点切线的区分
MATH,曲线-在-某点处的切线问题,曲线“在一点”与“过一点”切线的辨析
MATH,曲线-在-某点处的切线问题,求“在”某点处的切线方程
MATH,曲线-在-某点处的切线问题,求“过”某点处的切线方程
MATH,曲线-在-某点处的切线问题,求曲线“在”某点处的切线方程
MATH,曲线-过-某点的切线问题,圆的切线垂直于过切点的半径
MATH,曲线-过-某点的切线问题,求曲线“过”某点的切线方程（设切点三步法）
MATH,曲线-过-某点的切线问题,过圆 (x−a)²+(y−b)²=r² 上一点的切线方程公式
MATH,曲线-过-某点的切线问题,过圆 x²+y²=r² 上一点的切线方程公式
MATH,曲线-过-某点的切线问题,过圆外一点的切点弦方程（x²+y²=r² 型）
MATH,曲线-过-某点的切线问题,过圆外一点的切点弦方程（平移圆型）
MATH,曲线的轨迹方程,圆锥曲线的第三定义（斜率之积为定值的轨迹）
MATH,曲线的轨迹方程,直角顶点的轨迹为圆（直径所对圆周角）
MATH,曲线的轨迹方程,空间动态问题——建系法求动点轨迹方程
MATH,条件概率,条件概率定义与公式 P(B|A)=P(AB)/P(A)
MATH,条件概率,概率统计大题的通用流程
MATH,条件概率,求条件概率方法一：公式法（四步）
MATH,条件概率,求条件概率方法二：缩样法（缩小样本空间）
MATH,极值点偏移问题,对数均值不等式处理极值点偏移的“五步法”
MATH,极值点偏移问题,对称化构造法（和型）证极值点偏移
MATH,极值点偏移问题,对称化构造法（积型）证极值点偏移
MATH,极值点偏移问题,极值点不偏移的等价刻画
MATH,极值点偏移问题,极值点偏移的判定（左移与右移）
MATH,极值点偏移问题,极值点偏移的定义与判定
MATH,极值点偏移问题,极值点偏移的定义与图形判定
MATH,极值点偏移问题,极值点偏移的对称化构造法
MATH,极值点偏移问题,极值点偏移的方向与凹凸性判定
MATH,极值点偏移问题,极值点偏移的方法选择表
MATH,极值点偏移问题,极值点偏移的比值换元与差值换元法
MATH,极值点偏移问题,极值点偏移的证明思路
MATH,极值点偏移问题,极值点偏移设问形式①：证 x₁+x₂ 与 2x₀ 的大小
MATH,极值点偏移问题,极值点偏移设问形式②：证 x₁x₂ 与 x₀² 的大小
MATH,极值点偏移问题,极值点偏移设问形式③：令 x₀=(x₁+x₂)/2 证 f′(x₀)>0
MATH,极值点偏移问题,极值点偏移证明的通用四步
MATH,极值点偏移问题,极值点对应对称轴、零点对应对称中心
MATH,构造函数-运用函数的单调性比较,同构与“去外衣”比较大小
MATH,构造函数-运用函数的单调性比较,构造函数比较大小核心：将代数式变形为可构造函数的形式，用新函数单调性判断
MATH,构造法求数列通项,和差型通用构造法：化为 $g(x)f(x)+f'(x)$，配凑 $G'(x)=g(x)$ 后构造 $\mathrm{e}^{G(x)}f(x)$
MATH,构造法求数列通项,数列构造法汇总（递推类型→构造方向）
MATH,构造法求数列通项,构造数列法类型3：a₍ₙ₊₁₎=kaₙ+p·qⁿ⁺¹ 两步构造
MATH,柱体-锥体-台体侧面积间的关系,旋转体侧面展开图与侧面积
MATH,根式与分数指数幂,根式与分数指数幂的互化
MATH,根据交集-并集-补集的运算结果求参数,交集、并集、补集的定义
MATH,根据交集-并集-补集的运算结果求参数,并集与交集的运算性质
MATH,根据交集-并集-补集的运算结果求参数,由集合关系（运算结果）求参数的讨论法
MATH,根据交集-并集-补集的运算结果求参数,由集合运算结果求参数的两种处理
MATH,根据交集-并集-补集的运算结果求参数,补集运算律（摩根律）
MATH,根据交集-并集-补集的运算结果求参数,集合交并补的运算与等价条件
MATH,根据交集-并集-补集的运算结果求参数,集合运算关系等价式：B⊆A⇔A∩B=B⇔A∪B=A
MATH,根据全称-存在量词命题的真假求参数,全称量词命题与存在量词命题的否定
MATH,根据全称-存在量词命题的真假求参数,命题与其否定的真假关系
MATH,根据全称-存在量词命题的真假求参数,垂直命题真假借助正方体判定
MATH,根据全称-存在量词命题的真假求参数,由含量词命题的真假求参数
MATH,根据全称-存在量词命题的真假求参数,量词命题真假与参数范围的联立
MATH,根据全称-存在量词命题的真假求参数,量词命题真假的判定策略
MATH,椭圆的焦点,椭圆焦点弦长公式
MATH,椭圆的焦点,椭圆的定义
MATH,椭圆的焦点,椭圆的焦点弦与中点弦（点差）结论
MATH,椭圆的离心率,椭圆的几何性质
MATH,正弦定理,椭圆焦点三角形离心率的正弦定理公式
MATH,正弦定理,正弦定理与余弦定理的推导思路
MATH,正弦定理,正弦定理与边角互化
MATH,正弦定理,正弦定理及其变形
MATH,正弦定理,用正弦定理快速求底面三角形的外接圆半径
MATH,正弦定理,边角混合等式的处理策略
MATH,正态分布,3σ 原则（正态分布三个概率区间）
MATH,正态分布,正态分布与 3σ 原则
MATH,正态分布,正态分布区间概率的运算关系
MATH,比较函数值的大小-先将自变量转化到同一个单调区间内-然后利用函数的单调性解决,三角函数 $\omega$ 取值范围的条件转化
MATH,比较函数值的大小-先将自变量转化到同一个单调区间内-然后利用函数的单调性解决,具体数值比较大小：观察重复数字，配凑后把数字替换为自变量构造函数
MATH,比较函数值的大小-先将自变量转化到同一个单调区间内-然后利用函数的单调性解决,利用函数性质比较函数值大小
MATH,比较函数值的大小-先将自变量转化到同一个单调区间内-然后利用函数的单调性解决,利用单调性求 ω 思路1：单调区间长度不超过半周期
MATH,比较函数值的大小-先将自变量转化到同一个单调区间内-然后利用函数的单调性解决,利用奇偶性转移区间比较大小
MATH,比较函数值的大小-先将自变量转化到同一个单调区间内-然后利用函数的单调性解决,单调性求参与去外壳时定义域对自变量及单调区间的限制
MATH,比较函数值的大小-先将自变量转化到同一个单调区间内-然后利用函数的单调性解决,双变量同构变形①：$g(x_1)-g(x_2)>\lambda[f(x_1)-f(x_2)]$ 型整理为同一函数 $h(x)=g(x)\pm\lambda f(x)$ 两点取值的比较
MATH,比较函数值的大小-先将自变量转化到同一个单调区间内-然后利用函数的单调性解决,同一个函数的判定
MATH,比较函数值的大小-先将自变量转化到同一个单调区间内-然后利用函数的单调性解决,含未知数比较大小：作差（作商）化为相同结构，构造单元函数讨论单调性
MATH,比较函数值的大小-先将自变量转化到同一个单调区间内-然后利用函数的单调性解决,奇偶函数在对称区间上的单调性
MATH,比较函数值的大小-先将自变量转化到同一个单调区间内-然后利用函数的单调性解决,奇偶函数的常用性质
MATH,比较函数值的大小-先将自变量转化到同一个单调区间内-然后利用函数的单调性解决,奇函数在关于原点对称的两区间上单调性相同
MATH,比较函数值的大小-先将自变量转化到同一个单调区间内-然后利用函数的单调性解决,指数幂大小比较
MATH,比较函数值的大小-先将自变量转化到同一个单调区间内-然后利用函数的单调性解决,特殊点个数求 ω 思路2：转化到 t 定端点范围
MATH,比较函数值的大小-先将自变量转化到同一个单调区间内-然后利用函数的单调性解决,连续的单调函数至多有一个零点
MATH,求体积的常用方法,作二面角平面角的常用方法
MATH,求体积的常用方法,求体积的四种常用方法
MATH,求体积的常用方法,求函数值域的常用方法
MATH,求体积的常用方法,求圆的方程与轨迹的常用方法
MATH,求体积的常用方法,等体积变换（换底法）求体积
MATH,求复合函数单调性时忽略定义域致错,复合函数单调性“同增异减”
MATH,求复合函数单调性时忽略定义域致错,复合函数单调性“同增异减”法则
MATH,求复合函数单调性时忽略定义域致错,复合函数单调性『同增异减』原则
MATH,求复合函数单调性时忽略定义域致错,复合函数单调性：同增异减
MATH,求解几何体外接球的半径的思路,以焦半径为直径的圆与 y 轴相切
MATH,求解几何体外接球的半径的思路,多面体外接球的常用结论
MATH,求解几何体外接球的半径的思路,正方体、长方体与球的三种关系
MATH,求解几何体外接球的半径的思路,特殊几何体外接球的求法
MATH,求解几何体外接球的半径的思路,球的组合体半径结论
MATH,求解几何体外接球的半径的思路,立体几何外接（内切）球的八大模型清单
MATH,求解几何体外接球的半径的思路,长方体外接球的球心与半径
MATH,求解等差数列基本量的策略,等差数列基本量法的设元与列方程策略
MATH,求解等差数列基本量的策略,等差数列基本量的方程思想
MATH,求解等比数列基本量的策略,等比数列基本量的消元与整体代换
MATH,求解等比数列基本量的策略,等比数列基本量运算的消元与整体代换
MATH,点-方法技巧-点拨解题方法-练一题通一类,定序问题方法一：全排列数除以定序元素的全排列数
MATH,点-方法技巧-点拨解题方法-练一题通一类,定序问题方法二：先排非定序元素，定序元素仅 1 种排法
MATH,点-方法技巧-点拨解题方法-练一题通一类,非对称问题方法一：配凑半代换
MATH,点-方法技巧-点拨解题方法-练一题通一类,非对称问题方法三：曲线代换
MATH,点-方法技巧-点拨解题方法-练一题通一类,非对称问题方法四：先猜后证处理定点定值
MATH,点到平面的距离,|z₁−z₂| 表示复平面两点的距离
MATH,点到平面的距离,内切球球心到多面体各面的距离相等
MATH,点到平面的距离,向量法求点到平面的距离
MATH,点到平面的距离,点到平面的距离向量公式
MATH,点到平面的距离,点到平面的距离（向量法）
MATH,点到平面的距离,等体积法求点到平面的距离
MATH,点到直线的距离,三种距离公式
MATH,点到直线的距离,两点间、点到直线、平行线间的距离公式
MATH,点到直线的距离,利用切线求点到直线（曲线间）距离的最值
MATH,点到直线的距离,向量法求点到直线的距离
MATH,点到直线的距离,圆上点到直线的距离最值：d−r 与 d+r
MATH,点到直线的距离,点到直线的距离向量公式
MATH,点到直线的距离,点到直线的距离（向量法）
MATH,点到直线的距离,解析几何三大距离公式
MATH,点面距离-线面距离-面面距离都转化为点面距离,代数式最值——平方和型转化为两点距离平方
MATH,点面距离-线面距离-面面距离都转化为点面距离,平行线间与线面、面面距离的转化
MATH,点面距离-线面距离-面面距离都转化为点面距离,直线（平面）到平面的距离转化为点面距
MATH,点面距离-线面距离-面面距离都转化为点面距离,等体积转化（换底法）：动态体积与点面距离
MATH,特征根法与不动点法,特征根法与不动点法求通项
MATH,特殊的棱柱和棱锥,外接球补形为圆柱：直棱柱与侧棱垂直底面的棱锥
MATH,独立性检验,χ²独立性检验的步骤
MATH,独立性检验,列联表与独立性检验
MATH,独立性检验,独立性检验结论的规范表述
MATH,用向量法求异面直线所成角的一般步骤,向量法求异面直线所成角
MATH,用向量法求异面直线所成角的一般步骤,向量法求线面角的完整步骤
MATH,用向量法求异面直线所成角的一般步骤,坐标法求异面直线所成角的步骤
MATH,用向量法求异面直线所成角的一般步骤,异面直线及其所成角的范围
MATH,用向量法求异面直线所成角的一般步骤,异面直线所成角的几何法（平移法）
MATH,用向量法求异面直线所成角的一般步骤,异面直线所成角的向量法
MATH,用向量法求异面直线所成角的一般步骤,"异面直线所成角的范围 (0, π/2]"
MATH,用向量法求异面直线所成角的一般步骤,空间向量求线面角的步骤与公式
MATH,用向量法求解直线与平面所成角的方法,中线与角平分线的处理策略
MATH,用向量法求解直线与平面所成角的方法,向量法求两平面夹角
MATH,用向量法求解直线与平面所成角的方法,"平面与平面夹角的范围 [0, π/2] 及与二面角的区别"
MATH,用向量法求解直线与平面所成角的方法,求离心率方法一：由条件列方程组求 a、c
MATH,用向量法求解直线与平面所成角的方法,直线与平面所成角的定义与范围
MATH,用向量法求解直线与平面所成角的方法,象限角的两种判定方法
MATH,用基向量表示指定向量的方法,变量用基本量表示后注意基本量的范围
MATH,用基向量表示指定向量的方法,向量系数和的等和线方法
MATH,用基向量表示指定向量的方法,基底法表示向量的思路
MATH,用基向量表示指定向量的方法,用基底表示向量的操作步骤
MATH,用裂项法求和的裂项原则及规律,分组求和的三步规范
MATH,由sn求an的步骤,由 Sn 求 an 的步骤
MATH,由前几项归纳数列通项的方法,构造新数列求通项的三种类型
MATH,由前几项归纳数列通项的方法,求离心率方法二：齐次方程化为 e 的方程
MATH,由前几项归纳数列通项的方法,由 $a_n$ 与 $S_n$ 关系求通项的分段法
MATH,由前几项归纳数列通项的方法,由 $a_n$ 与 $S_n$ 递推式求通项的“消 $n$”与“消 $S$”两思路
MATH,由前几项归纳数列通项的方法,由 Sn 与 an 关系求通项的消 S 与消 n 两思路
MATH,由前几项归纳数列通项的方法,由前 $n$ 项积求数列通项
MATH,由前几项归纳数列通项的方法,由前n项和 Sn 求通项 an
MATH,由前几项归纳数列通项的方法,确定角所在象限的方法
MATH,由前几项归纳数列通项的方法,确定角终边位置的方法
MATH,直接法-利用零点存在的判定定理构建不等式求解,两直线平行与垂直的判定条件
MATH,直接法-利用零点存在的判定定理构建不等式求解,利用零点求解析式时先区分上升/下降零点
MATH,直接法-利用零点存在的判定定理构建不等式求解,图象对称轴与对称中心的判定
MATH,直接法-利用零点存在的判定定理构建不等式求解,线面垂直的判定定理
MATH,直接法-利用零点存在的判定定理构建不等式求解,集合相等的判定
MATH,直线与圆的位置关系,圆与圆的五种位置关系判定
MATH,直线与圆的位置关系,圆与圆的位置关系
MATH,直线与圆的位置关系,圆与圆的位置关系判定
MATH,直线与圆的位置关系,点与圆的位置关系
MATH,直线与圆的位置关系,直线与圆位置关系的两种判定法
MATH,直线与圆的位置关系,直线与圆小题的快解策略
MATH,直线与圆的位置关系,直线与圆的位置关系判定
MATH,直线与圆的位置关系,直线与圆锥曲线位置关系的判断
MATH,直线与圆的位置关系,过点作圆切线的条数由点与圆的位置关系决定
MATH,直线与平面垂直,内切球球心在过切点且与切面垂直的直线上
MATH,直线与平面垂直,线面垂直的性质定理
MATH,直线与平面平行,三类常用直线系方程
MATH,直线与平面所成角,方程解（交点）个数讨论中不可遗漏直线与曲线相切的情形
MATH,直线与平面所成角,点差法必须检验直线与曲线有两交点（防增根）
MATH,直线与平面所成角,直线与平面所成的角
MATH,直线与直线的位置关系,由直线位置关系求参数的检验步骤
MATH,直线与直线的位置关系,直线与圆锥曲线的位置关系判定
MATH,直线与直线的位置关系,空间两直线的位置关系与异面直线
MATH,直线与直线的位置关系,设而不求思想：设坐标与直线，用根与系数关系解题
MATH,直线的方向向量和平面的法向量,公理 1：直线在平面内的判定
MATH,直线的方向向量和平面的法向量,同向向量与平行向量
MATH,直线的方向向量和平面的法向量,方向向量与法向量
MATH,直线的方向向量和平面的法向量,有明显线面垂直时用方向向量作平面法向量
MATH,直线的方向向量和平面的法向量,椭圆中点弦所在直线的斜率公式
MATH,直线的方向向量和平面的法向量,求平面法向量的方法
MATH,直线的方向向量和平面的法向量,直线方向向量与平面法向量
MATH,直线的方向向量和平面的法向量,直线的倾斜角
MATH,直线的方向向量和平面的法向量,直线的斜率
MATH,直线的方向向量和平面的法向量,直线的方向向量与平面的法向量
MATH,直线的方程,一元线性回归模型与经验回归方程
MATH,直线的方程,倾斜角与斜率
MATH,直线的方程,同构法一：利用两点坐标同构出直线方程
MATH,直线的方程,求直线方程的两种方法
MATH,直线的方程,线性回归直线必过样本中心点
MATH,直线的方程,过直线交点的直线系
MATH,相等函数与分段函数,分段函数
MATH,研究分段函数单调性时忽略分段点致错,分段函数单调性求参三步法：段内单调＋分段点两端值衔接＋取交集
MATH,研究分段函数单调性时忽略分段点致错,分段函数零点求解三步法：定段→逐段求零点（含分段点）→汇总有效零点
MATH,离散型随机变量,离散型随机变量与分布列
MATH,离散型随机变量的方差,离散型随机变量的方差与标准差
MATH,离散型随机变量的期望,分子含变量的分离再构造
MATH,离散型随机变量的期望,变量的相关关系与相关系数
MATH,离散型随机变量的期望,常见分布的期望与方差
MATH,离散型随机变量的期望,离散型随机变量的均值（数学期望）
MATH,空间位置关系的向量表示,三点共线的向量表示
MATH,空间位置关系的向量表示,两圆位置关系与公切线条数对应表
MATH,空间位置关系的向量表示,两直线交点与位置关系的方程组判定
MATH,空间位置关系的向量表示,两直线位置关系的判定
MATH,空间位置关系的向量表示,包含关系的交并等价刻画
MATH,空间位置关系的向量表示,向量在物理中的应用（力的合成与分解）
MATH,空间位置关系的向量表示,四点共面的向量表示
MATH,空间位置关系的向量表示,定比分点的向量公式
MATH,空间位置关系的向量表示,爪形结构（三角形内对边上点的向量表示）
MATH,空间位置关系的向量表示,空间两直线位置关系的判定
MATH,空间位置关系的向量表示,空间动态问题——特殊值（特殊位置）法
MATH,空间位置关系的向量表示,空间平行与垂直的向量表示
MATH,空间位置关系的向量表示,线面位置关系的向量表示
MATH,空间位置关系的向量表示,翻折问题第二步：翻折后明确所需量并确定数量与位置关系
MATH,空间几何体,平面几何性质推广到空间不一定成立
MATH,空间几何体,空间几何体结构特征辨析技巧
MATH,空间几何体中的截面问题,内切球问题作轴截面将空间问题平面化
MATH,空间几何体中的截面问题,几何体与球相切问题通法：作轴截面把空间问题平面化
MATH,空间几何体中的截面问题,实际测量中的长度与角度问题
MATH,空间几何体中的截面问题,平行于底面的截面性质
MATH,空间几何体中的截面问题,截面交线的作图方法
MATH,空间几何体中的截面问题,球的切接问题：轴截面法
MATH,空间几何体中的截面问题,球的截面性质 R²=r²+d²
MATH,空间几何体中的截面问题,空间动态问题——几何法找始终不变的关系
MATH,空间几何体中的截面问题,计数问题中的几何约束筛选
MATH,空间几何体的直观图,解析几何勿漏斜率为 0 与不存在的直线
MATH,空间几何体的表面积和体积公式,台体的体积公式
MATH,空间几何体的表面积和体积公式,柱、锥、台、球的表面积与体积公式
MATH,空间几何体的表面积和体积公式,柱体的体积公式
MATH,空间几何体的表面积和体积公式,柱锥台球的表面积与体积公式
MATH,空间几何体的表面积和体积公式,球的表面积与体积公式
MATH,空间几何体的表面积和体积公式,锥体的体积公式
MATH,空间向量与立体几何,相等向量与相反向量
MATH,空间向量与立体几何,立体几何交线截面的两种解法
MATH,空间向量数量积的坐标表示及其应用,向量与复数小题的通用策略
MATH,空间向量数量积的坐标表示及其应用,向量数量积最值的常用路径
MATH,空间向量数量积的坐标表示及其应用,向量数量积的“矩形大法”
MATH,空间向量数量积的坐标表示及其应用,向量的坐标表示
MATH,空间向量数量积的坐标表示及其应用,圆的参数方程及其应用
MATH,空间向量数量积的坐标表示及其应用,平面向量数量积的基底法
MATH,空间向量数量积的坐标表示及其应用,平面向量数量积的建系法
MATH,空间向量数量积的坐标表示及其应用,数量积、模与夹角的坐标公式
MATH,空间向量数量积的坐标表示及其应用,数量积的四种求法（定义/坐标/极化/转化）
MATH,空间向量数量积的坐标表示及其应用,数量积的定义
MATH,空间向量数量积的坐标表示及其应用,数量积的定义、几何意义与投影向量
MATH,空间向量数量积的坐标表示及其应用,数量积的定义与坐标公式
MATH,空间向量数量积的坐标表示及其应用,求数量积的三种方法
MATH,空间向量数量积的坐标表示及其应用,空间向量数量积及坐标表示
MATH,空间向量数量积的坐标表示及其应用,空间向量数量积的应用要点
MATH,空间向量数量积的坐标表示及其应用,空间直角坐标系的建立原则
MATH,空间向量新定义问题,向量新定义问题的处理思路
MATH,空间向量新定义问题,数列新定义问题的化归处理
MATH,空间向量新定义问题,数列新定义问题的特点与思路
MATH,空间向量新定义问题,新定义集合问题：先译后算
MATH,空间向量新定义问题,空间动态问题——定义法化归为平面轨迹
MATH,空间向量的数量积及运算律,向量的数量积运算不满足结合律
MATH,空间向量的数量积及运算律,数乘向量及其运算律
MATH,空间向量的数量积及运算律,数量积的运算律
MATH,空间向量的数量积及运算律,数量积的运算律与坐标公式
MATH,空间向量的数量积及运算律,数量积运算律及两个“不成立”
MATH,空间向量的数量积及运算律,空间向量的坐标运算与数量积
MATH,空间向量的有关定理,等角定理
MATH,空间向量的线性运算,空间向量线性运算的三个关键点
MATH,空间点线面的位置关系,正棱台（圆台）外接球球心的位置特征
MATH,空间点线面的位置关系,直线与平面、平面与平面的位置关系
MATH,空间点线面的位置关系,空间点、直线、平面的位置关系
MATH,空间点线面的位置关系,翻折不变性规律：折线同侧的位置与数量关系不变
MATH,空间距离的求法,截距与距离的区别
MATH,空间距离的求法,点在圆内：圆上动点与定点距离的最值
MATH,空间距离的求法,点在圆外：圆上动点与定点距离的最值
MATH,空间距离的求法,空间距离的三种求法
MATH,空间距离的求法,空间距离的转化策略
MATH,立体几何中的探索性问题立体几何中的探索性问题的主要类型,双变量问题的主元法
MATH,立体几何中的探索性问题立体几何中的探索性问题的主要类型,立体几何大题的通用流程
MATH,立体几何中的探索性问题立体几何中的探索性问题的主要类型,立体几何小题的快解策略
MATH,立体几何中的探索性问题立体几何中的探索性问题的主要类型,立体几何探索性问题的向量处理
MATH,立体几何中的探索性问题立体几何中的探索性问题的主要类型,立体几何探索性问题的类型与策略
MATH,端点取值需谨慎-在求参数范围时-要注意边界或区间端点值的检验-从而确定取舍,奇偶性特殊值法求参：一对相反数代入解参数并代回检验
MATH,端点取值需谨慎-在求参数范围时-要注意边界或区间端点值的检验-从而确定取舍,已知零点个数求参数范围之分类讨论法：判单调→求端点值与极值→限制符号
MATH,端点取值需谨慎-在求参数范围时-要注意边界或区间端点值的检验-从而确定取舍,最值可在区间端点、极值不可
MATH,端点取值需谨慎-在求参数范围时-要注意边界或区间端点值的检验-从而确定取舍,求 ω 范围时注意区间开闭决定端点能否取得
MATH,端点取值需谨慎-在求参数范围时-要注意边界或区间端点值的检验-从而确定取舍,由不等式解集反求参数
MATH,端点取值需谨慎-在求参数范围时-要注意边界或区间端点值的检验-从而确定取舍,由图象确定 A、b、ω、φ
MATH,端点取值需谨慎-在求参数范围时-要注意边界或区间端点值的检验-从而确定取舍,由解集反求参数：根与解集端点
MATH,端点取值需谨慎-在求参数范围时-要注意边界或区间端点值的检验-从而确定取舍,连续型集合含参问题：数轴画出区间→解不等式组→注意端点取舍
MATH,等价转化法-将命题转化为另一个与之等价的且便于判断真假的命题,分类讨论法与等价转化法处理恒成立、能成立
MATH,等价转化法-将命题转化为另一个与之等价的且便于判断真假的命题,判断命题真假的两种主要方法
MATH,等价转化法-将命题转化为另一个与之等价的且便于判断真假的命题,命题真假的判断方法
MATH,等价转化法-将命题转化为另一个与之等价的且便于判断真假的命题,逆否命题与充要条件的等价转化
MATH,等差乘等比数列求和-令-可以用错位相减法,数列求和四法的适用判断
MATH,等差乘等比数列求和-令-可以用错位相减法,数列求和的分组求和法
MATH,等差乘等比数列求和-令-可以用错位相减法,数列求和的错位相减法
MATH,等差乘等比数列求和-令-可以用错位相减法,等差×(−1)ⁿ 型数列用并项求和
MATH,等差乘等比数列求和-令-可以用错位相减法,等比数列前 $n$ 项和公式与分类讨论
MATH,等差乘等比数列求和-令-可以用错位相减法,等比数列求和必讨论 q=1
MATH,等差乘等比数列求和-令-可以用错位相减法,错位相减求和的易错点清单
MATH,等差乘等比数列求和-令-可以用错位相减法,错位相减法
MATH,等差乘等比数列求和-令-可以用错位相减法,错位相减法的操作要点与万能结构
MATH,等差数列,倒数变换法类型1：分式递推构造等差数列
MATH,等差数列,构造数列法类型2：a₍ₙ₊₁₎=qaₙ+p·qⁿ⁺¹ 构造等差数列
MATH,等差数列,等差数列判定的五种方法与使用限制
MATH,等差数列与等比数列新背景问题,Sn/n 为等差数列与等差数列的等价性
MATH,等差数列与等比数列新背景问题,奇偶子列自动成等差、等比的递推模型
MATH,等差数列与等比数列新背景问题,实际问题的三类数列模型
MATH,等差数列与等比数列新背景问题,数列新背景问题的三步解法
MATH,等差数列与等比数列新背景问题,数列新背景问题的建模步骤
MATH,等差数列前n项和性质的应用,两个等差数列前 $n$ 项和之比的应用
MATH,等差数列前n项和性质的应用,等差数列依次 k 项和仍成等差
MATH,等差数列前n项和性质的应用,等差等比 $m+n=p+q$ 性质的“反之不成立”
MATH,等差数列前n项和最值问题,$a_n$ 最大与 $S_n$ 最大之辨
MATH,等差数列前n项和最值问题,等差数列前 n 项和最值的两种方法
MATH,等差数列前项和的常用性质,两等差数列前 n 项和之比与项之比
MATH,等差数列前项和的常用性质,等差数列前 n 项和的三个性质
MATH,等差数列前项和的常用性质,等差数列前 n 项和的最值求法
MATH,等差数列前项和的常用性质,等差数列前n项和的最值
MATH,等差数列前项和的常用性质,等差数列奇偶项和的关系
MATH,等差数列含绝对值问题,三角化简中分式、根号、绝对值的消去
MATH,等差数列含绝对值问题,含绝对值的指数型函数零点求参
MATH,等差数列含绝对值问题,含绝对值的等差数列求和
MATH,等差数列含绝对值问题,绝对值数列的求和（找正负分界）
MATH,等差数列的前n项和,相邻两项和 f(n) 构造隔项等差数列
MATH,等差数列的前n项和,等差数列的下标对称性质
MATH,等差数列的前n项和,等差数列的前 n 项和公式
MATH,等差数列的前n项和,等差数列的前n项和公式
MATH,等差数列的常用性质,分式不等式的常用性质
MATH,等差数列的常用性质,向量模长的常用求法
MATH,等差数列的常用性质,圆的三个常用几何性质
MATH,等差数列的常用性质,子数列的性质
MATH,等差数列的常用性质,斐波那契数列的定义与常用结论
MATH,等差数列的常用性质,等差中项与等差数列性质
MATH,等差数列的常用性质,等差数列性质的三个常用结论
MATH,等差数列的常用性质,等差数列的下标和性质
MATH,等差数列的常用性质,等差数列的性质
MATH,等差数列的常用性质,等差数列的性质补充
MATH,等差数列的常用性质,等差数列的运算与抽取性质
MATH,等差数列的有关公式,等差中项
MATH,等差数列的通项,插入型新数列的项数与求和
MATH,等差数列的通项,数列综合大题的通用流程
MATH,等差数列的通项,等差数列判定的四类方法
MATH,等差数列的通项,等差数列的四种判定方法
MATH,等差数列的通项,等差数列的定义
MATH,等差数列的通项,等差数列的定义与等差中项
MATH,等差数列的通项,等差数列的定义与通项
MATH,等差数列的通项,等差数列的通项与前 $n$ 项和公式
MATH,等差数列的通项,等差数列的通项公式
MATH,等差数列的通项,等差（比）数列的设法技巧
MATH,等比数列,构造数列法类型1：a₍ₙ₊₁₎=kaₙ+p 构造等比数列
MATH,等比数列,相邻两项积 f(n) 构造隔项等比数列
MATH,等比数列,等比数列公比 $q>0$ 时各项不一定为正
MATH,等比数列,等比数列判定的方法与前提
MATH,等比数列前项和的常用性质,等比数列依次 k 项和仍成等比
MATH,等比数列前项和的常用性质,等比数列前 $n$ 项和的性质
MATH,等比数列前项和的常用性质,等比数列前 n 项和的四个性质
MATH,等比数列前项和的常用性质,等比数列前 n 项和的结构特征
MATH,等比数列前项和的常用性质,等比数列奇偶项和的关系
MATH,等比数列性质应用问题的解题突破口,“异构同集”型问题的立足点
MATH,等比数列性质应用问题的解题突破口,两数列公共项问题的解法
MATH,等比数列性质应用问题的解题突破口,二项分布问题的解题步骤
MATH,等比数列性质应用问题的解题突破口,圆的问题优先用几何性质而非联立
MATH,等比数列性质应用问题的解题突破口,外接球问题的一般解法
MATH,等比数列性质应用问题的解题突破口,子数列问题的转化
MATH,等比数列性质应用问题的解题突破口,对称问题的处理：对称式用 x₁+x₂ 与 x₁x₂ 整体代入
MATH,等比数列性质应用问题的解题突破口,平面图形折叠问题的处理
MATH,等比数列性质应用问题的解题突破口,平面图形翻折问题的三步处理
MATH,等比数列性质应用问题的解题突破口,数列奇偶项问题的处理
MATH,等比数列性质应用问题的解题突破口,数列奇偶项问题的本质：对 n 的奇偶分类讨论
MATH,等比数列性质应用问题的解题突破口,数列小题的快解策略
MATH,等比数列性质应用问题的解题突破口,数列解答题的考查定位与能力要求
MATH,等比数列性质应用问题的解题突破口,球切接问题的通用三步法
MATH,等比数列性质应用问题的解题突破口,等比中项与等比数列性质
MATH,等比数列性质应用问题的解题突破口,组合问题的两类处理
MATH,等比数列性质应用问题的解题突破口,超几何分布问题的解题步骤
MATH,等比数列的前n项和,无穷递缩等比数列的各项和
MATH,等比数列的前n项和,等比含 (−1)ⁿ 型数列的前 n 项和写成分段形式
MATH,等比数列的常用性质,等比数列的下标和性质
MATH,等比数列的常用性质,等比数列的子数列与运算性质
MATH,等比数列的常用性质,等比数列的性质
MATH,等比数列的有关公式,等比中项
MATH,等比数列的通项,构造等比数列法求通项
MATH,等比数列的通项,等比数列判定的四类方法
MATH,等比数列的通项,等比数列的判断与证明方法
MATH,等比数列的通项,等比数列的四种判定方法
MATH,等比数列的通项,等比数列的定义
MATH,等比数列的通项,等比数列的定义与等比中项
MATH,等比数列的通项,等比数列的定义与通项
MATH,等比数列的通项,等比数列的符号特征
MATH,等比数列的通项,等比数列的通项公式
MATH,等比数列的通项,等比数列的通项公式与项的性质
MATH,累加法-适用于an-1-an-f-n-可变形为an-1-an-f-n,双变量同构变形②：$\dfrac{f(x_1)-f(x_2)}{x_1-x_2}>k\ (x_1<x_2)$ 时构造 $h(x)=f(x)-kx$
MATH,累加法-适用于an-1-an-f-n-可变形为an-1-an-f-n,双变量同构变形③：$\dfrac{f(x_1)-f(x_2)}{x_1-x_2}<\dfrac{k}{x_1x_2}\ (x_1<x_2)$ 时构造 $h(x)=f(x)+\dfrac{k}{x}$
MATH,累加法与累乘法求数列通项,数列求通项的累乘法
MATH,累加法与累乘法求数列通项,数列求通项的累加法
MATH,累加法与累乘法求数列通项,累乘法求数列通项
MATH,累加法与累乘法求数列通项,累乘法求通项公式
MATH,累加法与累乘法求数列通项,累加法与累乘法求通项
MATH,累加法与累乘法求数列通项,累加法求数列通项
MATH,累加法与累乘法求数列通项,累加法求通项公式
MATH,线面平行定理的理解不够准确,平行公理与等角定理
MATH,线面平行定理的理解不够准确,线面平行判定与性质定理的使用区别
MATH,线面平行定理的理解不够准确,线面平行的判定定理
MATH,线面平行定理的理解不够准确,线面平行的性质定理
MATH,线面平行定理的理解不够准确,面面平行的判定定理
MATH,线面平行的定义-一条直线与一个平面无公共点-不相交,与抛物线仅有一个公共点的直线条数
MATH,线面角与向量夹角转化不清等问题,二面角的向量法
MATH,线面角与向量夹角转化不清等问题,向量夹角与图形内角的关系处理
MATH,线面角与向量夹角转化不清等问题,向量夹角锐钝的充要关系
MATH,线面角与向量夹角转化不清等问题,向量法求二面角
MATH,线面角与向量夹角转化不清等问题,向量法求二面角与平面夹角
MATH,线面角与向量夹角转化不清等问题,线面角的几何法（定义法）
MATH,线面角与向量夹角转化不清等问题,线面角的向量法
MATH,组合,组合与组合数
MATH,绝对值不等式,均值不等式链
MATH,绝对值不等式,均值不等式链及变形
MATH,绝对值不等式,对数均值不等式
MATH,绝对值不等式,对数均值不等式法的适用场景
MATH,绝对值不等式,对数均值不等式（LMI）
MATH,绝对值不等式,平均值不等式链
MATH,绝对值不等式,简单绝对值不等式的解法
MATH,绝对值不等式,简单绝对值不等式的解集
MATH,绝对值不等式,重要基础不等式组
MATH,统计图表的读取,常见统计图表的作用
MATH,表面积与体积,表面积计算的轴截面与展开图要点
MATH,裂项相消求和时遗漏剩余项致错,裂项后利用 (−1)ⁿ 正负交替求和
MATH,裂项相消求和时遗漏剩余项致错,裂项相消法求和
MATH,裂项相消求和时遗漏剩余项致错,裂项相消的剩余项规律
MATH,裂项相消求和时遗漏剩余项致错,裂项相消的原则与消项规律
MATH,裂项相消求和时遗漏剩余项致错,裂项相消的类型变式
MATH,裂项相消法中常见的裂项技巧,常见的近似计算公式
MATH,裂项相消法中常见的裂项技巧,常见裂项技巧的分类
MATH,裂项相消法中常见的裂项技巧,数列求和的裂项相消法
MATH,裂项相消法中常见的裂项技巧,裂项相消法
MATH,解一元二次不等式的步骤,一元二次不等式的求解步骤
MATH,解一元二次不等式的步骤,三个二次的关系解一元二次不等式
MATH,解一元二次不等式的步骤,对称化构造证零点积（和）不等式的四步流程
MATH,解一元二次不等式的步骤,比值换元法证明零点积不等式的三步骤
MATH,解三角形的实际应用,三角函数模型的实际应用
MATH,解三角形的实际应用,双曲线焦点三角形的周长不是定值
MATH,解三角形的实际应用,平面图形中的解三角形
MATH,解三角形的实际应用,椭圆焦点三角形的周长为定值 2a+2c
MATH,解三角形的实际应用,椭圆焦点三角形的性质
MATH,解三角形的实际应用,解三角形存在性问题的处理
MATH,解三角形的实际应用,解三角形的实际应用（测量问题）
MATH,解三角形的实际应用,解三角形解答题的通用流程
MATH,解三角形的实际应用,解三角形隐含条件：两边之和大于第三边
MATH,解三角形的实际应用,解单个三角形的工具选择
MATH,解三角形的实际应用,解多个三角形的关联手段
MATH,解决双变量-存在性-或-任意性-的等式问题,存在性转最值（双函数）：同变量 $\exists x$ 比 $[f-g]_{\max}$，双变量 $\exists x_1\exists x_2$ 比 $f_{\max}$ 与 $g_{\min}$
MATH,解决垂直问题-利用-可将垂直问题转化为向量数量积的计算问题,侧棱（面）垂直底面型的外接球计算
MATH,解决垂直问题-利用-可将垂直问题转化为向量数量积的计算问题,切线条数问题转化为方程解的个数
MATH,解决垂直问题-利用-可将垂直问题转化为向量数量积的计算问题,利用极化恒等式求数量积的方法
MATH,解决垂直问题-利用-可将垂直问题转化为向量数量积的计算问题,同构法三：利用相似计算同构
MATH,解决垂直问题-利用-可将垂直问题转化为向量数量积的计算问题,向量问题中坐标化与基底化的选择
MATH,解决垂直问题-利用-可将垂直问题转化为向量数量积的计算问题,向量问题的投影（投影向量）转化法
MATH,解决垂直问题-利用-可将垂直问题转化为向量数量积的计算问题,极化恒等式求动点数量积取值范围的步骤
MATH,解决垂直问题-利用-可将垂直问题转化为向量数量积的计算问题,过一点多切线问题转化为方程解的个数
MATH,解分数不等式忽略分母不为零致错,设直线为 x=my+n 型（过定点或斜率不为零）
MATH,证明不等式,切线放缩证明不等式的整体三步
MATH,证明不等式,常用放缩不等式在解答题中需先证明
MATH,证明不等式,指对放缩的化归证明策略
MATH,证明不等式,放缩时注意前一问证明的不等式能否复用
MATH,证明不等式,数列不等式证明的三条路线
MATH,证明不等式,构造函数证明不等式：左减右
MATH,证明点共线问题的2种方法,切线问题的三个关系列方程
MATH,证明点或线共面问题的2种方法,非对称问题方法二：和积转化
MATH,证明线共点问题的常用方法,不等式证明的常用方法
MATH,证明线共点问题的常用方法,共面、共线、共点问题的证明套路
MATH,证明线共点问题的常用方法,排列问题的常用解法
MATH,证明线共点问题的常用方法,证明面面平行的常用方法
MATH,证明线线垂直的方法,线面垂直的判定与性质
MATH,证明面面垂直的方法,判定线面垂直的四种方法
MATH,证明面面垂直的方法,证明面面垂直的两种方法
MATH,证明面面垂直的方法,面面垂直的判定与性质
MATH,证明面面垂直的方法,面面垂直的判定定理
MATH,证明面面垂直的方法,面面垂直的性质定理
MATH,误解-导数为0-与-有极值-的关系致错,导数为 0 是极值的必要不充分条件
MATH,诱导公式,互余与互补角的诱导公式要点
MATH,诱导公式,多角诱导公式化简的合并策略
MATH,诱导公式,诱导公式与记忆口诀
MATH,诱导公式,诱导公式化简三原则“负化正、大化小、小化锐”
MATH,诱导公式,诱导公式总口诀“奇变偶不变，符号看象限”
MATH,超几何分布,二项分布与超几何分布的区分
MATH,超几何分布,超几何分布概率计算公式
MATH,超几何分布,超几何分布的期望与方差公式
MATH,超几何分布,超几何分布的本质与特征（不放回抽样）
MATH,辨-易混易错-辨析易混易错知识点-夯实基础,求导运算的正误辨析
MATH,边角互化,三角形中边角互化的总思路
MATH,过定点的多切线问题,切线条件转化为方程解的个数：由过定点或定斜率得参数方程，用判别式讨论
MATH,过定点的多切线问题,多切线问题四步法：设切点→求斜率→写切线方程→条件代入讨论解的个数
MATH,过定点的多切线问题,过圆内定点的弦长最值：最短弦垂直于定点与圆心连线
MATH,过定点的多切线问题,过定点切线条数问题
MATH,连续使用基本不等式忽略等号同时成立致错,含参讨论中不可遗漏参数临界值（等号成立）情形
MATH,连续使用基本不等式忽略等号同时成立致错,含参集合端点取等验证法：假设等号成立看是否符合题意
MATH,连续使用基本不等式忽略等号同时成立致错,多次使用基本不等式的取等一致性
MATH,连续使用基本不等式忽略等号同时成立致错,多次使用基本不等式的等号一致性
MATH,连续使用基本不等式忽略等号同时成立致错,多次使用基本不等式须等号一致
MATH,连续使用基本不等式忽略等号同时成立致错,多次使用基本不等式：每步放缩的取等条件必须能同时成立
MATH,逆序相加法求数列的前n项和,倒序相加法
MATH,逆序相加法求数列的前n项和,倒序相加法求和
MATH,逆序相加法求数列的前n项和,倒序相加法的适用条件
MATH,逆序相加法求数列的前n项和,数列求和的倒序相加法
MATH,配方法-主要用于二次函数或可化为二次函数的函数-要特别注意自变量的取值范围,三角图象变换的加减乘除只作用在自变量 x 上
MATH,配方法-主要用于二次函数或可化为二次函数的函数-要特别注意自变量的取值范围,二次型函数最值的“三点一轴”讨论总纲
MATH,配方法-主要用于二次函数或可化为二次函数的函数-要特别注意自变量的取值范围,抽象函数模型：二次函数型对应 $f(x+y)=f(x)+f(y)+2axy-c$
MATH,配方法-主要用于二次函数或可化为二次函数的函数-要特别注意自变量的取值范围,等差数列的函数属性
MATH,重要不等式-当且仅当时取号,"基本不等式：a+b≥2√(ab)（a,b>0），当且仅当 a=b 时取等号"
MATH,重要不等式-当且仅当时取号,重要不等式 $a^2+b^2\ge 2ab$
MATH,重要不等式-当且仅当时取号,重要不等式 a²+b²≥2ab
MATH,错判数量积的符号与夹角关系,$y=\sin\omega x$ 的增区间需先看 $\omega$ 的符号
MATH,错判数量积的符号与夹角关系,切化弦与开方化简的符号约束
MATH,错判数量积的符号与夹角关系,夹角锐钝与数量积符号的“反之不成立”
MATH,错判数量积的符号与夹角关系,数量积的性质
MATH,错判数量积的符号与夹角关系,数量积的性质与垂直充要条件
MATH,错判数量积的符号与夹角关系,数量积符号与夹角的关系
MATH,错判数量积的符号与夹角关系,数量积符号与夹角锐钝的判别（排除共线）
MATH,错判数量积的符号与夹角关系,由 $\tan\alpha$ 处理 $\sin\alpha\pm\cos\alpha$ 的符号判断
MATH,随机事件,样本空间与随机事件
MATH,随机事件的相互独立性,乘法公式与独立事件的简化形式
MATH,随机事件的相互独立性,事件的相互独立性
MATH,随机事件的相互独立性,对立事件的 $P(A)+P(B)=1$ 的“反之不成立”
MATH,随机事件的相互独立性,样本空间与随机事件的关系
MATH,随机事件的相互独立性,相互独立事件
MATH,集合新定义的解题思路,集合新定义问题的解题关键
MATH,集合运算中的常用二级结论,德摩根律（补集与交并）
MATH,集合运算中的常用二级结论,测量中的常用术语
MATH,集合运算中的常用二级结论,补集与交并的德摩根律
MATH,集合运算中的常用二级结论,集合的表示法与常用数集
MATH,集合运算中的常用二级结论,集合运算符号与概率事件符号的对应
MATH,面面垂直性质的应用,线面垂直的性质定理
MATH,面面垂直性质的应用,面面垂直性质的应用与易错点
MATH,面面垂直性质的应用,面面平行性质的两类应用
PHYSICS,ep-x图像,Ep-x图像的三条分析要点
PHYSICS,x-t图像-v-t图像-a-t图像的对比,E-x 图像的含义
PHYSICS,x-t图像-v-t图像-a-t图像的对比,E-x图像的三条分析要点
PHYSICS,x-t图像-v-t图像-a-t图像的对比,Ek-s 图像中上滑与下滑段斜率的对比
PHYSICS,x-t图像-v-t图像-a-t图像的对比,U_c-ν 图像的三要素（截止频率、斜率与h）
PHYSICS,x-t图像-v-t图像-a-t图像的对比,a-t 图像的含义
PHYSICS,x-t图像-v-t图像-a-t图像的对比,a-t 图像的识读
PHYSICS,x-t图像-v-t图像-a-t图像的对比,v-t 图像的含义
PHYSICS,x-t图像-v-t图像-a-t图像的对比,v-t 图像的识读
PHYSICS,x-t图像-v-t图像-a-t图像的对比,x-t 图像与 v-t 图像的比较
PHYSICS,x-t图像-v-t图像-a-t图像的对比,x-t 图像的含义
PHYSICS,x-t图像-v-t图像-a-t图像的对比,x-t 图像的识读
PHYSICS,x-t图像-v-t图像-a-t图像的对比,x/t-t图像的斜率与截距
PHYSICS,x-t图像-v-t图像-a-t图像的对比,x/t²-1/t图像的斜率与截距
PHYSICS,x-t图像-v-t图像-a-t图像的对比,φ-x 图像的斜率含义
PHYSICS,x-t图像-v-t图像-a-t图像的对比,位置坐标 x-y 图像的意义
PHYSICS,x-t图像-v-t图像-a-t图像的对比,冲量与功的对比及易错点
PHYSICS,x-t图像-v-t图像-a-t图像的对比,振动图像与波动图像的对比
PHYSICS,x-t图像-v-t图像-a-t图像的对比,波的图像与振动图像的区分
PHYSICS,x-t图像-v-t图像-a-t图像的对比,电偏转与磁偏转的对比
PHYSICS,x-t图像-v-t图像-a-t图像的对比,电场中各类图像的信息读取
PHYSICS,x-t图像-v-t图像-a-t图像的对比,电源 U-I 图像与电阻 U-I 图像的对比
PHYSICS,x-t图像-v-t图像-a-t图像的对比,红到紫各种色光特性的对比规律
PHYSICS,x-t图像-v-t图像-a-t图像的对比,能量图像的斜率含义对照
PHYSICS,φ-x图像-反映了电势随位移变化的规律,a-x图像面积表示速度平方变化的一半
PHYSICS,φ-x图像-反映了电势随位移变化的规律,实验：探究小车速度随时间变化的规律·易混概念辨析
PHYSICS,φ-x图像-反映了电势随位移变化的规律,实验：探究小车速度随时间变化的规律·计算注意事项
PHYSICS,φ-x图像-反映了电势随位移变化的规律,平均值法求随位移线性变化的力的功
PHYSICS,φ-x图像-反映了电势随位移变化的规律,输出功率随外电阻变化的规律
PHYSICS,七种色光的物理量比较分析,光的色散与七色光参量排序
PHYSICS,七种色光的物理量比较分析,光的色散中各色光的参量排序
PHYSICS,万有引力与航天的基本定律和概念,万有引力与重力的关系
PHYSICS,万有引力与航天的基本定律和概念,万有引力与重力的关系及黄金代换
PHYSICS,万有引力与航天的基本定律和概念,离心运动与近心运动的判断依据
PHYSICS,万有引力与航天的基本定律和概念,考虑自转时万有引力与重力的关系
PHYSICS,万有引力与航天的基本定律和概念,重力与万有引力的关系及黄金代换
PHYSICS,万有引力与航天的基本定律和概念,重力与地球引力的关系
PHYSICS,万有引力定律,r→0 时万有引力不趋于无穷大的辨析
PHYSICS,万有引力定律,开普勒定律与万有引力定律·易混概念辨析（一）
PHYSICS,万有引力定律,开普勒定律与万有引力定律·易混概念辨析（二）
PHYSICS,万有引力定律,开普勒定律与万有引力定律·计算注意事项
PHYSICS,万有引力定律的应用,万有引力定律的内容与适用条件
PHYSICS,万有引力定律的应用,万有引力定律的科学成就
PHYSICS,万有引力定律的应用,万有引力定律的适用条件与注意点
PHYSICS,万有引力定律的应用,天体自转忽略与否的两种处理
PHYSICS,万有引力定律的应用,开普勒定律的应用要点与易错
PHYSICS,万有引力的-两点理解-和-两个推论,万有引力的两个重要推论
PHYSICS,万有引力的-两点理解-和-两个推论,万有引力的两条推论
PHYSICS,万有引力的-两点理解-和-两个推论,对重心的三点理解
PHYSICS,三星模型,多星模型（三星、四星）
PHYSICS,三星模型,多星（三星、四星）系统规律
PHYSICS,三种光学模型的光路特点,平行玻璃砖、三棱镜与圆柱体的光路特点
PHYSICS,不同高度卫星物理量的比较,动能与动量的比较
PHYSICS,不同高度卫星物理量的比较,卫星变轨问题中各量的比较
PHYSICS,与平抛的区别,竖直圆与平抛（斜抛）的组合模型
PHYSICS,中子-卢瑟福预言中子的存在-查德威克证实,中子的发现
PHYSICS,交变电流有效值的计算,交变电流有效值的两种计算方法
PHYSICS,交变电流有效值的计算,交变电流有效值的计算方法
PHYSICS,交变电流有效值的计算,有效值的适用场合
PHYSICS,交变电流有效值的计算,非正弦式交变电流有效值的求解技巧
PHYSICS,交变电流的瞬时值-峰值-有效值和平均值,书写交变电流瞬时值表达式的步骤
PHYSICS,交变电流的瞬时值-峰值-有效值和平均值,交变电流的“四值”比较
PHYSICS,交变电流的瞬时值-峰值-有效值和平均值,交变电流的四值及其适用
PHYSICS,交变电流的瞬时值-峰值-有效值和平均值,交变电流的四值比较
PHYSICS,交变电流的瞬时值-峰值-有效值和平均值,正弦交流电的瞬时值表达式
PHYSICS,产生感应电流的条件,感应电流产生的条件
PHYSICS,产生感应电流的条件,用多用电表测小灯泡电压电流的规范
PHYSICS,产生感应电流的条件,电磁感应现象与产生感应电流的条件
PHYSICS,产生感应电流的条件,磁通量与产生感应电流的条件
PHYSICS,产生条件-穿过回路的磁通量发生改变-与电路是否闭合无关,电磁振荡与电磁波：LC 回路振荡、电磁场与电磁波谱
PHYSICS,人船模型,人船模型
PHYSICS,以上各式均为矢量式-应用时应规定正方向,正交分解完整列出平衡方程（正方向=负方向）
PHYSICS,仪器介绍-磁流体发电是一项新兴技术-它可以把内能直接转化为电能,磁流体发电机、电磁流量计与霍尔元件
PHYSICS,仪器介绍-磁流体发电是一项新兴技术-它可以把内能直接转化为电能,磁流体发电机正、负极的判断（左手定则）
PHYSICS,仪器介绍-磁流体发电是一项新兴技术-它可以把内能直接转化为电能,磁流体发电机的电动势 U=v0Bd
PHYSICS,仪器介绍-磁流体发电是一项新兴技术-它可以把内能直接转化为电能,速度选择器、磁流体发电机、电磁流量计与霍尔元件
PHYSICS,仪器构造-质谱仪由粒子源-加速电场-偏转磁场和照相底片构成,先加速后偏转：不同粒子偏移相同
PHYSICS,仪器构造-质谱仪由粒子源-加速电场-偏转磁场和照相底片构成,磁场中常见仪器的工作原理
PHYSICS,仪器构造-质谱仪由粒子源-加速电场-偏转磁场和照相底片构成,组合场与现代科学仪器
PHYSICS,仪器构造-质谱仪由粒子源-加速电场-偏转磁场和照相底片构成,经同一加速与偏转电场粒子轨迹与比荷无关
PHYSICS,仪器构造-质谱仪由粒子源-加速电场-偏转磁场和照相底片构成,质谱仪测质量（比荷）的公式
PHYSICS,仪器构造-质谱仪由粒子源-加速电场-偏转磁场和照相底片构成,质谱仪的原理
PHYSICS,仪器构造-质谱仪由粒子源-加速电场-偏转磁场和照相底片构成,质谱仪的结构与工作原理
PHYSICS,传感器,传感器在自动控制中的作用
PHYSICS,传播方向和振动方向的判断-图像理解,x-t 图像为抛物线的含义
PHYSICS,传播方向和振动方向的判断-图像理解,上下坡法判质点振动方向
PHYSICS,传播方向和振动方向的判断-图像理解,同侧法判波的传播方向与质点振动方向
PHYSICS,传播方向和振动方向的判断-图像理解,带动法判质点振动方向
PHYSICS,传播方向和振动方向的判断-图像理解,微平移法判质点振动方向
PHYSICS,传播方向和振动方向的判断-图像理解,摩擦力有无及方向的判断方法
PHYSICS,传播方向和振动方向的判断-图像理解,气体图像上做功与吸放热的判断
PHYSICS,传播方向和振动方向的判断-图像理解,波的传播方向与质点振动方向互判
PHYSICS,传播方向和振动方向的判断-图像理解,波的传播方向与质点振动方向的互判方法
PHYSICS,传播方向和振动方向的判断-图像理解,波的传播方向与质点振动方向的判断
PHYSICS,传播方向和振动方向的判断-图像理解,用 v-t 图像面积差判断追及
PHYSICS,传播方向和振动方向的判断-图像理解,由波形图判断质点振动方向
PHYSICS,传播方向和振动方向的判断-图像理解,电势能大小的判断三法
PHYSICS,传播方向和振动方向的判断-图像理解,电势高低的判断
PHYSICS,传播方向和振动方向的判断-图像理解,碰撞可能性的判断原则
PHYSICS,传播方向和振动方向的判断-图像理解,静摩擦力有无与方向的判断
PHYSICS,传播特点,机械波的形成与传播特点
PHYSICS,传送带模型中的功和能量的关系,传动带模型
PHYSICS,传送带模型中的功和能量的关系,传送带与板块模型的功能关系
PHYSICS,传送带模型中的功和能量的关系,传送带模型的两类分析角度
PHYSICS,传送带模型中的功和能量的关系,传送带模型的分析要点
PHYSICS,传送带模型中的功和能量的关系,传送带模型的解题关键
PHYSICS,传送带模型中的功和能量的关系,传送带问题中的功能关系
PHYSICS,传送带模型中的功和能量的关系,传送带问题的关键点总结
PHYSICS,传送带模型中的功和能量的关系,双杆模型中的动量关系
PHYSICS,传送带模型中的功和能量的关系,能量子与能量的量子化
PHYSICS,传送带模型中的功和能量的关系,能量的概念
PHYSICS,伽利略斜面实验,伽利略理想实验
PHYSICS,位移,平抛落回斜面上的位移关系与等向性结论
PHYSICS,位移差公式,用位移差公式求加速度
PHYSICS,位移差公式,相邻相等时间位移差公式
PHYSICS,作用力与反作用力,牛顿第三定律与相互作用力、平衡力对比
PHYSICS,倾斜传送带,传送带问题
PHYSICS,倾斜传送带,倾斜传送带共速后的判断技巧
PHYSICS,倾斜传送带,倾斜传送带运动分析
PHYSICS,倾斜传送带,反向水平传送带分析
PHYSICS,倾斜传送带,水平与倾斜传送带的常见情形
PHYSICS,倾斜传送带,水平传送带上的典型运动情形
PHYSICS,倾斜传送带,滑块放倾斜传送带底端（v₀<v）的结论
PHYSICS,倾斜传送带,滑块放倾斜传送带底端（v₀=v）的结论
PHYSICS,倾斜传送带,滑块放倾斜传送带底端（v₀>v）的结论
PHYSICS,倾斜传送带,滑块放倾斜传送带顶端（v₀<v）的结论
PHYSICS,倾斜传送带,滑块放倾斜传送带顶端（v₀=v）的结论
PHYSICS,倾斜传送带,滑块放倾斜传送带顶端（v₀>v）的结论
PHYSICS,倾斜传送带,解决倾斜传送带问题的三个关键
PHYSICS,做直线运动的条件,做曲线运动的条件
PHYSICS,做直线运动的条件,叠加场中直线运动的两类处理
PHYSICS,做直线运动的条件,带电粒子做直线运动的条件
PHYSICS,做直线运动的条件,带电粒子（带电体）做直线运动的条件
PHYSICS,做直线运动的条件,曲线运动的条件与合力、速度、轨迹关系
PHYSICS,做直线运动的条件,物体做曲线运动的条件与轨迹特征
PHYSICS,做直线运动的条件,离心运动与近心运动的条件
PHYSICS,元电荷,元电荷与比荷
PHYSICS,光电效应,光电效应中的“光”包括不可见光
PHYSICS,光电效应,光电效应五组易混概念
PHYSICS,光电效应方程,光子说与爱因斯坦光电效应方程
PHYSICS,光电效应方程,爱因斯坦光电效应方程
PHYSICS,光电效应现象,光电效应现象及其规律
PHYSICS,光电效应的产生条件,光电效应的两条线索与两个对应
PHYSICS,光电效应的产生条件,光电效应的规律与产生条件
PHYSICS,光电效应的产生条件,能否发生光电效应由光的频率决定（与强度无关）
PHYSICS,光电效应的图像问题,E_km-ν 图像的三要素（横截距、纵截距、斜率）
PHYSICS,光电效应的图像问题,光电效应 I-U 图像（不同光强）：遏止电压相同、饱和电流不同
PHYSICS,光电效应的图像问题,光电效应 I-U 图像（不同频率）：遏止电压不同
PHYSICS,光电效应的图像问题,光电效应图像的识读
PHYSICS,光电效应的图像问题,光电效应的四类图像
PHYSICS,光电效应的图像问题,光电效应相关图像的信息读取
PHYSICS,光电效应的规律,光电效应的实验规律与光电效应方程
PHYSICS,光的偏振,光的偏振与横波性
PHYSICS,光的反射和折射,光的反射定律与折射定律
PHYSICS,光的干涉,光的干涉及条件
PHYSICS,光的干涉-衍射和偏振,光的干涉和衍射的本质（波的叠加）
PHYSICS,光的干涉-衍射和偏振,单缝衍射与双缝干涉的比较及偏振
PHYSICS,光的波粒二象性-长期争论后达成的共识,光的波粒二象性
PHYSICS,光的波粒二象性-长期争论后达成的共识,光的波粒二象性与物质波
PHYSICS,光的波粒二象性的表现规律,光的波粒二象性的理解
PHYSICS,光的衍射,光的衍射图样特点
PHYSICS,公式选用原则,功能关系的选用原则
PHYSICS,共振,回旋加速器的结构与周期相等（共振）条件
PHYSICS,共点力平衡,全反力与摩擦角解含摩擦的四力平衡
PHYSICS,共点力平衡,共点力平衡的两个推论
PHYSICS,共点力的动态平衡,四力及以上的动态平衡用正交分解法
PHYSICS,共点力的平衡临界极值问题-临界条件,动态平衡与临界极值·计算注意事项
PHYSICS,共点力的平衡临界极值问题-临界条件,平衡中临界与极值的条件
PHYSICS,共点力的平衡临界极值问题-临界条件,平衡中临界与极值问题的处理
PHYSICS,共点力的平衡临界极值问题-临界条件,平衡中临界问题的识别与常见种类
PHYSICS,共点力的平衡临界极值问题-临界条件,平衡中的临界与极值问题
PHYSICS,共点力的平衡临界极值问题-临界条件,平衡中的极值问题
PHYSICS,共点力的平衡临界极值问题-临界条件,极限法找临界极值
PHYSICS,共点力的平衡临界极值问题-临界条件,碰撞中的临界极值问题
PHYSICS,共点力的平衡临界极值问题-临界条件,磁场临界问题的相切条件与极值规律
PHYSICS,关联速度的分析-运动分解的核心思想,v-x图像结合a=v·Δv/Δx的分析
PHYSICS,关联速度的分析-运动分解的核心思想,关联速度连接体
PHYSICS,关联速度的分析-运动分解的核心思想,关联速度：沿绳（杆）方向速度分量相等
PHYSICS,关联速度的分析-运动分解的核心思想,力的分解的多解情形
PHYSICS,关联速度的分析-运动分解的核心思想,块有初速度的板块运动（共速前）
PHYSICS,关联速度的分析-运动分解的核心思想,正交分解的两种建轴方案
PHYSICS,关联速度的分析-运动分解的核心思想,水平传送带运动分析
PHYSICS,关联速度的分析-运动分解的核心思想,直接接触物体的关联速度
PHYSICS,关联速度的分析-运动分解的核心思想,绳、杆关联速度（沿绳杆分量相等）
PHYSICS,关联速度的分析-运动分解的核心思想,绳（杆）关联速度的分解方法
PHYSICS,关联速度的分析-运动分解的核心思想,绳（杆）关联速度问题
PHYSICS,关联速度的分析-运动分解的核心思想,运动图像的分析步骤
PHYSICS,关联速度的分析-运动分解的核心思想,重力在斜面上的分解
PHYSICS,内能,内能的微观构成与温度的意义
PHYSICS,内能,温度、内能及其决定因素
PHYSICS,冲量的计算方法,冲量的四种计算方法
PHYSICS,冲量的计算方法,冲量的定义与计算
PHYSICS,冲量的计算方法,变力冲量的计算方法
PHYSICS,冲量的计算方法,感应电荷量的计算公式
PHYSICS,几何光学中的范围和临界问题,动力学中的临界问题与求解方法
PHYSICS,几何光学中的范围和临界问题,有界磁场临界问题的识别关键词与两大方法
PHYSICS,几种等时圆模型分析,“等时圆”模型
PHYSICS,几种等时圆模型分析,三种等时圆模型
PHYSICS,几种等时圆模型分析,等时圆模型
PHYSICS,分子模型,微观量估算与两种分子模型
PHYSICS,分子模型,物质的组成与分子模型
PHYSICS,分子运动速率分布图像-气体分子速率呈-中间多-两头少-的规律分布-如下图所示,气体分子运动的特点
PHYSICS,分子间作用力,分子动理论：物质由大量分子组成，分子永不停息地做无规则热运动，分子间存在引力和斥力
PHYSICS,分子间的作用力与分子间距离的关系,分子力、分子势能与分子间距离的关系
PHYSICS,分子间的作用力与分子间距离的关系,分子力与分子势能随距离的变化
PHYSICS,分子间的作用力与分子间距离的关系,合力与分力的等效关系
PHYSICS,分子间的作用力与分子间距离的关系,油膜法中爽身粉的作用与操作要求
PHYSICS,分析方法,含电容器电路的分析方法
PHYSICS,分析方法,含电容电路的分析方法
PHYSICS,分析方法,气体状态变化图像的分析方法
PHYSICS,分析板块模型的思路,板块模型的三类求解方法
PHYSICS,分析板块模型的思路,板块模型的分析要点
PHYSICS,分析板块模型的思路,板块模型的求解关键
PHYSICS,分析板块模型的思路,物块—木板模型的分析策略
PHYSICS,创新实验方法测玻璃砖的折射率,光的色散成因（棱镜对不同色光折射率不同）
PHYSICS,创新实验方法测玻璃砖的折射率,创新实验
PHYSICS,创新实验方法测玻璃砖的折射率,力学创新实验的特点与处理
PHYSICS,创新实验方法测玻璃砖的折射率,平行玻璃砖、三棱镜与球形界面的光路控制
PHYSICS,创新实验方法测玻璃砖的折射率,弹簧串联、并联的探究（实验创新）
PHYSICS,创新实验方法测玻璃砖的折射率,弹簧实验的拓展创新方案
PHYSICS,创新实验方法测玻璃砖的折射率,折射定律与折射率
PHYSICS,创新实验方法测玻璃砖的折射率,插针法测玻璃折射率
PHYSICS,创新实验方法测玻璃砖的折射率,用插针法测玻璃折射率的实验
PHYSICS,创新实验方法测玻璃砖的折射率,用插针法测玻璃的折射率
PHYSICS,创新实验方法测玻璃砖的折射率,重心及其确定方法
PHYSICS,创新实验解决相关误差-质量关系,拓展创新实验（实验：探究加速度与力、质量的关系）
PHYSICS,创新实验验证动量守恒,实验：验证动量守恒定律·易混概念辨析
PHYSICS,创新实验验证动量守恒,实验：验证动量守恒定律·计算注意事项
PHYSICS,创新实验验证动量守恒,拓展创新实验（实验：验证动量守恒定律）
PHYSICS,创新实验验证动量守恒,教材原型实验：验证动量守恒定律
PHYSICS,创新实验验证动量守恒,斜槽小球验证动量守恒
PHYSICS,创新实验验证动量守恒,斜槽平抛验证动量守恒用水平位移代替速度的原理
PHYSICS,创新实验验证动量守恒,气垫导轨验证动量守恒
PHYSICS,创新实验验证动量守恒,验证动量守恒定律实验原理
PHYSICS,创新实验验证动量守恒,验证动量守恒定律实验的原理与两种方案
PHYSICS,创新实验验证动量守恒,验证动量守恒定律实验的注意事项
PHYSICS,创新实验验证动量守恒,验证动量守恒实验中落点平均位置的确定
PHYSICS,创新实验验证动量守恒,验证动量守恒实验的注意事项
PHYSICS,初速度为零的几个重点推论,F-x 图线横截距不为零的原因
PHYSICS,初速度为零的几个重点推论,不等距双杆（光滑、有初速度）：电流为零且 $BL_a v_a=BL_b v_b$
PHYSICS,初速度为零的几个重点推论,初速度为零匀变速按位移等分的时间比
PHYSICS,初速度为零的几个重点推论,初速度为零匀变速按时间等分的位移比
PHYSICS,初速度为零的几个重点推论,初速度为零的匀加速比例推论
PHYSICS,初速度为零的几个重点推论,初速度为零的匀加速直线运动比例关系
PHYSICS,初速度为零的几个重点推论,初速度为零的匀变速四个比例式
PHYSICS,初速度为零的几个重点推论,沿速度方向放置的导体有效长度为零
PHYSICS,初速度为零的几个重点推论,等距双杆（光滑、一杆有初速度）：最终共速匀速
PHYSICS,判断电磁感应现象能否产生的方法,判断感应电流有无的方法
PHYSICS,判断电磁感应现象能否产生的方法,电磁感应图像的两种判断方法
PHYSICS,利用电场线和等势面解决带电粒子运动问题的方法,交变电场、磁场中粒子运动问题的分析步骤
PHYSICS,利用电场线和等势面解决带电粒子运动问题的方法,几种典型电场的等势线（面）
PHYSICS,利用电场线和等势面解决带电粒子运动问题的方法,匀强电场的电场线与等势面特征
PHYSICS,利用电场线和等势面解决带电粒子运动问题的方法,多用电表探测黑箱与检测电路故障
PHYSICS,利用电场线和等势面解决带电粒子运动问题的方法,多用电表的使用方法
PHYSICS,利用电场线和等势面解决带电粒子运动问题的方法,多用电表的使用规范与黑箱探测
PHYSICS,利用电场线和等势面解决带电粒子运动问题的方法,带电粒子轨迹与电场线重合的条件
PHYSICS,利用电场线和等势面解决带电粒子运动问题的方法,带电粒子运动轨迹问题的分析方法
PHYSICS,利用电场线和等势面解决带电粒子运动问题的方法,常见典型电场的等势面分布
PHYSICS,利用电场线和等势面解决带电粒子运动问题的方法,正点电荷电场的电场线与等势面特征
PHYSICS,利用电场线和等势面解决带电粒子运动问题的方法,电势高低与电势能大小的判断方法
PHYSICS,利用电场线和等势面解决带电粒子运动问题的方法,等势面的特点与几种常见电场的等势面
PHYSICS,利用电场线和等势面解决带电粒子运动问题的方法,粒子物理的研究方法与意义
PHYSICS,利用电场线和等势面解决带电粒子运动问题的方法,粒子运动轨迹与电场线重合的条件
PHYSICS,力的分解-x1,力的分解与正交分解法
PHYSICS,力的分解-x1,力的分解解数（多解）的判定
PHYSICS,力的分解-x1,性质力与效果力的分类
PHYSICS,力的分解-x1,正交分解中找准角度与区分正负
PHYSICS,力的合成,力的合成实验注意事项
PHYSICS,力的基础概念-重力-弹力-摩擦力,力的概念
PHYSICS,力的基础概念-重力-弹力-摩擦力,回复力的概念
PHYSICS,力的基础概念-重力-弹力-摩擦力,弹力与摩擦力的存在关系
PHYSICS,力的基础概念-重力-弹力-摩擦力,求解摩擦力的四点注意
PHYSICS,功,转换研究对象求绳相关的变力做功
PHYSICS,功率,功率的定义与 P=Fv 的应用
PHYSICS,功率,功率随时间线性变化时的做功W=P̄t
PHYSICS,功能关系,系统功能关系的选择策略
PHYSICS,功能关系分析,用功能关系分析带电粒子的偏转
PHYSICS,功能关系和能量守恒定律,传送带系统电机多消耗电能的守恒关系
PHYSICS,功能关系和能量守恒定律,功能关系
PHYSICS,功能关系和能量守恒定律,功能关系与能量守恒定律·易混概念辨析
PHYSICS,功能关系和能量守恒定律,功能关系与能量守恒定律·计算注意事项
PHYSICS,功能关系和能量守恒定律,功能关系的本质
PHYSICS,功能关系和能量守恒定律,能量的概念与功能关系表述
PHYSICS,加速度,“电源+杆”模型：最大速度 $v_m=\frac{E}{BL}$
PHYSICS,加速度,“电阻+杆”模型（有初速度无外力）：加速度减小的减速至静止
PHYSICS,加速度,探究加速度实验的创新角度
PHYSICS,加速度,逐差法求加速度
PHYSICS,加速度方向突变,超重与失重的判断（看加速度方向）
PHYSICS,动力学三大观点在多体问题和多过程运动中的应用,v-t图像法适用于多过程运动问题
PHYSICS,动力学三大观点在多体问题和多过程运动中的应用,三大观点解决力学问题·易混概念辨析（一）
PHYSICS,动力学三大观点在多体问题和多过程运动中的应用,三大观点解决力学问题·易混概念辨析（三）
PHYSICS,动力学三大观点在多体问题和多过程运动中的应用,三大观点解决力学问题·易混概念辨析（二）
PHYSICS,动力学三大观点在多体问题和多过程运动中的应用,三大观点解决力学问题·计算注意事项
PHYSICS,动力学三大观点在多体问题和多过程运动中的应用,三大观点解决多过程问题的步骤
PHYSICS,动力学三大观点在多体问题和多过程运动中的应用,多体与多过程问题的处理方法
PHYSICS,动力学三大观点在多体问题和多过程运动中的应用,多阶段运动问题的四点注意
PHYSICS,动力学三大观点的基本理解和应用,力学三大观点及其对应规律
PHYSICS,动力学三大观点的基本理解和应用,力学三大观点及选用原则
PHYSICS,动力学三大观点的基本理解和应用,动力学三大观点的选用原则
PHYSICS,动力学三大观点的基本理解和应用,动力学和能量观点的综合应用·易混概念辨析
PHYSICS,动力学三大观点的基本理解和应用,动力学和能量观点的综合应用·计算注意事项
PHYSICS,动力学中的经典模型,典型单杆模型的动力学与能量特征
PHYSICS,动力学中的经典模型,牛顿力学局限性与相对论初步
PHYSICS,动力学图像法在动力学问题中的应用-数形结合思想,力学图像中面积与斜率的物理意义
PHYSICS,动力学图像法在动力学问题中的应用-数形结合思想,动力学图像分析方法
PHYSICS,动力学图像法在动力学问题中的应用-数形结合思想,动力学图像法
PHYSICS,动力学图像法在动力学问题中的应用-数形结合思想,动力学图像问题
PHYSICS,动力学图像法在动力学问题中的应用-数形结合思想,动力学图像问题的分析方法
PHYSICS,动力学图像法在动力学问题中的应用-数形结合思想,动能定理图像问题（数形结合）
PHYSICS,动力学图像法在动力学问题中的应用-数形结合思想,图像法求弹簧劲度系数
PHYSICS,动力学图像法在动力学问题中的应用-数形结合思想,安培定则（右手螺旋定则）的应用
PHYSICS,动力学图像法在动力学问题中的应用-数形结合思想,板块问题中三个位移的区分
PHYSICS,动力学图像法在动力学问题中的应用-数形结合思想,电场图像（E-x、v-t、Ep-x）的应用
PHYSICS,动力学的两类基本问题的解题步骤,两类动力学基本问题
PHYSICS,动力学的两类基本问题的解题步骤,两类跃迁问题与受激跃迁的两种方式
PHYSICS,动力学的两类基本问题的解题步骤,动力学两类基本问题
PHYSICS,动力学的两类基本问题的解题步骤,动力学两类基本问题的解题思路
PHYSICS,动力学的两类基本问题的解题步骤,动力学两类问题的解题桥梁
PHYSICS,动力学的两类基本问题的解题步骤,动力学图像问题的解题策略
PHYSICS,动力学的两类基本问题的解题步骤,动态圆临界问题的解题步骤
PHYSICS,动力学的两类基本问题的解题步骤,动量定理解题的基本步骤
PHYSICS,动力学的两类基本问题的解题步骤,板块问题
PHYSICS,动力学的两类基本问题的解题步骤,磁场变化模型的两类情形
PHYSICS,动力学的两类基本问题的解题步骤,线框水平穿过磁场的动力学特征
PHYSICS,动力学的两类基本问题的解题步骤,解决动力学问题的关键要点
PHYSICS,动态平衡问题,全反力解动态平衡的四步骤
PHYSICS,动态平衡问题,动态圆问题
PHYSICS,动态平衡问题,动态平衡的图解法
PHYSICS,动态平衡问题,动态平衡的图解法与解析法
PHYSICS,动态平衡问题,动态平衡的解析法
PHYSICS,动态平衡问题,动态平衡问题的图解法与解析法
PHYSICS,动态平衡问题,动态平衡问题的处理方法
PHYSICS,动态平衡问题,动态平衡问题的定义与题眼
PHYSICS,动态平衡问题,动态平衡问题综述
PHYSICS,动态平衡问题,矢量三角形法分析动态平衡
PHYSICS,动态平衡问题,辅助圆法解动态平衡
PHYSICS,动能定理,动能与动能定理
PHYSICS,动能定理,动能定理·易混概念辨析
PHYSICS,动能定理,动能定理·计算注意事项
PHYSICS,动能定理,动能定理处理往复运动
PHYSICS,动能定理,电场中的动能定理：W电+W非电=ΔEk
PHYSICS,动能定理及其应用-功能关系,偏转问题的功能关系分析
PHYSICS,动能定理及其应用-功能关系,光子频率与最大初动能、遏止电压的关系
PHYSICS,动能定理及其应用-功能关系,动能定理及其适用条件
PHYSICS,动能定理及其应用-功能关系,动能定理多过程应用
PHYSICS,动能定理及其应用-功能关系,动能定理理解的要点
PHYSICS,动能定理及其应用-功能关系,动能定理的应用
PHYSICS,动能定理表达式的推导,三力平衡的正弦定理表达式
PHYSICS,动能定理表达式的推导,电场强度三个表达式的比较
PHYSICS,动量变化量的理解和计算,冲量的理解
PHYSICS,动量变化量的理解和计算,动量变化量
PHYSICS,动量变化量的理解和计算,动量变化量的矢量运算
PHYSICS,动量变化量的理解和计算,动量的理解及与动能的区别
PHYSICS,动量变化量的理解和计算,结合能的计算与质能方程的理解
PHYSICS,动量守恒中的速度,E=Blv 中的速度与垂直条件
PHYSICS,动量守恒定律,动量守恒定律及其适用条件
PHYSICS,动量守恒定律,动量守恒定律及守恒条件
PHYSICS,动量守恒定律,验证动量守恒定律（平抛落点法）
PHYSICS,动量守恒定律的推导,动量守恒定律的三个条件层次
PHYSICS,动量守恒定律的推导,动量守恒定律的五个特性
PHYSICS,动量守恒定律的推导,动量守恒定律的内容与守恒条件
PHYSICS,动量守恒定律的推导,验证动量守恒定律的数据处理
PHYSICS,动量定理,冲量
PHYSICS,动量定理,动量与动量定理·易混概念辨析（一）
PHYSICS,动量定理,动量与动量定理·易混概念辨析（二）
PHYSICS,动量定理,动量与动量定理·计算注意事项
PHYSICS,动量定理,动量定理的理解
PHYSICS,动量定理,动量定理解释生活现象
PHYSICS,动量定理,动量的定义与性质
PHYSICS,动量定理,双杆系统动量守恒的条件与单杆动量定理
PHYSICS,动量定理,安培力冲量与动量定理（I安=qBL）
PHYSICS,动量定理,正则动量与洛伦兹力冲量的累加关系
PHYSICS,动量定理的应用-流体类模型,“电容器+杆”模型（有初速度）：末速度 $v=\frac{mv_0}{m+B^2L^2C}$
PHYSICS,动量定理的应用-流体类模型,动量定理在电磁感应中的应用
PHYSICS,动量定理的应用-流体类模型,动量定理的定性分析（缓冲与冲击）
PHYSICS,动量定理的应用-流体类模型,动量定理的应用要点
PHYSICS,动量定理的应用-流体类模型,动量定理的理解与应用
PHYSICS,动量定理的应用-流体类模型,微粒类柱状模型
PHYSICS,动量定理的应用-流体类模型,洛伦兹力冲量与动量定理在磁场中的应用
PHYSICS,动量定理的应用-流体类模型,洛伦兹力冲量法（动量定理在磁场中的应用）
PHYSICS,动量定理的应用-流体类模型,流体与微粒流的动量定理应用
PHYSICS,动量定理的应用-流体类模型,流体类柱状模型（连续流体）
PHYSICS,动量定理的应用-流体类模型,流体（微粒）问题的微元法动量分析步骤
PHYSICS,匀变速直线运动的规律,三种传动方式的规律
PHYSICS,匀变速直线运动的规律,三种传动装置的规律
PHYSICS,匀变速直线运动的规律,串并联电路的规律
PHYSICS,匀变速直线运动的规律,初速度为零的匀加速直线运动的比例式
PHYSICS,匀变速直线运动的规律,匀变速直线运动·易混概念辨析
PHYSICS,匀变速直线运动的规律,匀变速直线运动·计算注意事项
PHYSICS,匀变速直线运动的规律,匀变速直线运动三公式及矢量性
PHYSICS,匀变速直线运动的规律,匀变速直线运动位移差公式Δx=aT²
PHYSICS,匀变速直线运动的规律,匀变速直线运动公式及选用原则
PHYSICS,匀变速直线运动的规律,匀变速直线运动的三个重要推论
PHYSICS,匀变速直线运动的规律,匀变速直线运动的常用推论
PHYSICS,匀变速直线运动的规律,爆炸、反冲现象的规律
PHYSICS,匀变速直线运动的规律,电场、磁场中粒子的常见运动小结
PHYSICS,匀变速直线运动的规律-多过程问题,两类特殊的匀减速直线运动
PHYSICS,匀变速直线运动的规律-多过程问题,匀减速被追物（刹车）先判断是否已停止
PHYSICS,匀变速直线运动的规律-多过程问题,匀变速运动的逆向思维法
PHYSICS,匀变速直线运动的规律-多过程问题,多过程运动的四类典型模型
PHYSICS,匀变速直线运动的规律-多过程问题,多过程运动问题与刹车类陷阱
PHYSICS,匀变速直线运动的规律-多过程问题,板块问题v启动与F启动的初始运动判断
PHYSICS,匀变速直线运动的规律-多过程问题,滑块—木板综合问题的规律选择
PHYSICS,匀变速直线运动的规律-多过程问题,简谐运动的运动特征
PHYSICS,匀变速直线运动问题常用的解题方法,传动问题中各点参量的判断步骤
PHYSICS,匀变速直线运动问题常用的解题方法,匀变速公式的选取方法
PHYSICS,匀变速直线运动问题常用的解题方法,匀变速直线运动问题的六种解法
PHYSICS,匀变速直线运动问题常用的解题方法,能量问题的解题方法
PHYSICS,匀强磁场中磁通量的计算,磁通量的正负与净穿含义
PHYSICS,匀强磁场中磁通量的计算,磁通量的计算与判断要点
PHYSICS,半衰期,α衰变、β衰变与半衰期
PHYSICS,半衰期,半衰期及其统计意义
PHYSICS,半衰期的理解-计算和应用,半衰期的理解与计算
PHYSICS,单位制,力学单位制
PHYSICS,单位制,力学单位制与基本单位
PHYSICS,单位制,单位制与SI基本单位
PHYSICS,单位制,单位制的三个应用场合
PHYSICS,单位制,国际单位制的基本单位与导出单位
PHYSICS,单摆,单摆的周期公式
PHYSICS,单摆周期,单摆周期的创新测量方案
PHYSICS,单摆周期,单摆周期的测量方法
PHYSICS,单摆的受力特征,单摆最高点与最低点的受力特征
PHYSICS,卫星发射速度和宇宙速度与运动轨迹的关系,人造卫星运动参量与轨道半径的关系
PHYSICS,卫星发射速度和宇宙速度与运动轨迹的关系,光的强度与光电流的关系（同频率）
PHYSICS,卫星发射速度和宇宙速度与运动轨迹的关系,卫星发射与变轨的基本过程
PHYSICS,卫星发射速度和宇宙速度与运动轨迹的关系,卫星轨道的特点分类
PHYSICS,卫星发射速度和宇宙速度与运动轨迹的关系,卫星运行参量与轨道半径的关系
PHYSICS,卫星发射速度和宇宙速度与运动轨迹的关系,发射速度与卫星轨道（轨迹）的关系
PHYSICS,卫星发射速度和宇宙速度与运动轨迹的关系,实验：探究加速度与力、质量的关系·易混概念辨析
PHYSICS,卫星发射速度和宇宙速度与运动轨迹的关系,实验：探究加速度与力、质量的关系·计算注意事项
PHYSICS,卫星发射速度和宇宙速度与运动轨迹的关系,平抛轨迹抛物线关系的验证方法
PHYSICS,卫星发射速度和宇宙速度与运动轨迹的关系,探究向心力大小与半径、角速度、质量的关系
PHYSICS,卫星发射速度和宇宙速度与运动轨迹的关系,电场线与运动轨迹组合判断
PHYSICS,卫星发射速度和宇宙速度与运动轨迹的关系,轨迹与合力方向的关系
PHYSICS,卫星变轨-1-2-3,卫星变轨的点火加速与离心、近心运动
PHYSICS,卫星变轨-1-2-3,卫星变轨问题
PHYSICS,卫星变轨-1-2-3,变轨过程机械能关系
PHYSICS,卫星变轨-1-2-3,天体运行规律与比较
PHYSICS,原子核式结构,原子的核式结构模型
PHYSICS,原子核的组成-原子核是由质子和中子组成的-原子核的电荷数等于核内的质子数,原子核的组成与同位素
PHYSICS,原子核的组成-原子核是由质子和中子组成的-原子核的电荷数等于核内的质子数,等量同种与异种点电荷的电场比较
PHYSICS,原子核的组成-原子核是由质子和中子组成的-原子核的电荷数等于核内的质子数,等量异种与等量同种点电荷的电场分布
PHYSICS,原子核衰变,原子核衰变与三种射线
PHYSICS,原子核衰变的类型判断和次数计算,α 衰变、β 衰变及衰变次数计算
PHYSICS,原子核衰变的类型判断和次数计算,衰变规律与衰变次数的计算
PHYSICS,原子结构与波粒二象性,多用电表的结构与原理
PHYSICS,原子结构与波粒二象性,夸克模型与强子结构
PHYSICS,参考系,参考系与运动的相对性
PHYSICS,参考系,参考系选取的任意性与同一性
PHYSICS,参考系,质点与参考系
PHYSICS,双星模型,双星系统模型
PHYSICS,双星模型,双星系统的规律
PHYSICS,反冲运动,反冲
PHYSICS,反冲运动,反冲运动的三点说明
PHYSICS,反冲运动,爆炸、反冲与火箭
PHYSICS,反冲运动,爆炸与反冲的动量特点
PHYSICS,反射-波在传播过程中遇到介质界面会返回来继续传播的现象叫作波的反射,波的传播过程特点
PHYSICS,受力分析-图示如下,单摆的回复力与向心力分析
PHYSICS,受力分析-图示如下,受力分析的一般顺序
PHYSICS,受力分析-图示如下,受力分析的三重检验
PHYSICS,受力分析-图示如下,受力分析的口诀与规范步骤
PHYSICS,受力分析-图示如下,受力分析的基本步骤
PHYSICS,受力分析-图示如下,结点与杆模型的搭配分析
PHYSICS,变压器,互感器与自耦变压器
PHYSICS,变压器,自耦变压器与互感器
PHYSICS,变质量问题的处理思想-等效,变质量气体问题的等效处理
PHYSICS,变质量问题的处理思想-等效,变质量问题之充气：整体作为研究对象
PHYSICS,变质量问题的处理思想-等效,变质量问题之抽气：等温膨胀视角
PHYSICS,变质量问题的处理思想-等效,变质量问题之混气：整体作为研究对象
PHYSICS,变质量问题的处理思想-等效,变质量问题之漏气：剩余气体与漏出气体整体研究
PHYSICS,变质量问题的处理思想-等效,变质量问题之转化法：先化为相同压强再整体求解
PHYSICS,变质量问题的处理思想-等效,图像转换类问题的处理流程
PHYSICS,变质量问题的处理思想-等效,多物体平衡问题的处理技巧
PHYSICS,变质量问题的处理思想-等效,气体变质量问题的处理方法
PHYSICS,变质量问题的处理思想-等效,流体与微粒类变质量问题（柱状模型）
PHYSICS,各点物理量参数的关系,欧姆表内阻与读数的关系
PHYSICS,各点物理量参数的关系,红到紫各色光参数的递变规律
PHYSICS,合力做功的计算方法,功的大小的多种计算方法
PHYSICS,合力做功的计算方法,变力做功的三种常用求法
PHYSICS,合力做功的计算方法,变力做功的六种求法
PHYSICS,合力做功的计算方法,变力做功的计算方法
PHYSICS,合力做功的计算方法,各种力做功的特点
PHYSICS,合力做功的计算方法,合力做功的三种计算方法
PHYSICS,合力做功的计算方法,合力做功的两种求法
PHYSICS,合力做功的计算方法,恒力做功的计算
PHYSICS,合力做功的计算方法,恒定功率下牵引力做功W=Pt
PHYSICS,合力做功的计算方法,求变力做功的五种方法
PHYSICS,合力做功的计算方法,等效转换法求变力做功
PHYSICS,合力做功的计算方法,重力做功
PHYSICS,合力做功的计算方法,静电力做功的特点与计算
PHYSICS,合力范围,两力与三力合力的取值范围
PHYSICS,合外力做功与动能的关系,动能与动量的关联
PHYSICS,合外力做功与动能的关系,动量与动能的关系
PHYSICS,合外力做功与动能的关系,动量与动能的对比
PHYSICS,合外力做功与动能的关系,动量与动能的比较
PHYSICS,合外力做功与动能的关系,双杆（光滑、恒力）能量：$W_F=\Delta E_k+Q$
PHYSICS,合外力做功与动能的关系,双杆（光滑、无外力）能量：$Q=-\Delta E_k$
PHYSICS,合外力做功与动能的关系,只有静电力做功时电势能与动能之和不变
PHYSICS,合外力做功与动能的关系,最大初动能与遏止电压的关系
PHYSICS,合成与分解法则-平行四边形法则,三力平衡的三种解法与相似三角形法
PHYSICS,合成与分解法则-平行四边形法则,共点力的合成与合力范围
PHYSICS,合成与分解法则-平行四边形法则,力的合成
PHYSICS,合成与分解法则-平行四边形法则,力的合成与合力范围
PHYSICS,合成与分解法则-平行四边形法则,匀强电场推论：平行且等长线段两端电势差相等
PHYSICS,合成与分解法则-平行四边形法则,合成法化繁为简解多力平衡
PHYSICS,合成与分解法则-平行四边形法则,实验：弹簧弹力与力的平行四边形定则·易混概念辨析（一）
PHYSICS,合成与分解法则-平行四边形法则,实验：弹簧弹力与力的平行四边形定则·易混概念辨析（二）
PHYSICS,合成与分解法则-平行四边形法则,实验：弹簧弹力与力的平行四边形定则·计算注意事项
PHYSICS,合成与分解法则-平行四边形法则,平行四边形定则与三角形定则
PHYSICS,合成与分解法则-平行四边形法则,平行四边形定则与三角形定则及推论
PHYSICS,合成与分解法则-平行四边形法则,探究两个互成角度力的合成规律实验
PHYSICS,合成与分解法则-平行四边形法则,探究力的合成实验原理
PHYSICS,合成与分解法则-平行四边形法则,探究求合力的方法（验证平行四边形定则）实验
PHYSICS,合成与分解法则-平行四边形法则,正交分解法求合力与平衡方程
PHYSICS,合成与分解法则-平行四边形法则,磁场的叠加与合成
PHYSICS,合成与分解法则-平行四边形法则,验证力的平行四边形定则
PHYSICS,同条件同加速度轻绳连接体动力学的计算问题,弹簧连接体压缩阶段一起下滑不分离
PHYSICS,同条件同加速度轻绳连接体动力学的计算问题,杆连接体两物体加速度相同
PHYSICS,同条件同加速度轻绳连接体动力学的计算问题,等距双杆（光滑、一杆受恒定外力）：最终同加速度匀加速
PHYSICS,同条件同加速度轻绳连接体动力学的计算问题,绳连接体加速度等大反向可整体列式
PHYSICS,同步卫星,卫星
PHYSICS,同步卫星,近地卫星、同步卫星与赤道物体的比较
PHYSICS,向心力-x1,汽车转弯由静摩擦提供向心力
PHYSICS,向心力-x1,车辆转弯（水平与倾斜路面）
PHYSICS,四种基本相互作用-引力相互作用-电磁相互作用-强相互作用和弱相互作用,力的概念与基本性质
PHYSICS,回复力,单摆的回复力与周期公式
PHYSICS,回复力,回复力与平衡位置
PHYSICS,固有振动和固有频率,受迫振动与共振
PHYSICS,圆周运动,竖直圆周运动的解题技巧
PHYSICS,圆周运动各物理量间的关系,圆周运动各物理量的关系
PHYSICS,圆周运动各物理量间的关系,圆周运动物理量及 v、ω、r 关系
PHYSICS,圆周运动各物理量间的关系,圆心确定与偏转角、弦切角的关系
PHYSICS,圆周运动各物理量间的关系,弦长与半径、弦切角的关系
PHYSICS,圆周运动各物理量间的关系,折射率及其与光速的关系
PHYSICS,圆周运动各物理量间的关系,描述圆周运动的物理量及关系
PHYSICS,圆周运动常见的临界状态,圆周运动·计算注意事项
PHYSICS,圆周运动常见的临界状态,圆周运动临界问题的一般方法
PHYSICS,圆周运动常见的临界状态,磁场多解情形三：临界状态不唯一
PHYSICS,圆周运动的基础概念和规律,匀速圆周运动的典型实例分析
PHYSICS,圆周运动的基础概念和规律,同杆两球圆周运动的整体法
PHYSICS,圆周运动的基础概念和规律,圆周运动·易混概念辨析（一）
PHYSICS,圆周运动的基础概念和规律,圆周运动·易混概念辨析（二）
PHYSICS,圆周运动的基础概念和规律,圆周运动的分类
PHYSICS,圆周运动的经典模型和应用,圆周运动一周摩擦力做的功
PHYSICS,圆周运动的经典模型和应用,圆形管道（双轨）内圆周运动的临界分析
PHYSICS,圆周运动的经典模型和应用,圆锥筒（碗壁）内的匀速圆周运动
PHYSICS,圆周运动的经典模型和应用,竖直面内圆周运动的两类模型
PHYSICS,圆锥摆模型规律总结,圆锥摆与锥形容器模型
PHYSICS,圆锥摆模型规律总结,圆锥摆模型
PHYSICS,圆锥摆模型规律总结,爆炸现象的三个规律
PHYSICS,圆锥摆的两种变形,圆锥摆的周期与摆高的关系
PHYSICS,在1t末-2t末-3t末-4t末-n-t末的速度比为-1-2-3-n,“电阻+杆”模型（恒定外力）：最大速度 $v_m=\frac{FR}{B^2L^2}$
PHYSICS,在1t末-2t末-3t末-4t末-n-t末的速度比为-1-2-3-n,倾斜板块相对滑动时的两个加速度
PHYSICS,在1t末-2t末-3t末-4t末-n-t末的速度比为-1-2-3-n,内侧脱轨（自最低点进入）的临界初速度
PHYSICS,在1t末-2t末-3t末-4t末-n-t末的速度比为-1-2-3-n,初速度为零匀变速按位移等分的速度比
PHYSICS,在1t末-2t末-3t末-4t末-n-t末的速度比为-1-2-3-n,初速度为零匀变速按时间等分的速度比
PHYSICS,在1t末-2t末-3t末-4t末-n-t末的速度比为-1-2-3-n,变轨过程四个速度的大小关系
PHYSICS,在1t末-2t末-3t末-4t末-n-t末的速度比为-1-2-3-n,块有初速度的板块共速后运动
PHYSICS,在1t末-2t末-3t末-4t末-n-t末的速度比为-1-2-3-n,外侧脱轨（自最高点进入）的临界初速度
PHYSICS,在1t末-2t末-3t末-4t末-n-t末的速度比为-1-2-3-n,平抛垂直打到斜面上的速度关系
PHYSICS,在1t末-2t末-3t末-4t末-n-t末的速度比为-1-2-3-n,板有初速度的板块共速后运动（比较μ₁与μ₂）
PHYSICS,在1t末-2t末-3t末-4t末-n-t末的速度比为-1-2-3-n,板有初速度的板块运动（共速前）
PHYSICS,地球同步卫星,卫星轨道与卫星种类
PHYSICS,地球同步卫星,地球同步卫星的“四个一定”
PHYSICS,地球同步卫星,地球同步卫星的“四定”
PHYSICS,地球同步卫星,地球同步卫星的特点
PHYSICS,地球同步卫星,地球静止轨道卫星的六个“一定”
PHYSICS,坐标系,小船渡河问题坐标系的选取
PHYSICS,多普勒效应的成因分析,多普勒效应
PHYSICS,多普勒效应的成因分析,多普勒效应的理解
PHYSICS,多普勒效应的成因分析,弹簧 F-x 图线不过原点的原因分析
PHYSICS,多物体-多过程问题中动量守恒定律的应用,动量守恒定律及其应用·易混概念辨析
PHYSICS,多物体-多过程问题中动量守恒定律的应用,动量守恒定律及其应用·计算注意事项
PHYSICS,多物体-多过程问题中动量守恒定律的应用,多物体多过程问题的分析思路
PHYSICS,多物体-多过程问题中动量守恒定律的应用,应用动量守恒定律的解题步骤
PHYSICS,多物体-多过程问题中动量守恒定律的应用,物体系统有相互作用时用两个守恒定律
PHYSICS,多物体-多过程问题中动量守恒定律的应用,电磁感应中动量定理与动量守恒的应用
PHYSICS,多物体-多过程问题中动量守恒定律的应用,碰撞、爆炸、打击、绳绷紧现象一般用动量守恒定律
PHYSICS,天上-星球上空距离星体中心r-r-h处的重力加速度为g,估算中心天体质量的两类已知条件（知己知彼）
PHYSICS,天上-星球上空距离星体中心r-r-h处的重力加速度为g,同一点不同轨道上加速度相同
PHYSICS,天上-星球上空距离星体中心r-r-h处的重力加速度为g,星体表面、上空及内部的重力加速度
PHYSICS,天上-星球上空距离星体中心r-r-h处的重力加速度为g,距地面高 h 处的重力加速度
PHYSICS,天体质量计算,天体质量与密度的估算方法
PHYSICS,天体质量计算,天体质量及密度的计算
PHYSICS,天体质量计算,天体质量和密度的计算方法
PHYSICS,天体质量计算,弹簧串接的伸长量计算
PHYSICS,天体质量计算,黄金代换求天体质量（GM=gR²）
PHYSICS,天然放射现象,天然放射现象的三种射线
PHYSICS,失重,完全失重
PHYSICS,失重,由 F-t 图像分析超失重过程
PHYSICS,失重,竖直圆槽下滑中的系统超失重
PHYSICS,如果要列出各物理量在某一时刻的关系式-可用牛顿第二定律,探究加速度与力、质量关系实验要点
PHYSICS,如果要列出各物理量在某一时刻的关系式-可用牛顿第二定律,牛顿第二定律
PHYSICS,子弹打木块模型,“子弹打木块”模型
PHYSICS,子弹打木块模型,“子弹打木块”类碰撞模型
PHYSICS,子弹打木块模型,子弹—物块模型的守恒本质
PHYSICS,子弹打木块模型,子弹打木块的两种情境
PHYSICS,子弹打木块模型,子弹穿透木块情形
PHYSICS,宇宙速度,三个宇宙速度
PHYSICS,宇宙速度,三大宇宙速度
PHYSICS,宇宙速度,第一宇宙速度的两种推导
PHYSICS,宇宙速度,第一宇宙速度的推导与特征
PHYSICS,安培力,线框匀速穿过磁场时外力等于安培力
PHYSICS,安培力,线框完全在磁场中时无感应电流、不受安培力
PHYSICS,安培力作用下导体的平衡与加速问题,倾斜传送带上物块的平衡与加速条件
PHYSICS,安培力作用下导体的平衡与加速问题,判定安培力作用下导体运动的五种方法
PHYSICS,安培力作用下导体的平衡与加速问题,含静电力的平衡与加速问题
PHYSICS,安培力作用下导体的平衡与加速问题,安培力作用下导体的平衡与加速
PHYSICS,安培力作用下导体的平衡与加速问题,安培力作用下导体运动方向的判定方法
PHYSICS,安培力作用下导体的平衡与加速问题,库仑力作用下的平衡问题
PHYSICS,安培力作用下导体的平衡与加速问题,洛伦兹力作用下带电体的变速与分离问题
PHYSICS,定义-一个线圈中的电流变化时-它所产生的变化的磁场在它本身激发出感应电动势的现象,三种电流的磁场
PHYSICS,定义-一个线圈中的电流变化时-它所产生的变化的磁场在它本身激发出感应电动势的现象,不平行导轨模型的电动势、电流与安培力
PHYSICS,定义-一个线圈中的电流变化时-它所产生的变化的磁场在它本身激发出感应电动势的现象,两个感应电动势公式的比较
PHYSICS,定义-一个线圈中的电流变化时-它所产生的变化的磁场在它本身激发出感应电动势的现象,变化磁场中回路的分析要点
PHYSICS,定义-一个线圈中的电流变化时-它所产生的变化的磁场在它本身激发出感应电动势的现象,含二极管与原线圈串负载的变压器问题
PHYSICS,定义-一个线圈中的电流变化时-它所产生的变化的磁场在它本身激发出感应电动势的现象,平均感应电动势与瞬时感应电动势的对应关系
PHYSICS,定义-一个线圈中的电流变化时-它所产生的变化的磁场在它本身激发出感应电动势的现象,感应电动势与感应电流的关系
PHYSICS,定义-一个线圈中的电流变化时-它所产生的变化的磁场在它本身激发出感应电动势的现象,感应电动势的概念
PHYSICS,定义-一个线圈中的电流变化时-它所产生的变化的磁场在它本身激发出感应电动势的现象,感生电动势与动生电动势的区分
PHYSICS,定义-一个线圈中的电流变化时-它所产生的变化的磁场在它本身激发出感应电动势的现象,感生电动势的求解公式 $E=nS\frac{\Delta B}{\Delta t}$
PHYSICS,定义-一个线圈中的电流变化时-它所产生的变化的磁场在它本身激发出感应电动势的现象,测电动势内阻实验的注意事项
PHYSICS,定义-一个线圈中的电流变化时-它所产生的变化的磁场在它本身激发出感应电动势的现象,用楞次定律抓住“两个磁场、一个电流”
PHYSICS,定义-一个线圈中的电流变化时-它所产生的变化的磁场在它本身激发出感应电动势的现象,由B-t图像判断感应电动势（斜率决定E）
PHYSICS,定义-一个线圈中的电流变化时-它所产生的变化的磁场在它本身激发出感应电动势的现象,电流的磁场与安培定则
PHYSICS,定义-一个线圈中的电流变化时-它所产生的变化的磁场在它本身激发出感应电动势的现象,磁通量变化时感应电动势的三种求法
PHYSICS,定义-一个线圈中的电流变化时-它所产生的变化的磁场在它本身激发出感应电动势的现象,阻碍原电流的变化——自感现象（增反减同）
PHYSICS,定义-在任何温度-任何压强下都遵从气体实验定律的气体,探究气体压强与体积关系实验的要点
PHYSICS,定义-在任何温度-任何压强下都遵从气体实验定律的气体,探究等温情况下气体压强与体积的关系
PHYSICS,定义-在任何温度-任何压强下都遵从气体实验定律的气体,探究等温条件下压强与体积的关系
PHYSICS,定义-物体具有保持原来匀速直线运动状态或静止状态的性质-质量是惯性的唯一量度,两个直线运动合运动性质的判断
PHYSICS,定义-物体具有保持原来匀速直线运动状态或静止状态的性质-质量是惯性的唯一量度,两个直线运动合运动的性质
PHYSICS,定义-物体具有保持原来匀速直线运动状态或静止状态的性质-质量是惯性的唯一量度,两直线运动合运动性质的判断表
PHYSICS,定义-物体具有保持原来匀速直线运动状态或静止状态的性质-质量是惯性的唯一量度,动能的性质
PHYSICS,定义-物体具有保持原来匀速直线运动状态或静止状态的性质-质量是惯性的唯一量度,叠加场中合力为零时粒子静止或做匀速直线运动
PHYSICS,定义-物体具有保持原来匀速直线运动状态或静止状态的性质-质量是惯性的唯一量度,惯性由质量唯一量度
PHYSICS,定义-物体具有保持原来匀速直线运动状态或静止状态的性质-质量是惯性的唯一量度,晶体、非晶体与液晶的性质
PHYSICS,定义-物体具有保持原来匀速直线运动状态或静止状态的性质-质量是惯性的唯一量度,碰撞速度合理性：相向运动的约束
PHYSICS,定义-物体具有保持原来匀速直线运动状态或静止状态的性质-质量是惯性的唯一量度,配速法（分解为匀速直线运动与匀速圆周运动）
PHYSICS,定义-碰撞指的是两个物体在很短的时间内发生相互作用,隔离法优先场景（求物体间相互作用）
PHYSICS,定量计算某过程中合外力的冲量或动量变化量,冲量计算的四点注意
PHYSICS,定量计算某过程中合外力的冲量或动量变化量,动量、动量变化量与冲量
PHYSICS,实验仪器的估读问题分析,游标卡尺与螺旋测微器的读数规则
PHYSICS,实验原理-条纹间距δx与光波长λ-双缝间距d及双缝与屏的距离l-有关系式为,双缝干涉亮暗条纹条件与条纹间距
PHYSICS,实验原理-条纹间距δx与光波长λ-双缝间距d及双缝与屏的距离l-有关系式为,双缝干涉明条纹条件（路程差为波长整数倍）
PHYSICS,实验原理-条纹间距δx与光波长λ-双缝间距d及双缝与屏的距离l-有关系式为,双缝干涉暗条纹条件（路程差为半波长奇数倍）
PHYSICS,实验原理-条纹间距δx与光波长λ-双缝间距d及双缝与屏的距离l-有关系式为,双缝干涉条纹间距公式 $\Delta x=\frac{l}{d}\lambda$
PHYSICS,实验原理-条纹间距δx与光波长λ-双缝间距d及双缝与屏的距离l-有关系式为,双缝干涉测光的波长
PHYSICS,实验原理-条纹间距δx与光波长λ-双缝间距d及双缝与屏的距离l-有关系式为,双缝干涉测光的波长实验
PHYSICS,实验原理-条纹间距δx与光波长λ-双缝间距d及双缝与屏的距离l-有关系式为,双缝干涉的图样特点与间距公式
PHYSICS,实验原理-条纹间距δx与光波长λ-双缝间距d及双缝与屏的距离l-有关系式为,探究弹簧弹力与形变量的实验原理
PHYSICS,实验原理-条纹间距δx与光波长λ-双缝间距d及双缝与屏的距离l-有关系式为,楔形薄膜干涉条纹间距 $\Delta x=\frac{\lambda}{2\tan\theta}$
PHYSICS,实验原理-条纹间距δx与光波长λ-双缝间距d及双缝与屏的距离l-有关系式为,测电源电动势和内阻的实验原理
PHYSICS,实验原理-条纹间距δx与光波长λ-双缝间距d及双缝与屏的距离l-有关系式为,测量电源电动势和内阻的实验原理
PHYSICS,实验原理-条纹间距δx与光波长λ-双缝间距d及双缝与屏的距离l-有关系式为,测量金属丝电阻率的实验原理
PHYSICS,实验原理-条纹间距δx与光波长λ-双缝间距d及双缝与屏的距离l-有关系式为,测量金属丝电阻率的实验原理与步骤
PHYSICS,实验原理-条纹间距δx与光波长λ-双缝间距d及双缝与屏的距离l-有关系式为,用双缝干涉测量光的波长实验
PHYSICS,实验方法-控制变量法-保持m不变探究a与f关系-保持f不变探究a与m关系,常见的实验思想方法
PHYSICS,实验方法-控制变量法-保持m不变探究a与f关系-保持f不变探究a与m关系,探究加速度与力、质量关系的实验
PHYSICS,实验方法-控制变量法-保持m不变探究a与f关系-保持f不变探究a与m关系,探究加速度与力、质量的关系
PHYSICS,实验方法-控制变量法-保持m不变探究a与f关系-保持f不变探究a与m关系,探究加速度实验的方案设计
PHYSICS,实验方法-控制变量法-保持m不变探究a与f关系-保持f不变探究a与m关系,探究变压器电压与匝数关系实验
PHYSICS,实验方法-控制变量法-保持m不变探究a与f关系-保持f不变探究a与m关系,探究向心力与半径、角速度、质量关系的实验
PHYSICS,实验方法-控制变量法-保持m不变探究a与f关系-保持f不变探究a与m关系,控制变量法
PHYSICS,实验方法-控制变量法-保持m不变探究a与f关系-保持f不变探究a与m关系,教材原型实验（实验：探究加速度与力、质量的关系）
PHYSICS,实验方法-控制变量法-保持m不变探究a与f关系-保持f不变探究a与m关系,教材原型实验：探究向心力大小与半径角、速度、质量的关系
PHYSICS,实验步骤,教材原型实验
PHYSICS,对公式w-flcosα的理解,公式 W=Flcosα 的理解要点
PHYSICS,对动能定理的理解,动能定理的理解
PHYSICS,对动能定理的理解,动能定理的适用范围说明
PHYSICS,对动能定理的理解,动能定理的选用准则与分阶段选择
PHYSICS,对晶体和非晶体的理解,晶体与非晶体
PHYSICS,对机械能守恒条件的理解,动量守恒的三种情形与判断
PHYSICS,对机械能守恒条件的理解,双棒模型的动量守恒条件
PHYSICS,对机械能守恒条件的理解,机械能守恒的判断方法与易错情形
PHYSICS,对机械能守恒条件的理解,机械能守恒的研究对象与系统观
PHYSICS,对牛顿第三定律的理解,U-I 图像中电阻的理解
PHYSICS,对牛顿第三定律的理解,作用力、反作用力与平衡力的比较
PHYSICS,对牛顿第三定律的理解,功的理解及正负功判断
PHYSICS,对牛顿第三定律的理解,库仑定律的理解
PHYSICS,对牛顿第三定律的理解,牛顿第一定律与惯性的理解
PHYSICS,对牛顿第三定律的理解,牛顿第三定律与平衡力、相互作用力的比较
PHYSICS,对牛顿第三定律的理解,电容的理解
PHYSICS,对磁感应强度定义式-b-的理解,磁感应强度的定义
PHYSICS,对能量守恒定律的几点理解,动量守恒定律的四性理解
PHYSICS,对能量守恒定律的几点理解,能量守恒定律的内容与列式思路
PHYSICS,对能量守恒定律的几点理解,能量守恒定律的理解
PHYSICS,对超重和失重的理解应当注意的问题,卫星运行中的超重与失重
PHYSICS,对超重和失重的理解应当注意的问题,拱形桥与凹形桥模型
PHYSICS,对超重和失重的理解应当注意的问题,超重、失重与完全失重
PHYSICS,对超重和失重的理解应当注意的问题,超重与失重
PHYSICS,对超重和失重的理解应当注意的问题,超重与失重的判断
PHYSICS,导体切割磁感线时的感应电动势,导体切割磁感线的感应电动势
PHYSICS,导体切割磁感线时的感应电动势,导体平动切割磁感线的有效长度
PHYSICS,导体切割磁感线时的感应电动势,导体棒绕端点转动切割的电动势 $E=\frac{1}{2}Bl^2\omega$
PHYSICS,导体切割磁感线时的感应电动势,导体棒转动切割磁感线
PHYSICS,导体切割磁感线时的感应电动势,转动切割变式：径向导体电动势 $E=\frac{1}{2}B\omega(l_1^2-l_2^2)$
PHYSICS,小球碰撞平抛实验法步骤,平抛小球不能垂直撞击圆弧轨道的证明
PHYSICS,小量程电流表-表头,电流半偏法测电流表内阻
PHYSICS,工作原理,传感器的工作原理
PHYSICS,工作原理,光控开关的工作原理
PHYSICS,工作原理,欧姆表的工作原理与刻度特点
PHYSICS,工作原理,温度报警器的工作原理
PHYSICS,布朗运动,布朗运动与扩散现象
PHYSICS,带电粒子在交变电磁场中的运动,交变电场中作v-t图像的三个注意点
PHYSICS,带电粒子在交变电磁场中的运动,在交变场中的运动
PHYSICS,带电粒子在交变电磁场中的运动,带电粒子在交变场中的运动思路
PHYSICS,带电粒子在交变电磁场中的运动,带电粒子在交变电场中的偏转
PHYSICS,带电粒子在交变电磁场中的运动,带电粒子在交变电场中的直线运动类型
PHYSICS,带电粒子在交变电磁场中的运动,带电粒子在交变电场中的运动
PHYSICS,带电粒子在交变电磁场中的运动,带电粒子在交变电场中的运动分析
PHYSICS,带电粒子在交变电磁场中的运动,带电粒子在交变电场中直线运动的思维方法
PHYSICS,带电粒子在交变电磁场中的运动,带电粒子在交变电磁场中的分析思路
PHYSICS,带电粒子在交变电磁场中的运动,用 v-t 图像分析交变电场中的运动
PHYSICS,带电粒子在匀强电场中偏转的两个分运动,偏转粒子的中点推论与打屏位置计算
PHYSICS,带电粒子在匀强电场中偏转的两个分运动,匀强电场中 U=Ed 及推论
PHYSICS,带电粒子在匀强电场中偏转的两个分运动,匀强电场中 U=Ed 的理解与三个推论
PHYSICS,带电粒子在匀强电场中偏转的两个分运动,匀强电场推论：线段中点的电势
PHYSICS,带电粒子在匀强电场中偏转的两个分运动,带电粒子在交变电场中偏转的题型特征
PHYSICS,带电粒子在匀强电场中偏转的两个分运动,带电粒子在匀强电场中的偏转
PHYSICS,带电粒子在匀强电场中偏转的两个分运动,带电粒子在匀强电场中的偏转规律
PHYSICS,带电粒子在匀强电场中偏转的两个分运动,带电粒子在匀强电场中的类平抛偏转公式
PHYSICS,带电粒子在匀强电场中偏转的两个分运动,带电粒子在电场与磁场中偏转的比较
PHYSICS,带电粒子在匀强电场中偏转的两个分运动,等分法确定等势点与电场线
PHYSICS,带电粒子在匀强电场中偏转的两个分运动,粒子能否飞出偏转电场的判断
PHYSICS,带电粒子在匀强电场中偏转的两个分运动,非匀强电场中用等差等势面比场强
PHYSICS,带电粒子在匀强磁场中运动的动态圆模型,动态圆之“平移圆”模型
PHYSICS,带电粒子在匀强磁场中运动的动态圆模型,动态圆之“放缩圆”模型
PHYSICS,带电粒子在匀强磁场中运动的动态圆模型,动态圆之“旋转圆”模型
PHYSICS,带电粒子在匀强磁场中运动的动态圆模型,圆形边界磁场中粒子运动的特点
PHYSICS,带电粒子在匀强磁场中运动的动态圆模型,带电粒子直线运动的动力学与功能两种解法
PHYSICS,带电粒子在匀强磁场中运动的动态圆模型,带电粒子磁偏转的动态圆三模型
PHYSICS,带电粒子在匀强磁场中运动的动态圆模型,磁场中运动时间与圆心角的关系
PHYSICS,带电粒子在匀强磁场中运动的动态圆模型,磁场中运动时间由圆心角决定 t=(θ/360°)T
PHYSICS,带电粒子在叠加场-复合场-电场与磁场重叠-中的运动,叠加场中三种典型的力并存情形
PHYSICS,带电粒子在叠加场-复合场-电场与磁场重叠-中的运动,叠加场中带电粒子的运动分类
PHYSICS,带电粒子在叠加场-复合场-电场与磁场重叠-中的运动,带电体在叠加场中的运动分析
PHYSICS,带电粒子在叠加场-复合场-电场与磁场重叠-中的运动,带电粒子在叠加场与组合场中的运动分类
PHYSICS,带电粒子在叠加场-复合场-电场与磁场重叠-中的运动,带电粒子的旋进运动
PHYSICS,带电粒子在叠加场-复合场-电场与磁场重叠-中的运动,微元法求特殊带电体的场强
PHYSICS,带电粒子在叠加场-复合场-电场与磁场重叠-中的运动,磁场与磁感线
PHYSICS,带电粒子在叠加场-复合场-电场与磁场重叠-中的运动,配速法与复合场中的摆线问题
PHYSICS,带电粒子在叠加场-复合场-电场与磁场重叠-中的运动,重力场与电场叠加场中的偏转
PHYSICS,带电粒子在有界匀强磁场中的运动-临界条件,带电粒子在匀强磁场中的匀速圆周运动
PHYSICS,带电粒子在有界匀强磁场中的运动-临界条件,带电粒子在匀强磁场中的圆周运动
PHYSICS,带电粒子在有界匀强磁场中的运动-临界条件,带电粒子在匀强磁场中的圆周运动规律
PHYSICS,带电粒子在有界匀强磁场中的运动-临界条件,带电粒子在有界磁场中的两类核心公式
PHYSICS,带电粒子在有界匀强磁场中的运动-临界条件,有界磁场中圆心、半径与时间的确定
PHYSICS,带电粒子在有界匀强磁场中的运动-临界条件,有界磁场中的临界问题（放缩圆、旋转圆、平移圆）
PHYSICS,带电粒子在有界匀强磁场中的运动-临界条件,环形磁场对带电粒子的约束
PHYSICS,带电粒子在有界匀强磁场中的运动-临界条件,磁场临界的旋转圆、放缩圆、平移圆
PHYSICS,带电粒子在电场中的平衡问题-受力分析,带电油滴（微粒）在平行板间的平衡
PHYSICS,带电粒子在电场中的平衡问题-受力分析,带电粒子在电场中的两种分析观点
PHYSICS,带电粒子在电场中的平衡问题-受力分析,电场中的常见图像分析
PHYSICS,带电粒子在电场中的平衡问题-受力分析,配速法处理叠加场中的摆线问题
PHYSICS,带电粒子在电场中的运动,v-t 图像分析带电粒子在电场中的运动
PHYSICS,带电粒子在电场中的运动,三种射线在电场和磁场中的偏转
PHYSICS,带电粒子在电场中的运动,带电小球在电容器中的三种直线运动
PHYSICS,带电粒子在电场中的运动,带电粒子只受静电力时v-t图像的判读
PHYSICS,带电粒子在电场中的运动,带电粒子在电场中做直线运动的条件
PHYSICS,带电粒子在电场中的运动,带电粒子在电场中的偏转（类平抛）
PHYSICS,带电粒子在电场中的运动,带电粒子在电场中的加速与偏转
PHYSICS,带电粒子在电场中的运动,带电粒子在电场中的直线运动
PHYSICS,带电粒子在电场中的运动,带电粒子在电场中直线运动的条件与处理
PHYSICS,带电粒子在电场中的运动,带电粒子是否考虑重力的判断
PHYSICS,带电粒子在电场中的运动,带电粒子的螺旋线运动
PHYSICS,带电粒子在磁场中的运动,带电粒子在磁场中的旋进运动
PHYSICS,带电粒子在磁场中的运动,带电粒子在磁场中的运动·易混概念辨析
PHYSICS,带电粒子在磁场中的运动,带电粒子在磁场中的运动·计算注意事项
PHYSICS,带电粒子在磁场中的运动,带电粒子在磁场中的运动性质
PHYSICS,带电粒子在磁场中运动的多解问题,回旋加速器粒子在磁场中运动的总时间
PHYSICS,带电粒子在磁场中运动的多解问题,带电粒子在磁场中运动多解的原因
PHYSICS,带电粒子在磁场中运动的多解问题,磁场中粒子运动的多解成因
PHYSICS,带电粒子在磁场中运动的多解问题,磁场多解情形一：带电粒子电性不确定
PHYSICS,带电粒子在磁场中运动的多解问题,磁场多解情形四：运动具有周期性
PHYSICS,带电粒子在立体空间中的运动,在立体空间的运动
PHYSICS,带电粒子在立体空间中的运动,带电粒子在立体空间中偏转的分析方法
PHYSICS,带电粒子在立体空间中的运动,带电粒子在立体空间和交变场中的运动·易混概念辨析
PHYSICS,带电粒子在立体空间中的运动,带电粒子在立体空间和交变场中的运动·计算注意事项
PHYSICS,带电粒子在立体空间中的运动,立体空间中抛体运动的降维处理
PHYSICS,带电粒子在组合场-电场与磁场各位于一定的区域内-并不重叠-中的运动,带电粒子在组合场中的处理方法
PHYSICS,带电粒子在组合场-电场与磁场各位于一定的区域内-并不重叠-中的运动,带电粒子在组合场中的运动·易混概念辨析
PHYSICS,带电粒子在组合场-电场与磁场各位于一定的区域内-并不重叠-中的运动,带电粒子在组合场中的运动·计算注意事项
PHYSICS,带电粒子在组合场-电场与磁场各位于一定的区域内-并不重叠-中的运动,旋转圆法中粒子覆盖区域的半径 R=2r
PHYSICS,带电粒子在组合场-电场与磁场各位于一定的区域内-并不重叠-中的运动,电场与磁场组合场的运动特征
PHYSICS,带电粒子在组合场-电场与磁场各位于一定的区域内-并不重叠-中的运动,电场与磁场组合的典型衔接形式
PHYSICS,带电粒子在组合场-电场与磁场各位于一定的区域内-并不重叠-中的运动,磁场与磁场组合场的运动特征
PHYSICS,带电粒子在组合场-电场与磁场各位于一定的区域内-并不重叠-中的运动,磁场与磁场组合问题的处理
PHYSICS,带电粒子在组合场-电场与磁场各位于一定的区域内-并不重叠-中的运动,组合场
PHYSICS,带电粒子在组合场-电场与磁场各位于一定的区域内-并不重叠-中的运动,重力场、静电场、磁场的比较与组合场
PHYSICS,常见传感器的特点,传感器的定义
PHYSICS,常见传感器的特点,传感器的组成
PHYSICS,常见传感器的特点,常见传感器敏感元件的特性
PHYSICS,常见基本粒子及其分类,基本粒子家族：夸克、轻子、规范玻色子、希格斯玻色子
PHYSICS,常见的功能关系,常见功能关系对应
PHYSICS,常见的功能关系,常见功能关系汇总
PHYSICS,常见的速度分解模型,四种“类碰撞”典型模型·易混概念辨析
PHYSICS,常见的速度分解模型,小船渡河与绳（杆）末端速度分解模型
PHYSICS,常见的速度分解模型,斜抛运动的斜交分解模型
PHYSICS,常见的速度分解模型,竖直圆周“绳模型”与“杆模型”对比
PHYSICS,常见的速度分解模型,绳（杆）端速度分解模型
PHYSICS,平动切割与转动切割的几种情形,平动切割公式 E=Blv 的四个特性
PHYSICS,平动切割与转动切割的几种情形,转动切割磁感线的三种情形
PHYSICS,平均速度与瞬时速度的区别,内能与机械能的区别
PHYSICS,平均速度与瞬时速度的区别,匀变速平均速度等于中间时刻瞬时速度
PHYSICS,平均速度与瞬时速度的区别,匀变速运动的平均速度与中间时刻速度
PHYSICS,平均速度与瞬时速度的区别,平均功率与瞬时功率
PHYSICS,平均速度与瞬时速度的区别,平均速度、瞬时速度与平均速率
PHYSICS,平均速度与瞬时速度的区别,平均速度、瞬时速度与平均速率的区别联系
PHYSICS,平均速度与瞬时速度的区别,平均速度与平均速率的区别
PHYSICS,平均速度与瞬时速度的区别,平均速度与瞬时速度
PHYSICS,平均速度与瞬时速度的区别,杆模型最高点弹力随速度的四分区讨论
PHYSICS,平均速度与瞬时速度的区别,求瞬时加速度的两类模型（突变与不突变）
PHYSICS,平均速度与瞬时速度的区别,火车转弯规定速度与内外轨挤压
PHYSICS,平均速度与瞬时速度的区别,瞬时功率与平均功率的计算
PHYSICS,平均速度与瞬时速度的区别,纸带处理：求瞬时速度与加速度
PHYSICS,平均速度与瞬时速度的区别,纸带求瞬时速度的方法
PHYSICS,平均速度与瞬时速度的区别,计时点与计数点的区别
PHYSICS,平均速度与瞬时速度的区别,速度
PHYSICS,平均速度公式,中间位置的速度公式
PHYSICS,平均速度公式,中间时刻速度等于平均速度
PHYSICS,平均速度公式,子弹穿出物块的公式组
PHYSICS,平均速度公式,弹性碰撞碰后速度公式
PHYSICS,平抛运动,平抛小球距斜面最远的条件（分解到斜面方向）
PHYSICS,平抛运动,用频闪照相法获取平抛轨迹
PHYSICS,平抛运动与斜面的结合分析,与斜面或圆弧面有关的抛体运动
PHYSICS,平抛运动与斜面的结合分析,实验：平抛运动与向心力·易混概念辨析
PHYSICS,平抛运动与斜面的结合分析,实验：平抛运动与向心力·计算注意事项
PHYSICS,平抛运动与斜面的结合分析,平抛沿斜面方向落入（与斜面相切）的速度关系
PHYSICS,平抛运动与斜面的结合分析,平抛运动与斜面结合的三种模型
PHYSICS,平抛运动与斜面的结合分析,平抛运动打在斜面上的三种典型处理
PHYSICS,平抛运动与斜面的结合分析,拓展创新实验（实验：平抛运动与向心力）
PHYSICS,平抛运动与斜面的结合分析,斜面上平抛运动离斜面最远的条件与两种坐标法
PHYSICS,平抛运动与斜面的结合分析,斜面类平抛运动模型
PHYSICS,平抛运动与斜面的结合分析,汽车过拱桥与凹形路面的向心力分析
PHYSICS,平抛运动与斜面的结合分析,离心运动与近心运动
PHYSICS,平抛运动的两个重要结论,平抛竖落仪对比实验的结论与条件
PHYSICS,平抛运动的两个重要结论,平抛运动位移分量与位移偏向角
PHYSICS,平抛运动的两个重要结论,平抛运动基本规律与重要结论
PHYSICS,平抛运动的两个重要结论,平抛运动的两个推论
PHYSICS,平抛运动的两个重要结论,平抛运动的两个重要推论
PHYSICS,平抛运动的两个重要结论,平抛运动的定义与性质
PHYSICS,平抛运动的两个重要结论,平抛运动的运动规律
PHYSICS,平抛运动的两个重要结论,平抛运动的速度变化量
PHYSICS,平抛运动的两个重要结论,平抛运动的重要推论
PHYSICS,平抛运动的两个重要结论,平抛运动速度分量与速度偏向角
PHYSICS,平抛运动的两个重要结论,弹性碰撞的两个重要结论
PHYSICS,平抛运动的两个重要结论,探究平抛运动的特点
PHYSICS,平抛运动的两个重要结论,教材原型实验：探究平抛运动的特点
PHYSICS,平抛运动的两个重要结论,斜面类平抛模型的两个典型结论
PHYSICS,平抛运动的两个重要结论,机车启动的三个重要关系式
PHYSICS,平抛运动的两个重要结论,板块问题的位移关系与两个重要临界
PHYSICS,平抛运动的两个重要结论,水平传送带同向运动的两种结论
PHYSICS,平抛运动的两个重要结论,类平抛运动的两种分解方法
PHYSICS,平抛运动的两个重要结论,类平抛运动的特点
PHYSICS,平抛运动的两个重要结论,类平抛运动的理解
PHYSICS,平抛运动的临界问题,圆周运动的临界问题
PHYSICS,平抛运动的临界问题,圆周运动的临界问题·易混概念辨析
PHYSICS,平抛运动的临界问题,圆周运动的临界问题·计算注意事项
PHYSICS,平抛运动的临界问题,平抛相遇与临界问题
PHYSICS,平抛运动的临界问题,平抛运动临界问题的求解
PHYSICS,平抛运动的临界问题,斜面上圆周运动的临界问题
PHYSICS,平抛运动的临界问题,碰撞中的临界及多次碰撞问题·易混概念辨析
PHYSICS,平抛运动的临界问题,碰撞中的临界及多次碰撞问题·计算注意事项
PHYSICS,平抛运动的临界问题,磁场临界问题的三种轨迹界定方法
PHYSICS,平行板电容器的动态分析问题的两种情况,平行板电容器动态分析两类
PHYSICS,平行板电容器的动态分析问题的两种情况,平行板电容器的两类动态问题
PHYSICS,平行板电容器的动态分析问题的两种情况,平行板电容器的动态分析
PHYSICS,平行板电容器的动态分析问题的两种情况,电容器与电容
PHYSICS,平行板电容器的动态分析问题的两种情况,电容器动态分析的两种情况
PHYSICS,平行板电容器的动态分析问题的两种情况,电容器的额定电压与击穿电压
PHYSICS,平行板电容器的动态分析问题的两种情况,电容器＋导体棒的两种模型
PHYSICS,平行板电容器的动态分析问题的两种情况,电容的定义式与决定式
PHYSICS,平行板电容器的动态分析问题的两种情况,电路动态分析的方法
PHYSICS,平行板电容器的动态分析问题的两种情况,电路动态分析的程序法与极限法
PHYSICS,平行板电容器的动态分析问题的两种情况,磁场中临界问题的动态放缩法
PHYSICS,平衡条件-根本条件-作用在物体上的所有共点力的合力为零-即-f_合-0,共点力及其平衡条件
PHYSICS,平衡条件-根本条件-作用在物体上的所有共点力的合力为零-即-f_合-0,共点力合力的最大值与最小值
PHYSICS,平衡条件-根本条件-作用在物体上的所有共点力的合力为零-即-f_合-0,共点力平衡条件
PHYSICS,平衡条件-根本条件-作用在物体上的所有共点力的合力为零-即-f_合-0,共点力平衡条件（合力为零）
PHYSICS,平衡条件-根本条件-作用在物体上的所有共点力的合力为零-即-f_合-0,共点力的平衡
PHYSICS,平衡条件-根本条件-作用在物体上的所有共点力的合力为零-即-f_合-0,除弹簧弹力外合力为零时弹簧原长处物体速度最大
PHYSICS,库仑定律,库仑定律的内容、条件与注意点
PHYSICS,库仑定律,点电荷与库仑定律
PHYSICS,应用光的折射和全反射解决问题的两个技巧,光导纤维的传光原理
PHYSICS,应用光的折射和全反射解决问题的两个技巧,全反射的两个条件
PHYSICS,应用光的折射和全反射解决问题的四个注意,板块与传送带问题的三点注意
PHYSICS,应用光的折射和全反射解决问题的四个注意,解决传送带问题的四个关键
PHYSICS,应用动能定理求解步骤,动能定理求变力做功
PHYSICS,应用动能定理求解步骤,动能定理求变力做功的总体思路
PHYSICS,应用动能定理求解步骤,应用动能定理解题的一般步骤
PHYSICS,应用动能定理求解步骤,时间效应与空间效应的规律选择
PHYSICS,应用动能定理求解步骤,用动能定理求变力做功
PHYSICS,应用匀变速直线运动规律解题的基本思路,匀变速直线运动
PHYSICS,应用匀变速直线运动规律解题的基本思路,匀变速直线运动三个基本公式
PHYSICS,应用匀变速直线运动规律解题的基本思路,匀变速直线运动三个基本公式及选用
PHYSICS,应用匀变速直线运动规律解题的基本思路,天体环绕问题的基本解法
PHYSICS,应用匀变速直线运动规律解题的基本思路,应用动能定理解题的基本思路
PHYSICS,应用匀变速直线运动规律解题的基本思路,应用折射定律解题的一般思路
PHYSICS,开普勒三定律,变轨过程周期关系（开普勒第三定律）
PHYSICS,开普勒三定律,开普勒三定律及应用
PHYSICS,弹力做功与弹性势能变化的关系,φ-x图像：电势能变化的比较方法
PHYSICS,弹力做功与弹性势能变化的关系,功是能量转化的量度
PHYSICS,弹力做功与弹性势能变化的关系,动能、势能、机械能变化的判断方法
PHYSICS,弹力做功与弹性势能变化的关系,动能与动能变化的区别
PHYSICS,弹力做功与弹性势能变化的关系,含弹簧系统的能量处理要点
PHYSICS,弹力做功与弹性势能变化的关系,增反减同（感应磁场方向与原磁通量变化的关系）
PHYSICS,弹力做功与弹性势能变化的关系,常见力做功与能量变化的对应关系
PHYSICS,弹力做功与弹性势能变化的关系,弹性势能与弹力做功
PHYSICS,弹力做功与弹性势能变化的关系,弹性势能与弹力做功的关系
PHYSICS,弹力做功与弹性势能变化的关系,微元法求方向变化的变力做功
PHYSICS,弹力做功与弹性势能变化的关系,探究弹簧弹力与形变量的关系
PHYSICS,弹力做功与弹性势能变化的关系,洛伦兹力与安培力的关系
PHYSICS,弹力做功与弹性势能变化的关系,用橡皮筋探究功与速度变化的关系
PHYSICS,弹力做功与弹性势能变化的关系,电场力做功与电势能、电势差的关系
PHYSICS,弹力做功与弹性势能变化的关系,电场力做功与电势能变化：WAB=−ΔEp
PHYSICS,弹力做功与弹性势能变化的关系,电场力及其他力做功等于机械能变化量
PHYSICS,弹力做功与弹性势能变化的关系,逸出功与极限频率的关系
PHYSICS,弹力做功与弹性势能变化的关系,重力做功与重力势能的关系
PHYSICS,弹力做功与弹性势能变化的关系,重力势能及与重力做功的关系
PHYSICS,弹力做功与弹性势能变化的关系,重力势能及其与重力做功的关系
PHYSICS,弹力做功与弹性势能变化的关系,链条（液柱）类能量变化的等效重心计算法
PHYSICS,弹力做功与弹性势能变化的关系,静电力做功与电势能
PHYSICS,弹力的大小,向心力的大小、方向与来源
PHYSICS,弹力的大小,安培力的大小
PHYSICS,弹力的大小,安培力的大小与方向
PHYSICS,弹力的大小,弹力大小的确定方法
PHYSICS,弹力的大小,洛伦兹力的大小、方向与特性
PHYSICS,弹力的定义及产生条件,全反射的定义、临界角与发生条件
PHYSICS,弹力的定义及产生条件,功率的定义式与计算式
PHYSICS,弹力的定义及产生条件,功的定义与正负判断
PHYSICS,弹力的定义及产生条件,功的定义与正负的判断
PHYSICS,弹力的定义及产生条件,叠加场的定义
PHYSICS,弹力的定义及产生条件,弹力的产生条件与方向
PHYSICS,弹力的定义及产生条件,弹力的产生条件与方向判断
PHYSICS,弹力的定义及产生条件,弹力的产生条件与有无判断
PHYSICS,弹力的定义及产生条件,摩擦力的产生条件与方向判断
PHYSICS,弹力的定义及产生条件,电势差的定义与正负意义
PHYSICS,弹力的定义及产生条件,电势差的定义与特点
PHYSICS,弹力的定义及产生条件,电流的定义式与微观表达式
PHYSICS,弹力的方向,Ep-x 图像斜率与静电力的对应
PHYSICS,弹力的方向,“死杆”与“活杆”模型
PHYSICS,弹力的方向,安培力的一般计算式与方向约束
PHYSICS,弹力的方向,热传导的方向性
PHYSICS,弹力的方向,重力的方向与 g 的变化
PHYSICS,弹性势能,弹性势能的特点
PHYSICS,弹性势能,弹簧拉伸至最长（压缩至最短）时弹性势能最大
PHYSICS,弹性势能,涉及弹簧的能量问题要点
PHYSICS,弹性碰撞,“一动碰一静”弹性碰撞的结论
PHYSICS,弹性碰撞,一动碰一动弹性碰撞的通用公式
PHYSICS,弹性碰撞,一动碰一静弹性碰撞公式
PHYSICS,弹性碰撞,一动碰一静弹性碰撞结论
PHYSICS,弹性碰撞,一维弹性碰撞的讨论结论
PHYSICS,弹性碰撞,弹性碰撞中质量关系的讨论
PHYSICS,弹性碰撞,弹性碰撞（一动碰一静）的结论公式
PHYSICS,弹性碰撞,弹簧恢复原长相当于弹性碰撞
PHYSICS,弹性碰撞,物块（小球）—光滑曲面模型：返回最低点相当于弹性碰撞
PHYSICS,弹性碰撞,等质量弹性碰撞速度互换
PHYSICS,弹簧振子模型,弹簧振子与单摆两种简谐运动模型的比较
PHYSICS,弹簧振子模型,弹簧振子与单摆模型
PHYSICS,弹簧振子模型,弹簧振子与单摆的对比
PHYSICS,弹簧振子模型,弹簧振子与单摆的比较
PHYSICS,必备实验仪器的原理及使用,回旋加速器的原理
PHYSICS,必备实验仪器的原理及使用,回旋加速器的原理与最大动能
PHYSICS,必备实验仪器的原理及使用,探究 a-F 实验三种异常图线的原因
PHYSICS,必备实验仪器的原理及使用,欧姆表的原理与中值电阻
PHYSICS,必备实验仪器的原理及使用,游标卡尺的原理与读数
PHYSICS,必备实验仪器的原理及使用,电学实验仪器的选择依据
PHYSICS,必备实验仪器的原理及使用,电学实验仪器的选择顺序
PHYSICS,必备实验仪器的原理及使用,电阻表（欧姆表）的原理
PHYSICS,必备实验仪器的原理及使用,螺旋测微器的原理与读数
PHYSICS,必备实验仪器的原理及使用,速度选择器的原理
PHYSICS,必须估读的仪器-这类仪器是大多数-其读数需要包含一位可靠的估计值,电表与常用仪器的估读规则
PHYSICS,惯性的两种表现形式,楞次定律的推论（几种表现形式）
PHYSICS,惯性的两种表现形式,输电线损耗功率的两种表达式
PHYSICS,折射率,折射定律与折射率
PHYSICS,折射率,折射率的理解要点
PHYSICS,抛体运动的规律及其应用,全反射及其应用
PHYSICS,抛体运动的规律及其应用,抛体运动·计算注意事项
PHYSICS,拓展-气垫导轨光电门测速实验法,光电计时器测速的原理与要点
PHYSICS,拓展-气垫导轨光电门测速实验法,光电门测速与求加速度
PHYSICS,拓展-气垫导轨光电门测速实验法,拓展创新实验
PHYSICS,拓展-气垫导轨光电门测速实验法,拓展创新实验（实验：验证机械能守恒定律）
PHYSICS,拓展-气垫导轨光电门测速实验法,用光电门改进验证机械能守恒实验
PHYSICS,按实际作用效果分解-最典型的是将速度分解为,分解法按力的作用效果分解
PHYSICS,按实际作用效果分解-最典型的是将速度分解为,力的分解
PHYSICS,按实际作用效果分解-最典型的是将速度分解为,力的分解方法：按效果分解与正交分解
PHYSICS,按实际作用效果分解-最典型的是将速度分解为,力的效果分解法
PHYSICS,按实际作用效果分解-最典型的是将速度分解为,力的效果分解法与正交分解法
PHYSICS,按实际作用效果分解-最典型的是将速度分解为,力的概念与作用效果
PHYSICS,振荡电路过程中各物理量的变化,卫星各物理量随轨道半径的变化规律
PHYSICS,振荡电路过程中各物理量的变化,变轨过程中各物理量的大小比较
PHYSICS,振荡电路过程中各物理量的变化,振幅、周期与振动物理量的变化关系
PHYSICS,探究结果-胡克定律-x为形变量,探究弹簧弹力与形变量关系的实验
PHYSICS,探究结果-胡克定律-x为形变量,探究弹簧弹力与形变量关系的实验要点
PHYSICS,探究结果-胡克定律-x为形变量,探究弹簧弹力与形变量的关系
PHYSICS,描述运动的基本概念,天体反向运动的相遇列式
PHYSICS,描述运动的基本概念,天体同向运动的追及列式
PHYSICS,描述运动的基本概念,平抛运动的基本规律
PHYSICS,描述运动的基本概念,斜抛运动的基本规律
PHYSICS,描述运动的基本概念,运动的描述·易混概念辨析
PHYSICS,描述运动的基本概念,运动的描述·计算注意事项
PHYSICS,摩擦力做功与能量关系分析技巧,一对静摩擦力做功与机械能的传递
PHYSICS,摩擦力做功与能量关系分析技巧,功能关系：做功与能量转化的对应
PHYSICS,摩擦力做功与能量关系分析技巧,卫星变轨的原理与能量关系
PHYSICS,摩擦力做功与能量关系分析技巧,双杆（粗糙、恒力）能量：$W_F=\Delta E_k+Q_电+Q_f$
PHYSICS,摩擦力做功与能量关系分析技巧,摩擦力做功的特点
PHYSICS,摩擦力做功与能量关系分析技巧,斜面约束下弹力做功的判断
PHYSICS,摩擦力做功与能量关系分析技巧,能量耗散与能量品质降低
PHYSICS,摩擦力的突变类问题,传送带共速时摩擦力的突变
PHYSICS,摩擦力的突变类问题,传送带摩擦力方向判断与共速突变
PHYSICS,摩擦力的突变类问题,动—动突变
PHYSICS,摩擦力的突变类问题,动—静突变
PHYSICS,摩擦力的突变类问题,摩擦力的四类突变
PHYSICS,摩擦力的突变类问题,摩擦力突变的四种类型
PHYSICS,摩擦力的突变类问题,静—动突变
PHYSICS,摩擦力的突变类问题,静—静突变
PHYSICS,数学思想处理电路中的功率和效率问题,多次碰撞问题
PHYSICS,数据处理-x1,平抛实验的数据处理（含残缺轨迹）
PHYSICS,数据处理-x1,测量电阻率实验的数据处理
PHYSICS,整体法与隔离法在受力分析中的应用,受力分析
PHYSICS,整体法与隔离法在受力分析中的应用,受力分析的四种方法
PHYSICS,整体法与隔离法在受力分析中的应用,受力分析的方法与步骤
PHYSICS,整体法与隔离法在受力分析中的应用,转盘上叠放物体的摩擦力分析
PHYSICS,斜抛运动的物理量求解-多过程问题,描述简谐运动的物理量
PHYSICS,斜抛运动的物理量求解-多过程问题,斜抛运动的定义与性质
PHYSICS,斜抛运动的物理量求解-多过程问题,斜抛运动的射高与射程
PHYSICS,方向-总是竖直向下-竖直向下是和水平面垂直-不一定和接触面垂直-也不一定指向地心,弹力的方向判断
PHYSICS,时刻-表示某一瞬间-在时间轴上用点表示-是一个状态量,位移和路程、时间和时刻
PHYSICS,时刻与时间间隔区别与联系,不连续相等时间间隔位移差的推广式
PHYSICS,时刻与时间间隔区别与联系,振动图像与波的图像的比较（物理意义与联系）
PHYSICS,时刻与时间间隔区别与联系,时刻与时间间隔
PHYSICS,时刻与时间间隔区别与联系,时间间隔与时刻的区分
PHYSICS,普通二极管和发光二极管,用欧姆挡判断二极管的正负极
PHYSICS,曲线运动,抛体运动·易混概念辨析（一）
PHYSICS,曲线运动,抛体运动·易混概念辨析（二）
PHYSICS,曲线运动,非线性元件伏安特性曲线的电阻判读
PHYSICS,曲线运动的基本概念与处理思想,力的概念与基本性质
PHYSICS,有效值的理解,非正弦交流电有效值的求法
PHYSICS,有效数字与小数位数的保留,实验题答题的得分要点
PHYSICS,有效数字与小数位数的保留,有效数字的判定规则
PHYSICS,本质-是力的合成的逆运算-同样遵循矢量运算法则,求合力的作图法与计算法
PHYSICS,机械振动,机械振动·易混概念辨析（一）
PHYSICS,机械振动,机械振动·易混概念辨析（二）
PHYSICS,机械振动,机械振动·计算注意事项
PHYSICS,机械振动,机械振动与机械波的区别和联系
PHYSICS,机械波的分类,机械波的产生条件与分类
PHYSICS,机械波的分类,机械波的形成与分类
PHYSICS,机械波的分类,机械波的描述及特点
PHYSICS,机械波的分类,能源的分类（常规能源与新能源）
PHYSICS,机械能守恒定律,关联系统机械能守恒情境：沿绳（杆）方向速度大小相等
PHYSICS,机械能守恒定律,关联系统机械能守恒情境：轻杆连接且角速度相等
PHYSICS,机械能守恒定律,关联系统机械能守恒情境：轻绳连接且速度大小相等
PHYSICS,机械能守恒定律,单体机械能守恒的判断方法
PHYSICS,机械能守恒定律,含弹簧系统机械能守恒的要点
PHYSICS,机械能守恒定律,图像法验证机械能守恒
PHYSICS,机械能守恒定律,实验：验证机械能守恒定律·易混概念辨析
PHYSICS,机械能守恒定律,实验：验证机械能守恒定律·计算注意事项
PHYSICS,机械能守恒定律,弹丸打入悬挂沙箱的守恒分析
PHYSICS,机械能守恒定律,教材原型实验：研究自由下落物体的机械能守恒
PHYSICS,机械能守恒定律,机械能守恒定律·易混概念辨析
PHYSICS,机械能守恒定律,机械能守恒定律·计算注意事项
PHYSICS,机械能守恒定律,机械能守恒的判断方法
PHYSICS,机械能守恒定律,机械能的概念
PHYSICS,机械能守恒定律,物体与弹簧系统的机械能守恒特征
PHYSICS,机械能守恒定律,系统机械能守恒列式：ΔEk=−ΔEp
PHYSICS,机械能守恒定律,系统机械能守恒的判断与列式
PHYSICS,机械能守恒定律,链条（液柱）类机械能守恒的判断
PHYSICS,机械能守恒定律,非质点类机械能守恒问题
PHYSICS,机械能守恒定律,非质点系统的机械能守恒
PHYSICS,机械能守恒定律,验证机械能守恒定律
PHYSICS,机械能守恒定律,验证机械能守恒定律实验原理
PHYSICS,机械能守恒定律,验证机械能守恒定律实验的原理与步骤
PHYSICS,机械能守恒定律,验证机械能守恒定律实验的注意事项
PHYSICS,机械能守恒定律,验证机械能守恒实验中减小长度测量相对误差的措施
PHYSICS,机械能守恒定律,验证机械能守恒实验注意事项
PHYSICS,机械能守恒定律,验证机械能守恒实验的纸带选择
PHYSICS,机械能守恒定律,验证机械能守恒实验的误差与注意事项
PHYSICS,机械能守恒定律,验证机械能守恒纸带前两点间距约2mm的意义
PHYSICS,机械能守恒定律的三种表达式,判断力是否做功及做功正负的三种根据
PHYSICS,机械能守恒定律的三种表达式,动量守恒定律
PHYSICS,机械能守恒定律的三种表达式,动量守恒定律的四种表达式
PHYSICS,机械能守恒定律的三种表达式,动量守恒定律的表达式
PHYSICS,机械能守恒定律的三种表达式,单棒＋电阻模型的三个基本关系
PHYSICS,机械能守恒定律的三种表达式,折射率的三个公式
PHYSICS,机械能守恒定律的三种表达式,机械能守恒定律
PHYSICS,机械能守恒定律的三种表达式,机械能守恒定律及其表达式
PHYSICS,机械能守恒定律的三种表达式,机械能守恒的三种表达式（守恒、转化、转移）
PHYSICS,机械能守恒定律的三种表达式,电流的三个表达式与电阻定律
PHYSICS,机械能守恒定律的三种表达式,电流的三种表达式
PHYSICS,机械能守恒定律的三种表达式,电流的三种表达式及其适用
PHYSICS,机械能守恒定律的三种表达式,系统机械能守恒的三种表达式
PHYSICS,机械能守恒定律的三种表达式,系统机械能守恒的三种速度关联情景
PHYSICS,机械能守恒定律的三种表达式,线框自由下落竖直穿入磁场的三种情况（mg与F安比较）
PHYSICS,机械能守恒定律的三种表达式,速度大者追速度小者的三种可能结果
PHYSICS,机械能守恒定律的三种表达式,验证机械能守恒定律的数据处理方法
PHYSICS,机械能守恒定律的三种表达式,验证机械能守恒的数据处理三种方案
PHYSICS,机车启动问题,机动车启动的两种方式
PHYSICS,机车启动问题,机车启动的两种方式
PHYSICS,机车启动问题,机车启动的两种模式
PHYSICS,机车启动问题,机车启动问题的三个关键状态
PHYSICS,机车启动问题,机车恒定功率启动
PHYSICS,机车启动问题,用 P-t 与 v-t 图像识别机车启动方式
PHYSICS,条件-①光从光密介质射入光疏介质-②入射角大于或等于临界角,临界角公式 $\sin C=\frac{1}{n}$
PHYSICS,条件-①光从光密介质射入光疏介质-②入射角大于或等于临界角,光密与光疏介质及全反射
PHYSICS,条件-①光从光密介质射入光疏介质-②入射角大于或等于临界角,光密介质与光疏介质
PHYSICS,条件-①光从光密介质射入光疏介质-②入射角大于或等于临界角,全反射的条件与临界角
PHYSICS,条件-①光从光密介质射入光疏介质-②入射角大于或等于临界角,界面光路的两条判断注意（必有反射；达临界必全反射）
PHYSICS,杨氏双缝干涉,光的干涉条件与双缝干涉条纹
PHYSICS,杨氏双缝干涉,单缝衍射与双缝干涉图样的比较
PHYSICS,杨氏双缝干涉,单缝衍射与双缝干涉的比较
PHYSICS,杨氏双缝干涉,双缝干涉与条纹间距公式
PHYSICS,杨氏双缝干涉,双缝干涉明暗条纹的条件
PHYSICS,杨氏双缝干涉,双缝干涉的条纹规律
PHYSICS,杨氏双缝干涉,杨氏双缝干涉中单缝与双缝的作用
PHYSICS,板块模型,F启动板块随F增大的三个阶段
PHYSICS,板块模型,v启动中木板是否被带动的判断
PHYSICS,板块模型,“滑块—木板”类碰撞模型
PHYSICS,板块模型,块有外力的两个临界力
PHYSICS,板块模型,板有外力的两个临界力
PHYSICS,板块模型中的功和能量的关系,板块模型的位移关系（同向差、反向和）
PHYSICS,板块模型中的功和能量的关系,板块模型的功与能分析
PHYSICS,板块模型中的功和能量的关系,滑块—木板的动量能量关系
PHYSICS,核力的特点,向心力的特点、来源与大小
PHYSICS,核力的特点,库仑力的力的特点
PHYSICS,核反应,核反应粒子入电磁场的分析路径
PHYSICS,核反应的判断-方程与应用,核反应的四种类型
PHYSICS,核反应的判断-方程与应用,核反应的类型与守恒规律
PHYSICS,核心处理思想-运动的合成与分解,斜面平抛的两条分解路线
PHYSICS,核心处理思想-运动的合成与分解-约束条件,合运动与分运动的关系
PHYSICS,核心处理思想-运动的合成与分解-约束条件,曲线运动与运动的合成与分解·易混概念辨析（一）
PHYSICS,核心处理思想-运动的合成与分解-约束条件,曲线运动与运动的合成与分解·易混概念辨析（二）
PHYSICS,核心处理思想-运动的合成与分解-约束条件,曲线运动与运动的合成与分解·计算注意事项
PHYSICS,核心处理思想-运动的合成与分解-约束条件,碰撞速度合理性：同向运动的约束
PHYSICS,核心处理思想-运动的合成与分解-约束条件,运动的合成与分解
PHYSICS,核心处理思想-运动的合成与分解-约束条件,运动的合成与分解（独立性原理）
PHYSICS,核心规律-受力分析-力的合成与分解-共点力的平衡,三个自由点电荷的平衡
PHYSICS,核心规律-受力分析-力的合成与分解-共点力的平衡,三个自由点电荷的平衡规律
PHYSICS,核心规律-受力分析-力的合成与分解-共点力的平衡,共点力平衡问题的求解方法
PHYSICS,核心规律-受力分析-力的合成与分解-共点力的平衡,几种特殊共点力的合成结果
PHYSICS,核心规律-受力分析-力的合成与分解-共点力的平衡,几种特殊情况的共点力合成结论
PHYSICS,核心规律-受力分析-力的合成与分解-共点力的平衡,力的合成与分解·易混概念辨析
PHYSICS,核心规律-受力分析-力的合成与分解-共点力的平衡,力的合成与分解·计算注意事项
PHYSICS,核心规律-受力分析-力的合成与分解-共点力的平衡,力的合成实验误差分析
PHYSICS,核心规律-受力分析-力的合成与分解-共点力的平衡,受力分析与共点力的平衡·易混概念辨析
PHYSICS,核心规律-受力分析-力的合成与分解-共点力的平衡,受力分析与共点力的平衡·计算注意事项
PHYSICS,核心规律-受力分析-力的合成与分解-共点力的平衡,多个力合成与正交分解求合力的方法
PHYSICS,核心规律-受力分析-力的合成与分解-共点力的平衡,探究两个互成角度的力的合成规律
PHYSICS,核心规律-受力分析-力的合成与分解-共点力的平衡,求解共点力平衡问题的三种方法
PHYSICS,核聚变,轻核聚变
PHYSICS,核裂变,重核裂变
PHYSICS,楞次定律的理解-阻碍-的含义,右手定则及其与楞次定律的关系
PHYSICS,楞次定律的理解-阻碍-的含义,楞次定律“阻碍”含义的推广表述
PHYSICS,楞次定律的理解-阻碍-的含义,楞次定律“阻碍”的四重含义
PHYSICS,楞次定律的理解-阻碍-的含义,楞次定律中“阻碍”的含义
PHYSICS,楞次定律的理解-阻碍-的含义,楞次定律的内容与“阻碍”的理解
PHYSICS,楞次定律的理解-阻碍-的含义,楞次定律的推论及应用
PHYSICS,楞次定律的理解-阻碍-的含义,楞次定律的推论（来拒去留、增缩减扩）
PHYSICS,模型特点,三个自由点电荷平衡的模型特点
PHYSICS,模型示意图,力的图示与力的示意图
PHYSICS,横波,横波与纵波
PHYSICS,欧姆定律,欧姆定律与伏安特性曲线
PHYSICS,欧姆定律,欧姆定律及其适用范围
PHYSICS,正弦式交变电流,交变电流与正弦式交变电流
PHYSICS,正弦式交变电流的产生和变化规律,交变电流的周期与频率
PHYSICS,正弦式交变电流的产生和变化规律,变压器不改变交变电流的频率
PHYSICS,正弦式交变电流的产生和变化规律,正弦式交变电流的函数表达式
PHYSICS,正弦式交变电流的产生和变化规律,电感与电容对交变电流的作用
PHYSICS,正弦式交变电流的变化规律-线圈在中性面位置时开始计时,交流电产生中的两个特殊位置
PHYSICS,正弦式交变电流的变化规律-线圈在中性面位置时开始计时,交流电产生的两个特殊位置（中性面）
PHYSICS,正弦式交变电流的变化规律-线圈在中性面位置时开始计时,人造卫星参量随轨道半径的变化规律
PHYSICS,正弦式交变电流的变化规律-线圈在中性面位置时开始计时,振动图像与波的图像随时间的变化规律
PHYSICS,正弦式交变电流的变化规律-线圈在中性面位置时开始计时,正弦式交变电流的产生与两个特殊位置
PHYSICS,正弦式交变电流的变化规律-线圈在中性面位置时开始计时,饱和汽与饱和汽压：动态平衡与随温度的变化规律
PHYSICS,比结合能,核力、结合能与比结合能
PHYSICS,气体压强,力平衡法求封闭气体压强
PHYSICS,气体压强,气体压强的微观解释
PHYSICS,气体压强,气体压强的求解方法
PHYSICS,气体压强,活塞模型与连通器模型求气体压强
PHYSICS,气体压强,液片法求气体压强
PHYSICS,气体压强,等压面法求气体压强
PHYSICS,气体压强,管类问题中液柱封闭气体压强的求法
PHYSICS,气体实验定律,气体三个实验定律
PHYSICS,气体实验定律,气体实验图像的面积与斜率
PHYSICS,氢原子光谱的实验规律,氢原子光谱及其分类
PHYSICS,氢原子光谱的实验规律,氢原子谱线条数的确定方法
PHYSICS,氢原子能级跃迁与数学思想的结合,原子跃迁与电离的区别
PHYSICS,氢原子能级跃迁与数学思想的结合,玻尔理论与氢原子能级
PHYSICS,氢原子能级跃迁与数学思想的结合,能级跃迁与电离的理解
PHYSICS,氢原子能级跃迁与数学思想的结合,跃迁产生谱线条数的计算
PHYSICS,水平射程-即水平射程由初速度v0和下落高度h共同决定-与其他因素无关,回旋加速器最大动能与加速电压无关
PHYSICS,水平射程-即水平射程由初速度v0和下落高度h共同决定-与其他因素无关,平抛运动时间由下落高度决定
PHYSICS,水平射程-即水平射程由初速度v0和下落高度h共同决定-与其他因素无关,斜抛（等高往返）的时间、射高与射程公式
PHYSICS,水平射程-即水平射程由初速度v0和下落高度h共同决定-与其他因素无关,水平传送带反向运动的结论
PHYSICS,水平射程-即水平射程由初速度v0和下落高度h共同决定-与其他因素无关,速度选择器原理 v0=E/B
PHYSICS,水平射程-即水平射程由初速度v0和下落高度h共同决定-与其他因素无关,逸出功由金属本身决定，与入射光无关
PHYSICS,水平面内圆周运动中的多物体牵连问题,多物体问题转化为单物体问题
PHYSICS,水平面内圆周运动中的多物体牵连问题,斜面内圆周运动的分析方法
PHYSICS,水平面内圆周运动中的多物体牵连问题,水平面内圆周运动的临界问题
PHYSICS,水平面内圆周运动中的多物体牵连问题,水平面内圆周运动的典型临界条件
PHYSICS,水平面内圆周运动中的多物体牵连问题,水平面内圆周运动的典型模型
PHYSICS,水平面内圆周运动中的多物体牵连问题,生活中的圆周运动
PHYSICS,水平面内圆周运动中的多物体牵连问题,竖直面内圆周运动
PHYSICS,水平面内圆周运动中的多物体牵连问题,竖直面内圆周运动的问题概述
PHYSICS,水平面内圆周运动中的多物体牵连问题,竖直面内圆周运动：杆球模型
PHYSICS,水平面内圆周运动中的多物体牵连问题,竖直面内圆周运动：绳球模型
PHYSICS,求电场力做功的方法,求电场力做功的四种方法
PHYSICS,求电场力做功的方法,电场力与速度夹角判断做功及能量变化
PHYSICS,求电场力做功的方法,电场力做功正负的判断
PHYSICS,求电场力做功的方法,电场力做功的四种计算方法
PHYSICS,求电场力做功的方法,电场力做功的求解方法
PHYSICS,求电场力做功的方法,电场力做功计算：W=qEd
PHYSICS,求电场力做功的方法,电场力做功计算：W=qU
PHYSICS,求电场力做功的方法,静电力做功的特点
PHYSICS,求解电偏转问题的两种思路,交变电场偏转问题的思维方法（ay-t与vy-t图像）
PHYSICS,求解电偏转问题的两种思路,求合安培力的两种思路
PHYSICS,法拉第电磁感应定律,法拉第电磁感应定律 E=nΔΦ/Δt
PHYSICS,法拉第电磁感应定律,法拉第电磁感应定律的理解
PHYSICS,波动图象的信息,振动图像信息的读取要点
PHYSICS,波动图象的信息,振动图像的信息提取
PHYSICS,波动图象的信息,波的图像（y-x 图像）及信息读取
PHYSICS,波动图象的信息,简谐运动图像的信息
PHYSICS,波动图象的特点,三种传动方式的特点
PHYSICS,波动图象的特点,中性面与峰值面的特点对比
PHYSICS,波动图象的特点,串并联电路的特点
PHYSICS,波动图象的特点,电场线的特点
PHYSICS,波动图象的特点,电场线的特点与应用
PHYSICS,波动图象的特点,磁感线的特点
PHYSICS,波动图象的特点,等势面的特点
PHYSICS,波动图象的特点,等势面的特点与应用
PHYSICS,波的干涉中振动加强点和减弱点的判断方法,传送带上物体能否与带共速（减速到零）的判断方法
PHYSICS,波的干涉中振动加强点和减弱点的判断方法,力做功正负的判断方法
PHYSICS,波的干涉中振动加强点和减弱点的判断方法,干涉加强点减弱点的现象判断法
PHYSICS,波的干涉中振动加强点和减弱点的判断方法,干涉加强点减弱点：反相波源的条件互换
PHYSICS,波的干涉中振动加强点和减弱点的判断方法,干涉加强点减弱点：同相波源的距离差条件
PHYSICS,波的干涉中振动加强点和减弱点的判断方法,弹力有无的三种判断方法
PHYSICS,波的干涉中振动加强点和减弱点的判断方法,弹力有无的四种判断方法
PHYSICS,波的干涉中振动加强点和减弱点的判断方法,波的干涉
PHYSICS,波的干涉中振动加强点和减弱点的判断方法,波的干涉、衍射与多普勒效应
PHYSICS,波的干涉中振动加强点和减弱点的判断方法,波的干涉中加强点与减弱点的判断
PHYSICS,波的干涉中振动加强点和减弱点的判断方法,波的干涉条件与加强减弱判据
PHYSICS,波的干涉中振动加强点和减弱点的判断方法,电势能大小的判断方法
PHYSICS,波的干涉中振动加强点和减弱点的判断方法,电势高低的判断方法
PHYSICS,波的干涉中振动加强点和减弱点的判断方法,电路故障分析的判断方法
PHYSICS,波的干涉中振动加强点和减弱点的判断方法,电路故障的判断方法
PHYSICS,波的干涉中振动加强点和减弱点的判断方法,等效最高点与等效最低点的确定方法
PHYSICS,波的干涉中振动加强点和减弱点的判断方法,超重与失重的判断方法
PHYSICS,波的干涉中振动加强点和减弱点的判断方法,超重失重的判断方法
PHYSICS,波的干涉中振动加强点和减弱点的判断方法,霍尔元件电势高低的判断方法
PHYSICS,波速v-波长λ和频率f-周期t的关系-v-λf,光进入新介质时频率不变，波长与光速改变
PHYSICS,波速v-波长λ和频率f-周期t的关系-v-λf,波速、波长与频率的关系
PHYSICS,波速v-波长λ和频率f-周期t的关系-v-λf,波长、波速、频率及三者的关系
PHYSICS,波速v-波长λ和频率f-周期t的关系-v-λf,波长、波速与频率及其关系
PHYSICS,波速v-波长λ和频率f-周期t的关系-v-λf,波长、波速与频率的关系
PHYSICS,波长λ-在波动中振动相位总是相同的两个相邻质点间的距离-用-λ-表示,由质点振动表达式求波动参量的方法
PHYSICS,注意事项-1-调节各器件的高度-使光源灯丝发出的光能沿遮光筒轴线到达光屏,加速度不同的连接体整体列式注意事项
PHYSICS,洛伦兹力,洛伦兹力与安培力的联系及区别
PHYSICS,洛伦兹力,配速法与洛伦兹力冲量法·计算注意事项
PHYSICS,活塞气缸模型,活塞气缸与液柱模型的分析方法
PHYSICS,流体模型,流体与微粒流冲击问题的柱状模型
PHYSICS,液柱模型,“液柱＋管”类问题的压强计算
PHYSICS,滑动变阻器两种接法的选择,滑动变阻器限流与分压接法的选择
PHYSICS,滑动变阻器两种接法的选择,电阻率实验中滑动变阻器与接法的选择
PHYSICS,滑动变阻器的限流式与分压式,极限法分析滑动变阻器引起的动态变化
PHYSICS,滑动变阻器的限流式与分压式,滑动变阻器分压接法与限流接法的比较
PHYSICS,滑动变阻器的限流式与分压式,滑动变阻器的限流接法与分压接法
PHYSICS,滑动变阻器的限流式与分压式,滑动变阻器限流与分压接法选择
PHYSICS,滑动摩擦力,摩擦力计算的三点注意
PHYSICS,滑动摩擦力,滑动摩擦力公式
PHYSICS,滑块-小球-弹簧模型,“光滑圆弧轨道＋滑块”类碰撞模型
PHYSICS,滑块-小球-弹簧模型,“滑块—弹簧”模型
PHYSICS,滑块-小球-弹簧模型,“滑块—弹簧”类碰撞模型
PHYSICS,滑块-小球-弹簧模型,小球（物体）—弹簧系统的守恒方程
PHYSICS,滑块-小球-弹簧模型,滑块—弹簧模型
PHYSICS,滑块-小球-弹簧模型,滑块—弹簧模型的两个关键状态
PHYSICS,滑块-小球-弹簧模型,物块（小球）—悬绳模型三要点
PHYSICS,滑块-斜面-曲面-模型-相对运动与临界问题,“滑块—曲面”类碰撞模型
PHYSICS,滑块-斜面-曲面-模型-相对运动与临界问题,单杆模型：恒定拉力下的运动与能量
PHYSICS,滑块-斜面-曲面-模型-相对运动与临界问题,来拒去留（感应电流阻碍相对运动）
PHYSICS,滑块-斜面-曲面-模型-相对运动与临界问题,滑块—曲面体模型
PHYSICS,滑块-斜面-曲面-模型-相对运动与临界问题,滑块—曲面（斜面）模型
PHYSICS,滑块-斜面-曲面-模型-相对运动与临界问题,滑块—曲面（斜面）模型的两个状态
PHYSICS,滑块-斜面-曲面-模型-相对运动与临界问题,自锁问题与临界角
PHYSICS,滑块-木板模型的临界问题,“滑块—木板”模型
PHYSICS,滑块-木板模型的临界问题,“滑块—木板”模型的求解方法
PHYSICS,滑块-木板模型的临界问题,小船渡河模型
PHYSICS,滑块-木板模型的临界问题,板块问题的动力学分析方法
PHYSICS,滑块-木板模型的临界问题,滑块—木板模型
PHYSICS,滑块-木板模型的临界问题,滑块—木板模型的分析方法
PHYSICS,滑块-木板模型的临界问题,滑块—木板模型的解题关键
PHYSICS,滑块-木板模型的临界问题,滑块—木板模型（动量角度）
PHYSICS,滑块-木板模型的临界问题,滑块—滑板模型的三类求解方法
PHYSICS,滑块-木板模型的临界问题,滑块木板模型
PHYSICS,滑块-木板模型的临界问题,滑块滑离木板的位移关系
PHYSICS,热力学第一定律,p-V 图像与热力学第一定律的综合分析
PHYSICS,热力学第一定律,气体实验定律与热力学第一定律综合问题的思维流程
PHYSICS,热力学第一定律,热力学第一定律与符号法则
PHYSICS,热力学第一定律,热力学第一定律用于理想气体的判定流程
PHYSICS,热力学第一定律,热力学第一定律的三个特例（绝热、不做功、内能不变）
PHYSICS,热力学第一定律,热力学第一定律的三种特殊情况
PHYSICS,热力学第一定律,热力学第一定律的正负号法则
PHYSICS,热力学第二定律,两类永动机与热力学第二定律
PHYSICS,热力学第二定律,热力学第一、第二定律的比较
PHYSICS,热力学第二定律,热力学第二定律的两种表述
PHYSICS,热力学第二定律,热力学第二定律的两种表述与微观意义
PHYSICS,热学实验中的误差分析,单摆实验的误差分析
PHYSICS,热学实验中的误差分析,单摆测重力加速度实验的误差分析
PHYSICS,热学实验中的误差分析,变压器实验的误差来源
PHYSICS,热学实验中的误差分析,定值电阻在电学实验中的妙用
PHYSICS,热学实验中的误差分析,实验中电表与器材的选择原则
PHYSICS,热学实验中的误差分析,小车速度实验的误差分析
PHYSICS,热学实验中的误差分析,探究 a-F-M 实验的系统误差分析
PHYSICS,热学实验中的误差分析,探究加速度实验的条件与误差分析
PHYSICS,热学实验中的误差分析,油膜法实验的误差来源
PHYSICS,热学实验中的误差分析,测量电阻率实验的误差分析
PHYSICS,热学实验中的误差分析,电学实验的通用安全与规范要点
PHYSICS,热学实验中的误差分析,电学实验设计的“一明二选三画”
PHYSICS,热学实验中的误差分析,电阻率实验的误差分析与注意事项
PHYSICS,焦耳定律,玻意耳定律（等温变化）
PHYSICS,焦耳定律,电功、电功率与焦耳定律
PHYSICS,牛顿第一定律,牛顿第一定律与惯性
PHYSICS,牛顿第三定律,牛顿第三定律及与平衡力的比较
PHYSICS,牛顿第二定律的理解-五性,牛顿第二定律
PHYSICS,牛顿第二定律的理解-五性,牛顿第二定律的瞬时问题（四步骤）
PHYSICS,牛顿第二定律的理解-五性,牛顿第二定律的适用范围
PHYSICS,牛顿第二定律的理解-五性,牛顿第二定律解题的建系方法
PHYSICS,牛顿第二定律的理解-五性,由开普勒第二定律比较行星速率
PHYSICS,牛顿第二定律的理解-五性,系统牛顿第二定律的应用
PHYSICS,牛顿运动三定律的基本概念和规律,“三定则、一定律”的因果关系
PHYSICS,牛顿运动三定律的基本概念和规律,“三定则一定律”的用途区分
PHYSICS,牛顿运动三定律的基本概念和规律,三定则一定律的分工
PHYSICS,牛顿运动三定律的基本概念和规律,天体运行规律与人造卫星·易混概念辨析
PHYSICS,牛顿运动三定律的基本概念和规律,开普勒行星运动三大定律
PHYSICS,牛顿运动三定律的基本概念和规律,牛顿运动定律的综合应用（方法类）·易混概念辨析
PHYSICS,牛顿运动三定律的基本概念和规律,牛顿运动定律的综合应用（模型类）·易混概念辨析
PHYSICS,牛顿运动三定律的理解和应用,交变电流“四值”的理解与应用对照
PHYSICS,牛顿运动三定律的理解和应用,牛顿运动定律的理解及基本应用·易混概念辨析（一）
PHYSICS,牛顿运动三定律的理解和应用,牛顿运动定律的理解及基本应用·易混概念辨析（二）
PHYSICS,牛顿运动三定律的理解和应用,牛顿运动定律的理解及基本应用·计算注意事项
PHYSICS,牛顿运动三定律的理解和应用,牛顿运动定律的综合应用（方法类）·计算注意事项
PHYSICS,牛顿运动三定律的理解和应用,牛顿运动定律的综合应用（模型类）·计算注意事项
PHYSICS,牛顿运动三定律的理解和应用,薄膜干涉的理解和应用
PHYSICS,物体看作质点的条件-物体的大小和形状对研究问题的影响可以忽略,单摆实验中摆长记录错误对 T²-l 图像的影响
PHYSICS,物体看作质点的条件-物体的大小和形状对研究问题的影响可以忽略,单摆测 g 中误差对结果方向的影响
PHYSICS,物体看作质点的条件-物体的大小和形状对研究问题的影响可以忽略,平抛恰好无碰撞进入圆弧轨道的条件
PHYSICS,物体看作质点的条件-物体的大小和形状对研究问题的影响可以忽略,斜面板块受向上牵引力保持相对静止的条件
PHYSICS,物体看作质点的条件-物体的大小和形状对研究问题的影响可以忽略,无外力双杆问题的最终状态
PHYSICS,物体看作质点的条件-物体的大小和形状对研究问题的影响可以忽略,有外力双杆问题的最终状态
PHYSICS,物体看作质点的条件-物体的大小和形状对研究问题的影响可以忽略,油膜法估测油酸分子的大小
PHYSICS,物体看作质点的条件-物体的大小和形状对研究问题的影响可以忽略,用油膜法估测油酸分子的大小
PHYSICS,物体看作质点的条件-物体的大小和形状对研究问题的影响可以忽略,质点
PHYSICS,物体间恰好不发生相对滑动-的临界条件是物体间恰好达到最大静摩擦力,一对滑动摩擦力做功与系统产生的内能
PHYSICS,物体间恰好不发生相对滑动-的临界条件是物体间恰好达到最大静摩擦力,临界法判断板块是否相对滑动（多个F）
PHYSICS,物体间恰好不发生相对滑动-的临界条件是物体间恰好达到最大静摩擦力,倾斜圆盘上物体最易滑动的位置与临界条件
PHYSICS,物体间恰好不发生相对滑动-的临界条件是物体间恰好达到最大静摩擦力,倾斜板块无初速度下滑不相对滑动的条件
PHYSICS,物体间恰好不发生相对滑动-的临界条件是物体间恰好达到最大静摩擦力,假设法判断板块是否相对滑动（单个F）
PHYSICS,物体间恰好不发生相对滑动-的临界条件是物体间恰好达到最大静摩擦力,动力学中三类临界条件汇总
PHYSICS,物体间恰好不发生相对滑动-的临界条件是物体间恰好达到最大静摩擦力,动力学中的临界、极值类问题
PHYSICS,物体间恰好不发生相对滑动-的临界条件是物体间恰好达到最大静摩擦力,动力学四类典型临界条件
PHYSICS,物体间恰好不发生相对滑动-的临界条件是物体间恰好达到最大静摩擦力,叠放体恰好不相对滑动的临界拉力
PHYSICS,物体间恰好不发生相对滑动-的临界条件是物体间恰好达到最大静摩擦力,摩擦力突变问题的临界分析
PHYSICS,物体间恰好不发生相对滑动-的临界条件是物体间恰好达到最大静摩擦力,摩擦力突变问题的临界特征
PHYSICS,物体间恰好不发生相对滑动-的临界条件是物体间恰好达到最大静摩擦力,星球瓦解与黑洞的临界条件
PHYSICS,物体间恰好不发生相对滑动-的临界条件是物体间恰好达到最大静摩擦力,水平板块模型的两个最大静摩擦力
PHYSICS,物体间恰好不发生相对滑动-的临界条件是物体间恰好达到最大静摩擦力,水平转盘上物体的临界分析
PHYSICS,物体间恰好不发生相对滑动-的临界条件是物体间恰好达到最大静摩擦力,水平转盘模型（静摩擦力提供向心力）
PHYSICS,物体间恰好不发生相对滑动-的临界条件是物体间恰好达到最大静摩擦力,系统内两物体机械能转移：一增一减等量
PHYSICS,物体间恰好不发生相对滑动-的临界条件是物体间恰好达到最大静摩擦力,静摩擦力的特点
PHYSICS,物理意义-一切自发过程总是沿着分子热运动的无序度增大的方向进行程,功的正负的物理意义
PHYSICS,物理意义-一切自发过程总是沿着分子热运动的无序度增大的方向进行程,功能图像中图线斜率的物理意义
PHYSICS,物理意义-一切自发过程总是沿着分子热运动的无序度增大的方向进行程,布朗运动与分子热运动的比较
PHYSICS,物理意义-一切自发过程总是沿着分子热运动的无序度增大的方向进行程,电动势的物理意义
PHYSICS,物理意义-一切自发过程总是沿着分子热运动的无序度增大的方向进行程,能量类图像斜率的物理意义
PHYSICS,特殊值法-对于某些特殊电路问题-可以采取代入特殊值的方法去判定,串反并同法的局限与替代方法
PHYSICS,特殊情形-三力平衡,三力平衡之辅助圆（正弦定理）法
PHYSICS,特殊情形-三力平衡,衍射表明“光沿直线传播”只是特殊情况
PHYSICS,特点-f-b-f-v-即f垂直于b与v决定的平面-f与v始终垂直-洛伦兹力不做功,各种力做功的特点
PHYSICS,特点-f-b-f-v-即f垂直于b与v决定的平面-f与v始终垂直-洛伦兹力不做功,各种常见力做功的特点
PHYSICS,特点-f-b-f-v-即f垂直于b与v决定的平面-f与v始终垂直-洛伦兹力不做功,洛伦兹力
PHYSICS,特点-f-b-f-v-即f垂直于b与v决定的平面-f与v始终垂直-洛伦兹力不做功,洛伦兹力的大小、方向与特点
PHYSICS,特点-f-b-f-v-即f垂直于b与v决定的平面-f与v始终垂直-洛伦兹力不做功,洛伦兹力的方向、大小与不做功特性
PHYSICS,特点-f-b-f-v-即f垂直于b与v决定的平面-f与v始终垂直-洛伦兹力不做功,洛伦兹力的特点
PHYSICS,特点-整个导体回路的电阻一般很小-感应电流很大-故金属块的发热功率很大,不平行（扇形）导轨的有效长度与回路电阻
PHYSICS,特点-整个导体回路的电阻一般很小-感应电流很大-故金属块的发热功率很大,安安法测电阻
PHYSICS,特点-整个导体回路的电阻一般很小-感应电流很大-故金属块的发热功率很大,用伏安法测金属块电阻率的表达式
PHYSICS,特点-整个导体回路的电阻一般很小-感应电流很大-故金属块的发热功率很大,电桥法测电阻（平衡电桥）
PHYSICS,特点-整个导体回路的电阻一般很小-感应电流很大-故金属块的发热功率很大,相同导体接触后的电荷分配
PHYSICS,特点-整个导体回路的电阻一般很小-感应电流很大-故金属块的发热功率很大,相同导体接触后的电荷分配原则
PHYSICS,环绕天体法-计算天体的质量,环绕法求天体密度（含近地简化式）
PHYSICS,环绕天体法-计算天体的质量,用近地卫星周期估算天体密度
PHYSICS,玻尔原子模型的三条假设,玻尔模型的三个基本假设
PHYSICS,玻尔原子模型的三条假设,玻尔的原子模型
PHYSICS,玻尔原子模型的三条假设,碰撞遵循的三条原则（含速度合理性）
PHYSICS,玻尔原子模型的三条假设,碰撞问题遵守的三条原则
PHYSICS,玻尔原子模型的三条假设,碰撞问题遵循的三条原则
PHYSICS,玻尔理论的几个重要概念,玻尔理论的三要点与能级跃迁
PHYSICS,理想变压器的两类动态分析,变压器的特殊情形分析
PHYSICS,理想变压器的两类动态分析,理想变压器的动态分析
PHYSICS,理想变压器的关系式,变压器的等效电阻模型
PHYSICS,理想变压器的关系式,理想变压器功率关系（输入由输出决定）
PHYSICS,理想变压器的关系式,理想变压器电压关系 $\frac{U_1}{U_2}=\frac{n_1}{n_2}$
PHYSICS,理想变压器的关系式,理想变压器电流关系（单一副线圈）$\frac{I_1}{I_2}=\frac{n_2}{n_1}$
PHYSICS,理想变压器的关系式,理想变压器电流关系（多副线圈）
PHYSICS,理想变压器的关系式,理想变压器的基本关系
PHYSICS,理想变压器的制约关系,理想变压器的基本关系与制约
PHYSICS,理想变压器的制约关系,理想变压器的基本关系与制约关系
PHYSICS,理想气体状态方程,气体压强的微观决定与理想气体模型
PHYSICS,理想气体状态方程,气体实验定律与理想气体状态方程
PHYSICS,理想气体状态方程,理想气体状态方程与三个实验定律
PHYSICS,理想气体状态方程,用克拉伯龙方程处理气体混合（分态求和公式）
PHYSICS,理想气体的状态方程,关联气体问题（两部分气体的关联关系）
PHYSICS,理想气体的状态方程,理想气体的四类变质量问题
PHYSICS,用力传感器或已知质量的钩码等代替弹簧测力计,用力传感器测绳拉力时不再需要质量远小条件
PHYSICS,用力传感器或已知质量的钩码等代替弹簧测力计,用压力传感器水平放置弹簧消除自重影响
PHYSICS,用动力学观点分析,动量观点与动力学观点的选用
PHYSICS,用动力学观点分析,恒力作用涉及运动细节时用动力学观点
PHYSICS,由测定加速度延伸为测定动摩擦因数,“电容器+杆”模型（恒力）：恒定加速度 $a=\frac{F}{m+B^2L^2C}$
PHYSICS,由测定加速度延伸为测定动摩擦因数,单杆＋电容器模型的匀加速特征
PHYSICS,由测定加速度延伸为测定动摩擦因数,机车恒定加速度启动
PHYSICS,由测定加速度延伸为测定动摩擦因数,测动摩擦因数的创新方案
PHYSICS,由测定加速度延伸为测定动摩擦因数,测量动摩擦因数的基本原理
PHYSICS,电动势,安阻法与伏阻法测电动势内阻
PHYSICS,电动势,电源与电动势
PHYSICS,电势差与电场强度的关系,φ-x 图线极值点与场强的关系
PHYSICS,电势差与电场强度的关系,匀强电场 U=Ed 的三条推论
PHYSICS,电势差与电场强度的关系,匀强电场中电势差与场强的关系
PHYSICS,电势差与电场强度的关系,点电荷的场强与电场叠加
PHYSICS,电势差与电场强度的关系,电势与电势差
PHYSICS,电势差与电场强度的关系,电势差与匀强电场中 U=Ed
PHYSICS,电势差与电场强度的关系,电势差与电场力做功
PHYSICS,电势差与电场强度的关系,电势高低与电势能大小的判断：做功法
PHYSICS,电势差与电场强度的关系,电势高低与电势能大小的判断：结论法
PHYSICS,电势差与电场强度的关系,电场强度的三个公式及适用范围
PHYSICS,电势差与电场强度的关系,电场强度的三个公式比较
PHYSICS,电势差与电场强度的关系,电场强度的三个性质
PHYSICS,电势差与电场强度的关系,电场强度的定义与计算公式
PHYSICS,电势差与电场强度的关系,等量同种正点电荷：中垂线上的场强与电势分布
PHYSICS,电势差与电场强度的关系,等量同种正点电荷：连线上的场强与电势分布
PHYSICS,电势差与电场强度的关系,等量异种点电荷：中垂线上的场强与电势分布
PHYSICS,电势差与电场强度的关系,等量异种点电荷：连线上的场强与电势分布
PHYSICS,电势能,电势与电势能
PHYSICS,电压表-电流表的改装,0~15 V 电压表的估读规范
PHYSICS,电压表-电流表的改装,光电管的正向与反向电压分析
PHYSICS,电压表-电流表的改装,半偏法测电表内阻
PHYSICS,电压表-电流表的改装,差值法（伏伏法、安安法）测电表内阻的公式
PHYSICS,电压表-电流表的改装,电压半偏法测电压表内阻
PHYSICS,电压表-电流表的改装,电流表与电压表的改装
PHYSICS,电压表-电流表的改装,电流计改装成电压表与电流表
PHYSICS,电压表-电流表的改装,电表的改装
PHYSICS,电压表-电流表的改装,表头改装的原理与计算
PHYSICS,电场,电场中只受电场力时的能量守恒
PHYSICS,电场中的功能关系,电场中功能关系的四条表述
PHYSICS,电场中的功能关系,电场中的四条功能关系
PHYSICS,电场强度,对称法求非点电荷电场的场强
PHYSICS,电场强度,电场强度叠加的四种方法
PHYSICS,电场强度,电场强度矢量叠加的特殊方法
PHYSICS,电场线,由轨迹判断电性与受力
PHYSICS,电场线,电场线的四点应用
PHYSICS,电场线,轨迹与电场线重合的三条件
PHYSICS,电容-通交流-隔直流-通高频-阻低频,电感和电容对交变电流的影响
PHYSICS,电容器,“电容器+杆”收尾易错点：电流为零但电容器电荷量不为零
PHYSICS,电容器,含容电路的简化约定
PHYSICS,电容器,含容电路：电容器稳定后相当于断路
PHYSICS,电容器充放电过程,“电容器+电源+杆”模型：末速度 $v_m=\frac{BLCE}{m+B^2L^2C}$
PHYSICS,电容器充放电过程,“电容器＋导轨＋棒”的充电式与放电式模型
PHYSICS,电容器充放电过程,电容器与电容
PHYSICS,电容器充放电过程,电容器充放电实验结论与注意事项
PHYSICS,电容器充放电过程,电容器充放电的 I-t 图像与面积含义
PHYSICS,电容器充放电过程,电容器充放电过程中的能量转化
PHYSICS,电容器充放电过程,电容器充电过程的实验现象
PHYSICS,电容器充放电过程,电容器放电过程的实验现象
PHYSICS,电容器充放电过程,电容器的充放电判断与通过导线的电荷量
PHYSICS,电容器充放电过程,电容器的充电与放电
PHYSICS,电容器充放电过程,电容器的构成与充放电
PHYSICS,电容器充放电过程,电磁感应+电容：无外力充电式
PHYSICS,电容器充放电过程,电磁感应+电容：无外力放电式
PHYSICS,电容器充放电过程,观察电容器充、放电现象的实验
PHYSICS,电流,不等距双杆（光滑、恒外力）：稳定时 $l_a a_1=l_b a_2$ 且电流恒定
PHYSICS,电流做功的实质-电能转化成其他形式能的过程,系统内一种形式机械能减少量等于其他形式增加量
PHYSICS,电流表的内-外接法的选择,伏安法测电阻的内外接选择
PHYSICS,电流表的内-外接法的选择,伏安法测电阻：内接与外接的选择
PHYSICS,电流表的内-外接法的选择,伏安法测电阻：电流表内接法
PHYSICS,电流表的内-外接法的选择,伏安法测电阻：电流表外接法
PHYSICS,电流表的内-外接法的选择,电流表内接与外接的选择
PHYSICS,电流表的内-外接法的选择,电流表内接法与外接法的比较
PHYSICS,电流表的内-外接法的选择,电流表内阻或电压表内阻已知时的接法选择
PHYSICS,电流表的内-外接法的选择,试触法选择电流表内接或外接
PHYSICS,电源的内阻-电源内部是由导体构成-所以也有电阻-这个电阻叫做电源的内阻,电桥法与双电源法测电阻
PHYSICS,电源的内阻-电源内部是由导体构成-所以也有电阻-这个电阻叫做电源的内阻,电源的 U-I 图像
PHYSICS,电源的功率问题,电源的总功率与内耗功率
PHYSICS,电源输出功率-整个外电路上消耗的电功率,同一输出功率对应的两外阻关系R₁R₂=r²
PHYSICS,电源输出功率-整个外电路上消耗的电功率,电源的功率分配与最大输出功率
PHYSICS,电源输出功率-整个外电路上消耗的电功率,电源输出功率最大的条件
PHYSICS,电源输出功率-整个外电路上消耗的电功率,电源输出功率最大的条件与公式
PHYSICS,电源输出功率-整个外电路上消耗的电功率,输电线上的电压损失与功率损失
PHYSICS,电源输出功率-整个外电路上消耗的电功率,闭合电路的功率与效率
PHYSICS,电磁感应,电磁感应中求焦耳热的三种方法
PHYSICS,电磁感应中的三大动力学观点,力电综合问题的三大观点处理流程
PHYSICS,电磁感应中的三大动力学观点,电磁感应中动力学问题的四步分析
PHYSICS,电磁感应中的三大动力学观点,电磁感应中的动量观点应用
PHYSICS,电磁感应中的三大动力学观点,电磁感应动力学的两种状态
PHYSICS,电磁感应中的三大动力学观点,电磁感应动力学问题的分析框架
PHYSICS,电磁感应中的双棒模型,双棒模型（无外力）的最终状态与守恒关系
PHYSICS,电磁感应中的图像问题,波的图像
PHYSICS,电磁感应中的图像问题,电场中的图像问题
PHYSICS,电磁感应中的图像问题,电磁感应图像问题的“四明确、一理解”
PHYSICS,电磁感应中的图像问题,电磁感应图像问题的两大类型
PHYSICS,电磁感应中的图像问题,电磁感应图像问题的分析方法
PHYSICS,电磁感应中的图像问题,电磁感应图像问题的常用方法
PHYSICS,电磁感应中的图像问题,电磁感应图像问题的类型
PHYSICS,电磁感应中的电路问题,现代科技中的电磁感应模型
PHYSICS,电磁感应中的电路问题,电磁感应中电路问题的分析步骤
PHYSICS,电磁感应中的电路问题,电磁感应中的动量定理（安培力冲量 BLq）
PHYSICS,电磁感应中的电路问题,电磁感应中的能量问题与焦耳热求法
PHYSICS,电磁感应中的电路问题,电磁感应中通过回路的电荷量 $q=\frac{\Delta\Phi}{R}$
PHYSICS,电磁感应中的电路问题,电磁感应中通过导体的电荷量
PHYSICS,电磁感应中的电路问题,电磁感应新情境问题的求解策略
PHYSICS,电磁感应中的电路问题,电磁感应电路问题的分析方法
PHYSICS,电磁感应现象,电磁感应+电容：恒力匀加速式
PHYSICS,电磁感应现象,电磁感应综合的安培力桥梁与能量实质
PHYSICS,电磁感应现象及其应用,电磁感应的科技应用场景与模型对应
PHYSICS,电磁打点计时器,打点计时器与探究小车运动实验
PHYSICS,电磁打点计时器,打点计时器的使用要点
PHYSICS,电磁打点计时器,电磁打点计时器与电火花计时器的比较
PHYSICS,电磁振荡,LC 振荡电路
PHYSICS,电磁说-麦克斯韦认为光是一种电磁波,麦克斯韦电磁场理论与电磁波
PHYSICS,电荷守恒定律,电荷、三种起电方式与电荷守恒定律
PHYSICS,电荷守恒定律,电荷守恒定律与三种起电方式
PHYSICS,电荷守恒定律,电荷守恒定律与起电方式
PHYSICS,电表的改装,常用电表的读数规则
PHYSICS,电表的改装,电表的改装原理
PHYSICS,电表的改装,电表的读数方法与使用规范
PHYSICS,电路的故障分析,串并联电路的分压分流与功率分配
PHYSICS,电路的故障分析,动态电路的极端分析法
PHYSICS,电路的故障分析,热敏电阻与电磁继电器温控电路的分析
PHYSICS,电路的故障分析,电路故障排查的器材选择原则
PHYSICS,电阻定律,电阻定律与电阻率
PHYSICS,电阻率,测量金属丝电阻率实验的操作要领
PHYSICS,电阻率,用正方体容器测量电解液电阻率
PHYSICS,相似三角形-动态三角形-拉密定理等方法解决临界极值问题,三力平衡之相似三角形法
PHYSICS,相似三角形-动态三角形-拉密定理等方法解决临界极值问题,三力平衡之矢量三角形法
PHYSICS,相似三角形-动态三角形-拉密定理等方法解决临界极值问题,三力平衡的三角形法与拉密定理
PHYSICS,相似三角形-动态三角形-拉密定理等方法解决临界极值问题,动态平衡问题
PHYSICS,相似三角形-动态三角形-拉密定理等方法解决临界极值问题,相似三角形法处理动态平衡
PHYSICS,相似三角形-动态三角形-拉密定理等方法解决临界极值问题,相似三角形法解动态平衡
PHYSICS,相对湿度,湿度：绝对湿度、相对湿度与湿度计
PHYSICS,瞬时性突变类问题-轻绳-轻弹簧,小船渡河的四类问题
PHYSICS,瞬时性突变类问题-轻绳-轻弹簧,瞬时加速度问题
PHYSICS,瞬时性突变类问题-轻绳-轻弹簧,瞬时突变：轻绳轻杆可突变，轻弹簧不突变
PHYSICS,瞬时性突变类问题-轻绳-轻弹簧,碰撞类问题遵循的三条原则
PHYSICS,瞬时性突变类问题-轻绳-轻弹簧,轻绳、轻杆、弹簧的受力特点
PHYSICS,瞬时性突变类问题-轻绳-轻弹簧,轻绳、轻杆、弹簧的受力特点对比
PHYSICS,瞬时性突变类问题-轻绳-轻弹簧,轻绳、轻杆、橡皮筋、轻弹簧的对比
PHYSICS,瞬时性突变类问题-轻绳-轻弹簧,轻绳、轻杆、轻弹簧三类模型比较
PHYSICS,瞬时速度,平抛与界面结合时速度关系与位移关系的选择
PHYSICS,瞬时速度,瞬时功率的三种等价形式
PHYSICS,矢量和标量,矢量与标量
PHYSICS,磁场,地磁场
PHYSICS,磁场的基本概念和性质,三大性质力·易混概念辨析（一）
PHYSICS,磁场的基本概念和性质,三大性质力·易混概念辨析（二）
PHYSICS,磁场的基本概念和性质,圆形边界磁场的常用几何关系
PHYSICS,磁场的基本概念和性质,磁场及其对电流的作用·易混概念辨析（一）
PHYSICS,磁场的基本概念和性质,磁场及其对电流的作用·易混概念辨析（二）
PHYSICS,磁场的基本概念和性质,磁场的叠加
PHYSICS,磁场的基本概念和性质,磁场的性质与磁感线
PHYSICS,磁感应强度,磁场及磁感应强度
PHYSICS,磁感应强度,磁感应强度与磁场的叠加
PHYSICS,磁感应强度,磁感应强度与磁感线
PHYSICS,磁感应强度,磁感应强度与磁通量
PHYSICS,磁聚焦模型和磁发散模型,动态圆、磁聚焦与磁发散·易混概念辨析
PHYSICS,磁聚焦模型和磁发散模型,动态圆、磁聚焦与磁发散·计算注意事项
PHYSICS,磁聚焦模型和磁发散模型,磁聚焦与磁发散
PHYSICS,磁聚焦模型和磁发散模型,磁聚焦与磁发散模型
PHYSICS,磁通量φ-磁通量的变化量δφ及磁通量的变化率的比较,磁通量、磁通量变化量与变化率的比较
PHYSICS,磁通量φ-磁通量的变化量δφ及磁通量的变化率的比较,磁通量及其变化量
PHYSICS,磁通量φ-磁通量的变化量δφ及磁通量的变化率的比较,磁通量变化的常见情况
PHYSICS,程序法-遵循-局部-整体-局部-的思路,动态电路分析的程序法
PHYSICS,竖直上抛运动的处理方法,不同平面内天体相遇的处理
PHYSICS,竖直上抛运动的处理方法,判断一个振动是否为简谐运动的方法
PHYSICS,竖直上抛运动的处理方法,刹车类与双向可逆类匀减速运动的处理差异
PHYSICS,竖直上抛运动的处理方法,叠加场中典型运动形式及处理方法
PHYSICS,竖直上抛运动的处理方法,含容电路的处理方法
PHYSICS,竖直上抛运动的处理方法,平抛运动的分解方法
PHYSICS,竖直上抛运动的处理方法,探究平抛运动实验的数据处理
PHYSICS,竖直上抛运动的处理方法,斜抛运动
PHYSICS,竖直上抛运动的处理方法,斜抛运动的处理方法
PHYSICS,竖直上抛运动的处理方法,斜抛运动的正交分解模型
PHYSICS,竖直上抛运动的处理方法,测电阻率的数据处理方法
PHYSICS,竖直上抛运动的处理方法,用水平位移检验平抛水平分运动的等时方法
PHYSICS,竖直上抛运动的处理方法,竖直上抛的两种研究方法
PHYSICS,竖直上抛运动的处理方法,竖直上抛的多解性
PHYSICS,竖直上抛运动的处理方法,竖直上抛运动
PHYSICS,竖直上抛运动的处理方法,竖直上抛运动的规律与对称性
PHYSICS,竖直上抛运动的处理方法,纸带数据的处理方法
PHYSICS,竖直上抛运动的处理方法,自由落体与竖直上抛的规律与对称性
PHYSICS,竖直上抛运动的处理方法,自由落体与竖直上抛运动
PHYSICS,竖直上抛运动的处理方法,逐差法处理奇数段纸带数据的方法
PHYSICS,第二类永动机,第二类永动机不可能制成
PHYSICS,等势面,由等势面疏密判断场强
PHYSICS,等效替代法,合力与分力
PHYSICS,等效替代法,替代法测电阻（电流、电压等效替代）
PHYSICS,等效替代法,等效替代法测电阻
PHYSICS,等效法在变压器和远距离输电中的应用,等效替换法的广泛应用
PHYSICS,等效法在变压器和远距离输电中的应用,等效电阻法：负载折算电阻 $R'=\left(\frac{n_1}{n_2}\right)^2R$
PHYSICS,等效法在变压器和远距离输电中的应用,远距离输电的“三二一”分析框架
PHYSICS,等效法在变压器和远距离输电中的应用,远距离输电的三个回路及关联物理量
PHYSICS,等效法在变压器和远距离输电中的应用,远距离输电的分析
PHYSICS,等效法在变压器和远距离输电中的应用,远距离高压输电的分析关系
PHYSICS,等效法在变压器和远距离输电中的应用,远距离高压输电的基本关系
PHYSICS,等效法求解电场中圆周运动问题的解题思路,“活塞＋汽缸”类问题的解题思路
PHYSICS,等效法求解电场中圆周运动问题的解题思路,交变电场问题的解题技巧：v-t图像结合周期性
PHYSICS,等效法求解电场中圆周运动问题的解题思路,叠加场中重力与电场力抵消时做匀速圆周运动
PHYSICS,等效法求解电场中圆周运动问题的解题思路,场强叠加与特殊带电体求解四法
PHYSICS,等效法求解电场中圆周运动问题的解题思路,均匀带电圆环缺口的等效法求圆心场强
PHYSICS,等效法求解电场中圆周运动问题的解题思路,平抛运动问题的解题思路
PHYSICS,等效法求解电场中圆周运动问题的解题思路,磁场中圆周运动圆心、半径与时间的确定方法
PHYSICS,等效法求解电场中圆周运动问题的解题思路,磁场中圆周运动圆心的确定方法
PHYSICS,等效法求解电场中圆周运动问题的解题思路,等效重力场中圆周运动的对应概念
PHYSICS,等效法求解电场中圆周运动问题的解题思路,置换参考系法求解相对运动问题
PHYSICS,等效电源法处理电路中的功率问题,“等效电源”方法
PHYSICS,等效电源法处理电路中的功率问题,原线圈含负载的等效电源法：$E'=\frac{U}{k}$，$r'=\frac{R_0}{k^2}$
PHYSICS,等效电源法处理电路中的功率问题,变压器的等效电源模型
PHYSICS,等效电源法处理电路中的功率问题,测电源电动势内阻的电路选择与等效电源法
PHYSICS,等效电源法处理电路中的功率问题,电磁感应电路“三部曲”与电势高低的确定
PHYSICS,等效电源法处理电路中的功率问题,电路动态分析中 ΔU/ΔI 的结论
PHYSICS,等效电源法处理电路中的功率问题,频闪照片法处理平抛数据
PHYSICS,等效重力场,等效重力场中的物理最高点与几何最高点
PHYSICS,等效重力场,等效重力场方法
PHYSICS,等效重力场,等效重力场（复合场圆周运动）
PHYSICS,等效重力场,等效重力法与等效最高点
PHYSICS,等时圆使用条件,E=Blv 的使用条件与有效切割长度
PHYSICS,等时圆使用条件,动力分配原理的使用条件
PHYSICS,简谐运动,单杆＋自感线圈模型的简谐运动结论
PHYSICS,简谐运动,简谐运动的图像（x-t 图像）
PHYSICS,简谐运动,简谐运动的定义
PHYSICS,简谐运动,简谐运动的定义与回复力
PHYSICS,简谐运动,简谐运动的定义与表达式
PHYSICS,简谐运动,简谐运动的平衡位置
PHYSICS,简谐运动,简谐运动的能量与周期性特征
PHYSICS,简谐运动,简谐运动的能量特征
PHYSICS,简谐运动,简谐运动的表达式与图像
PHYSICS,简谐运动,简谐运动的表达式与相位
PHYSICS,系统-内力和外力,整体法优先场景（不涉及内力计算）
PHYSICS,系统-内力和外力,爆炸
PHYSICS,系统误差,M远大于m的实验条件
PHYSICS,系统误差,欧姆表的系统误差
PHYSICS,系统误差,测E和r的系统误差：电压表直接接电源两端
PHYSICS,系统误差,测E和r的系统误差：电流表串入电源支路
PHYSICS,系统误差,系统误差、偶然误差与有效数字
PHYSICS,系统误差,系统误差、偶然误差与相对误差
PHYSICS,纯电阻电路和非纯电阻电路的处理,串并联电路的功率分配
PHYSICS,纯电阻电路和非纯电阻电路的处理,电功、电热与纯电阻、非纯电阻电路
PHYSICS,纯电阻电路和非纯电阻电路的处理,电功、电热与纯电阻电路
PHYSICS,纯电阻电路和非纯电阻电路的处理,电表与开关的电阻化处理约定
PHYSICS,纸带在力学实验中的应用分析,力学实验题的“一明二看三提”
PHYSICS,结合能,结合能与比结合能
PHYSICS,结论法-串反并同-应用条件为电源内阻不为零,串反并同结论
PHYSICS,结论法-串反并同-应用条件为电源内阻不为零,半偏法测电流表内阻的步骤与结论
PHYSICS,结论法-串反并同-应用条件为电源内阻不为零,闭合电路动态分析的“串反并同”结论
PHYSICS,绳球模型-杆球模型两类经典模型中的临界条件-情景分析,单摆的模型条件与动力学分析
PHYSICS,绳球模型-杆球模型两类经典模型中的临界条件-情景分析,竖直圆轨道不脱轨的两类条件
PHYSICS,绳球模型-杆球模型两类经典模型中的临界条件-情景分析,竖直面内绳球与杆球模型的临界条件
PHYSICS,胡克定律,盖-吕萨克定律（等压变化）
PHYSICS,胡克定律,胡克定律与劲度系数
PHYSICS,胡克定律,胡克定律与弹簧弹力
PHYSICS,能量守恒定律,电场中的能量守恒
PHYSICS,能量观点-用动能定理和能量守恒观点解题-可处理非匀变速运动问题,全程法应用动能定理处理多过程问题
PHYSICS,能量观点-用动能定理和能量守恒观点解题-可处理非匀变速运动问题,分段法应用动能定理处理多过程问题
PHYSICS,能量观点-用动能定理和能量守恒观点解题-可处理非匀变速运动问题,力的持续作用：涉及时间用动量定理、涉及位移用动能定理
PHYSICS,能量观点-用动能定理和能量守恒观点解题-可处理非匀变速运动问题,动力学观点与能量观点的选择策略
PHYSICS,能量观点-用动能定理和能量守恒观点解题-可处理非匀变速运动问题,动能定理处理多过程与变力问题
PHYSICS,能量观点-用动能定理和能量守恒观点解题-可处理非匀变速运动问题,动能定理处理多过程问题
PHYSICS,能量观点-用动能定理和能量守恒观点解题-可处理非匀变速运动问题,双向可逆类问题的全程处理
PHYSICS,能量观点-用动能定理和能量守恒观点解题-可处理非匀变速运动问题,往复运动问题中总路程的求法
PHYSICS,能量观点-用动能定理和能量守恒观点解题-可处理非匀变速运动问题,往复运动问题用动能定理求解
PHYSICS,能量观点-用动能定理和能量守恒观点解题-可处理非匀变速运动问题,用动力学和能量观点分析多运动组合问题
PHYSICS,能量观点-用动能定理和能量守恒观点解题-可处理非匀变速运动问题,由动量定理求电荷量、位移与时间
PHYSICS,能量观点-用动能定理和能量守恒观点解题-可处理非匀变速运动问题,电场中力电综合问题的三大观点
PHYSICS,能量观点-用动能定理和能量守恒观点解题-可处理非匀变速运动问题,碰撞判据：系统动能不增加
PHYSICS,能量转化-导体克服安培力做功-其他形式能转化为电能-最终转化为内能,“电源+杆”模型能量：电源输出的电能转化为动能
PHYSICS,能量转化-导体克服安培力做功-其他形式能转化为电能-最终转化为内能,“电阻+杆”模型（无外力）能量：动能全部转化为内能
PHYSICS,能量转化-导体克服安培力做功-其他形式能转化为电能-最终转化为内能,不平行导轨模型的能量转化
PHYSICS,能量转化-导体克服安培力做功-其他形式能转化为电能-最终转化为内能,安培力做功的特点与实质
PHYSICS,能量转化-导体克服安培力做功-其他形式能转化为电能-最终转化为内能,电势高低与电势能大小的判断：能量守恒法
PHYSICS,能量转化-导体克服安培力做功-其他形式能转化为电能-最终转化为内能,线框穿越磁场的能量转化关系
PHYSICS,脱轨条件与类型,等距双杆（粗糙、一杆受恒定外力）：启动条件与最终状态
PHYSICS,自力更生法-求解地球-中心天体-质量,天体质量与密度的计算方法
PHYSICS,自力更生法-求解地球-中心天体-质量,开普勒常量与中心天体质量的关系
PHYSICS,自力更生法-求解地球-中心天体-质量,环绕法求中心天体质量
PHYSICS,自感现象的理解,爆炸现象的三个规律
PHYSICS,自感现象的理解,自感现象中的通电与断电特点
PHYSICS,自感电动势的大小-el-l-式中l为自感系数-它可以超出线圈两端的原电压,测电动势实验中电压表示数变化范围过小的原因与改进
PHYSICS,自感电动势的大小-el-l-式中l为自感系数-它可以超出线圈两端的原电压,电压表排查故障的示数判读
PHYSICS,自感电动势的大小-el-l-式中l为自感系数-它可以超出线圈两端的原电压,自感、互感与自感系数
PHYSICS,自感电动势的大小-el-l-式中l为自感系数-它可以超出线圈两端的原电压,自感现象
PHYSICS,自感电动势的大小-el-l-式中l为自感系数-它可以超出线圈两端的原电压,自感现象的特点与断电闪亮
PHYSICS,自由落体运动,双球对比实验（平抛与自由落体）的结论
PHYSICS,自由落体运动,自由落体运动的适用辨析
PHYSICS,自由落体运动,自由落体运动规律
PHYSICS,航天现象中圆周运动的情景创新的问题处理,匀速圆周运动的周期性与多解问题
PHYSICS,航天现象中圆周运动的情景创新的问题处理,变速圆周运动的受力处理
PHYSICS,航天现象中圆周运动的情景创新的问题处理,向心力的来源与变速圆周运动处理
PHYSICS,航天现象中圆周运动的情景创新的问题处理,扩散现象、布朗运动与热运动的比较
PHYSICS,航天现象中圆周运动的情景创新的问题处理,磁场中圆周运动的圆心、半径与时间确定
PHYSICS,若单独利用动量观点-或能量观点-无法解决问题-可尝试两种观点结合联立方程求解,三大观点解决力学问题
PHYSICS,若边线宽度不等于玻璃砖宽度时引起的误差分析,伏安法测电动势内阻的误差（电压表近电源）
PHYSICS,若边线宽度不等于玻璃砖宽度时引起的误差分析,伏安法测电动势内阻的误差（电流表近电源）
PHYSICS,若边线宽度不等于玻璃砖宽度时引起的误差分析,半偏法测电压表内阻的误差分析
PHYSICS,若边线宽度不等于玻璃砖宽度时引起的误差分析,半偏法测电流表内阻的误差分析
PHYSICS,若边线宽度不等于玻璃砖宽度时引起的误差分析,平行玻璃砖、三棱镜与圆柱体对光路的控制
PHYSICS,若边线宽度不等于玻璃砖宽度时引起的误差分析,折射率实验的误差与注意事项
PHYSICS,若边线宽度不等于玻璃砖宽度时引起的误差分析,测电动势内阻的误差分析
PHYSICS,若边线宽度不等于玻璃砖宽度时引起的误差分析,测电源电动势和内阻的误差分析
PHYSICS,若边线宽度不等于玻璃砖宽度时引起的误差分析,测量电阻率的误差分析
PHYSICS,若边线宽度不等于玻璃砖宽度时引起的误差分析,玻璃砖、三棱镜与圆柱体对光路的控制
PHYSICS,若边线宽度不等于玻璃砖宽度时引起的误差分析,玻璃砖宽度对折射率测量误差的影响
PHYSICS,薄膜干涉,用薄膜干涉检查平面平整度（条纹弯曲判凹凸）
PHYSICS,薄膜干涉,薄膜干涉明暗条纹判断（路程差等于2倍厚度）
PHYSICS,薄膜干涉的应用,薄膜干涉及其应用
PHYSICS,薄膜干涉的应用,薄膜干涉的形成原因（前后表面反射光叠加）
PHYSICS,薄膜干涉的应用,薄膜干涉的成因与应用
PHYSICS,衍射-波在传播过程中可以绕过障碍物继续传播的现象叫做波的衍射,光的衍射现象
PHYSICS,衍射-波在传播过程中可以绕过障碍物继续传播的现象叫做波的衍射,波的衍射
PHYSICS,衍射-波在传播过程中可以绕过障碍物继续传播的现象叫做波的衍射,波的衍射及其明显条件
PHYSICS,衍射-波在传播过程中可以绕过障碍物继续传播的现象叫做波的衍射,波长越长衍射越明显；任何情况下都可发生衍射
PHYSICS,表面张力,晶体与非晶体、液体的表面张力
PHYSICS,表面张力,液体表面张力、浸润与毛细现象
PHYSICS,表面张力,液体表面张力的特点
PHYSICS,规律的用途-利用天然放射性元素的半衰期可以估测岩石-化石和文物的年代,半衰期
PHYSICS,角速度,卫星运行参量“越高越慢”的结论
PHYSICS,解决波的多解问题的思路和步骤,波传播的多解问题
PHYSICS,解决波的多解问题的思路和步骤,波的传播多解问题的处理
PHYSICS,解决波的多解问题的思路和步骤,波的多解因素：双向性
PHYSICS,解决波的多解问题的思路和步骤,波的多解因素：周期性
PHYSICS,解决波的多解问题的思路和步骤,波的多解问题的成因
PHYSICS,解决波的多解问题的思路和步骤,设计自动控制装置的一般思路
PHYSICS,误差分析-x1,a-F 图像异常的原因分析
PHYSICS,质能方程-该式表明物体的能量和质量之间存在着密切的联系,核能、质能方程与获取途径
PHYSICS,质能方程-该式表明物体的能量和质量之间存在着密切的联系,相对论：狭义相对论两个假设与时空观、质能方程
PHYSICS,质能方程-该式表明物体的能量和质量之间存在着密切的联系,质量亏损与核能的计算
PHYSICS,质能方程-该式表明物体的能量和质量之间存在着密切的联系,质量亏损与质能方程
PHYSICS,质量亏损,核力、结合能与质量亏损
PHYSICS,超重-物体有向上的加速度称物体处于超重,弹簧与绳剪断瞬间的加速度分析
PHYSICS,超重-物体有向上的加速度称物体处于超重,斜面板块受向下牵引力保持相对静止的加速度范围
PHYSICS,超重-物体有向上的加速度称物体处于超重,有效切割长度（导体在垂直速度方向上的投影长度）
PHYSICS,路程,传送带上划痕（痕迹）长度的计算
PHYSICS,路程,位移与路程的区别
PHYSICS,路程,摆线运动轨迹
PHYSICS,路程,由运动轨迹判断电场力方向与速度方向
PHYSICS,路程,粗糙斜面上物体运动的五种情况与 μ=tanθ 分界
PHYSICS,路端电压与外电阻的关系,伏伏法测电阻
PHYSICS,路端电压与外电阻的关系,半偏法测电压表内阻的步骤与结论
PHYSICS,路端电压与外电阻的关系,单棒加电阻的五种运动模式
PHYSICS,路端电压与外电阻的关系,多用电表测电阻的原理
PHYSICS,路端电压与外电阻的关系,大小电阻的判据：Rx与√(RARV)比较
PHYSICS,路端电压与外电阻的关系,热敏电阻与光敏电阻的特性
PHYSICS,路端电压与外电阻的关系,电源输出功率与外电阻的关系
PHYSICS,路端电压与外电阻的关系,非线性元件伏安特性曲线中电阻的求法
PHYSICS,运动性质-匀变速曲线运动-加速度恒为重力加速度-g-大小方向不变,两个直线运动的合运动性质的判断
PHYSICS,运动性质-匀变速曲线运动-加速度恒为重力加速度-g-大小方向不变,加速度方向与运动性质
PHYSICS,运动性质-匀变速曲线运动-加速度恒为重力加速度-g-大小方向不变,匀速圆周运动的特征与条件
PHYSICS,运动性质-匀变速曲线运动-加速度恒为重力加速度-g-大小方向不变,单摆周期公式中的等效重力加速度
PHYSICS,运动性质-匀变速曲线运动-加速度恒为重力加速度-g-大小方向不变,单摆测重力加速度
PHYSICS,运动性质-匀变速曲线运动-加速度恒为重力加速度-g-大小方向不变,单摆测重力加速度的原理
PHYSICS,运动性质-匀变速曲线运动-加速度恒为重力加速度-g-大小方向不变,单摆测重力加速度的原理与摆长
PHYSICS,运动性质-匀变速曲线运动-加速度恒为重力加速度-g-大小方向不变,叠加场中合力变化时做非匀变速曲线运动（用配速法）
PHYSICS,运动性质-匀变速曲线运动-加速度恒为重力加速度-g-大小方向不变,合力方向与运动性质的关系
PHYSICS,运动性质-匀变速曲线运动-加速度恒为重力加速度-g-大小方向不变,实验：用单摆测重力加速度·易混概念辨析
PHYSICS,运动性质-匀变速曲线运动-加速度恒为重力加速度-g-大小方向不变,实验：用单摆测重力加速度·计算注意事项（一）
PHYSICS,运动性质-匀变速曲线运动-加速度恒为重力加速度-g-大小方向不变,实验：用单摆测重力加速度·计算注意事项（二）
PHYSICS,运动性质-匀变速曲线运动-加速度恒为重力加速度-g-大小方向不变,平抛运动
PHYSICS,运动性质-匀变速曲线运动-加速度恒为重力加速度-g-大小方向不变,平抛运动的定义、性质与研究方法
PHYSICS,运动性质-匀变速曲线运动-加速度恒为重力加速度-g-大小方向不变,拓展创新实验（实验：用单摆测重力加速度）
PHYSICS,运动性质-匀变速曲线运动-加速度恒为重力加速度-g-大小方向不变,放缩圆法（速度方向不变而大小变化的临界问题）
PHYSICS,运动性质-匀变速曲线运动-加速度恒为重力加速度-g-大小方向不变,教材原型实验（实验：用单摆测重力加速度）
PHYSICS,运动性质-匀变速曲线运动-加速度恒为重力加速度-g-大小方向不变,旋转圆法（速度大小不变而方向变化的临界问题）
PHYSICS,运动性质-匀变速曲线运动-加速度恒为重力加速度-g-大小方向不变,曲线运动
PHYSICS,运动性质-匀变速曲线运动-加速度恒为重力加速度-g-大小方向不变,曲线运动中速率变化的判断
PHYSICS,运动性质-匀变速曲线运动-加速度恒为重力加速度-g-大小方向不变,曲线运动的条件与分类
PHYSICS,运动性质-匀变速曲线运动-加速度恒为重力加速度-g-大小方向不变,曲线运动的条件与速度方向
PHYSICS,运动性质-匀变速曲线运动-加速度恒为重力加速度-g-大小方向不变,曲线运动的速度方向与性质
PHYSICS,运动性质-匀变速曲线运动-加速度恒为重力加速度-g-大小方向不变,曲线运动的速度方向与轨迹特征
PHYSICS,运动性质-匀变速曲线运动-加速度恒为重力加速度-g-大小方向不变,测重力加速度的几种方法
PHYSICS,运动性质-匀变速曲线运动-加速度恒为重力加速度-g-大小方向不变,用单摆测重力加速度实验的注意事项
PHYSICS,运动性质-匀变速曲线运动-加速度恒为重力加速度-g-大小方向不变,用单摆测重力加速度的实验原理与步骤
PHYSICS,运动性质-匀变速曲线运动-加速度恒为重力加速度-g-大小方向不变,用磁铁演示曲线运动条件的判读
PHYSICS,运动性质-匀变速曲线运动-加速度恒为重力加速度-g-大小方向不变,磁场多解情形二：磁场方向不确定
PHYSICS,运动性质-匀变速曲线运动-加速度恒为重力加速度-g-大小方向不变,等效场（等效重力场）方法
PHYSICS,运动性质-匀变速曲线运动-加速度恒为重力加速度-g-大小方向不变,等效重力法处理重力与恒定电场力下的圆周运动
PHYSICS,运动性质-匀变速曲线运动-加速度恒为重力加速度-g-大小方向不变,类平抛运动的受力特点与处理
PHYSICS,运动性质-匀变速曲线运动-加速度恒为重力加速度-g-大小方向不变,重力加速度法求天体密度
PHYSICS,运动性质-匀变速曲线运动-加速度恒为重力加速度-g-大小方向不变,重力加速度法求天体质量与密度
PHYSICS,运动性质-匀变速曲线运动-加速度恒为重力加速度-g-大小方向不变,重力大小与方向的深入理解
PHYSICS,运动性质-匀变速曲线运动-加速度恒为重力加速度-g-大小方向不变,重力的定义、大小与方向
PHYSICS,运动特征,简谐运动的受力与运动特征
PHYSICS,运动的合成与分解,小船渡河模型
PHYSICS,运动的对称性,圆形边界磁场的径向对称性
PHYSICS,运动的对称性,斜抛运动的对称性与最大射程
PHYSICS,运动的对称性,斜抛运动的对称性结论
PHYSICS,运动的对称性,直线边界磁场的对称出射
PHYSICS,运动的对称性,直线边界磁场的对称性与角度关系
PHYSICS,运动的对称性,竖直上抛的对称性
PHYSICS,运动的对称性,简谐运动对称性的两个时刻关系
PHYSICS,运动的对称性,简谐运动的五大特征
PHYSICS,运动的对称性,简谐运动的对称性
PHYSICS,运动的对称性,简谐运动的对称性应用
PHYSICS,运动的对称性,简谐运动的描述与对称性
PHYSICS,运动规律,传动装置中的运动规律
PHYSICS,运用能量守恒定律解题的基本思路,列能量守恒方程的两条基本思路
PHYSICS,运用能量守恒定律解题的基本思路,电场中力电综合问题的能量守恒表述
PHYSICS,运用能量守恒定律解题的基本思路,相对位移问题优先用能量守恒定律
PHYSICS,运用能量守恒定律解题的基本思路,能量守恒定律列式思路
PHYSICS,近代物理学史-相关粒子的发现和实验,物理学史中的典型核反应
PHYSICS,近代物理学史-相关粒子的发现和实验,近代物理学史重要实验与发现
PHYSICS,连接体的运动特点,平行边界磁场的临界关系与运动特点
PHYSICS,连接体的运动特点,探究平抛运动特点实验的原理与操作
PHYSICS,连接体的运动特点,杆连接物体的运动关联
PHYSICS,连接体的运动特点,连接体的三种连接形式与临界
PHYSICS,连接体的运动特点,连接体的类型与运动特点
PHYSICS,连接体问题,共速连接体合力的“分配原理”
PHYSICS,连接体问题,双外力连接体内力的交叉分配
PHYSICS,连接体问题,弹簧连接体反弹上滑不粘连必分离
PHYSICS,连接体问题,连接体
PHYSICS,连接体问题,连接体与内力、外力
PHYSICS,连接体问题,连接体中拉力分配的典型结论
PHYSICS,连接体问题的分析易错-整体法与隔离法应用,二次感应问题的程序法与逆向推理法
PHYSICS,连接体问题的分析易错-整体法与隔离法应用,共速连接体力的分配关系
PHYSICS,连接体问题的分析易错-整体法与隔离法应用,天体问题中的六类典型问题·易混概念辨析
PHYSICS,连接体问题的分析易错-整体法与隔离法应用,天体问题中的六类典型问题·计算注意事项
PHYSICS,连接体问题的分析易错-整体法与隔离法应用,整体法与隔离法
PHYSICS,连接体问题的分析易错-整体法与隔离法应用,整体法与隔离法的适用总则
PHYSICS,连接体问题的分析易错-整体法与隔离法应用,系统功能关系的应用选择
PHYSICS,连接体问题的分析易错-整体法与隔离法应用,连接体整体法的适用前提（相同的速度和加速度）
PHYSICS,连接体问题的分析易错-整体法与隔离法应用,连接体模型
PHYSICS,连接体问题的分析易错-整体法与隔离法应用,连接体相互作用的正比分配
PHYSICS,连接体问题的分析易错-整体法与隔离法应用,连接体问题中整体法与隔离法的运用
PHYSICS,连接体问题的分析易错-整体法与隔离法应用,连接体问题先整体后隔离的解题思路
PHYSICS,追及相遇问题的实质及分析思路,交变电场问题的思维方法
PHYSICS,追及相遇问题的实质及分析思路,全反射问题的分析思路与四点提醒
PHYSICS,追及相遇问题的实质及分析思路,关联系统机械能守恒问题的分析思路
PHYSICS,追及相遇问题的实质及分析思路,卫星的追及与相遇问题
PHYSICS,追及相遇问题的实质及分析思路,多过程组合问题的“合—分—合”分析思路
PHYSICS,追及相遇问题的实质及分析思路,天体中的追及相遇问题
PHYSICS,追及相遇问题的实质及分析思路,天体追及相遇的条件
PHYSICS,追及相遇问题的实质及分析思路,天体问题中的六大问题
PHYSICS,追及相遇问题的实质及分析思路,对称法分析物理问题的四种对称
PHYSICS,追及相遇问题的实质及分析思路,弹簧类问题的一般分析思路
PHYSICS,追及相遇问题的实质及分析思路,摩擦类功能关系问题的一般分析思路
PHYSICS,追及相遇问题的实质及分析思路,气缸类问题的分析思路
PHYSICS,追及相遇问题的实质及分析思路,追及相遇分析的前提：明确初始位置与速度关系
PHYSICS,追及相遇问题的实质及分析思路,追及相遇的三类典型讨论
PHYSICS,追及相遇问题的实质及分析思路,追及相遇的图像分析法（v-t图面积比较位移）
PHYSICS,追及相遇问题的实质及分析思路,追及相遇的数学分析法（判别式Δ）
PHYSICS,追及相遇问题的实质及分析思路,追及相遇的物理分析法（运动草图）
PHYSICS,追及相遇问题的实质及分析思路,追及相遇问题
PHYSICS,追及相遇问题的实质及分析思路,追及相遇问题的两个关系与速度相等临界点
PHYSICS,追及相遇问题的实质及分析思路,追及相遇问题的分析判据
PHYSICS,追及相遇问题的实质及分析思路,追及相遇问题的分析方法
PHYSICS,追及相遇问题的实质及分析思路,追及相遇：一个临界两个等量
PHYSICS,追及问题的分析和解题思路,传送带问题的分析方法
PHYSICS,追及问题的分析和解题思路,单一气体多过程问题的一般解题思路
PHYSICS,追及问题的分析和解题思路,折射与全反射综合问题的解题思路
PHYSICS,追及问题的分析和解题思路,物理图像问题的分析步骤
PHYSICS,追及问题的分析和解题思路,电场图像问题的分析关键
PHYSICS,追及问题的分析和解题思路,组合场的定义与解题思路
PHYSICS,追及问题的分析和解题思路,组合场问题解题三步（找关键、画轨迹、分过程）
PHYSICS,追及问题的常见类型,临界问题的标志与常见类型
PHYSICS,追及问题的常见类型,水平传送带的常见运动情形
PHYSICS,追及问题的常见类型,追上型（后快前慢）的结论
PHYSICS,适用情况-判断导线切割磁感线产生的感应电流方向,“增缩减扩”的适用边界：磁感线单方向穿过回路
PHYSICS,适用情况-判断导线切割磁感线产生的感应电流方向,右手定则
PHYSICS,适用情况-判断导线切割磁感线产生的感应电流方向,右手定则（判断动生感应电流方向）
PHYSICS,适用情况-判断导线切割磁感线产生的感应电流方向,地磁场中移动线圈的感应电流判断
PHYSICS,适用情况-判断导线切割磁感线产生的感应电流方向,导线转动切割磁感线的三种情况
PHYSICS,适用情况-判断导线切割磁感线产生的感应电流方向,感应电流方向实验的结论与注意事项
PHYSICS,适用情况-判断导线切割磁感线产生的感应电流方向,探究影响感应电流方向因素的实验方法
PHYSICS,适用情况-判断导线切割磁感线产生的感应电流方向,楞次定律与感应电流方向判断
PHYSICS,适用情况-判断导线切割磁感线产生的感应电流方向,楞次定律判断感应电流方向的四步法
PHYSICS,适用情况-判断导线切割磁感线产生的感应电流方向,用楞次定律判断感应电流方向的四步法
PHYSICS,适用情况-判断导线切割磁感线产生的感应电流方向,电流的定义式、决定式与微观式
PHYSICS,适用情况-判断导线切割磁感线产生的感应电流方向,线框对边同时切割的电流判断
PHYSICS,逆向-对称-极限等物理思维考查,极限思维法
PHYSICS,逆向思维,刹车类问题与逆向思维法
PHYSICS,逆向思维,逆向思维法处理斜抛
PHYSICS,逆向思维,逆向思维法（由果索因）
PHYSICS,逆向思维,零初速比例推论前提与匀减速逆向比例法
PHYSICS,速度-速度的变化量-加速度的比较,a-t图像面积表示速度变化量
PHYSICS,速度-速度的变化量-加速度的比较,α、β、γ三种射线的比较
PHYSICS,速度-速度的变化量-加速度的比较,“电偏转”与“磁偏转”的比较
PHYSICS,速度-速度的变化量-加速度的比较,三个定则、一个规律的比较与“左力右电”
PHYSICS,速度-速度的变化量-加速度的比较,三种放射线的比较
PHYSICS,速度-速度的变化量-加速度的比较,中间位置速度公式及与中间时刻速度的比较
PHYSICS,速度-速度的变化量-加速度的比较,位移中点速度与中间时刻速度的比较
PHYSICS,速度-速度的变化量-加速度的比较,加速度
PHYSICS,速度-速度的变化量-加速度的比较,加速度的定义与加减速判据
PHYSICS,速度-速度的变化量-加速度的比较,增缩减扩（回路面积的变化趋势）
PHYSICS,速度-速度的变化量-加速度的比较,振动图像与波动图像的比较
PHYSICS,速度-速度的变化量-加速度的比较,振动图像与波的图像的比较
PHYSICS,速度-速度的变化量-加速度的比较,杆模型最高点弹力随速度的变化
PHYSICS,速度-速度的变化量-加速度的比较,杆（管道）模型最高点弹力随速度的变化
PHYSICS,速度-速度的变化量-加速度的比较,由偏折程度比较各色光参数的推理链
PHYSICS,速度-速度的变化量-加速度的比较,由合力与速度夹角判断速率变化
PHYSICS,速度-速度的变化量-加速度的比较,电源与电阻两类 U-I 图像的比较
PHYSICS,速度-速度的变化量-加速度的比较,电阻率随温度的变化与超导体
PHYSICS,速度-速度的变化量-加速度的比较,速度、速度变化量与加速度的关系
PHYSICS,速度-速度的变化量-加速度的比较,速度、速度变化量与加速度的对比
PHYSICS,速度-速度的变化量-加速度的比较,重力加速度 g 值的变化规律
PHYSICS,速度位移公式,v²-x 图像的含义
PHYSICS,速度位移公式,人船模型（零初速系统的位移分配）
PHYSICS,速度定义-位移与发生这段位移所用时间之比-表示物体运动快慢的物理量-是过程量,1/v-x图像面积表示时间
PHYSICS,速度定义-位移与发生这段位移所用时间之比-表示物体运动快慢的物理量-是过程量,a-t 图像的物理意义
PHYSICS,速度定义-位移与发生这段位移所用时间之比-表示物体运动快慢的物理量-是过程量,v-t 图像的物理意义
PHYSICS,速度定义-位移与发生这段位移所用时间之比-表示物体运动快慢的物理量-是过程量,v-t图像与轴围成面积表示位移
PHYSICS,速度定义-位移与发生这段位移所用时间之比-表示物体运动快慢的物理量-是过程量,v-t图像斜率表示加速度
PHYSICS,速度定义-位移与发生这段位移所用时间之比-表示物体运动快慢的物理量-是过程量,x-t 图像的物理意义
PHYSICS,速度定义-位移与发生这段位移所用时间之比-表示物体运动快慢的物理量-是过程量,x-t图像斜率表示瞬时速度
PHYSICS,速度定义-位移与发生这段位移所用时间之比-表示物体运动快慢的物理量-是过程量,两运动图线交点表示对应物理量相同
PHYSICS,速度定义-位移与发生这段位移所用时间之比-表示物体运动快慢的物理量-是过程量,传送带相对位移与划痕长度
PHYSICS,速度定义-位移与发生这段位移所用时间之比-表示物体运动快慢的物理量-是过程量,传送带问题中位移与相对位移
PHYSICS,速度定义-位移与发生这段位移所用时间之比-表示物体运动快慢的物理量-是过程量,位移与路程
PHYSICS,速度定义-位移与发生这段位移所用时间之比-表示物体运动快慢的物理量-是过程量,切割速度 v 是相对于磁场的速度
PHYSICS,速度定义-位移与发生这段位移所用时间之比-表示物体运动快慢的物理量-是过程量,平抛推论：末速度反向延长线过水平位移中点
PHYSICS,速度定义-位移与发生这段位移所用时间之比-表示物体运动快慢的物理量-是过程量,平抛推论：速度偏向角正切等于位移偏向角正切的二倍
PHYSICS,速度定义-位移与发生这段位移所用时间之比-表示物体运动快慢的物理量-是过程量,探究小车速度随时间变化实验的操作要领
PHYSICS,速度定义-位移与发生这段位移所用时间之比-表示物体运动快慢的物理量-是过程量,描述圆周运动的物理量
PHYSICS,速度定义-位移与发生这段位移所用时间之比-表示物体运动快慢的物理量-是过程量,用动量定理求电荷量、位移与时间
PHYSICS,速度定义-位移与发生这段位移所用时间之比-表示物体运动快慢的物理量-是过程量,碰撞过程合理性的三条判断依据
PHYSICS,速度定义-位移与发生这段位移所用时间之比-表示物体运动快慢的物理量-是过程量,节约能源与可持续发展的物理依据
PHYSICS,速度定义-位移与发生这段位移所用时间之比-表示物体运动快慢的物理量-是过程量,运动图线穿过横轴表示物理量方向改变
PHYSICS,速度定义-位移与发生这段位移所用时间之比-表示物体运动快慢的物理量-是过程量,速度小者追速度大者的过程规律
PHYSICS,速度定义-位移与发生这段位移所用时间之比-表示物体运动快慢的物理量-是过程量,静止物体被撞后的速度范围
PHYSICS,造成波动问题多解的主要因素有,地磁场的主要特点
PHYSICS,造成波动问题多解的主要因素有,波动问题多解的三大因素
PHYSICS,重力,弹簧实验的读数细节与图线处理
PHYSICS,重力,用弹簧长度与砝码个数图线求劲度系数
PHYSICS,重力,重力与重心
PHYSICS,重力,重力场、电场、磁场的对比
PHYSICS,闭合电路欧姆定律,欧姆表的构造、原理与刻度标定
PHYSICS,闭合电路欧姆定律,电动势与闭合电路欧姆定律
PHYSICS,闭合电路欧姆定律,电磁感应电路问题的分析思路（三部曲）
PHYSICS,闭合电路欧姆定律,部分电路欧姆定律及适用范围
PHYSICS,闭合电路欧姆定律,闭合电路欧姆定律与路端电压
PHYSICS,闭合电路欧姆定律,闭合电路的欧姆定律
PHYSICS,阿伏加德罗常数,分子模型与阿伏伽德罗常数的桥梁作用
PHYSICS,阿伏加德罗常数,宏观量与微观量的换算（阿伏伽德罗常数桥梁）
PHYSICS,需要平衡摩擦力-为了使绳子拉力即合力,平衡摩擦力的方法与要点
PHYSICS,需要平衡摩擦力-为了使绳子拉力即合力,摩擦角法求最小拉力
PHYSICS,需要平衡摩擦力-为了使绳子拉力即合力,气垫导轨方案不需要平衡摩擦力
PHYSICS,静摩擦力与滑动摩擦力的比较,一对静摩擦力与一对滑动摩擦力做功的比较
PHYSICS,静摩擦力与滑动摩擦力的比较,全反力的定义
PHYSICS,静摩擦力与滑动摩擦力的比较,加速传送带上滑块的两种运动（μg与a₀比较）
PHYSICS,静摩擦力与滑动摩擦力的比较,双棒无外力与有外力的最终状态
PHYSICS,静摩擦力与滑动摩擦力的比较,摩擦力
PHYSICS,静摩擦力与滑动摩擦力的比较,摩擦力突变的判断方法
PHYSICS,静摩擦力与滑动摩擦力的比较,摩擦角与tanφ=μ
PHYSICS,静摩擦力与滑动摩擦力的比较,板块间摩擦力的判断与突变
PHYSICS,静摩擦力与滑动摩擦力的比较,洛伦兹力与电场力的比较
PHYSICS,静摩擦力与滑动摩擦力的比较,重力场、电场、磁场中力与功特点的比较
PHYSICS,静摩擦力与滑动摩擦力的比较,静摩擦力与滑动摩擦力
PHYSICS,静摩擦力与滑动摩擦力的比较,静摩擦力与滑动摩擦力做功的能量转化对比
PHYSICS,静摩擦力与滑动摩擦力的比较,静摩擦力的被动性与滑动摩擦力的决定因素
PHYSICS,静电力做功,只有静电力和重力做功时三种能量之和不变
PHYSICS,静电力做功,静电力做功的特点
PHYSICS,静电场的基本概念和规律,分离场
PHYSICS,静电平衡状态的特征,“缓慢移动”按平衡状态处理
PHYSICS,静电平衡状态的特征,静电平衡与静电平衡导体的特点
PHYSICS,静电平衡状态的特征,静电平衡导体的特征
PHYSICS,非常规运动学图像,v²-x图像的斜率与截距
PHYSICS,非常规运动学图像,x-t、v-t、a-t 图像的要素对照
PHYSICS,非常规运动学图像,常规图像
PHYSICS,非常规运动学图像,常规运动图像四步处理法
PHYSICS,非常规运动学图像,运动图像中特殊点的意义
PHYSICS,非常规运动学图像,运动学图像与追及相遇·易混概念辨析
PHYSICS,非常规运动学图像,运动学图像与追及相遇·计算注意事项
PHYSICS,非常规运动学图像,运动学图像的通用读图三要点
PHYSICS,非常规运动学图像,非常规图像
PHYSICS,非常规运动学图像,非常规运动图像四步处理法
PHYSICS,非常规运动学图像,非常规运动图像的分析
PHYSICS,非常规运动学图像,非常规运动图像的处理方法
PHYSICS,非常规运动学图像,非常规运动学图像的函数法处理
PHYSICS,非常规运动学图像,非常规运动学图像的分析
PHYSICS,非弹性碰撞,碰撞模型分类及守恒规律
PHYSICS,非弹性碰撞,碰撞的分类与比较
PHYSICS,非弹性碰撞,碰撞的特点与分类
PHYSICS,非弹性碰撞和完全非弹性碰撞,完全非弹性碰撞
PHYSICS,非弹性碰撞和完全非弹性碰撞,完全非弹性碰撞公式（共速与能量损失）
PHYSICS,非弹性碰撞和完全非弹性碰撞,完全非弹性碰撞的特征
PHYSICS,非弹性碰撞和完全非弹性碰撞,完全非弹性碰撞能量损失的规律
PHYSICS,非弹性碰撞和完全非弹性碰撞,弹簧最长（最短）共速相当于完全非弹性碰撞
PHYSICS,非弹性碰撞和完全非弹性碰撞,物块（小球）—光滑曲面模型：最高点相当于完全非弹性碰撞
PHYSICS,非弹性碰撞和完全非弹性碰撞,碰撞
PHYSICS,非弹性碰撞和完全非弹性碰撞,碰撞的分类与能量特点
PHYSICS,非弹性碰撞和完全非弹性碰撞,碰撞的特点与分类
PHYSICS,非惯性参考系,惯性参考系与非惯性参考系
PHYSICS,额定功率和实际功率,额定功率与实际功率
PHYSICS,黑体辐射-黑体虽然不反射电磁波-却可以向外辐射电磁波,黑体与黑体辐射
PHYSICS,黑体辐射-黑体虽然不反射电磁波-却可以向外辐射电磁波,黑体与黑体辐射的规律
PHYSICS,黑体辐射-黑体虽然不反射电磁波-却可以向外辐射电磁波,黑体辐射与能量子
PHYSICS,黑体辐射-黑体虽然不反射电磁波-却可以向外辐射电磁波,黑体辐射强度随波长的分布规律
