subject,slug,boundary_body
MATH,函数的概念,阐明函数是集合间唯一对应关系这一概念，并包含由方程判断是否构成函数关系。与导数的概念、排列与组合等概念相区分。范围限于概念本身的建立，不涉及具体函数的性质。
MATH,函数的定义域,讨论如何确定函数的定义域，即使解析式有意义时自变量的取值集合。多个条件并存时取交集，需使用交集的符号。定义域是研究函数奇偶性、单调性等性质的前提，须先予检验。
MATH,函数的值域,讨论函数因变量的所有可能取值构成的集合，即值域。它与定义域相配套，两者共同构成函数的基本范围。值域由定义域和对应关系决定，是刻画函数取值大小的基本属性。
MATH,函数的对应关系,聚焦函数三要素中的对应关系，即定义域元素如何唯一映到值域。延伸到由三要素判定两个函数是否同一函数，以及通过图象判断对应关系。与样本相关系数的公式相区分，后者属统计学，度量两组数据的线性相关程度。
MATH,函数的单调性,讨论函数在区间上递增或递减的判断，并给出单调性的定义及其两种等价形式。单调性必须结合具体区间讨论，不指明区间说函数单调没有意义。它是利用单调性比较大小的基础。
MATH,函数的奇偶性,讨论函数的奇偶性质，满足f(-x)=f(x)为偶函数，满足f(-x)=-f(x)为奇函数。延伸到正弦、余弦、正切等三角函数形式的奇偶性判定。奇偶性的前提是定义域关于原点对称，否则必非奇非偶。
MATH,函数的周期性,讨论函数值随自变量变化呈规律重复，即周期性，并给出常用周期性结论。对三角函数，最小正周期与自变量系数有关，如正切型函数最小正周期为T=π/|ω|。周期须结合最小正周期讨论，周期并不唯一。
MATH,函数的对称性,讨论函数图象的轴对称与点对称，即对称性。延伸到平移后偶函数的对称轴，如f(x+1)为偶函数，以及正弦、余弦等三角函数的对称轴与对称中心。轴对称与点对称是两类不同的对称结构，须加区分。
MATH,幂函数,讨论形如y=x^a的幂函数，即其定义与性质。幂函数与指数函数y=a^x相区分：幂函数底为变量、指数为常数，指数函数则相反。其单调性、奇偶性与图象特征随指数a的取值而不同。
MATH,判别式法-主要用于含有二次的分式函数-形如,判别式法主要用于求含二次项的分式函数的值域。思路是把函数式化成关于x的方程，由方程有实解、判别式非负，夹逼出y的取值范围。应用时须考虑原函数定义域，并注意变形的等价性，要与导数法求最值相区分。
MATH,为奇函数,针对判断某具体函数为奇函数，依据奇偶性定义f(-x)=-f(x)及其判定结论。前提是定义域关于原点对称。它与偶函数相对，二者共同构成奇偶性的两种基本形态。
MATH,函数的奇偶性-周期性-对称性关系,讨论函数奇偶性、对称性、周期性三者之间的相互推出关系，并给出五种常用对称关系。核心规律是三结论中任意两个可推出第三个，双对称函数必为周期函数。多用于由已知对称结构求周期或奇偶性。
MATH,判断抽象函数单调性的方法,讨论未给解析式的抽象函数如何判断单调性，核心方法是凑与赋值：凑是利用定义或已知条件，赋值是按条件与结论的关系给变量取值。和型、积型抽象函数须先变形再判断符号。延伸到周期性等抽象函数性质的判定与应用。
MATH,忽略二次型式子最高次系数为0致错,针对含参二次问题中最高次项系数可能为0的易错点：系数为0时函数由二次退化为一次，须先讨论系数是否为0。二次型中首项系数非零图象为抛物线，为零则变为一次函数。要与确定的二次函数相区分，含参时须分类讨论。
MATH,判断函数奇偶性时忽略定义域致错,针对只按解析式判断奇偶而忽略定义域的易错点。奇偶的必要条件是定义域关于原点对称，不满足则必非奇非偶。只有在定义域对称的前提下再按f(-x)=±f(x)判断，才能完成不跳过定义域检验的完整判断。
MATH,利用单调性解不等式时忽略定义域致错,针对用单调性解不等式时忽略定义域、直接去函数符号求解的易错点。用单调性解不等式须先保证不等式两侧自变量都在定义域内，再利用单调性转化。和、积混合的抽象不等式还要结合奇偶性变形，并注意系数比关系。
MATH,研究分段函数单调性时忽略分段点致错,针对研究分段函数单调性时只看各段、忽略分段点的易错点。分段函数在区间上单调须同时满足两段条件：每段同向单调，且分段点两侧函数值衔接不破坏单调方向。求参数时须单独检验分段点。
MATH,方程组法-主要解决已知与-的方程-求解析式,方程组法主要用于由含f(x)与f(-x)的对称型函数方程求解析式。思路是把原条件中自变量换为-x得到第二个式子，与原式联立，消去未知函数值解出解析式。要与只给单一条件直接读式的方法相区分。
MATH,分段函数的常见类型及解法,覆盖分段函数求值、解方程或不等式、求最值或值域、作图象四类常见问题。核心是分类讨论：先确定自变量落在哪一段，在该段求解，再检验解是否符合该段取值范围。求值有时须交替使用各段对应关系，作图注意各段端点虚实。
MATH,利用函数的单调性求参数,讨论利用函数单调性条件求参数取值范围：把参数视为已知数，依据图象或单调性定义确定函数单调区间，再与已知单调区间比较。须注意函数在区间上单调则在其任意子区间上也单调。也包含幂函数的参数求法。
MATH,利用奇偶性求值-将待求函数值或不等式利用奇偶性转化为已知区间上的函数值求解,利用奇偶性求值指借助函数奇偶性，把待求的未知区间函数值转化为已知区间上的函数值求解。还延伸到用奇偶性恒等式求解析式参数，以及两奇偶函数和差时构造方程组求解析式。常与周期性结合处理求值与不等式问题。
MATH,二次函数在闭区间上的最值问题,讨论二次函数在闭区间上求最大最小值。按对称轴与区间是否固定分为四类，关键都是对称轴与区间的位置关系。含参数时须按对称轴与区间端点的位置关系分类讨论，比较顶点与两端点的函数值确定最值。
MATH,指数型复合函数的值域问题,讨论指数型复合函数值域的求法：用换元把复合函数化为简单函数，但要注意新元的取值范围，再依据指数函数单调性求值域。核心是内层先、外层后的复合转化，不能直接沿用内层函数的范围。
MATH,对数型复合函数的值域问题的求解策略,讨论对数型复合函数值域的求解策略：用换元先求内层函数值域，再依据对数函数单调性进一步转化求外层值域。关键要区分对数底数大于1还是介于0与1，它决定单调方向，影响值域的转化。
MATH,嵌套函数的零点问题,讨论复合嵌套函数零点个数的求法：先区分内层与外层函数，求外层函数零点，再转化为一条水平线与内层函数图象的交点个数。包含由外向内和由内向外、整体替换两种求解路径，后者常用于复合三角方程根的分层处理。
MATH,函数零点的求和问题,讨论函数多个零点之和的求法：把零点问题转化为两个函数图象的交点问题，若两图象都关于同一直线或同一点对称，则交点成对出现，每对零点和可直接得出。关键是先识别图象的对称轴或对称中心。
MATH,忽略对指数与对数底数的讨论致错,针对指数或对数函数底数不是确定值时忽略讨论底数的易错点。底数须分a大于1或0小于a小于1两种情况讨论，因为两种情况下函数单调方向相反。要与底数确定的函数相区分，后者无需此种分类。
MATH,求复合函数单调性时忽略定义域致错,针对求复合函数单调性时未先求定义域、直接按同增异减写单调区间的易错点。一般步骤是先求函数定义域，再依内外层单调性用同增异减法写单调区间。两类常见错误是忽视定义域和法则用错。
MATH,对零点存在定理理解不准确致错,针对对零点存在定理适用条件理解不清的易错点。定理要求函数在区间上连续且两端点函数值异号，才能推出区间内有零点；它不可逆，端点不变号并不意味无零点。也要区分变号零点与不变号零点的分类。
MATH,对数运算中的几个运算技巧,总结对数运算的三个常用技巧：用提公因式、平方差或完全平方构造已知结构再化简；两个对数底数真数位置颠倒时用乘积公式化简；把指数恒等式指对互化设元求值。它们是在基本对数运算法则之上的化简技巧。
MATH,幂函数的图象与性质,讨论幂函数图象的画法与性质。把握图象靠x=1、y=1、y=x三条线把第一象限分成六个区域，图象位置由指数a的取值确定，其余象限部分由奇偶性决定。要与指数函数图象相区分。
MATH,指数函数的图象与性质应用,讨论指数函数图象问题的两大策略：数形结合，依据上升下降、定点、与坐标轴交点、值域等特征识别图象；变换作图，从基本指数函数图象经平移、伸缩、对称变换得到复杂图象。变换时须跟踪定点、渐近线等特殊点线的变化。
MATH,对数函数的图象与性质应用,讨论对数函数图象的识别与应用。识别图象要善于利用函数性质和图象上的特殊点排除错误选项，一些对数型方程、不等式问题可转化为图象问题用数形结合求解。要与指数函数图象相区分，二者互为反函数。
MATH,构造函数-运用函数的单调性比较,构造函数比较大小指观察待比数的同构结构，构造合适函数，再用其单调性比较大小。对抽象函数可借对称、周期等性质去掉函数符号；对有解析式的函数可求导或利用性质找单调性。某数的同构规律可能被隐藏，宜先从结构最接近的两个数入手。
MATH,性质法-利用函数性质-若能确定函数的单调性-则其零点个数不难得到,性质法指依据函数单调性、周期性、对称性等固有性质判断零点个数。若函数是周期函数，只需先求一个周期内零点个数再推广。适用于三次函数、三角函数等确定形态的函数，常与数形结合判断交点个数配合使用。
MATH,分离参数法-分离参数后转化为求函数的值域-最值-问题求解,分离参数法指把参数与自变量分离，把问题转化为只含自变量的函数求值域或最值问题，再借助图象求解。常用于恒成立问题和方程根的个数问题。参数不能分离时改用恒成立讨论法，二者以能否分离参数相区分。
MATH,指数,讨论指数与指数幂的意义，把指数从整数推广到分数，并给出指数幂的运算规则。范围限于指数意义与指数幂运算的化简，是学习指数函数的基本工具。要与指数函数相区分，后者是以指数为变量的函数。
MATH,指数函数,讨论指数函数y=a^x的概念、图象与性质，底数a是大于0且不等于1的常数，单调性由底数决定。还比较指数型、幂型、线性型三类函数模型的增长差异。要与幂函数相区分，指数函数底为常数、指数为变量，反之亦然。
MATH,对数,讨论对数的概念，即乘方的逆运算，以及对数的基本运算性质。范围限于对数意义与对数运算的化简求值，是学习对数函数的基本工具。要与对数函数相区分，前者是数的运算，后者是函数。
MATH,对数函数,讨论对数函数y=log_a(x)的概念、图象与性质，底数a是大于0且不等于1的常数，单调性由底数决定。它是指数函数的反函数，两图象关于直线y=x对称。范围限于对数函数自身的基本性质，不涉及对数型复合函数。
MATH,换底公式,讨论换底公式，即把任意底数的对数化为指定底数的方法，及其常用推论。范围限于用换底公式换底与化简。要与指对互化相区分，后者是指数式与对数式的相互转化，两者是不同的工具。
MATH,对数运算,讨论对数的运算性质，即积、商、幂的对数法则，以及对数式的化简策略。范围限于依据运算法则化简、求值对数式。与换底公式相联系，两者常结合使用完成化简。
MATH,指数不等式,讨论指数不等式的解法：底数确定时利用指数函数单调性去指数求解；底数含参数时须对底数分类讨论。对指对混合不等式常用同构变换法处理。还应注意不等式两边乘除负数要变号的规则。
MATH,任意角与弧度制,讨论角的概念推广到任意角，终边相同的角的集合，以及弧度制与角度制的互化。范围限于角的表示与角度弧度换算，是学习三角函数的前提。要与三角函数的定义相区分，后者是下一步内容。
MATH,三角函数的定义,讨论任意角的正弦、余弦、正切定义，即终边上点坐标的比值。还给出三角函数值在各象限的符号规律与口诀。范围限于函数值的定义与符号判断，暂不涉及不同角之间的关系转化。
MATH,同角三角函数的基本关系,讨论同一角的正弦、余弦、正切之间的基本关系，即平方关系与商数关系。它是三角式互化、化简的基本工具，可结合五大化简策略处理三角函数值域问题。要与诱导公式相区分，前者关同一角，后者关不同角转化。
MATH,诱导公式,讨论三角函数的诱导公式，即π±α、2π±α等角的三角函数值与α的三角函数值间的转化规律。还涵盖互余互补角的诱导公式要点，以及多角诱导公式化简的合并策略。要与同角基本关系相区分，后者关同一角、前者关不同角。
MATH,三角函数的图象与性质,讨论y=Asin(ωx+φ)等三角函数的图象与性质，即定义域、值域、单调性、奇偶性、周期性与对称性。涵盖图象变换的两条路径、五点法作图，以及图象对称结构的等距结论。范围限于单一三角函数的性质与图象变换。
MATH,正弦函数,讨论正弦函数y=sinx的图象与性质，即定义域、值域、单调性、奇偶性、周期性与对称轴、对称中心。图象由单位圆定义得到，最小正周期为2π。它是研究其他三角函数图象与性质的基本原型。
MATH,余弦函数,讨论余弦函数y=cosx的图象与性质，即定义域、值域、单调性、奇偶性、周期性与对称轴、对称中心。图象最小正周期为2π且为偶函数。它与正弦函数相余，两图象可经平移互相转化。
MATH,正切函数,本节以正切函数为对象，界定其图象与性质的考察范围；只讨论函数本身，不展开与其他三角函数的综合变形。
MATH,三角函数的值域与最值,本节界定三角函数值域与最值的考察范围，涵盖值域（最值）的六种基本类型与最值（值域）的三类结构处理方法；平移变换中周期与最值保持不变，是常用的判断界限。
MATH,函数y-asin-ωx-φ-的图象,本节围绕 y=Asin(ωx+φ) 的图象与变换展开，界定 A、ω、φ 各参数的几何意义；当 ω 未限定正负时必须分情况讨论，且 ω 的取值范围需单独梳理，这是本节的两个主要界限。
MATH,三角恒等变换,本节界定三角恒等变换的一般思路，覆盖 1±sin2α 的配方变形等典型结构；三角形内角的正切恒等式依赖内角和条件，属特定情形的结论，不能随意推广到任意角。
MATH,两角和与差的公式,本节覆盖两角和与差的正弦、余弦、正切公式，及其与辅助角公式的关联，属三角恒等变换的基础工具；范围以公式本身及其直接变形为限。
MATH,二倍角公式,本节以二倍角公式为核心，覆盖其与升幂、降幂公式的变形关系，并延伸到三倍角公式、两直线夹角正切公式等相邻结论；各公式适用对象不同，应用时注意区分角度关系。
MATH,正弦定理,本节界定正弦定理及其推导思路，包括与外接圆半径配合求角等典型用法；椭圆焦点三角形中的离心率结论属特定图形的推广，使用时须先确认图形条件。
MATH,余弦定理,本节界定余弦定理及其变形公式的范围，核心是用 a²+b²−c² 型结构实现边与角的互相转化；与正弦定理侧重不同，本节不涉及外接圆半径求角等内容。
MATH,三角形面积公式,本节以三角形面积公式为基础，延伸到中线长的向量形式、角形式与高线公式等结论；中线各公式与面积公式的适用前提不同，注意分角互余结构的特定条件。
MATH,边角互化,本节聚焦三角形中边角互化的总思路，说明内角和为 π 时正弦与余弦两种转化关系的建立方式；它是沟通解三角形中边与角的桥梁，不单独推导正弦、余弦定理。
MATH,解三角形的实际应用,本节界定解三角形在实际问题与平面图形中的应用范围，包括三角函数建模等情形；其中双曲线焦点三角形的周长不是定值，是应用时需要特别注意的边界。
MATH,不等式的基本性质,本节覆盖不等式的七条基本性质，是后续不等式推理与求取值范围的基础；交集并集运算性质、双参不等式的最值定位法与值域法属延伸内容，各性质使用须满足前提条件。
MATH,一元二次不等式,本节界定一元二次不等式的核心内容，包括恒成立的三种情形、整数解问题的两条路线，并延伸到一元二次方程根的分布五要素；讨论均以二次项系数非零为前提。
MATH,基本不等式,本节覆盖基本不等式及其链式推广，强调一正二定三相等的使用条件；算术平均与几何平均的比较、三元均值不等式均属其应用范畴，求最值时必须检验等号能否取到。
MATH,不等式恒成立,本节聚焦不等式恒成立问题，二次情形可借助判别式条件或图象条件判断，双参数情形常转化为端点条件；它与能成立问题的转化方向相反，注意区分。
MATH,绝对值不等式,本节以绝对值不等式求解为核心，并延伸到均值不等式链及其变形；对数均值不等式属较深的结论，应用时须先确认其成立条件，不与基本不等式混用。
MATH,不等式恒成立与能成立问题,本节聚焦函数不等式的恒成立与能成立两类问题，一般借助参变分离法求解，并按最值转化原则区分二者；两类问题对应不同的量词含义，转化方向相反，不可混淆。
MATH,含参一元二次不等式的解法,本节聚焦含参一元二次不等式的解法，核心是对参数分类讨论：按二次项系数正负与零、判别式与零的关系、两根大小逐类处理；一元二次分式不等式的解法属延伸内容。
MATH,忽视不等式性质成立的条件致错,本节辨析用不等式基本性质推理论证时忽视前提条件的错误，重点在同向不等式相乘、两端同时乘除数式、两端同时作 n 次方等操作的适用条件；条件不满足时相关变形不成立。
MATH,忽视基本不等式应用的条件致错,本节辨析用基本不等式求函数最值时忽视应用条件的错误，强调实际应用中的三个注意点，如相关项须同号；泰勒放缩与帕德近似用于比大小属延伸方法，注意其使用前提。
MATH,连续使用基本不等式忽略等号同时成立致错,本节辨析连续使用基本不等式时忽略等号同时成立的错误，强调多次取等的条件必须一致；分组使用、含参讨论中参数临界值（等号成立情形）都不可遗漏，否则最值取不到。
MATH,解分数不等式忽略分母不为零致错,本节辨析解分式不等式时忽略分母不为零限制条件的错误，强调去分母前后须防止产生增解；分式不等式与绝对值不等式的等价转化、直线设为 x=my+n 型属延伸技巧。
MATH,利用不等式的性质求数-式-的范围,本节界定利用不等式性质求代数式取值范围的方法，核心是用待定系数法或整体系数换元，把待求式表示为已知范围式的组合后，再按不等式性质推出取值范围；切线夹与割线夹属几何视角的延伸模型。
MATH,解一元二次不等式的步骤,本节聚焦一元二次不等式的标准求解步骤：先使二次项系数为正，再解对应方程并按判别式分类讨论，最后写出解集；三个二次的关系属理论支撑，对称化构造证零点积（和）不等式的四步流程为延伸内容。
MATH,在求函数的最值时-一定要在定义域-使实际问题有意义的自变量的取值范围-内求解,"本节强调求函数最值时，必须在定义域内、且使实际问题有意义的自变量取值范围内求解；涉及区分""定义域为某区间""与""在某区间上有意义""两种表述，并延伸讨论与复数有关的最值方法。"
MATH,证明不等式,"本节界定不等式证明的方法范围，区分无附加条件与有附加条件两类：前者按结构选用基本不等式及其变形，后者注意用""1""的代换并检验取等条件；切线放缩、指对放缩属解题中需先证明再使用的化归策略。"
MATH,利用元素与集合的关系求参数,本节界定利用元素与集合的关系求参数的方法，核心是用元素的确定性解出参数所有可能值，再用互异性逐一检验；与切线、aₙ 与 Sₙ、复数共轭与模等利用关系列方程求参的问题方法思路相近，属延伸内容。
MATH,利用集合间的关系求参数,本节聚焦利用集合间的关系求参数：先弄清子集方向，再注意含参集合可能为空集，最后把子集条件转成关于参数的方程或不等式组，借助数轴求解；由 A⊆B 求参时还可用逐元素检验法。
MATH,根据交集-并集-补集的运算结果求参数,本节界定根据交集、并集、补集运算结果求参数的方法，可先确定区间端点间的大小关系，也可化简后用数轴列不等式组并逐一检验；端点能否取等号须专门验证，且不可遗漏空集情形。
MATH,端点取值需谨慎-在求参数范围时-要注意边界或区间端点值的检验-从而确定取舍,本节强调求参数范围时端点取舍需谨慎，须回代检验边界是否成立；最值可在区间端点取得而极值不可，是端点取舍的关键区别；由不等式解集反求参数、由图象确定 A、b、ω、φ 属相关应用。
MATH,根据全称-存在量词命题的真假求参数,"本节聚焦根据全称、存在量词命题真假求参数：全称量词常以""恒成立""出现，可用数形结合或分离参数；存在量词常以""存在""出现，可假设存在再求范围。命题与其否定的真假关系属判断基础。"
MATH,解决双变量-存在性-或-任意性-的不等式问题,本节界定含两个变量的存在性与任意性不等式问题，核心是把双变量问题转化为恒成立或能成立问题，共有四种转化类型；转化方向决定取值范围的比较方式，注意区分。
MATH,对集合表示方法的理解偏差致错,本节辨析对集合表示方法的理解偏差，关键是明确代表元素的类型（点集或数集）及其含义；点集与数集的交集运算不同，终边相同的角的集合表示也须按代表元素正确书写。
MATH,忽视-漏-空集致错,本节辨析集合问题中忽视或遗漏空集导致的错误：空集是不含任何元素的集合，在隐含空集参与的包含关系或运算结果等问题中，须单独检验空集情形，否则容易漏解。
MATH,忽视集合元素的互异性致错,本节辨析忽视集合元素互异性导致的错误：集合内不允许出现重复元素，求参数或计数后必须检验所得元素是否互异；互异性与确定性、无序性合称集合元素的三个特性，检验常被遗漏。
MATH,充分性与必要性位置颠倒理解错误致错,"本节辨析充分条件与必要条件判断中位置颠倒的理解错误：见到倒装表述时，应先翻译成""若…则…""的正常结构再判断；单端点情形可用必要性探路，注意其适用场景。"
MATH,对含有一个量词命题的否定理解错误致错,本节辨析含一个量词的命题否定时的理解错误：否定须两步进行，先互换全称与存在量词，再否定结论；常见错误是只否结论不换量词，或遗漏隐含量词，需先挖掘再否定。
MATH,子集的个数问题,本节聚焦子集个数问题，可用列举法（元素较少时）或公式法；含 n 个元素的集合，其子集总数为 2ⁿ，非空子集与真子集各为 2ⁿ−1，非空真子集为 2ⁿ−2；数满足条件的集合个数属公式的典型应用。
MATH,venn图在集合运算中的应用,本节界定 Venn（韦恩）图在集合运算中的应用：把元素与集合的隶属关系、集合间的包含关系形象化，便于条件抽象时寻找解题思路；它是辅助分析的工具，不能替代集合运算的定义与运算律。
MATH,集合新定义的解题思路,本节界定集合新定义问题的解题思路：先分析新定义的特点、弄清其本质，再结合集合元素特性与基本运算求解；新定义运算多建立在现有运算法则与运算律之上，须按定义本身操作，不能直接套用旧结论。
MATH,等价转化法-将命题转化为另一个与之等价的且便于判断真假的命题,本节聚焦等价转化法：把命题或条件转化为与之等价且便于判断真假的形式，常用于恒成立与能成立问题的处理；可与分类讨论法配合，并注意逆否命题与充要条件的等价性。
MATH,数列的概念,本节只界定数列的概念，讨论数列的定义与表示，并涉及分段（分域）数列的处理；不涉及等差、等比等具体数列的公式推导，范围以概念本身为限。
MATH,等差数列,本节界定等差数列的定义、判定与证明方法，涵盖倒数变换法中分式递推构造等差数列等情形；五种判定方法各有使用限制，注意与等比数列判定前提的区别。
MATH,等差数列的通项,本节聚焦等差数列的通项公式及其在数列综合问题中的应用，涵盖数列综合大题的通用流程；等差数列判定的四类方法属基础内容，注意通项与求和公式适用对象的区分。
MATH,等差数列的前n项和,本节界定等差数列前 n 项和公式及其性质，包括下标对称性质、相邻两项和构造隔项等差数列等结论；求和与通项公式适用对象不同，应用时注意区分。
MATH,等比数列,本节界定等比数列的定义、判定与证明方法，强调判定须满足前提条件；涉及相邻两项积构造隔项等比数列等结论，注意与等差数列判定前提的区别。
MATH,等比数列的通项,本节聚焦等比数列的通项公式，涵盖构造等比数列法求通项等应用；等比数列判断与证明的四类方法属基础内容，使用通项公式前须先确认数列为等比。
MATH,等比数列的前n项和,本节界定等比数列前 n 项和公式及其奇偶讨论情形；求和需按公比是否等于 1 分情况使用，注意与等差数列求和公式的区分。
MATH,数列求和,本节界定数列求和的范围，核心是并项求和法与奇偶并项求和法，即把相邻项合并化简后再求和；注意并项后项数的变化，避免漏项或多项。
MATH,数学归纳法,本节界定用数学归纳法证明自然数命题的两步规范：先验证递推基础，再完成递推归纳；数列不等式证明的三条路线属其应用，注意两步缺一不可。
MATH,数列的单调性与最值问题,"把数列看作定义在正整数集上的函数，用作差法或作商法判断其增减，再确定最大项或最小项；单峰情形下可比较相邻两项""两边夹""地定出最值项，若解出的位置不唯一，需再比较各位置项的大小。"
MATH,等差数列前n项和最值问题,常用两种途径：一是把求和式配方，转化为二次函数求最值，注意自变量只取正整数，要结合对称性取舍；二是找正负项的分界，由相邻两项的符号变化确定前n项和取最大或最小的位置。
MATH,等差数列含绝对值问题,先解不等式 an>=0 找出正负项的分界点，再分情况求和：各项同号时绝对值之和等于原和或其相反数；只有前有限项为正（或为负）时，分成两段分别求和再相加，分界点的位置决定每段含哪几项。
MATH,等差数列与等比数列新背景问题,应用背景题先脱去情境读懂题意，再按量的变化规律构造等差、等比或递推模型，最后用数列性质求特定项、通项或前n项和。本点不引入新公式，重点是把实际问题翻译成数列语言。
MATH,混淆数列与函数致错,数列是定义域为正整数集的特殊函数，可以利用函数性质求解；易错处在于把 n 当成连续实数处理，直接套用函数极值点作为数列最值项，而忽略数列取值只发生在离散的正整数上。
MATH,对等比数列-中项-理解错误致错,三项成等比数列时，中间项是前后两项的等比中项，满足 b^2=ac；由定义可知只有同号的两个数才存在等比中项，异号两数没有等比中项，解题时必须注意这一存在条件。
MATH,忽视对公比q的讨论致错,等比数列求和公式是分段给出的：公比 q=1 时按 n 倍首项计，q!=1 时才用含 q 的公式。公比未知时必须分 q=1 与 q!=1 两种情况讨论，漏掉 q=1 是最常见的错误。
MATH,由前几项归纳数列通项的方法,只给出前几项时，通过观察各项的符号、分式分子分母的特征以及相邻项的变化规律，归纳猜想通项，必要时转化为熟悉的特殊数列。所得通项来自归纳，须经检验后才能作为结论使用。
MATH,周期数列的常见形式,周期数列的常见来源有三类：递推关系中含有三角函数、后一项由前两项按某种运算生成、以及难以变形构造的分式型递推。通法是先算出若干项，观察归纳出周期，再利用周期性转化所求项或前n项和。
MATH,求解等差数列基本量的策略,等差数列的五个量 a1、an、d、n、Sn 由通项公式和前n项和公式相互联系，知道其中任意三个就能列方程解出另外两个。a1 与 d 是基本量，把已知条件用它们表示出来是常用的设元方式。
MATH,前n项和公式法-为常数为等差数列,若 Sn/n 是与 n 无关的常数，则数列是等差数列，这是公式法判定的一个结论；判断某数列不是等差数列时，只需找出反例三项即可，而要证明是等差数列则须用定义法或等差中项法。
MATH,求解等比数列基本量的策略,等比数列的通项与前n项和公式联系着五个量，其中 a1 与 q 是基本量，已知三个量可列方程（组）求另外两个。应用求和公式必须分 q=1 与 q!=1 讨论，判断单调性时同样要对 q 的取值分类。
MATH,前项和公式法-若数列的前项和-则该数列是等比数列,若数列的前n项和满足等比求和的公式形式，则可判定该数列是等比数列；但仅满足该形式还不足够，还需检验相应条件。要否定等比性，只需找到一组连续三项不成等比即可。
MATH,应用等比数列性质解题时的2个注意点,用等比数列的性质解题时，要注意挖掘隐含条件、利用性质减少运算量；同时注意性质成立的前提条件，条件不直接匹配时先做适当变形，并善用设而不求的思想。
MATH,由求时忽略对-检验致错,an 与 Sn 的关系是分段给出的：先令 n=1 由 a1=S1 求首项，再按 an=Sn-Sn-1（n>=2）求通项，最后必须把 a1 代入验证是否符合同一表达式。常见错误是跳过 n=1 的检验直接套用，导致通项写错或漏成分段形式。
MATH,裂项相消求和时遗漏剩余项致错,裂项相消后并不一定只剩首、末两项，常出现前面剩两项、后面也剩两项的情形，一般前头剩几项、后头就剩几项。求和时要仔细核对抵消后剩余的各项并全部计入，不能只首末相减。
MATH,由sn求an的步骤,固定三步：先由 a1=S1 得首项；再对 n>=2 用 an=Sn-Sn-1 写出通项表达式；最后检验 a1 是否符合该式，符合则合并书写，否则写成分段形式。也可把含 Sn 与 an 的关系式化为只含 Sn 或只含 an 的递推再处理。
MATH,累加法与累乘法求数列通项,按递推关系的形式选用：相邻两项之差能表示为 n 的函数时用累加法，把各差叠加相消；相邻两项之比能表示为 n 的函数时用累乘法，把各比连乘。两者都把求通项转化为求和或连乘运算。
MATH,构造法求数列通项,针对一阶线性递推 an+1=pan+q，可用平移配凑或待定系数法把它构造为等比数列来求通项；对分式型递推，视参数关系可两边同除或取倒数，化为等差或等比后再用通法。构造方向取决于递推式的结构。
MATH,取倒数法求数列通项,适用于分式型递推：两边取倒数后，若 1/an 的相邻项关系构成等差数列，可直接用等差通项求解；若仍含常数项，可再配凑并用待定系数法处理。取倒数前需确认各项均不为零。
MATH,逆序相加法求数列的前n项和,适用条件是首末等距的两项之和都等于同一个常数：把前n项和正写、倒写两遍再逐项相加，得到 n 倍的该常数。等差数列前n项和公式即由此法推出，不满足这一对称性时不可套用。
MATH,分组-并项-法求数列的前n项和,分两种情形：相邻两项或几项的和为常数或有规律时，两两结合并项求和，符号交替型常用此法；通项较复杂时，把每项拆成两个或多个简单项的代数和，按等差、等比等类型分组后分别求和再合并。
MATH,裂项相消法中常见的裂项技巧,归纳常用的裂项恒等式：分母为若干因式之积的分式可拆成两个分式的差，含根式的项先有理化再裂开，拆出的两项在求和时能连续抵消。使用时按分母结构直接写出裂项式，并核对相消后的剩余项。
MATH,等差乘等比数列求和-令-可以用错位相减法,适用于通项为等差数列与等比数列对应项之积的求和：写出前n项和后乘以等比部分的公比，与原式错位相减，消去中间项后化为易求的形式再整理。相减的方向和末尾剩余项要处理准确。
MATH,导数的概念,导数由瞬时变化率引入，用差商的极限定义函数在某一点处的导数，刻画函数在该点附近的局部变化率。概念层面要分清瞬时变化率与平均变化率的区别，以及极限定义中增量趋于零的含义。
MATH,导数的几何意义,"导数在几何上表示曲线在该点处切线的斜率，由此得到切线方程：切点明确时直接用斜率写点斜式，切点不明时先设切点再解。注意""在点处""与""过点""两类切线问题求法不同。"
MATH,基本初等函数的导数,记忆并运用常数、幂函数、指数函数、对数函数及三角函数等基本初等函数的求导公式，能直接对单一基本函数求导。它只覆盖基本函数本身，和、积、复合等组合运算的求导属于运算法则与链式法则的范畴。
MATH,导数的运算法则,给出和差、乘积、商的求导法则，把由基本函数组合而成的表达式逐项或整体求导。使用时注意商法则与积法则的区分，以及分式结构下法则的选取。
MATH,复合函数的导数,复合函数求导遵循链式法则：先分清外层与内层，外层对中间变量求导、中间变量再对自变量求导，各层导数相乘得到结果。层次越多越要先做分解，避免漏掉某一层。
MATH,函数的单调性与导数,导数的正负决定函数的增减：在区间上单调递增等价于导函数在该区间恒不小于零且不恒为零。单调性讨论是求极值、最值以及含参问题的基础，也是导数综合题的通用第一步。
MATH,函数的极值,"极值是函数在一点附近的局部性质：可导函数取得极值的点处导数为零，且导数在该点两侧变号；""导数为零""只是必要条件，不变号的点不是极值点。极值与最值也不同，最值是整个区间上的全局比较结果。"
MATH,函数的最值,最值是定义区间上的全局概念：先找出区间内的极值点，再把极值与区间端点处的函数值比较，最大者为最大值、最小者为最小值。极值只保证局部最优，最值必须全局比较。
MATH,导数与不等式,两个方向：一是用导数证明不等式，通过构造函数、研究其单调性与最值完成证明，必要时配合放缩技巧；二是由不等式恒成立或能成立条件求参数范围，常用参变分离把问题化为函数最值问题。
MATH,导数与零点,研究函数零点的常用手段：图像法画出函数草图，标出极值与最值的位置，结合数形结合分析；或用零点存在定理确定某区间上有零点，再用导数分析单调性、极值与端点值符号，判定零点个数。
MATH,过定点的多切线问题,判断过定点能向曲线作几条切线时，设切点横坐标为变量，用导数表示切线斜率、按点斜式写出切线方程，再代入定点坐标得到关于切点横坐标的方程，方程不同实根的个数就是切线条数。
MATH,含参函数的单调性讨论,含参函数讨论单调性时，导函数的符号分布随参数改变，需依次考虑：导函数有无零点、零点是否落在给定区间内、有多个零点时它们的大小顺序，按这些分类点划分参数范围再逐段判断。
MATH,单变量不等式恒成立问题,单变量不等式恒（能）成立问题的常用方法是参变分离：把参数与变量分开，将恒成立转化为单变量函数的最值控制，再借助导数求最值得到参数范围。恒成立与能成立对应的不等号方向不同，须准确翻译。
MATH,双变量不等式恒成立问题,"不等式含两个变量时，先按量词""任意""或""存在""把双变量问题转化为单变量函数的值域（最值）比较，任意对任意、任意对存在各有对应转化；也可对同构式构造辅助函数，用单调性处理。"
MATH,导数与函数零点问题,利用导数确定零点个数的两条主线：图像法画出函数草图，标出极值位置，结合数形结合分析；或先用零点存在定理确定某区间上有零点，再用单调性、极值与端点值符号判定零点个数。
MATH,函数的隐零点问题,"导函数的零点无法显式求出时的两种策略：""特值试探""根据函数中含 e 或含 ln 的特点选取特殊值试探零点；""虚设与代换""先证明零点存在，再把它虚设为未知数，用零点满足的方程代入目标式消去，进而求解。"
MATH,极值点偏移问题,函数在极值点两侧的不对称性，会导致两个零点（或函数值相等的两点）的中点偏离极值点，称为极值点偏移。常用思路是用分析法把待证不等式两边变形，构造关于对称中心的新函数，再借助导数研究其单调性完成证明。
MATH,复合函数求导-漏层-或-错层-致错,多层复合函数求导须按链式法则逐层进行：先拆清复合层次，由外向内逐层求导，再把各层导数相乘。常见错误是漏掉某个中间变量的导数，或抽象复合时符号写错，分步书写可以避免。
MATH,误解-导数为0-与-有极值-的关系致错,"导数为0是""取得极值""的必要而不充分条件：求出使导函数等于0的点后，必须检验该点左右两侧导数的符号是否改变，只改变符号的点才是极值点；把导数为零直接当成极值是典型错误。"
MATH,对导数正负与函数图象升降关系理解不准确致错,"关键抓住两个对应：导函数的零点决定原函数极值点的位置，导函数值的正负决定原函数的增减。易错处是把导数图象本身的高低当成原函数的升降，混淆了""看增减看导数正负""与""看正负看原函数升降""的关系。"
MATH,导数定义在极限中的计算,当极限式与导数定义的结构一致时，可直接由某点处的导数值读出极限，不必真正计算极限；变形时要核对函数、取值点与增量是否都与定义式吻合，结构不一致时应先化简。
MATH,曲线-在-某点处的切线问题,"切线""在""曲线上某点处：该点就是切点，斜率取该点处的导数值，按点斜式写出方程再化为一般式，三步完成。它与""过某点""的切线不同——后者切点未定，不能直接用该点的导数当斜率。"
MATH,曲线-过-某点的切线问题,"切线""过""某点：该点未必在曲线上，须先设切点，用切点处的导数表示斜率，利用切点在曲线上及切线经过该点两个条件列方程解出切点，最后写出切线方程。方程可能有多解，对应多条切线。"
MATH,两曲线的公切线问题,公切线是同一条直线同时与两条曲线相切。可设两条曲线各自的切点，由两处切线斜率相等、且切点同在一条直线上列方程组求解；也可分别写出两条曲线的切线再令其重合。两条曲线的切点横坐标一般不相等。
MATH,已知函数单调性求参数,由单调性求参数时先准确翻译条件：在区间上单调递增对应导函数在该区间恒非负，存在单调增区间对应能成立问题，不单调则要求导函数在区间内有变号零点。不同措辞导出的不等式类型不同，是本题的核心。
MATH,导数构造法解函数不等式,当不等式同时涉及导函数与原函数时，按结构构造辅助函数：f'(x)+f(x) 型配 e^x 因子构造，f'(x)-f(x) 型配 1/e^x 构造，分式结构则配合 1/x 处理，再借助构造函数的单调性求解。关键是识别结构、选对因子。
MATH,利用导数求函数极值的方法步骤,讲利用导数求函数极值的三步流程：先求导函数，再解出导函数的全部实数根，然后依据根左右两侧导数符号的变化，判定各根处为极大值、极小值还是非极值。此法也可延伸用于比较数值大小，核心是变号判定，区别于单纯寻找驻点。
MATH,已知函数的极值求参数,讲如何依据函数极值的个数或极值的大小条件来确定、限制参数范围，常用途径有分类讨论、参变分离以及转化为两函数图像交点个数。本点不是直接求极值，而是把极值的存在与个数当作待解条件，区别于求极值的基本流程。
MATH,利用导数研究函数的最值,讲利用导数求函数在闭区间上最值的方法：先求区间内的极值，再把各极值与两端点处的函数值比较以确定最大最小。实际应用中若区间内只有一个驻点，它往往就是最值点。最值是相对于整个区间的整体性质，区别于极值的局部性。
MATH,平面向量的概念,讲向量的基本概念及其几何表示，明确向量、相等向量、相反向量与零向量的含义。它是向量一章的概念起点，为后续的加减、数乘与数量积运算奠基，区别于向量本身的运算规则。
MATH,平面向量的线性运算,讲向量的加法、减法以及数乘运算，并用三角形法则与平行四边形法则表示其几何意义。线性运算的结果仍是向量，区别于数量积的结果是数量，也是坐标运算与平面向量基本定理的基础。
MATH,平面向量的数量积,讲平面向量数量积的定义、性质与计算方法，含投影法与极化恒等式等形式。数量积的结果是数量，区别于线性运算得到向量，是处理垂直、夹角与模长问题的重要工具。
MATH,平面向量的坐标运算,讲向量的坐标表示及加减、数乘的坐标计算公式，向量坐标等于终点坐标减起点坐标，并给出两向量共线与垂直的坐标条件。引入坐标后可把几何问题代数化求解，区别于纯几何法则。
MATH,平面向量基本定理,讲平面向量基本定理，即平面内任一向量可由两个不共线的基向量唯一表示，并涉及共线向量与共面向量定理的向量式表述，是表示与判断点共线共面的工具，区别于只涉及两个向量的共线向量定理。
MATH,向量的模与夹角,讲向量的模与两向量夹角的概念，以及数量积在垂直、夹角与模长问题中的应用。向量夹角范围从零到派，区别于两直线所成角的取值范围，向量条件可借助平方化简。
MATH,投影向量,讲向量的投影及其投影向量的概念与求法。投影向量是沿另一向量方向的一个向量，区别于投影长度这一数量，两者易混，计算前应先明确所求结果的性质。
MATH,向量共线定理,讲向量共线定理，即两个非零向量共线当且仅当其中一个是另一个的数倍，给出几何与坐标两种形式，并联系内角平分线定理，是判断共线与点共面的依据，区别于用两个基向量表示平面向量的基本定理。
MATH,复数的概念,讲复数的概念与分类，明确实数、虚数、纯虚数的界定以及复数相等的条件与易混点。它是复数一章的概念基础，区别于复数的四则运算与几何意义。
MATH,复数的四则运算,讲复数的加减乘除四则运算，除法运算中分母实数化的处理办法，以及虚数单位幂的规律。计算按虚数单位平方等于负一的规则进行，实部虚部分别合并，区别于复数的几何意义与模的概念。
MATH,复数的几何意义,讲复数的几何意义，即复数、复平面内的点与平面向量三者一一对应，并可用几何轨迹法求相关量的最值。它是从几何视角处理复数问题的工具，区别于纯代数的四则运算。
MATH,复数的模,讲复数的模的概念与运算性质，含共轭复数与模的关系、乘除与乘方的模以及三角不等式。模表示复数对应点到原点的距离，区别于实数的绝对值。
MATH,共轭复数,讲共轭复数的定义与性质，及其在复数除法中用于分母实数化的作用。一复数与其共轭的和与积都是实数，区别于复数的模，是运算题中的常用工具。
MATH,空间几何体,讲空间几何体的结构特征，如何辨析多面体与旋转体，并提示平面中的几何性质推广到空间未必仍然成立。它是立体几何的入门部分，区别于表面积与体积的具体计算。
MATH,三视图与直观图,讲三视图与直观图的画法规则和方法，以及直观图与原图形的面积关系。直观图按斜二测画法作出，其面积是原图面积的固定比值，区别于三视图对图形的精确刻画。
MATH,多面体与旋转体,讲棱柱、棱锥、棱台、圆柱、圆锥、圆台、球等基本空间图形的结构特征，以及平面图形绕直线旋转所得的几何体。重点在识别结构特征，区别于表面积与体积公式的运用。
MATH,表面积与体积,讲空间几何体表面积与体积的计算方法，表面积计算需关注轴截面与展开图。它以几何体的结构特征为前提，区别于空间点线面位置关系与角、距离的求解。
MATH,空间点线面的位置关系,讲直线与平面、平面与平面之间的基本位置关系，即平行、相交与垂直，以及它们的判定定理与性质定理。它是立体几何的核心内容，区别于空间角与距离的定量计算。
MATH,直线与平面平行,讲线面平行的判定定理与性质定理，即平面外一条直线与平面内一条直线平行，则该直线与此平面平行。它是空间平行关系转化的常用工具，区别于线线平行与面面平行。
MATH,直线与平面垂直,讲线面垂直的判定定理与性质，即一条直线垂直于平面内两条相交直线，则该直线与此平面垂直。它是垂直关系转化的关键工具，区别于线线垂直与面面垂直。
MATH,空间向量与立体几何,讲空间向量在立体几何中的运用，包括相等向量与相反向量等概念，也可处理交线、截面与角等问题。它是空间问题坐标化的工具，区别于纯几何法证明。
MATH,异面直线所成的角,讲异面直线所成角的概念，以及用中点构造平行线等方法求角。异面直线所成角大于零且至多直角，所作的角为钝角时应取补角，区别于线面角与二面角。
MATH,二面角,讲二面角及其平面角的概念，以及作棱的垂线等构造平面角的方法。平面角的大小反映二面角的大小，区别于异面直线所成角与线面角。
MATH,几何体展开图最短距离问题,讲求空间几何体表面最短距离的方法：把表面展开成平面，曲面上的最短路径即平面上两点间的线段。需注意展开图不同形状与原立体的对应，可用对称与平移把折线化为直线段，区别于空间内部的最短路径。
MATH,空间几何体中的截面问题,讲求平面截几何体所得截面的方法，主要有直接法、延长线法与平行线法，找截面的本质是找交线。需借助平行关系把截面补完整，也可作轴截面将空间问题转化为平面问题，区别于整个几何体的表面积与体积。
MATH,求解几何体外接球的半径的思路,讲求空间几何体外接球半径的主要思路：一是利用球半径、截面圆半径与球心到截面距离三者的关系，其中确定球心位置是关键；二是把几何体补成长方体，两者共外接球，球直径即长方体的体对角线。通法是作截面把空间问题平面化，区别于内切球问题。
MATH,对命题条件探索的三种方法,讲探索几何命题条件的三种方法：先猜后证、先由必要条件探索条件再证充分性、把几何问题转化为代数问题探索。也涉及对结论的探索，即先假设结论成立再推理，结果合理则肯定假设，出现矛盾则否定，区别于直接证明已知命题。
MATH,对斜二测画法的规则掌握不牢,讲斜二测画法画直观图的规则：先建立坐标系，平行于坐标轴的线段平行关系不变，平行于横轴的线段长度不变，平行于纵轴的线段长度减半。关键是把位置规则与长度规则掌握牢固，区别于精确作图。
MATH,空间点-线-面位置关系不清,本点针对空间点、线、面位置关系的组合判断题，考查对其判定与性质掌握的程度。基本思路是逐个寻找反例作出否定判断，逐个进行逻辑证明作出肯定判断，区别于直接套用单个判定定理。
MATH,线面平行定理的理解不够准确,本点强调线面平行判定定理的准确理解与规范使用：用它转化平行关系时，必须完整满足定理成立的条件，并严格按条件书写步骤，避免缺条件。区别于线面平行的性质定理与面面平行。
MATH,对折叠与展开问题认识不清致误,本点针对空间图形的折叠与展开问题，关键是区分过程中的变量与不变量，不仅要看哪些长度与角度变了哪些没变，还要注意位置关系的变化。折叠问题应抓住不变量，区别于表面最短距离的展开法。
MATH,求空间几何体表面积,讲求空间几何体表面积的常用方法：多面体沿棱剪开展成平面图形求和；旋转体要弄清底面半径、母线长与侧面展开图边长的关系；不规则几何体分割成基本柱体、锥体、台体后求和或作差。区别于体积的计算。
MATH,求体积的常用方法,讲求空间几何体体积的常用方法：直接法对规则几何体套用公式；割补法把不规则几何体分割或补成规则的；等体积法选用合适底面作变换，常用于求三棱锥的体积。三种方法可结合使用，区别于表面积的计算。
MATH,证明线共点问题的常用方法,讲证明空间中几条直线共点的常用方法：先证其中两条直线交于一点，再证其余直线都经过该点。它是共点问题证明的基本套路，区别于同类中的共面与共线问题。
MATH,线面平行的定义-一条直线与一个平面无公共点-不相交,讲线面平行的定义，即一条直线与一个平面没有公共点，及其判定定理。判定定理运用的关键是找到平面内与已知直线平行的直线，常借助三角形中位线或平行四边形构造平行线，区别于由线面平行推线线平行的性质定理。
MATH,利用-线线平行-线面平行-面面平行-的相互转化,讲线线平行、线面平行、面面平行三者之间的相互转化，以及线面平行的判定与性质定理。转化常用于证明面面平行、求直线到平面的距离，区别于垂直关系的转化体系。
MATH,证明线线垂直的方法,讲证明空间中两直线垂直的常用方法，包括由线面垂直推出线线垂直、用勾股定理逆定理、用三角比相等证两角相等从而得垂直等。核心是把问题转化为线面垂直的判定与性质，区别于求异面直线所成角的方法。
MATH,证明面面垂直的方法,讲证明面面垂直的两种方法：一是用定义，证明两平面所成的二面角是直二面角；二是用判定定理，证明一个平面经过另一个平面的一条垂线，把问题化为线线垂直。区别于面面垂直性质定理的应用。
MATH,面面垂直性质的应用,讲面面垂直性质定理的应用：两平面垂直时，在一个平面内作交线的垂线，先转化为线面垂直，再进一步转化为线线垂直，注意线必须在面内这一条件。两相交平面同时垂直于第三平面时其交线也垂直第三平面，该结论不能直接当证明依据。
MATH,异面直线所成角的求法,讲用平移法求异面直线所成角：先把两直线平移到同一位置，再证所作角是异面直线所成角或其补角，然后放入三角形中求解，若为钝角则取补角。角的范围大于零且至多直角，区别于求二面角的定义法与求线面角的垂线法。
MATH,垂线法求线面角-也称直接法,讲用垂线法求线面角，也称直接法：先找斜足，再过线上一点向平面作垂线确定垂足，斜线在平面内的投影与斜线之间的夹角即为线面角，最后放入三角形求解。也可借助等体积法求点面距离后计算，区别于向量法求线面角。
MATH,定义法-步骤是-一作-二证-三求,讲用定义法求二面角的平面角，步骤是一作、二证、三求：先作出二面角的平面角，再证所作的角符合定义，最后把角放入三角形中计算。作平面角的常用办法有定义法、垂面法与三垂线法，区别于求线面角的垂线法。
MATH,点面距离-线面距离-面面距离都转化为点面距离,讲点面距离、线面距离、面面距离统一转化为点面距离的思路：直线或平面与已知平面平行时，在其上任取一点求该点到平面的距离即可。平行线间的距离也可作类似转化，区别于直接求点面距离的具体计算。
MATH,随机事件,讲随机事件与样本空间的概念及二者关系，明确必然事件、不可能事件与随机事件的含义，以及事件间的关系与运算。它是概率一章的起点，区别于后续的概率计算。
MATH,古典概型,讲古典概型的两个特征，即试验的样本点有限且每个样本点出现的可能性相同，及其概率公式。关键是先判定试验确实满足两个特征，区别于样本点无限多的几何概型。
MATH,随机事件的相互独立性,讲随机事件的相互独立性与乘法公式，以及事件独立时公式的简化形式。独立事件同时发生的概率等于各自概率的乘积，区别于不能同时发生的互斥事件。
MATH,条件概率,讲条件概率的定义及其基本性质，即在已知某事件发生的前提下另一事件发生的概率，可与乘法公式配合使用。区别于无条件概率，也区别于事件独立性的判定。
MATH,全概率,以样本空间的一个划分为前提，将目标事件按各子事件拆开，用子事件概率与条件概率加权求和来计算事件概率，属于由因推果的正向计算；其逆过程由贝叶斯公式处理。
MATH,离散型随机变量,研究取值可以逐个列出的随机变量及其分布列：把每个可能取值与对应概率一一列出，概率非负且总和为1。范围包括分布列的性质，以及由分布列计算期望、方差等数字特征；连续型随机变量不在其列。
MATH,离散型随机变量的期望,期望是各取值与其概率加权平均，刻画随机变量取值的平均水平。范围包括由分布列计算期望及常见分布的期望，计算时必须以概率为权重；方差是另一数字特征，二者公式不可混用。
MATH,离散型随机变量的方差,方差是各取值与期望之差的平方的加权平均，刻画随机变量在期望附近的离散程度，其算术平方根为标准差。范围包括由分布列求方差及方差与期望的关系；极差是另一类波动度量，概念不同。
MATH,二项分布,二项分布描述n次独立重复试验中成功次数的分布，每次成功概率为p。范围包括概率计算公式、二项分布与两点分布（n为1的特例）的期望方差，以及概率最大项的求法；与超几何分布的区别在于后者是不放回抽样。
MATH,超几何分布,超几何分布描述从N件含M件指定类型的物品中不放回地抽取m件时，抽到指定类型件数的分布。范围包括概率计算公式、分布列与期望方差；与二项分布的区别是各次抽取概率不固定、不独立，而二项分布是独立重复试验。
MATH,正态分布,正态分布由均值μ与标准差σ确定，曲线关于x=μ对称、呈钟形。范围包括3σ原则的三个概率区间、利用对称性求μ与σ，以及n较大时用正态分布近似二项分布的场合。
MATH,简单随机抽样,简单随机抽样是每个个体被抽中概率都相同的抽样方法，常用抽签法与随机数法。适用于总体容量不大且个体差异不明显的场合；当总体有明显分层时应改用分层抽样，它不涵盖等距抽取的系统抽样。
MATH,分层随机抽样,分层随机抽样先按某特征把总体分成互不重叠的层，再在各层内做简单随机抽样，常用按比例分配确定各层样本量。范围包括总体平均数与方差的计算式（由层内统计量汇总）；适用于总体内组间差异明显的场合。
MATH,统计图表的读取,研究从条形图、扇形图、频率分布直方图等常见统计图表中读取数据信息，以及各类图表的适用场合：条形图便于比较数量，扇形图表示部分占整体的比例，直方图展示数据分布形态。限于读图与解释，不涉及图表的绘制方法。
MATH,平均数与中位数,研究一组数据的平均数、中位数与众数：平均数反映整体平均水平，中位数是排序后居中的值、不受极端值影响，众数是出现最频繁的值。范围还包括由频率分布直方图估计这些数字特征。
MATH,回归分析,研究两个变量的线性相关关系：由散点图判断相关性，用样本相关系数度量线性相关的强弱与拟合效果，并求经验回归方程用于预测。与函数关系的区别是回归关系具有非确定性，相关系数只度量相关强弱，不直接等于回归直线斜率。
MATH,独立性检验,研究两个分类变量的独立性检验：先列2×2列联表，再计算K²（χ²）统计量，与临界值比较以判断两变量有关联的把握程度。限于对分类变量的关联判断，不能用于数值变量间的线性回归。
MATH,直线的方程,研究平面内直线方程的五种形式——点斜式、斜截式、两点式、截距式、一般式，以及各自的适用限制：斜率式不能表示竖直直线，截距式要求截距存在且非零。范围包括由给定条件求方程及各形式间的互化。
MATH,两条直线的位置关系,研究平面内两条直线的位置关系：平行与垂直的判定条件（用斜率表示或用一般式系数表示），以及求交点坐标的方法。需特别注意斜率不存在的情形，仅凭斜率判断平行垂直会出错，应结合一般式系数核对。
MATH,圆的方程,研究圆的方程：含圆心与半径的标准方程及一般方程，一般方程表示圆对系数的限制条件。范围还包括两圆的公共弦问题与含参圆系的公切线；复平面内|z−z₀|=r与圆有相同的几何意义。
MATH,直线与圆的位置关系,研究直线与圆的位置关系：比较圆心到直线的距离与半径，判定相离、相切、相交三种情形，并可求弦长。范围还包括从点观察圆的张角问题、圆上到直线距离为定值的点的个数等计数问题。
MATH,椭圆,研究椭圆：到两定点（焦点）距离之和为大于焦距的常数的点的轨迹，及其长轴、短轴、焦距、离心率等几何性质。范围包括定义与轨迹条件的运用、性质拓展结论，以及椭圆上点到定点距离的最值；与双曲线的区别在于后者是距离之差的绝对值。
MATH,椭圆的方程,研究椭圆的标准方程：中心在原点、坐标轴为对称轴，焦点可在x轴或y轴上，列方程时常需讨论焦点所在轴。范围包括由离心率等条件求标准方程，以及用mx²+ny²=1（m、n正且不等）设方程免讨论的技巧。
MATH,椭圆的离心率,研究椭圆的离心率e=c/a，取值0<e<1，刻画椭圆的扁平程度：e越小越圆，e越大越扁。范围包括由几何条件计算离心率，以及斜截圆柱、倾斜圆台水面交线等圆锥曲线来源与丹德林双球求长轴焦距的方法。
MATH,椭圆的焦点,研究椭圆的焦点：定义中两个定点，位于长轴上，焦距2c满足c²=a²−b²。范围包括焦点弦的弦长公式及其最值、中点弦与点差法结论，以及用定义把到两焦点距离之和转化为定值。
MATH,双曲线,研究双曲线：到两定点（焦点）距离之差的绝对值为小于焦距的常数的点的轨迹，及其几何性质。范围包括离心率e与b/a的互化、共轭双曲线的性质对比，以及中点弦斜率积的结论；与椭圆的区别是焦点在实轴上且有渐近线。
MATH,双曲线的渐近线,研究双曲线的渐近线：焦点在x轴时渐近线为y=±(b/a)x，双曲线两支无限趋近于这两条直线。范围包括共渐近线的双曲线系（方程右边取非零常数，符号决定双曲线或其共轭）、渐近线夹角，以及中点弦所在直线的斜率公式。
MATH,双曲线的离心率,研究双曲线的离心率e=c/a，取值e>1，刻画双曲线的开口大小：e越大开口越开阔。范围包括由焦点三角形（如正弦定理）等条件计算离心率及其取值范围的确定；与椭圆的区别是后者离心率小于1。
MATH,抛物线,研究抛物线：到定点（焦点）与定直线（准线）距离相等的点的轨迹，四种标准方程对应焦点的四个方向。范围包括用定义作距离转化、两条互相垂直焦点弦的和的最值、中点弦斜率结论；与椭圆、双曲线的区别是只有一个焦点且离心率为1。
MATH,抛物线的焦点与准线,研究抛物线的焦点与准线：四种标准方程对应的焦点坐标与准线方程，以及曲线上点到焦点距离等于到准线距离的定义。范围包括圆锥曲线第二定义（到焦点与准线距离之比为离心率，抛物线中该比为1）和用定义求距离和的最小值。
MATH,抛物线焦半径,研究抛物线的焦半径：曲线上一点到焦点的距离。范围包括三种求法——按定义转化为到准线的距离、由坐标直接计算、用焦弦倾斜角的公式（形如p/(1∓cosα)，符号随开口方向与点的位置选取）。焦半径与焦点弦长是两个不同的量。
MATH,曲线的轨迹方程,研究求曲线轨迹方程的方法：设点、列条件、代入化简的一般步骤与参数法，得到方程后需讨论曲线类型并检验变量范围、舍去不合题意的点。范围还包括圆锥曲线第三定义（到两定点斜率之积为定值的轨迹）及由代数条件判断轨迹类型。
MATH,圆锥曲线的综合问题,研究圆锥曲线的综合问题：求出曲线方程后，与直线位置关系（联立方程、韦达定理）结合，处理弦长、面积、定点与范围等问题。范围包括大题的通用流程、圆与圆锥曲线切线方程的公式、点列递推型问题；属于多知识点综合，不限于单一图形。
MATH,分类加法计数原理,研究分类加法计数原理：完成一件事可分成若干类，各类方法互不重叠且每类都能独立完成，则总数是各类方法数之和。范围包括用Venn图与容斥原理处理类别有交叠的计数、不相邻问题的插空法；与分步乘法原理的区别在类别间是并列而非衔接。
MATH,分步乘法计数原理,研究分步乘法计数原理：完成一件事需依次经过若干步骤，每步都不可缺少且各自方法数相乘即为总数。与分类加法原理相对：分步是步骤间的依次衔接，分类是类别间的并列选择；判断依据是单独一类（步）能否完成整件事。
MATH,排列,研究排列：从n个不同元素中取出m个并按一定顺序排列，排列数公式及其性质是核心。范围包括相邻问题的捆绑法、指定元素相对顺序固定的固序问题等处理技巧；与组合的区别在于排列讲究顺序，组合不讲顺序。
MATH,组合,研究组合：从n个不同元素中取出m个而不考虑顺序，组合数公式及其性质是核心。范围包括用隔板法计不定方程非负整数解的个数、分组分配问题的去序处理与流程；与排列的区别在于取出的元素不作顺序排列。
MATH,二项式定理,研究二项式定理：(a+b)的n次展开式的通项结构（组合数乘各部分幂次），二项式系数的对称性与单调性——n为偶数时中间一项最大、n为奇数时中间两项最大。范围还包括赋值法求系数和或特定项系数；二项式系数与项的系数是两个不同概念。
MATH,利用空间向量解决探索性问题,研究用空间向量处理立体几何的探索性问题：先依垂直条件建系、设点或参数，由线面位置关系与数量关系列方程，解出参数并检验是否在允许范围内，以确定存在与否。限于存在性探究，须先设后证，不能省略范围检验。
MATH,利用空间向量解决最值范围问题,研究用空间向量解决空间几何最值与范围问题的思路，载体多为规则几何体：可建目标函数转化为函数最值求解，可依结构特征将动态问题静态化以判断取值情形，也可展开几何体在平面内直观求解。范围涵盖动点、线面关系推理及空间角与距离的综合。
MATH,不规则几何体建系问题,研究不满足共点三垂直条件的几何体如何建立空间直角坐标系：须先证明所建坐标轴两两垂直（一个线面垂直加底面两线垂直），证明环节不能省略。选轴时可让底面更多点落在轴上、利用底面垂直条件、寻找对称关系。限于建系的前置证明，不含角度距离计算。
MATH,空间向量新定义问题,研究空间向量与立体几何中的新定义问题：面对新情景、新概念（如离散曲率、直线的方向式方程等），先把新元素翻译成已有知识，与平行垂直判定性质及空间角、距离公式结合，明确目标后再构造求解。限于新定义情境，不含常规计算。
MATH,忽视零向量,研究空间向量概念判断中忽视零向量特殊性这一易错点：零向量与任一向量都平行，方向任意，故涉及平行性、方向、模的命题都可能因它出错。范围包括零向量与单位向量的辨析，判断前先检查向量能否取零向量。
MATH,错判数量积的符号与夹角关系,研究由数量积符号与夹角关系求参数范围的易错点：夹角为钝角须数量积小于零且排除反向共线（夹角为180°）情形，锐角则排除同向共线。范围限于两向量夹角与数量积符号的互化，共线情况不可遗漏。
MATH,忽略建系的条件而出错,研究忽略建系条件而出错这一易错点：在未验证三轴两两垂直时直接对几何体建立空间直角坐标系，或因空间方位感不足取错点的坐标符号。使用向量坐标运算前必须确认所建坐标系满足定义要求，限于建系合法性问题，不含运算技巧。
MATH,由线-面关系误解向量关系,研究由线面关系误解向量关系的易错点：线面垂直的方向向量与法向量平行，线面平行则方向向量与法向量垂直且直线不在平面内，线在面内也是方向向量与法向量垂直。范围限于向量刻画线面位置关系的对应，须注意平行情形与在面内的区分。
MATH,忽视异面直线的夹角与向量的夹角范围不同,研究忽视异面直线夹角与向量夹角范围不同的易错点：两异面直线所成角的范围是大于0°小于等于90°，两向量夹角的范围是0°到180°。用向量求异面直线夹角须取绝对值，余弦为负时取相反数，不能把向量夹角直接当作直线所成角。
MATH,线面角与向量夹角转化不清等问题,研究线面角与向量夹角转化不清的易错点：方向向量与法向量夹角余弦的绝对值等于线面角的正弦，直接求出的角与线面角互为余角。不能把方向向量与法向量的夹角当作线面角，也不能漏掉绝对值与正弦余弦的转换；与二面角的向量公式须区分。
MATH,二面角概念模糊,研究二面角与二面角的平面角概念模糊的易错点：两平面法向量夹角的余弦与二面角的余弦可能相等也可能互为相反数，须结合图形判断二面角是锐角还是钝角。二面角的范围是0°到180°，不能把法向量夹角直接当作二面角。
MATH,动点问题没有取舍,研究立体几何动点问题计算后没有取舍的易错点：设动点在线段或棱上求解，结果常出现多个值，须回代题意检验点是否落在允许范围内再取舍。限于动点问题解的取舍环节，不含方程的列法与求解过程。
MATH,用基向量表示指定向量的方法,研究用基向量（不共面的三个向量）表示指定向量的方法：观察图形，把所涉向量转化到同一三角形或平行四边形中，逐步用三角形法则或平行四边形法则把目标向量用基向量的线性组合表示。范围还包括点在线面内时确定系数及基本量的范围。
MATH,三点共线和空间四点共面的方法比较,研究三点共线与空间四点共面的判定方法比较：向量法中三点共线要求相应向量共线，四点共面要求某点的位置向量用其余三点表示时系数和为1。并与公理及推论的几何判定（共面、共线、共点的证明套路）对照使用，注意两种条件不可互替。
MATH,解决垂直问题-利用-可将垂直问题转化为向量数量积的计算问题,研究把立体几何的垂直问题转化为向量数量积计算的思路：两直线垂直等价于方向向量数量积为零，线面垂直等价于方向向量与法向量共线，从而用坐标运算完成证明或求值。范围限于垂直关系的向量处理，平行问题须另用共线或垂直的对应条件。
MATH,利用空间向量证明垂直的方法,研究用空间向量证明垂直的方法：证两直线（含异面直线）垂直只需证方向向量数量积为零，证线面垂直只需证方向向量与平面法向量共线。对照地，证线线平行用方向向量共线、证线面平行用方向向量与法向量垂直且线不在面内，两类条件不可混用。
MATH,用向量法求异面直线所成角的一般步骤,"用向量法求异面直线所成角的一般步骤：建立空间直角坐标系，用坐标表示两直线的方向向量，再用向量夹角公式求两向量夹角的余弦值。异面直线所成角限定在(0,π/2]内，取向量夹角余弦的绝对值即可，不同于取值在[0,π]内的向量夹角本身。"
MATH,用向量法求解直线与平面所成角的方法,向量法求直线与平面所成角：取直线方向向量与平面法向量，线面角的正弦等于两向量夹角余弦的绝对值。范围以直线和平面所成的角为准，取值在0到90度之间，不同于方向向量与法向量夹角的取值；若求线面角的最值，可先化为一元函数，再用基本不等式求解。
MATH,利用向量法解二面角问题的策略,向量法解二面角有两条主策略：一是求两半平面的法向量，借法向量夹角转化二面角，需结合图形判断余弦的正负；二是在两半平面内各取以垂足为起点、垂直于棱的向量，其夹角即二面角的平面角。计算时可先设长度参数，用坐标表示向量，再以数量积公式求余弦。
MATH,利用空间向量求空间距离,空间距离的向量求法：求点线距时，把直线上的定点指向线外一点的向量投影到该直线的单位方向向量上，投影长度即距离；求点面距时，把平面内一点指向面外一点的向量投影到平面的法向量上。线面距、面面距均可转化为点面距求解，适用于空间图形中的距离问题。
PHYSICS,路程,路程是描述物体实际运动轨迹总长度的标量，只谈大小、不谈方向，范围以轨迹本身为限。它和描述初末位置变化的位移相区别：路程取决于具体走法，二者只有在单向直线运动时才大小相等。
PHYSICS,平均速度,平均速度描述某段时间内位置变化的平均快慢，定义为位移与对应时间间隔的比值，是矢量，方向与位移相同。它是对一段过程的平均描述，区别于对应某一时刻的瞬时速度。
PHYSICS,瞬时速度,瞬时速度是物体在某一时刻（或某一位置）运动快慢与方向的描述，可由时间间隔趋于零时平均速度的极限得到，方向即该时刻的运动方向。它与描述一段时间平均快慢的平均速度相区别，也不同于只表示速度大小的速率。
PHYSICS,时刻与时间间隔区别与联系,时刻是时间轴上的点，对应物体那一瞬的状态，如位置与瞬时速度；时间间隔是两时刻之间的段，对应一个过程，如位移与平均速度。两者物理意义不同：时刻无长短，时间间隔有起止，读列车时刻表或运动图象时最常用来区分。
PHYSICS,速度-速度的变化量-加速度的比较,比较三个量：速度描述位置变化的快慢；速度变化量是末速度与初速度之差；加速度描述速度变化的快慢，其大小由合力与质量共同决定，方向与合力方向一致。速度变化量大并不说明加速度大，还要看所用时间，且速度方向与加速度方向不可混同。
PHYSICS,以上各式均为矢量式-应用时应规定正方向,直线运动的运动学各式均为矢量式，应用时须先规定正方向，速度、加速度等量再按正负代入。范围限于同一直线上的运动；若力或运动方向不同，要先沿坐标轴正交分解，再对每一方向分别规定正方向列方程。
PHYSICS,非常规运动学图像,指除常见x-t、v-t、a-t图象之外的运动图象，如速度平方对位移的图象。基本思路是由运动学公式推导出纵、横坐标间的函数关系，再据此判断图线斜率、截距及所围面积的物理意义。与常规图象不同，它的斜率和面积含义不固定，须先推导后解读。
PHYSICS,追及问题的分析和解题思路,追及问题把匀变速直线运动公式用于一个物体追赶（或靠近）另一个物体的过程。解题先分析两物体的运动性质与时间同步关系，再写出位移关系，即位移差或位移和等于初始间距。范围限于直线追及情景，关键在找出两物体速度相等时刻的特殊状态。
PHYSICS,在1t末-2t末-3t末-4t末-n-t末的速度比为-1-2-3-n,仅适用于初速度为零的匀变速直线运动：连续相等时间末速度之比为1:2:…:n，连续相等时间内位移之比为1²:2²:…:n²，各段相等时间间隔内位移之比为1:3:…:(2n-1)，通过连续相等位移所用时间之比按根号差递增。初速不为零时均不成立。
PHYSICS,竖直上抛运动的处理方法,竖直上抛运动是初速度向上、加速度恒为重力加速度g向下的匀变速直线运动，可分成上升、下降两段处理，也可作全程统一处理。注意其多解性：物体经过抛出点上方同一位置时，上升与下降各有一次，解题须把两种情况都考虑到。
PHYSICS,非惯性参考系,非惯性参考系是相对惯性系有加速运动的参考系，包括变速平动与转动。其中牛顿第一定律不成立，解释运动须引入虚构力（惯性力）并修正牛顿第二定律，常见虚构力有惯性力、离心力与科里奥利力。它与无需修正即可应用牛顿定律的惯性参考系相区别。
PHYSICS,惯性的两种表现形式,惯性有两种表现：合外力为零时，表现为物体继续保持静止或匀速直线运动状态；受外力时，表现为运动状态改变的难易程度。质量是惯性大小的唯一量度。惯性是物体本身的性质而非力，不能表述为受到惯性力，它也与作为运动规律的惯性定律相区别。
PHYSICS,对牛顿第三定律的理解,牛顿第三定律指出两个物体间的作用力与反作用力总是大小相等、方向相反、作用在同一直线上，对任何物体、任何情形都成立。相互作用力分别作用在两个不同物体上、性质相同、同时出现，不能相互抵消。这是它与作用在同一物体上的一对平衡力的关键区别。
PHYSICS,超重-物体有向上的加速度称物体处于超重,物体加速度方向向上时处于超重状态，此时它对支持面的压力（或对悬挂物的拉力）大于自身重力，即视重超过mg。超重并不意味着重力增大，改变的只是视重，也就是秤的示数；它与加速度向下、视重小于重力的失重状态相对。
PHYSICS,对超重和失重的理解应当注意的问题,判断超重还是失重，只依据物体加速度的方向，与速度方向无关：加速度向上即超重，向下即失重。物体自身重力并未改变，变的是它对支持物的压力或对悬挂物的拉力。当a=g时处于完全失重，单摆摆动、天平称量、浮力、液体压强等依赖重力的现象都会消失。
PHYSICS,几种等时圆模型分析,等时圆模型研究物体自静止沿竖直圆的光滑弦下滑所用时间：物体沿不同弦滑到圆最低点的时间相同，故称等时。解题关键是先用圆的几何关系找出弦长与直径的关系，再结合匀变速直线运动公式求时间，可拓展到几种等时圆情形的分析。
PHYSICS,板块模型,板块模型中滑块与木板都相对地面运动，靠摩擦力发生相对滑动。位移关系为板长等于两者位移之差（同向）或之和（反向）。分析关键是看摩擦力能提供的最大加速度，判断二者相对静止还是相对滑动；当两者速度相同后，还需重新判断摩擦力的性质是否改变。
PHYSICS,连接体问题的分析易错-整体法与隔离法应用,连接体中各物体加速度相同且不必求内力时，用整体法求加速度；加速度不同或要求物体间相互作用力时，用隔离法对单个物体列方程。加速度相同又需内力时，先整体求加速度，再隔离求内力；滑轮绳连接的两物体加速度方向相反，求绳拉力必须用隔离法。
PHYSICS,求解的基本思路,临界极值问题的一般思路：先审题并把变化的过程划分阶段，再找出过程中变化的物理量、探索其变化规律，最后判断答案发生变化的临界状态，分析临界时刻的条件，列出各量之间的临界关系。它适用于物理量连续变化的过程，关键是找到状态转变瞬间物理量的限制值。
PHYSICS,核心思想-运动分解,小船渡河问题的核心思想是运动分解：船的实际运动是沿船头划行与顺水流漂移两个分运动的合成，合速度方向一般不沿船头指向。分解时以运动的实际效果为依据，把合速度沿水流方向与船头指向两个方向进行合成与分解。
PHYSICS,常见的速度分解模型,通过不可伸长的绳（或杆）连接的关联体，如用绳和定滑轮把船拉向岸边。解法关键是取物体实际速度为合速度，分解为沿绳（杆）方向与垂直绳（杆）方向的分量，沿绳（杆）的分量即绳（杆）长短变化的速度。约束发生在两个物体之间，不同于单个物体的速度合成。
PHYSICS,核心处理思想-运动的合成与分解,平抛运动的核心处理思想是运动的合成与分解：合运动分解为沿初速度方向的匀速直线运动与沿重力方向的匀加速直线运动，水平速度不变x=v0t，竖直初速为零y=gt²/2。两个分运动彼此独立、同时进行，合速度与合位移按平行四边形定则合成。
PHYSICS,核心思想-运动分解-x1,平抛运动分解后还可导出合运动规律：飞行时间只由下落高度决定，水平射程由初速度与下落高度共同决定，轨迹是抛物线；速度偏角α与位移偏角θ之间满足tanα=2tanθ。它与斜抛的区别在于初速度水平，竖直方向没有初速度分量。
PHYSICS,与平抛的区别,类平抛运动与平抛的区别：其加速度由重力以外的恒定合外力（如电场力或斜面上重力分量）产生，方向不一定竖直，而平抛的加速度恒为竖直向下的重力加速度g。识别条件是合外力恒定且垂直初速度，解题关键是沿初速度与合力方向建轴，分解为匀速与匀加速分运动。
PHYSICS,关联速度的分析-运动分解的核心思想,关联速度问题指多个物体的运动被不可伸长的绳（或杆）约束而相互关联。核心思想是运动分解：把各物体实际速度分解为沿绳（杆）与垂直绳（杆）方向的分量，约束要求两物体沿绳（杆）方向的分速度时刻相等，据此列式求解。它不同于单个物体自身的速度合成。
PHYSICS,斜抛运动的物理量求解-多过程问题,斜抛运动的物理量求解利用运动的对称性：上升与下降到同一高度时，上升时间等于下降时间（v0sinθ/g），速度大小相等、方向关于水平对称，水平速度始终不变，竖直分速度大小相等而方向相反。它可用于多过程问题中上升段与下降段的相互换算。
PHYSICS,按运动独立性建立坐标系,斜抛运动可按运动独立性建立坐标系：沿初速度方向为匀速直线运动，沿重力方向加速度恒为g，两个分运动合成合运动；也可再分解为水平匀速（vx=v0cosθ）与竖直上抛两个分运动。最高点的竖直分速度为零，该处速度仅剩水平方向。
PHYSICS,极限思想,极限思想通过极端假设（如让速度趋于极大或极小、角度趋近0°或90°）来分析问题的临界状态，把极限值代入关系式检验结论是否合理。它与转换视角的逆向法、减少计算的对称法配合使用，可高效解决轨迹分析、临界条件与极值求解等问题。
PHYSICS,水平转盘上运动物体模型,水平转盘上圆周运动的物体，若仅靠摩擦力提供向心力，恰好不相对滑动的临界是静摩擦力达到最大值且指向圆心；若水平方向还有绳等其他力，临界情形须按题设判断，先确定某个力是否存在及其方向。范围限于水平面内的圆周运动。
PHYSICS,分析方法,斜面上圆周运动分析方法：先确定约束类型（凹槽或绳牵引），再沿斜面与垂直斜面正交分解，垂直斜面的重力分量与支持力平衡，然后列沿斜面指向圆心的法向方程，最后求临界参数。它与水平面内圆周运动分析的差别在于向心力的来源构成不同。
PHYSICS,圆锥摆的两种变形,圆锥摆两种常见变形：锥角相同而摆长不同时，向心加速度相同，摆长较大的角速度较小、线速度较大；摆高相同而摆长、摆角不同时，周期只由摆高决定，两者周期相同。解决临界问题要关注绳恰好松弛、接触面弹力恰好为零等临界状态。
PHYSICS,三类情况分析,圆周运动临界情形常见三类：水平转盘上的物体恰好不相对滑动，对应静摩擦力达到最大值；绳子即将断，对应拉力达到最大承受值；与支持面或杆的弹力有关，对应弹力恰好为零的状态。确定临界条件时，从某个力达到极值的时刻入手，反求对应的角速度或线速度。
PHYSICS,a-b两物块叠放在转盘上,两个物块（叠放或用轻绳连接）在水平转盘上随盘共转时，要分析哪个先达到滑动临界：比较各自能提供的最大静摩擦力与按自身转动半径所需的向心力，需求先超过摩擦力极限的先滑动。与单物块模型不同，这里须同时考虑两物块间的相互作用与半径差异。
PHYSICS,绳球模型-杆球模型两类经典模型中的临界条件-情景分析,竖直面内圆周运动的绳模型与杆模型临界条件对比：绳（或外管壁等单侧约束）只能提供指向圆心的力，最高点临界状态是约束力恰好为零；杆（或管道等双侧约束）既能向内也能向外用力，最高点临界条件与之不同。区分两类模型的依据是约束能否提供背离圆心的力。
PHYSICS,航天现象中圆周运动的情景创新的问题处理,航天情景中圆周运动问题要找准向心力来源：近地圆轨道上仅由重力提供向心力；航天器加速飞行时座舱对航天员可能出现支持力，重力与支持力的合力提供所需向心力，支持力为零时即完全失重。关键是按具体情景判断哪个力（或哪几个力的合力）充当向心力。
PHYSICS,类比-创新-极限等物理思维考查,圆周运动中要求运用物理思维方法的考查点：类比是把经典模型迁移到新情境（向心力对应引力这类力），创新是面向实际情景建构新模型，极限是用极端条件挖掘临界量。解题关键是找到可类比的经典原型、确定变量的取值边界，再列出向心力方程求解。
PHYSICS,质点,质点是忽略物体大小和形状、把质量集中于一点的理想化模型，用来描述物体的位置与运动。只有当物体的大小、形状对所研究的问题没有影响或影响可忽略时，才能把它看成质点；能否看成质点取决于具体研究问题，与物体实际大小无关。
PHYSICS,参考系,参考系是研究运动时被选作参照的物体。选取参考系具有任意性，但一经选定，对各个物体的运动描述都应统一采用同一参考系；同一物体的运动相对不同参考系描述可能不同，这体现运动的相对性。通常以地面或相对地面静止的物体作为参考系。
PHYSICS,位移,位移是描述物体位置变化的矢量，由初位置指向末位置，大小为两点间直线距离。它与标量的路程相区别：路程是轨迹长度，只看大小；也与位置坐标相区别：坐标描述某一状态的位置，位移描述位置的变化。
PHYSICS,速度,速度是描述位置变化快慢的物理量，定义为位移与时间间隔的比值，是矢量，方向即运动方向。速率只指速度的大小，两者概念不等价，讨论方向与快慢时要区分速度与速率的表述。
PHYSICS,加速度,加速度描述速度变化的快慢，等于速度变化量与时间间隔的比值，是矢量，方向与速度变化量的方向一致。它与速度、速度变化量都可区分：速度大不代表加速度大，速度变化量大也不代表加速度大。实验处理中常用逐差法等方法由数据求出加速度。
PHYSICS,坐标系,坐标系是给物体位置及位置变化定量的数学工具，通过选取原点、正方向与单位长度建立；一维运动常建直线坐标轴，平面运动建平面直角坐标系。它与参考系相区别：参考系确定描述运动的标准，坐标系是在其上定量描述位置的数学手段。
PHYSICS,匀变速直线运动的规律-多过程问题,物体运动包含几个不同性质的阶段时须分段分析：先确定每段的运动性质，再对各段分别选用对应公式列式；相邻两段的衔接处速度是共同量，前段末速度即后段初速度。它与单段问题的区别在于不能把同一组公式贯穿整个过程套用。
PHYSICS,匀变速直线运动问题常用的解题方法,指按已知量与未知量的组合选用公式解匀变速直线运动问题：先弄清各量的已知未知，选不含无用量的运动学公式，也可借助图象法、比例关系等。物体减速到停止的过程，要先判断给定时间内是否已停，不能把总时间直接代入公式计算。
PHYSICS,匀变速直线运动,匀变速直线运动是加速度大小和方向都恒定的直线运动，速度随时间均匀变化；按加速度与速度方向是否相同分为匀加速与匀减速两类。其公式联系速度、位移、加速度与时间，选用公式须根据已知量与未知量来确定。
PHYSICS,速度时间公式,速度时间公式是匀变速直线运动的基本公式，表示某时刻末速度等于初速度加上加速度与时间的乘积，适用于加速度恒定的运动。它是矢量式，应用时要规定正方向；配合识图时，v-t图象斜率表示加速度，a-t图象面积表示速度变化量。
PHYSICS,位移时间公式,本条给出匀变速直线运动位移随时间变化的关系式，说明初速度、加速度与时间的定量关系，并能读x-t图像：图线斜率表示速度，直线表示匀速、曲线表示变速。
PHYSICS,速度位移公式,本条给出匀变速直线运动中速度与位移的关系式（不含时间变量），可据此读v²-x图像的斜率含义；另含人船模型，处理系统初速为零时各部分位移的分配。
PHYSICS,伽利略斜面实验,本条介绍伽利略用斜面实验研究小球运动、并推论自由落体是匀变速直线运动的过程，含理想实验的推理方法及其对建立运动规律的贡献。
PHYSICS,自由落体运动,本条给出自由落体运动的规律（初速为零、只受重力的匀加速直线运动），含平抛与自由落体对比实验的结论，并辨析其适用条件与常见误用。
PHYSICS,胡克定律,本条给出胡克定律（弹簧弹力与形变量成正比，有弹性限度），并含弹簧串联、并联的等效劲度系数，以及用整体法分析弹簧悬挂托盘与盘子的平衡问题。
PHYSICS,静摩擦力,本条说明静摩擦力的概念，给出其有无及方向的判断方法，强调静摩擦力大小随外力变化并在零与最大静摩擦力之间取值。
PHYSICS,滑动摩擦力,本条说明滑动摩擦力的概念与大小计算（取决于正压力与动摩擦因数），含滑动与静摩擦相互转变时的突变处理、摩擦力计算的注意事项，并辨析滑动摩擦力与动力、阻力的关系。
PHYSICS,力的分解,本条说明力的分解与力的合成互为逆运算，给出效果分解法与正交分解法两种方法，并介绍按实际作用效果分解与沿选定坐标轴分解的适用情形。
PHYSICS,四种基本相互作用-引力相互作用-电磁相互作用-强相互作用和弱相互作用,本条介绍自然界四种基本相互作用（引力、电磁、强相互作用和弱相互作用）各自的作用范围，并说明力源于物体之间的相互作用，力不能脱离承载它的物体而独立存在。
PHYSICS,方向-总是竖直向下-竖直向下是和水平面垂直-不一定和接触面垂直-也不一定指向地心,本条说明重力方向总是竖直向下，即与水平面垂直，但未必与接触面垂直、也未必指向地心；并含重心的概念、决定重心位置的因素，以及用悬挂法确定薄板物体重心的方法。
PHYSICS,合力范围,本条说明合力的大小可以比某个分力大、比它小或和它相等，给出两个共点力的合力随夹角变化的取值范围，并能用矢量合成比较三力平衡中各力的大小。
PHYSICS,受力分析多力漏力-受力分析方法,本条给出受力分析的一般步骤与原则，按重力、弹力、摩擦力的顺序逐一分析，强调弹力的方向要垂直接触面、摩擦力要平行于接触面并判断相对运动趋势，并归纳漏力或多画力等易错点。
PHYSICS,整体法与隔离法在受力分析中的应用,本条说明受力分析的两类方法整体法与隔离法：整体法把整个系统当对象，只考虑系统外物体施加的力，用于求系统的合外力或加速度；隔离法分析系统内单个物体的全部受力，用于求物体间的相互作用力；复杂问题常先把系统整体处理，再隔离所需物体。
PHYSICS,相似三角形-动态三角形-拉密定理等方法解决临界极值问题,本条介绍三力平衡求临界与极值的几种方法：用矢量三角形与几何三角形相似的相似三角形法、动态画出闭合三角形的图解法，以及各力与所对角正弦成正比的拉密定理。
PHYSICS,重力,本条说明重力是地球对物体的吸引作用，大小与质量成正比、方向竖直向下，作用点为重心，并含用弹簧图线测定相关量与力的合成实验注意事项。
PHYSICS,弹力,本条说明弹力由物体弹性形变产生，给出弹力有无的判断方法，并介绍常见弹力（支持力、压力、拉力、绳的拉力）的方向与大小确定。
PHYSICS,摩擦力,本条说明摩擦力的概念与静、滑动摩擦的分类，强调需分清运动方向、相对运动（趋势）方向等三个方向，并含叠放物块刚要滑动时的临界条件与摩擦力方向判断。
PHYSICS,力的合成,本条说明力的合成是矢量加法，遵循平行四边形定则（或三角形定则），给出共点力合力的求法与合力随分力夹角变化的取值范围。
PHYSICS,共点力平衡,本条说明共点力平衡的条件（合力为零）与两个推论，含三力平衡时作用线交于一点、以及用全反力与摩擦角处理含摩擦的四力平衡问题。
PHYSICS,共点力的平衡临界极值问题-临界条件,本条说明共点力平衡中临界与极值问题的处理，关键是找出平衡即将被打破的临界状态及其标志条件，如静摩擦力达到最大、弹力恰为零或某力方向发生突变。
PHYSICS,牛顿第一定律,本条说明牛顿第一定律的内容（物体在不受外力时保持静止或匀速直线运动状态），并阐述它与惯性的关系及其在建立力学体系中的意义。
PHYSICS,牛顿第二定律,本条说明牛顿第二定律的表达式，即合外力与加速度的定量关系，含对定律的理解、公式辨析及其六性等特性，并介绍应用方法。
PHYSICS,牛顿第三定律,本条说明牛顿第三定律的内容：两物体间的作用力与反作用力大小相等、方向相反、作用在同一直线上，并阐述对其的理解。
PHYSICS,超重,本条说明超重现象：物体具有向上的加速度时，对支持物的压力（或对悬挂物的拉力）大于自身重力，与运动方向无关、只取决于加速度方向。
PHYSICS,失重,本条说明失重与完全失重现象：物体具有向下的加速度时，视重小于重力；加速度等于重力加速度时为完全失重，并给出两者的判断方法。
PHYSICS,单位制,本条说明单位制与力学单位制的构成，介绍国际单位制中基本单位、导出单位的划分及其相互关系。
PHYSICS,线速度,本条说明线速度的概念，即圆周运动物体沿轨迹切线方向的速度，并给出其与角速度、周期等量的关系，用于描述圆周运动的快慢。
PHYSICS,角速度,本条说明角速度的概念，描述物体绕圆心转动的快慢，并含卫星运行参量随轨道升高而减慢的结论。
PHYSICS,离心现象,本条说明离心现象：做圆周运动的物体在合外力不足以提供所需向心力时，将远离圆心的运动，并介绍防止或利用离心现象的情形。
PHYSICS,曲线运动,本条说明曲线运动的条件（合外力与速度不共线）、特征与速率判断，并含抛体运动中两组易混概念的辨析。
PHYSICS,平抛运动,本条说明平抛运动是水平方向匀速、竖直方向自由落体的合成，给出其运动学公式与两个常用推论，并能比较多个平抛运动及处理角度约束。
PHYSICS,平抛运动与斜面的结合分析,本条说明平抛运动落在斜面上时的分析方法，利用水平与竖直位移的几何关系（斜面倾角）建立方程求解落点，并含与斜面或圆弧面有关的抛体运动及易混概念辨析。
PHYSICS,平抛运动与曲面的结合分析,本条说明平抛运动落在圆弧等曲面上时的分析方法，借助圆心和半径的几何关系确定落点，并含与斜面、曲面有关的平抛运动的综合讨论。
PHYSICS,圆周运动,本条说明圆周运动的基础概念与规律，包括线速度、角速度、周期、频率等描述量及其相互关系，用于刻画物体沿圆轨迹的运动。
PHYSICS,向心力,本条说明向心力是使物体做圆周运动所需的指向圆心的合外力，由其他实际力提供而非新力，并含汽车转弯时由静摩擦提供向心力及水平与倾斜路面的情形。
PHYSICS,向心加速度,本条说明向心加速度的概念，其方向始终指向圆心，改变速度方向而不改变速度大小，并介绍向心力与向心加速度的关系。
PHYSICS,开普勒三定律,本条说明开普勒行星运动三定律（椭圆轨道、面积速度、周期与半长轴的关系），并含万有引力与开普勒定律的综合比较、冲日间隔判据及变轨过程中的周期关系。
PHYSICS,宇宙速度,本条说明宇宙速度的概念与取值范围，涵盖第一、第二、第三三个宇宙速度，并介绍发射速度与三者大小的关系。
PHYSICS,同步卫星,本条说明同步卫星的概念（运行周期与地球自转周期相同、相对地面静止的地球卫星），并含近地卫星、同步卫星与赤道物体三者的运行参量比较。
PHYSICS,天体质量计算,本条说明天体质量与密度的估算方法，即由环绕天体的轨道参量结合万有引力定律推算中心天体的质量与密度。
PHYSICS,表达式-f-g,本条给出微元柱体的体积、质量与动量表达式，即用微元法取一小段柱形体并写出其体积、质量与动量的式子，作为后续分析的基础。
PHYSICS,卫星的对接问题,本条说明卫星对接的两类情形：低轨道飞船加速后沿椭圆轨道做离心运动、追上高轨道的空间站，以及同轨道上飞船先减速降低轨道、再加速抬高轨道后对接，并归纳航天器变轨时的若干注意事项。
PHYSICS,地球重力场监测,本条说明用卫星重力测量监测地球重力场的方法，依据地球质量分布不均导致的引力异常，通过卫星间距离的微小变化反演地表水储量迁移等信息。
PHYSICS,不同高度卫星物理量的比较,本条说明圆轨道上人造卫星的线速度、周期、角速度与加速度随轨道半径变化的关系，概括轨道越高运行越慢、周期越长的结论，并能比较变轨前后及不同轨道卫星的各量，含动能与动量的比较。
PHYSICS,三星模型,本条说明三星模型的构成与受力分析，即三颗星共线、两颗环绕星绕中央星运行，以及三颗星质量相等、分布在等边三角形顶点并各绕中心做圆周运动的两种情形，并延伸到多星模型（三星、四星）及拉格朗日点问题。
PHYSICS,万有引力定律,本条说明万有引力定律的表达式与适用条件（质点间或质量分布均匀的球体），含两条常用推论，并辨析距离趋于零时万有引力并不趋于无穷大。
PHYSICS,功,本条说明功的概念与恒力做功的计算，重点介绍变力做功的多种计算方法，以及力随位移线性变化时的做功处理。
PHYSICS,弹性势能,本条说明弹性势能的概念与特点，指出弹簧形变量最大（拉伸至最长或压缩至最短）时弹性势能最大，并归纳涉及弹簧的能量问题要点。
PHYSICS,功能关系,本条说明功与能变化的关系，给出处理含阻力问题时克服阻力做功与落地动能不相等的辨析，以及为系统选择功能关系的策略。
PHYSICS,功率,本条说明功率的概念及其两种取值，区分平均功率与瞬时功率，并给出两者的计算方法与适用情形。
PHYSICS,动能,物体因运动状态而具有的能量，是标量，大小由质量与速率共同决定，且随参考系选择而变化。与同为状态量的动量（矢量，方向随速度）相区别，也区别于作为能量转移过程量的功。
PHYSICS,动能定理,合外力对物体所做的功等于物体动能的变化量，是标量的过程关系，恒力与变力过程均适用；合功可取各力做功的代数和。与牛顿第二定律的瞬时关系相区别，也与要求只有重力弹力做功的机械能守恒相区别。
PHYSICS,重力势能,物体因所处相对位置而具有的能量，是标量；零势能面可任意选取，数值随参考面变化而变化，但变化量与参考面无关。重力做的功等于重力势能的减少量，且与路径无关。
PHYSICS,机械能守恒定律,系统内只有重力和弹力做功时，动能与势能相互转化而总量不变，条件判断是关键。轻杆轻绳连接的多体系统应对整体判断守恒；与普遍成立的能量守恒定律相区别，也与处理合功与动能变化的动能定理相区别。
PHYSICS,能量守恒定律,能量既不会创生也不会消灭，只能从一种形式转化为另一种形式或从一个物体转移到另一个物体，总量保持不变。是普遍成立的规律，不要求只有保守力做功；机械能守恒只是它在特定条件下的特例。
PHYSICS,冲量,力与作用时间的乘积，是矢量，方向与力的方向相同，反映力在时间上的累积效果，属过程量。恒力直接相乘，变力求平均值或用力—时间图线下面积计算；与状态量动量相区别。
PHYSICS,反冲运动,系统一部分向外喷射或抛出另一部分时，剩余部分向相反方向运动的过程；外力为零或可忽略时系统动量守恒，能量由内能转化而来，机械能通常增加。与碰撞相区别，碰撞的动能不增加。
PHYSICS,动量,质量与速度的乘积，是矢量，方向与速度方向相同，属状态量；对参考系有相对性，对时刻有瞬时性。与标量动能相区别，也区别于描述力与时间累积效果的冲量。
PHYSICS,动量定理,合外力对物体的冲量等于物体动量的变化量，是矢量关系，恒力变力过程均可用；变力可取平均值或用图像面积求解，且可分方向应用。与处理合功和动能变化的标量关系动能定理相区别。
PHYSICS,动量守恒定律,系统所受合外力为零时总动量保持不变；某一方向合外力为零则该方向动量守恒，可分方向应用；爆炸、反冲、碰撞过程即使存在外力也常近似成立。与机械能守恒相区别，后者还需额外的条件。
PHYSICS,弹性碰撞,系统动量与动能都守恒的碰撞，是碰撞的理想极限；碰前靠近过程中两体相对速度反向，恰好共速时形变最大。与非弹性碰撞（动能部分损失）和完全非弹性碰撞（共速且动能损失最大）相区别。
PHYSICS,非弹性碰撞,系统动量守恒而动能不守恒、有损失的碰撞，介于弹性碰撞与完全非弹性碰撞之间；形变越大，动能损失越多。与弹性碰撞（无动能损失）相区别，也与碰后共速的完全非弹性碰撞相区别。
PHYSICS,非弹性碰撞和完全非弹性碰撞,非弹性碰撞动量守恒而动能有损失；完全非弹性碰撞是碰后两体速度相同的极端情形，动能损失最大。两者均不满足机械能守恒，但动量守恒仍适用；与动能无损失的弹性碰撞相区别。
PHYSICS,弹簧振子,小球在弹簧弹力作用下沿轴线往复振动的理想模型，是最基本的简谐运动模型；周期只由振子质量与弹簧劲度系数决定，与振幅无关。与周期由摆长和当地重力加速度决定的单摆相区别。
PHYSICS,机械波,机械振动在介质中的传播，传播必须有介质，真空中不能存在；波源持续振动，介质质点只围绕平衡位置做受迫振动而并不随波迁移，波传播的是能量与振动形式。与单个质点的振动相区别。
PHYSICS,横波,质点振动方向与波的传播方向相互垂直的波，波形呈现波峰与波谷；只能在固体及固体表面传播，不能穿过流体。与振动方向沿传播方向、形成疏密区的纵波相区别。
PHYSICS,纵波,质点振动方向与波的传播方向在同一直线上的波，形成交替出现的压缩区与稀疏区；可在固体、液体、气体中传播，声波在空气中即为纵波。与横波相区别，横波只能沿固体传播。
PHYSICS,波速,波在介质中传播的快慢，由介质性质和波的类型共同决定，与频率和波长无关；波速、波长、频率之间的数量关系对一切周期波成立。与质点围绕平衡位置振动的速度相区别，后者随时间变化。
PHYSICS,波的衍射,波绕过障碍物继续传播或通过孔隙向四周散开的现象，一切波都能发生；障碍或孔隙的尺寸与波长相当或更小时衍射明显。与反射（波返回原介质）和折射（进入另一介质时方向改变）相区别。
PHYSICS,简谐运动,回复力与偏离平衡位置的位移成正比且方向指向平衡位置的运动，是最基本的周期运动；具有周期性与对称性，对称位置速率相同。可发生在非力学系统中，与一般周期运动相区别。
PHYSICS,单摆,小球视为质点、细线轻而不可伸长的理想模型；摆角很小时周期只由摆长和当地重力加速度决定，与摆球质量和振幅无关。与周期和重力无关的弹簧振子相区别，也区别于实际物理摆的周期。
PHYSICS,受迫振动,在周期性驱动力持续作用下的振动，振动频率总等于驱动力频率，与系统固有频率无关；振幅取决于两频率的接近程度，能量由外力持续供给。与固有频率下振幅逐渐减小的自由振动相区别。
PHYSICS,共振,驱动力频率与系统固有频率相等时，受迫振动振幅达到最大的现象；发生条件是两者频率相等。利用与防止（如避免机器运转频率与固有频率一致）都围绕这一条件，与一般受迫振动相区别。
PHYSICS,波长,波上相邻两个振动状态完全相同的质点间的距离，是描述波动的基本参量之一；在干涉和衍射中，波长决定条纹间距与衍射是否明显。与单位时间传播距离的波速和单位时间内振动次数的频率相区别。
PHYSICS,波的干涉,两列频率相同、振动方向相同、相位差稳定的波叠加后，某些点振幅总是加强、某些点总是减弱的现象，是叠加的特例结果。任意两列波都能叠加，但只有满足条件才形成稳定的干涉图样。
PHYSICS,多普勒效应,波源与观察者有相对运动时，观察者接收到的频率发生改变的现象；相互接近时接收频率偏高，远离时偏低。改变的只是接收频率，波速由介质决定、与源的运动无关，声光波均可发生。
PHYSICS,折射率,表征介质对光折射能力的物理量，按折射定律定义为入射角正弦与折射角正弦之比，也等于光在真空中与在介质中传播速度之比；折射率越大光密程度越高，同一介质对不同色光取值不同。
PHYSICS,光的折射,光从一种介质斜射入另一种介质时传播方向改变的现象；入射光线、法线与折射光线共面，分居法线两侧，折射定律给出两角正弦之比与折射率的定量关系。与返回原介质的光的反射相区别。
PHYSICS,全反射,光从光密介质射向光疏介质且入射角达到或超过临界角时，折射光消失、光全部返回原介质的现象；临界角由两种介质的折射率决定。与界面上折射与反射共存的一般情形相区别。
PHYSICS,光的干涉,频率相同、振动方向一致的光波叠加形成稳定明暗相间条纹的现象；双缝干涉条纹等间距，疏密与波长、缝距和屏距有关，薄膜干涉由膜前后表面反射光叠加产生。与中央条纹最宽的衍射图样相区别。
PHYSICS,光的衍射,光绕过障碍物或通过孔隙继续传播的现象，图样为明暗相间、宽窄不等的条纹，中央亮纹最宽；发生条件是孔径或障碍尺寸与波长相当或更小，尺寸越小越明显。与干涉的等间距图样相区别。
PHYSICS,光的偏振,自然光通过偏振片后只沿某一特定方向振动成为偏振光的现象；自然光各方向振动强度均等，偏振现象证明光是横波。与干涉、衍射同属波动性表现，但机制与图样不同。
PHYSICS,激光,利用受激辐射产生的光，具有单色性好、方向性强、相干性强、亮度高的特点，光束难以发散、能量集中。与普通光源发出的光相区别，后者方向杂乱、单色性差。
PHYSICS,元电荷,电荷量的最小单位，数值等于一个电子或质子所带电荷量的大小；任何带电体所带电荷量都是元电荷的整数倍。元电荷本身不是粒子，电子质子也不是元电荷，与比荷（电荷与质量之比）相区别。
PHYSICS,电荷守恒定律,电荷既不能被创造也不能被消灭，只能从一个物体转移到另一个物体或从物体一部分转移到另一部分，孤立系统电荷总量保持不变；接触起电与感应起电中均成立。与电荷量最小单位的元电荷相区别。
PHYSICS,电场线,为形象描述电场而引入的一组假想曲线，线上各点切线方向表示该点场强方向，疏密表示场强大小；始于正电荷（或无穷远）终于负电荷（或无穷远），不相交也不闭合。是辅助工具而非带电粒子的实际轨迹，与垂直于电场线的等势面相区别。
PHYSICS,等势面,电场中电势相等各点构成的面，沿面移动电荷电场力不做功；电场线方向垂直等势面并指向电势降低的一侧，等势面越密处场强越大。与切线方向表示场强的电场线相区别。
PHYSICS,静电场的应用,范围限于静电场中导体平衡状态的实际应用：借助静电感应与静电平衡理解静电屏蔽，即空腔导体对腔内空间屏蔽外电场干扰的原理，从而保护腔内仪器不受外电场影响；不包含一般静电场的场强分布与能量计算。
PHYSICS,静电平衡状态的特征,导体置于电场中达到静电平衡后：内部合场强处处为零，整个导体是等势体，表面附近场强方向与表面垂直；内部无净电荷，电荷只分布在外表面且越尖锐处越密集、凹处几乎没有。范围是导体自身的状态特征，不含建立平衡的过程与外场分布。
PHYSICS,尖端放电的应用与防止,尖端放电是导体尖端附近场强足以使空气电离、把电荷导走的现象；避雷针是典型应用，借助静电感应与尖端放电中和雷雨云电荷以避免雷击，防止措施如把高压设备导体表面做得尽量光滑以减少放电损耗。范围限于放电本身的应用与防止，不含屏蔽等其他手段。
PHYSICS,电荷,物质的一种基本属性，分为正负两种，单位为库仑；电荷量是量子化的，只能取元电荷的整数倍。电荷是状态量，描述带电体的带电多少，与元电荷（电荷量最小单位）和电流（单位时间通过截面的电荷量）相区别。
PHYSICS,库仑定律,真空中两个点电荷间作用力与电荷量乘积成正比、与距离平方成反比，方向沿连线，同种相斥异种相吸；适用条件是真空（或空气）中的点电荷，多个电荷时可叠加。与描述场本身性质的电场强度相区别，也与只有引力作用的万有引力定律相区别。
PHYSICS,电场强度,描述电场中某点力的性质的物理量，定义为试探电荷受力与其电荷量之比，是矢量，方向与正电荷受力方向相同；由场源本身决定，与试探电荷无关，多个电荷的场按矢量叠加。与标量电势相区别。
PHYSICS,电势,描述电场中某点能量性质的物理量，定义为电荷在该点的电势能与其电荷量之比，是标量，有正负；零势能参考面可任意选取，电势是相对量，但电势差与参考面无关。与和电荷量有关的电势能及作为力场的电场强度相区别。
PHYSICS,电势能,电荷因在电场中处于一定位置而具有的能量，是标量，有正负；电场力做的功等于电势能的减少量且与路径无关，电场力做正功时电势能减小。与场本身性质、与电荷无关的电势相区别，也与动能相区别。
PHYSICS,电势差,电场中两点电势之差，等于电荷在这两点间移动时电场力做的功与其电荷量之比，是标量，由电场本身和两点位置决定，与试探电荷和路径无关；匀强电场中两点间电势差与沿场方向的距离成正比。与需要选定参考点的单点电势相区别。
PHYSICS,电容器,能够储存电荷并具有一定电容的器件；含电容的电路达到稳定后，电容器所在支路无电流，相当于断路，两极板间电压等于与之并联部分两端的电压，充放电过程才有瞬时电流。与表征储电能力、与电荷量和电压无关的电容相区别。
PHYSICS,电容,表征电容器储存电荷本领的物理量，定义为极板电荷量与两板间电压之比，由电容器自身结构决定；平行板电容器的电容与极板正对面积、板间距离和介质有关。与随连接条件变化的电荷量和电压相区别。
PHYSICS,带电粒子在电场中的运动,带电粒子在电场中受电场力作用的运动，包括力与速度共线时的加速、力与速度垂直时的类平抛偏转，偏转问题可沿两个方向分解分析。与磁场中洛伦兹力不做功的偏转相区别，也不同于电场与磁场并存的情形。
PHYSICS,电阻定律,导体电阻与长度成正比、与横截面积成反比，比例系数为电阻率，表征材料导电性能；定义式 R=U/I 适用于任何导体，而决定式 R=ρL/S 只适用于温度不变时的均匀导体。两者含义不同：前者是测量关系，后者说明电阻由导体自身因素决定。
PHYSICS,电功率,本节讲电功率的概念、单位与公式，描述电流做功、电能转化的快慢。需与表示电能转化总量的电功相区分：纯电阻电路中二者数值一致，非纯电阻电路中则不相等。
PHYSICS,焦耳定律,本节讲焦耳定律：电流通过导体产生的热量与电流平方、电阻及通电时间成正比。该定律对任何电路成立，纯电阻电路中电流做的功全部转化为焦耳热。
PHYSICS,电流,本节讲电流的概念与形成、正方向（正电荷定向移动方向）及定义式、微观式、欧姆定律式三种表达式，并比较各自的适用范围。定义式普遍适用，欧姆定律式只限于线性导体。
PHYSICS,欧姆定律,本节讲欧姆定律的内容及其适用范围（金属、电解质溶液等线性元件），以及它与伏安特性曲线的关系：线性元件曲线为过原点的直线，斜率与电阻相关。对非线性元件欧姆定律不成立。
PHYSICS,闭合电路欧姆定律,本节讲闭合电路中电流与电源电动势、内外电阻的关系，以及路端电压与电动势的区别。可延伸至欧姆表的原理和测量电源电动势、内阻的实验方法。
PHYSICS,电动势,本节讲电动势的物理意义——非静电力移送单位电荷做功的量度，它由电源本身决定，与外电路无关，并与电压相区别。同时涵盖安阻法、伏阻法及电表内阻修正等测电动势与内阻的方法。
PHYSICS,安培力,本节讲通电导体在磁场中受力：垂直时大小为B、I、L三者乘积，方向用左手定则判断，非均匀情况需取有效长度。安培力是大量电荷受洛伦兹力的宏观表现。
PHYSICS,洛伦兹力,本节讲运动电荷在磁场中所受的力，其大小（垂直时为q、v、B三者乘积）、方向的左手定则判断，以及与安培力的联系和区别。洛伦兹力恒垂直于速度方向，不做功，只改变速度方向。
PHYSICS,求解电能的思路-x1,本节讲电磁感应中电能与焦耳热的计算思路：电流恒定时直接用功或热量公式；电流变化时用克服安培力做功或能量守恒求产生的电能。并涉及安培力作用下速度非均匀变化问题的处理。
PHYSICS,磁场,本节讲磁场的存在、磁感线的表示、磁场的产生与叠加，以及地磁场的特点。磁感线是连续闭合曲线，不相交，用来形象描述磁场方向与强弱。
PHYSICS,磁感应强度,本节讲磁感应强度的定义（垂直放入的通电导体所受力与电流、长度乘积之比）、单位、与磁感线的关系及多磁场的叠加。它是矢量，叠加遵循平行四边形定则。
PHYSICS,磁通量,本节讲磁通量的定义与物理意义、垂直时B与S乘积的计算及其变化。磁通量是标量，需与磁感应强度相区分：磁场强处磁通量未必大，二者无必然正比关系。
PHYSICS,带电粒子在磁场中的运动,本节讲带电粒子在匀强磁场中做匀速圆周运动（洛伦兹力提供向心力），求半径、周期、偏转角与运动时间的方法，及弦长公式的运用。适用于速度垂直于匀强磁场的情形。
PHYSICS,电磁感应现象,本节讲电磁感应现象及产生条件——穿过闭合回路的磁通量发生变化时出现感应电流，以及常见应用。感应电动势大小由法拉第定律决定、方向由楞次定律判断，属另两个知识点。
PHYSICS,电磁感应中的双棒模型,本节讲两根导体棒在导轨上构成回路的电磁感应模型：两棒的受力、电流与运动分析，稳定条件（共同速度或恒定速度差）的讨论。过程满足动量与能量关系，产热按电阻分配。
PHYSICS,楞次定律,本节讲感应电流方向的规律——感应电流的磁场总是阻碍原磁通量的变化，以及四步法等判断方法。它是能量守恒在电磁感应中的具体表现，只定方向，不涉及电动势大小。
PHYSICS,法拉第电磁感应定律,本节讲感应电动势大小与磁通量变化率成正比的定律，求电动势的方法（变化率式、切割式）及平均值与瞬时值的区别。多个线圈串联时感应电动势相互叠加。
PHYSICS,自感,本节讲线圈中电流变化时自身产生的感应电动势（自感现象）、自感系数及两个电动势公式的比较。自感电动势总是阻碍原电流的变化：电流增大时反其增大，减小时反其减小。
PHYSICS,涡流,本节讲整块导体处于变化磁场时产生的涡流，感应电炉等应用，电磁阻尼与电磁驱动，以及导体与绝缘体的对比。涡流热是涡流自身的焦耳热，可利其用也可设法减小。
PHYSICS,正弦式交变电流,本节讲线圈在匀强磁场中转动产生的正弦式交变电流：瞬时值规律及其与普通交变电流的区别。它是交变电流的特例，有效值与最大值之间存在固定比例关系。
PHYSICS,交变电流,本节讲交变电流的概念（方向和大小周期性变化）、周期与频率，以及最大值、瞬时值、有效值、平均值四值。有效值用于热与功率计算，平均值用于电荷量计算，不可混用。
PHYSICS,变压器,本节讲变压器的工作原理（互感）、理想情况下原副线圈电压与匝数的关系，及自耦变压器与互感器。只对交变电流起作用，两侧不直接电连接，实际变压器还有铁损与铜损。
PHYSICS,电能的输送,本节讲远距离输电：线路热损耗与电流平方及电阻成正比，升高电压可降损，以及输电路的整体分析。高压直流输电的损耗计算与之类似。
PHYSICS,电磁振荡,本节讲LC回路的电磁振荡过程：充放电中电荷与电流的相互转化，判断任一时刻所处阶段的方法。振荡周期只由回路的L与C决定，与在空间中传播的电磁波相区别。
PHYSICS,电磁波,本节讲电磁波的存在、特点（横波、真空中以光速传播、携带能量）与常见应用。电磁波与机械波相区别：它不需要介质即可传播。
PHYSICS,传感器,本节讲传感器的概念——把光、热、力、声等非电学量转换为便于测量的电学量的装置，及其在自动控制中的作用。只涉及输入量到输出量的转换关系，不展开具体电路设计。
PHYSICS,阿伏加德罗常数,本节讲阿伏加德罗常数在宏观量与微观量之间的桥梁作用：物质的量、质量、体积与分子数、分子直径或质量之间的换算。估算需选用球形或立方体排列两种分子模型之一，结果不同。
PHYSICS,布朗运动,本节讲悬浮微粒的无规则布朗运动及其成因（液体分子撞击不平衡），它是液体分子热运动的间接反映。与扩散现象相区别：前者是微粒的运动，后者是分子本身的迁移。
PHYSICS,分子间作用力,本节讲分子间引力与斥力并存、随距离变化的规律及合力方向，并涉及分子势能与分子间距的关系。存在某一平衡距离使合力为零，小于它斥力主导，大于它引力主导。
PHYSICS,气体实验定律,本节讲三个气体实验定律的内容与比较：等温的玻意耳定律、等容的查理定律、等压的盖—吕萨克定律，及等温下压强体积关系实验的要点。公式中温度必须用热力学温度。
PHYSICS,理想气体状态方程,本节讲理想气体状态方程及其常用推论，用气体定律与状态方程解题的基本思路。变质量问题可先转化为恒质量问题再列方程；适用前提是理想气体且质量不变。
PHYSICS,晶体,本节讲晶体与非晶体的分类及性质对比：晶体有确定的熔点，单晶体各向异性；非晶体没有确定熔点、各向同性。二者的界限不是绝对的。
PHYSICS,液晶,本节讲液晶的性质与微观结构：既具有液体的流动性、又具有晶体各向异性的特殊物态。它与普通液体和固体晶体相区别，其光学性质可受外场影响而改变。
PHYSICS,饱和汽,本节讲饱和汽与饱和汽压：蒸发与凝结达到动态平衡时的汽为饱和汽，其压强只取决于温度，与汽的体积无关。需与未饱和汽相区分。
PHYSICS,相对湿度,本节讲相对湿度的含义：空气中实际水汽压与同温度下饱和汽压之比，通常以百分数表示。它与绝对湿度相区别，同一绝对湿度在不同温度下相对湿度不同。
PHYSICS,误差分析-x1,本节讲热学实验的常见误差来源与偏差方向：油膜法中浓度改变、面积测量不当影响直径；气体压强体积关系实验中漏气与温度变化是主因；a—F图异常源于摩擦平衡与质量比前提。
PHYSICS,若边线宽度不等于玻璃砖宽度时引起的误差分析,本节讲测定折射率实验中，所画界面线与玻璃砖实际界面宽度不一致时产生的误差及测量值偏差方向。它属实验装置误差分析，与电源内阻测量的电表接法误差、半偏法误差相区别。
PHYSICS,注意事项-1-调节各器件的高度-使光源灯丝发出的光能沿遮光筒轴线到达光屏,本节讲双缝干涉实验的操作要点：调节各器件高度使光沿遮光筒轴线传播、单缝与双缝平行安装、用累积法测条纹间距。这些是得到清晰单色干涉图样的前提，区别于数据处理与误差分析。
PHYSICS,创新实验方法测玻璃砖的折射率,本节讲测玻璃折射率的创新方法：计算法、图像法、单位圆法及用激光测光斑的方案，并比较各方案的误差大小。各方法都把角度正弦比转化为可测长度，方法选择影响最终误差。
PHYSICS,热学实验中的误差分析,本节讲热学常见实验的误差分析：油膜法偏差来自溶液浓度改变、油滴大小与膜面积；气体压强体积关系实验中漏气、温度变化与读数不准是主因，各有改进措施。区别于力学、光学实验的误差来源。
PHYSICS,光学实验中的误差分析,本节讲光学常见实验的误差分析：双缝干涉测波长中缝屏距离与条纹间距的误差，用累积法与多次平均减小；玻璃砖测折射率中玻璃砖平移对结果的影响。重点在偏差方向与改进，不涉及测量原理本身。
PHYSICS,分子动理论,本节讲分子动理论的基本内容：物质由分子组成、分子永不停息地做无规则运动、分子间存在相互作用力。它为温度、内能等宏观量的理解提供微观基础，区别于热力学定律的宏观描述。
PHYSICS,内能,本节讲内能的概念：所有分子动能与分子势能的总和，由温度、体积与物质的量共同决定。它与温度（只关联平均动能）和宏观机械能相区别，其改变需结合热力学第一定律讨论。
PHYSICS,热力学第一定律,本节讲热力学第一定律：内能改变量与热量、功的关系，各量的正负号规定，以及与p—V图像的综合分析。它适用于一切热力学过程，综合题中应先判断各量符号再代入。
PHYSICS,热力学第二定律,本节讲热力学第二定律及其等价表述、热传递的方向性与两类永动机。它不违背热力学第一定律，而是进一步限制过程实现的可能性，两定律互补而不矛盾。
PHYSICS,光子说,本节讲爱因斯坦光子说：光能量量子化、每个光子能量与频率成正比，光子还具有动量。它解释了光电效应规律与康普顿效应，与经典的光的波动理论相区别。
PHYSICS,波粒二象性,本节讲光的波粒二象性：个别光子的作用显示粒子性，大量光子作用的统计规律显示波动性。它是光的统一属性，并非光有时是波、有时是粒子。
PHYSICS,玻尔模型,本节讲玻尔原子理论：定态轨道、能级与跃迁时辐射吸收能量的假设，氢原子能级跃迁的规律。它成功解释氢原子线状谱，不适用于多电子原子，与核式结构模型相区别。
PHYSICS,天然放射现象,本节讲天然放射现象及α、β、γ三种射线的特性对比：本质、穿透本领与在磁场中的偏转。放射性源于原子核内部，与元素所处的化学状态无关，区别于人工核反应。
PHYSICS,半衰期,本节讲半衰期的概念——大量放射性原子核衰变一半所需时间——及其统计意义。它只由原子核本身决定，与外界物理化学条件无关，只适用于大量原子核，不能用于单个原子核。
PHYSICS,核反应,核反应的概念与核反应方程式的书写，范围涵盖放射性衰变、核裂变、核聚变等四种类型；书写时以质量数与电荷数守恒为校验，核反应方程式与化学方程式在守恒对象上不同。
PHYSICS,质量亏损,核反应前后的质量差即质量亏损，说明其与核结合能、核能计算的关系；范围是结合能与质量亏损的相互换算，质量亏损大小反映核的稳定性，单个核的结合能与反应释放的核能是两个不同的量。
PHYSICS,光电效应,金属表面逸出电子的光电效应现象与实验规律，说明存在截止频率、光电子动能与入射光频率相关等特点；“光”包括不可见光，五组易混概念需区分，光强对应光子数目、频率对应单个光子能量。
PHYSICS,原子核式结构,原子的核式结构模型，说明电子的发现与α粒子散射实验提供的依据；范围是原子核集中了几乎全部质量与正电荷、电子绕核运动的结构，原子与原子核的尺寸相差多个数量级。
PHYSICS,核裂变,重核裂变与链式反应，说明中子使重核分裂成两个中等质量核并释放中子的过程；范围是裂变条件与链式反应，新中子继续引发裂变使反应自持进行，裂变与聚变的对象分别是重核与轻核。
PHYSICS,核聚变,轻核聚变与热核反应，说明轻核在高温高压下结合成较重核并释放核能的过程；范围是聚变条件及其与重核裂变的比较，聚变所需温度远高于裂变，两者都源于核反应中的质量亏损。
PHYSICS,同速率轻绳连接体动力学的计算问题,轻绳连接两物体、速率始终相同的连接体动力学计算，说明用隔离法对两物体分别列牛顿第二定律方程求解；范围是加速度、绳的张力等力学量的计算，绳中张力是两方程共有的未知量。
PHYSICS,电火花打点计时器,电火花打点计时器的构造与工作原理，说明接交流电源后脉冲电流经放电针与墨粉纸盘火花放电在纸带上打点；范围是打点周期与位置、时刻信息的读取，与电磁打点计时器在电源与打点方式上不同。
PHYSICS,逐差法-的实际应用及小技巧,逐差法在打点纸带求加速度中的应用与技巧，说明利用相邻相等时间间隔的位移差计算加速度；范围是偶数段、奇数段数据的处理规则，偶数段分成前后两段求和再作差，奇数段可去掉误差较大的一段后再处理。
PHYSICS,电流表的内-外接法的选择,伏安法测电阻时电流表内接与外接的选择，说明依据哪种仪表的分流分压是误差主因来确定接法；范围是接法选择的依据与测量偏差方向，内接使测量值偏大、外接使测量值偏小，需结合待测电阻与仪表内阻的相对大小。
PHYSICS,探究结果-胡克定律-x为形变量,探究弹簧弹力与形变量关系的结论，说明弹性限度内弹力与形变量成正比；范围是弹力-形变量图像的斜率即劲度系数，横坐标既可为形变量也可为弹簧长度，取长度时图像在横轴上的截距对应原长。
PHYSICS,实验描迹法-一次抛动记录一个点-重复抛动,用描迹法记录平抛运动轨迹的实验要点，说明斜槽末端保持水平、每次从同一位置释放小球以保证初速度相同；范围是轨迹描点与初速度的计算，记录球心位置时坐标原点应在斜槽末端正上方。
PHYSICS,拓展-气垫导轨光电门测速实验法,气垫导轨上光电门测速的实验方法，说明用遮光体宽度除以遮光时间得到的平均速度近似代替通过时的瞬时速度；范围是该方法在测加速度与碰撞速度中的应用，瞬时速度只是近似值，遮光时间越长误差越大。
PHYSICS,实验结论-周期的平方与摆长成正比,单摆实验的数据处理结论，说明周期平方与摆长成正比、可用周期平方对摆长图像的斜率求重力加速度；范围是测重力加速度的误差分析，摆长的测量起点不同会使图像截距变化。
PHYSICS,由测定加速度延伸为测定交流电的频率,打点计时器实验中测定对象的转换，说明用电源周期作为时间标准测加速度的方法，以及电源频率未知时由加速度与纸带数据反推频率；范围是已知量与待测量互换的实验设计思路。
PHYSICS,创新实验解决相关误差-质量关系,探究加速度与力、质量关系实验的器材创新，说明用力传感器或弹簧测力计直接测量合外力的方式；范围是消除误差条件与变量控制方法的运用，直接测力后不再要求所挂质量远小于小车质量。
PHYSICS,有效数字与小数位数的保留,有效数字的判定与保留规则，说明从第一个非零数字到末位估读位的所有数字构成有效数字；范围是实验数据的记录方式，整数末尾零是否有效需结合上下文判断，用科学计数法表示可避免歧义。
PHYSICS,图像法在处理实验数据方面的应用,力学实验数据处理中图像法的应用，说明将物理量间的关系线性化后用斜率、截距或面积求解；范围是速度-时间、加速度-力、弹力-形变量等典型图像，作图可直观反映规律并减小偶然误差。
PHYSICS,运动的合成与分解,运动的合成与分解，说明各分运动独立进行、合运动的速度与加速度由分运动矢量合成决定；范围是平抛运动的分解与小船过河模型，渡河的最短时间与最短位移对应不同的船头指向。
CHEMISTRY,分散系,分散系的概念与分类，说明按分散质粒子直径大小将分散系分为溶液、胶体与浊液；范围是分散系的组成与分类界限，三种分散系的本质区别在于粒子直径大小，粒子越大越易分层沉降。
CHEMISTRY,胶体,胶体的性质与介稳性，说明胶体粒子因布朗运动不易沉降而呈介稳定状态；范围是丁达尔效应、电泳、聚沉与渗析，胶体粒子吸附带电粒子而带电但胶体整体电中性，并非所有胶体都能电泳。
CHEMISTRY,丁达尔效应,光通过分散系时的散射现象，说明丁达尔效应可用于鉴别胶体与溶液；范围是该现象的成因与鉴别用途，成因是胶体粒子直径与光波波长相当，溶液中看不到该现象。
CHEMISTRY,电解质,电解质的概念，说明在水溶液中或熔融状态下能自身电离出离子而导电的化合物是电解质；范围是电解质的判定，是否为电解质看能否电离而非能否导电，多数酸、碱、盐属于电解质。
CHEMISTRY,非电解质,非电解质的概念，说明在水溶液中和熔融状态下都不能自身电离出离子的化合物是非电解质；范围是非电解质的判定与界限，单质和混合物既不是电解质也不是非电解质，两个概念都只针对化合物。
CHEMISTRY,物理变化,物理变化的概念，说明没有新物质生成的变化；范围是物理变化与化学变化的判别，物质的形态、状态可以改变但组成不变，变化过程中是否产生新物质是判别依据。
CHEMISTRY,化学变化,化学变化的概念，说明有新物质生成的变化；范围是物质变化的归类与易混辨析，燃烧、变质等过程属于化学变化，只改变形态而没有新物质生成的变化不属于化学变化。
CHEMISTRY,物理变化与化学变化的两种判断方法,物理变化与化学变化的判断方法，说明宏观上以有无新物质生成、微观上以是否同时断裂旧键并形成新键为依据；范围是两个视角的判断，只断裂化学键不一定是化学变化，如晶体的熔化。
CHEMISTRY,不同类别的物质之间的转化关系,单质、氧化物、酸、碱、盐之间的相互转化关系，说明各类物质间常见的转化途径；范围是转化规律的把握，强酸制弱酸、可溶盐制难溶盐是常见方向，转化能否实现取决于物质的实际性质。
CHEMISTRY,判断下列转化能否实现-能实现的打-不能实现的打,不能一步实现的物质转化，说明某些物质无法通过一个反应直接转变为目标物质；范围是转化路径的判定，部分氧化物不能与水直接反应生成对应的酸或碱，需分步实现。
CHEMISTRY,fecl3溶液-fe-oh-3胶体-fe-oh-3浊液是三种重要的分散系,溶液、胶体、浊液三种分散系的比较，说明三者分散质粒子直径与性质的差异；范围是三种分散系的鉴别与特征对应，丁达尔效应为胶体特有，浊液粒子大易沉降、胶体介稳定。
CHEMISTRY,fe-oh-3胶体的制备,氢氧化铁胶体的制备方法，说明向沸腾蒸馏水中逐滴加入饱和氯化铁溶液并继续煮沸的操作；范围是操作要点与提纯，不能用自来水、不能长时间加热，可用丁达尔效应检验、渗析提纯。
CHEMISTRY,胶体的性质及应用,胶体的性质与应用，说明电泳、聚沉、丁达尔效应等现象的成因与区别；范围是性质机理与日常应用，聚沉属于物理变化而蛋白质变性属于化学变化，胶体粒子带电但胶体整体电中性。
CHEMISTRY,常见的物质分类的几个误区,物质分类中的常见误区，说明不能由溶液酸碱性反推物质类别；范围是酸、碱、盐、氧化物的界限辨析，酸性溶液不一定是酸溶液，由相同元素组成的物质也不一定是纯净物。
CHEMISTRY,物质间转化的5个常见易错点,物质间转化的常见易错点，说明某些反应不能一步得到目标产物的情况；范围是转化条件与产物的界限，硫燃烧只生成二氧化硫，部分氧化物不能与水直接反应生成对应的酸或碱。
CHEMISTRY,摩尔质量的计算方法,摩尔质量的计算方法，说明由质量与物质的量求摩尔质量、由微粒数目换算质量的过程；范围是物质的量、质量、微粒数间的换算，相对原子质量与摩尔质量数值相等而单位不同，阿伏加德罗常数是换算的桥梁。
CHEMISTRY,阿伏加德罗定律及其推论,阿伏加德罗定律及其推论，说明同温同压下相同体积的任何气体含有相同数目的分子；范围是“三同推一同”与常用推论，推论用于比较不同气体的压强、密度、摩尔质量等关系，定律只适用于气体。
CHEMISTRY,n-的关系应用,物质的量、微粒数、体积、质量间关系式的应用，说明借助阿伏加德罗常数与气体摩尔体积进行换算；范围是气体与固体、液体物质的量的计算，标准状况下气体摩尔体积约为22.4 L/mol，不适用于非气体物质。
CHEMISTRY,阿伏加德罗定律的应用,阿伏加德罗定律在计算中的应用，说明同温同压下相同体积气体物质的量相等、密度之比等于摩尔质量之比；范围是气体密度、压强与平均摩尔质量的计算，推论应用需以温度压强相同为前提。
CHEMISTRY,主要仪器,定量实验常用主要仪器的结构与使用，说明托盘天平、容量瓶、量筒等仪器的规范操作；范围是仪器的选择与使用要点，容量瓶用于配制一定体积的溶液，不能用作反应或稀释容器，仪器精度影响结果位数。
CHEMISTRY,计算下列小题中所含微粒数目,物质所含微粒数目的计算，说明以物质的量为桥梁换算分子、原子、离子与价键数目；范围是微粒数目的判定，反应后体系微粒总数可能改变需考虑反应程度，气体体积换算需注意适用条件。
CHEMISTRY,定容时仰视或俯视刻度线产生的误差图解,配制一定物质的量浓度溶液时定容视线误差的图解，说明仰视与俯视刻度线对浓度的影响方向；范围是误差方向的判断，仰视使加水量偏多、浓度偏低，俯视使加水量偏少、浓度偏高。
CHEMISTRY,物质的分类,物质的分类，说明从组成、熔沸点与性质角度区分纯净物与混合物；范围是物质类别的划分与常见俗名的对应，纯净物有固定组成与固定熔沸点，同种元素组成的物质不一定是纯净物。
CHEMISTRY,电离,电离的概念，说明电解质在水溶液中或熔融状态下离解出自由移动离子的过程；范围是电离方程式的书写，电离方程式要符合质量守恒与电荷守恒，强电解质完全电离、弱电解质部分电离。
CHEMISTRY,离子方程式,离子方程式的书写，说明将符合电离与溶解规则的化学方程式改写为离子方程式的步骤；范围是离子方程式的规范与特殊情形，弱电解质、难溶物和气体保留化学式，离子方程式表示一类反应的共性。
CHEMISTRY,离子共存,离子共存的判断，说明给定条件下多种离子能否大量共存；范围是不能大量共存的情形，能发生复分解、氧化还原或络合等反应的离子不能大量共存，判断时需考虑溶液的酸碱性环境。
CHEMISTRY,氧化剂,氧化剂的概念，说明在反应中得到电子、化合价降低的物质；范围是氧化剂与氧化产物、还原剂与还原产物的对应关系，氧化剂本身被还原，同一物质在不同反应中可作氧化剂或还原剂。
CHEMISTRY,还原剂,还原剂的概念，说明在反应中失去电子、化合价升高的物质；范围是还原剂与还原产物的对应关系，还原剂本身被氧化，判断某物质是氧化剂还是还原剂要结合具体反应中化合价的变化。
CHEMISTRY,电子转移,氧化还原反应中电子转移的表示，说明电子得失或偏移是氧化还原的本质；范围是转移数目的判断与单线桥、双线桥的画法，转移数目由化合价变化求得，氧化与还原得失的电子总数必须相等。
CHEMISTRY,化合价,化合价的概念与标注方法，说明判定并标注物质中元素化合价的规则；范围是常见元素的化合价与氧化还原分析，化合价有正负之分、代数和为零，化合价的变化是判断氧化还原反应的依据。
CHEMISTRY,电解质的电离,电解质的电离，说明从电离角度定义酸、碱、盐；范围是电离的条件与电离方程式的书写，酸电离出的阳离子全部是氢离子、碱电离出的阴离子全部是氢氧根离子，电离方程式需满足质量守恒与电荷守恒。
CHEMISTRY,电解质溶液的导电性,本点讲电解质溶液的导电机理：溶液中含自由移动离子才能导电，导电能力强弱由离子浓度与离子所带电荷数共同决定。与金属靠自由电子导电相区分，覆盖滴加、滴定过程中导电能力变化的判断与强弱电解质归类。
CHEMISTRY,连续型离子方程式的书写-分类分析法,当反应生成的离子又能与剩余反应物继续反应时，离子方程式随用量而变：盐酸不足或足量、二氧化碳少量或过量等需分步书写。适用于多元弱酸盐与强酸、酸酐与碱、铁与稀硝酸等连续反应体系，区别于竞争型与配比型。
CHEMISTRY,竞争型离子方程式的书写-先强后弱法,一种反应物的两种离子同时与对方离子竞争时，按结合能力或氧化还原强弱先后反应，先写反应完全的一方。如氢离子先于铵根结合氢氧根、碘离子先于亚铁离子被氧化；与连续型（用量定步数）、配比型（定比例）相区分。
CHEMISTRY,配比型离子方程式的书写-少定多变法,一种反应物中两种离子共同参与反应但消耗比不等时，以少量者为基准定其系数为1，按配比关系调整过量者的量再写方程式。覆盖酸式盐与碱、碳酸氢钙与氢氧化钙等体系，强调计量比而非反应先后。
CHEMISTRY,常见阳离子的检验与推断依据,按离子性质将阳离子检验分为生成沉淀、生成气体、显现特殊颜色三类，重点掌握铵根等常见阳离子的特征现象与推断依据。范围限于由反应产物判断阳离子是否存在，不涉及混合体系中干扰离子的系统排除。
CHEMISTRY,常见阴离子的检验与推断依据,阴离子检验同样分为沉淀、气体、特殊颜色三类，覆盖碳酸根、硫酸根、氢氧根、碘离子等的检验方法与操作顺序，并关注干扰离子的排除。与阳离子检验的区分在于所用试剂与现象针对的是阴离子。
CHEMISTRY,金属导电和电解质溶液导电的对比,对比金属与电解质溶液的导电机制：载流子分别是自由电子与自由离子，浓度、温度变化时导电能力变化方向不同，并覆盖外加电解质对溶液导电能力的影响及活泼金属不能用电解水溶液制取的原因。
CHEMISTRY,电离方程式的-易错点,归纳电离方程式书写易错点：弱酸酸式盐分步电离、熔融状态不拆含氧酸根，区分电离与水解、与沉淀溶解平衡。另含电解质判定正误辨析，强调溶解度大小不是强弱电解质的判据。
CHEMISTRY,离子共存的判断易错点,覆盖离子共存题的题干关键词（可能或一定共存、无色透明、指定酸碱环境）与隐含条件（特定离子隐含酸碱性或强氧化性），以及复分解和氧化还原两类不能共存的判据。限于定性判断，不涉及具体方程式书写。
CHEMISTRY,离子反应,离子反应的定义与实质（有离子参加的反应，实质是离子浓度减小）、离子反应发生的条件，特别是复分解反应的条件，以及常见类型。限于反应是否发生的判断，离子方程式的详细书写规则另见专门知识点。
CHEMISTRY,氧化还原反应,氧化还原反应的基本概念：化合价升降、电子转移，氧化剂还原剂与氧化产物还原产物的判断。覆盖氧化性还原性强弱的判断依据，限于概念分析，单线桥双线桥表示法与配平方法见专门知识点。
CHEMISTRY,氧化还原反应中电子转移的表示方法,单线桥与双线桥的表示规则：双线桥箭头指向反应前后变价的同种元素原子并注得失电子，方向不代表电子转移方向；单线桥由失电子元素指向得电子元素，只标转移数目。限于表示约定，不涉及配平步骤。
CHEMISTRY,氧化还原反应规律及其应用,三大规律及应用：强生弱（氧化性还原性强弱关系）、先后规律（多种还原剂或氧化剂时强者先反应）、价态规律（高价与低价归中到中间价态、相邻价态不反应、歧化反应）。用于判断反应能否发生、产物顺序与强弱比较，不涉及配平过程。
CHEMISTRY,配平氧化还原反应方程式的三个-基本原则,配平氧化还原方程式须同时满足三守恒：电子守恒（化合价升降总数相等）、原子守恒（反应前后各元素原子数相等）、电荷守恒（离子方程式前后电荷总数相等）。限于配平所依据的原则，具体配平步骤另列。
CHEMISTRY,复杂氧化还原反应的计算,对连续或并列的多个氧化还原反应，抓住始态与终态，用电子守恒建立关系式列方程求解，避免逐步配平。覆盖铁的氧化物、氯气与碱产物体系、连续反应气体吸收等典型计算，区别于单步反应的比例计算。
CHEMISTRY,钠,金属钠的原子结构、物理性质与化学性质，重点是钠与氧气、氯气、水、乙醇反应的现象与产物，以及取用和保存。限于钠单质本身，其氧化物、碳酸盐等化合物的性质属其他知识点。
CHEMISTRY,氧化钠,氧化钠是钠的普通氧化物，范围包括其组成、制取与化学性质（与水、酸反应生成碱和盐）。与过氧化钠相区分：不具过氧结构，无强氧化性，反应中不放出氧气。
CHEMISTRY,过氧化钠,过氧化钠是常见过氧化物，范围包括其与水和二氧化碳的反应、强氧化性，以及与强氧化剂作用时表现出的还原性。与氧化钠相区分：含过氧结构，反应伴随氧化还原，不是碱性氧化物。
CHEMISTRY,碳酸钠,碳酸钠的组成、性质与用途，重点是与碳酸氢钠的性质比较（热稳定性、溶解度、与酸反应）和相互转化。限于两种盐本身的性质与应用，工业生产流程（制碱法）属专门知识点。
CHEMISTRY,碳酸氢钠,碳酸氢钠的组成、性质与用途，包括其溶液的性质、受热分解、与酸反应，以及与碳酸钠的区别和转化。限于该酸式盐本身的性质，与碱反应时的量比规律属专门知识点。
CHEMISTRY,焰色试验,焰色试验的原理、规范操作与常见金属元素的焰色对照，重点是钠与钾的检验和鉴别。焰色是元素的性质，属物理变化，区别于利用化学反应现象的离子检验。
CHEMISTRY,化学性质,钠及其化合物的主要化学性质：钠与氯气、氧气（常温与加热产物不同）、水、乙醇的反应方程式与现象，以及反应剧烈程度比较。限于化学反应层面，物理性质、制取与保存另见知识点。
CHEMISTRY,钠的制取及保存,钠的化学制取原理（电解熔融氯化钠）与保存方法：密封并保存在煤油中，原因在于钠的活泼性与密度。限于钠金属的制取与保存，实验室安全取用操作及其化学性质不展开。
CHEMISTRY,钠的用途,金属钠的主要用途：制高压钠灯、与熔融氯化钛等置换制取钛锆铌钽等活泼金属、钠钾合金作原子反应堆的导热剂。限于金属单质钠的用途，钠的化合物用途不属本点。
CHEMISTRY,金属钠露置在空气中的变化过程,金属钠露置空气的完整变化链及各步化学方程式：表面变暗生成氧化钠，吸水成氢氧化钠，再与二氧化碳作用生成十水碳酸钠，最终风化失水成无水碳酸钠粉末。限于该露置过程的转化关系。
CHEMISTRY,na2co3-nahco3的应用,碳酸钠与碳酸氢钠的工业和日常应用：前者作玻璃、造纸、洗涤剂等化工原料，后者是焙制糕点膨松剂成分并用于中和胃酸（胃溃疡者慎用）。限于应用列举，性质比较另见知识点。
CHEMISTRY,联合制碱法-侯氏制碱法,侯氏制碱法（联合制碱法）的原料、反应原理与工艺流程：氨气和二氧化碳通入饱和食盐水析出碳酸氢钠，受热分解得碳酸钠。联合指该工艺利用合成氨厂废气制碱，二氧化碳与饱和食盐水在流程中循环使用。
CHEMISTRY,碱金属的一般性与特殊性,碱金属族性质的递变规律，及必须单独记忆的特殊性：钾密度小于钠、锂保存在石蜡油中、碱金属氢化物中氢的价态与还原性、钠钾取出后须放回原瓶、锂与氧气只生成氧化锂。限于一般性中的例外。
CHEMISTRY,焰色反应,焰色反应的概念、操作与常见元素焰色（钠黄、钾紫、铜绿、钡黄绿、钙砖红）：金属或其化合物灼烧时火焰呈现特征颜色，属物理变化，是元素的性质。与焰色试验为同一内容的不同称呼，此处侧重原理与颜色记忆。
CHEMISTRY,碱金属元素单质及其化合物有广泛用途,碱金属单质及其化合物的用途：锂制高效电池、钾的活泼性应用、氢化钾作野外供氢剂、工业上用钠置换熔融氯化钾制钾。覆盖用途背后的原理说明（如电池电解液不能用水），限于元素应用层面。
CHEMISTRY,钠与水及酸-碱-盐溶液的反应,钠与水、酸、碱、盐溶液的反应规律：实质是与氢离子反应放出氢气，顺序为有酸先与酸、无酸先与水；遇盐溶液先与水反应，生成的氢氧化钠再与盐复分解。含与乙醇反应剧烈度对比，限于钠金属在溶液中的反应顺序与产物判断。
CHEMISTRY,na2o2的性质及应用,过氧化钠与二氧化碳、水反应的特征：属自身氧化还原，氧化剂还原剂均为过氧化钠，涉及电子转移数目与固体增重规律。覆盖供氧剂应用及密闭混合气反应增重计算，区别于与其他物质反应的强氧化性专题。
CHEMISTRY,nahco3与碱反应的应用,酸式盐与碱反应时的量比规律：碳酸氢钠与过量或少量澄清石灰水反应方程式不同，均产生白色沉淀。覆盖氢氧化钠吸收二氧化碳后溶质组成的滴定判断，及铵盐与碱、氯气与碱的类似量比规则。
CHEMISTRY,绿色思想-循环使用的物质为co2-饱和食盐水,侯氏制碱法中的绿色化学思想：二氧化碳与饱和食盐水在流程中循环使用，废气资源化、降低排放。限于该制碱工艺中的循环物质识别与环保设计，不展开其他工业流程的类比。
CHEMISTRY,焰色试验的应用,焰色试验的两类应用：鉴别试样所含金属元素（如区分钠盐与钾盐溶液）、利用锂钠钾锶钡等金属化合物的特征焰色制作烟花。侧重应用，原理与规范操作属焰色试验基础知识点。
CHEMISTRY,钠和钠的氧化物易错知识点,归纳钠与钠的氧化物易错点：钠与盐溶液不置换金属（熔融盐可）、与足量氧气反应电子转移数与产物无关、遇酸先反应、过氧化钠歧化电子数、与二氧化硫生成硫酸钠、不是碱性氧化物。限于正误辨析辨析。
CHEMISTRY,碳酸钠和碳酸氢钠易错知识点,归纳两盐易错点：热稳定性差异、饱和碳酸钠通二氧化碳析出碳酸氢钠、与石灰水均产生沉淀不能用于鉴别、与盐酸分步反应可用互滴鉴别、溶解热效应。限于正误辨析与鉴别方法辨析。
CHEMISTRY,焰色试验-易错点,辨析焰色试验易错点：焰色是元素性质，游离态化合态相同且属物理变化；观察钾焰须透过蓝色钴玻璃滤去钠的黄光；钠、氧化钠、碳酸钠焰色相同。限于概念纠错，不重复操作与颜色表。
CHEMISTRY,na22,过氧化钠的氧化还原双重性：与还原性物质表现强氧化性，与高锰酸钾等强氧化剂表现还原性且氧化产物为氧气，与二氧化碳、水、氢离子发生自身氧化还原。覆盖其与二氧化硫、三氧化硫反应的规律。
CHEMISTRY,金属钠与二氧化碳反应的实验步骤及现象如下表,金属钠与二氧化碳反应的条件、产物（白色固体与黑色固体）及检验方法：用酚酞与氯化钙检验碳酸钠、用浓硫酸反应产生的气体检验碳，并书写化学方程式。属钠作还原剂的特殊反应，区别于钠与其他非金属或化合物的反应。
CHEMISTRY,na2co3-nahco3与酸反应的图像分析,用滴定图像分析碳酸钠、碳酸氢钠及相关溶液与盐酸反应：由无气体段与产气段的体积比判断溶质组成与比例，并比较两者pH变化曲线差异。限于图像的定量判读，量比离子方程式书写属另一知识点。
CHEMISTRY,氯气,氯气的物理性质、化学性质与实验室制取的条件和操作注意事项，含含氯物质相互转化的必背方程式组。属本章核心物质，氯水的成分与性质分析、次氯酸盐体系另见专门知识点。
CHEMISTRY,氯水的成分,新制氯水的多重成分（分子与离子）及各成分对应的多重性质，以及光照、加入物质等条件下平衡移动的方向判断。限于新制氯水的成分与平衡分析，久置后成分变化不展开。
CHEMISTRY,漂白粉,漂白粉的制取原理（氯气与碱反应）、主要成分与有效成分、漂白与失效原理。与漂白液（84消毒液）的区别在于原料和成分不同，二者有效成分的对比属本点范围。
CHEMISTRY,氯离子检验,氯离子检验的标准操作与现象描述：先加稀硝酸酸化再加硝酸银溶液，观察白色沉淀。强调加硝酸的目的与操作、现象、结论的完整表述，区别于溴离子、碘离子的检验方法。
CHEMISTRY,从化合价的角度认识cl2的化学性质-歧化反应,从化合价角度认识氯气化学性质：与水、与碱反应中氯元素化合价既升又降，属歧化反应，氯气同时表现氧化性与还原性。覆盖两个反应的化学与离子方程式及现象，区别于氯气只表现氧化性的反应。
CHEMISTRY,次氯酸和次氯酸盐,次氯酸的性质（见光分解的不稳定性、杀菌漂白的强氧化性、弱酸性）与漂白液、漂白粉的制取、成分、漂白原理和失效原因。是氯水、84消毒液与漂白粉漂白作用的共同来源。
CHEMISTRY,cl2的实验室制法,实验室制氯气的完整流程：强氧化剂与浓盐酸反应原理、固液加热装置、净化除杂顺序、收集与尾气吸收、验满方法，并比较其他氧化剂制法。与工业电解饱和食盐水制法相区分。
CHEMISTRY,工业制法,氯气的工业制法：电解饱和食盐水的化学方程式与主要产物。限于该制法的原理反应，装置流程与实验室制法不混同。
CHEMISTRY,卤素离子的检验方法,卤素离子的三种检验方法：硝酸银沉淀法按沉淀颜色区分、置换萃取法利用卤素间置换后有机层颜色、氧化淀粉法检验碘离子。覆盖各方法适用对象与现象对比。
CHEMISTRY,海带中提取碘,本知识点围绕从海带中提取碘的实验流程，说明流程各步骤的原理与关键反应。范围以实验室提碘的操作顺序和物质转化为主，重在流程梳理。
CHEMISTRY,实验室制取氯气装置的改进,本知识点讲实验室制取氯气时装置的改进设计，涉及分液漏斗与烧瓶间的气体通路及多室电解等典型装置。范围以装置结构、优点与药品选择为主，区别于氯气性质与用途的讲解。
CHEMISTRY,含氯消毒剂的计算与比较,本知识点讲含氯消毒剂的消毒能力比较与相关计算，涉及有效氯含量的衡量及含氯物质转化的易错细节。范围以消毒剂氧化能力的计算比较为主，区别于一般含氯化合物的性质讲解。
CHEMISTRY,制取cl2装置的创新,本知识点讲制取氯气装置的创新设计，并拓展到分离提纯、蒸发与过滤等装置的改进。范围以实验装置的结构创新与优点分析为主，区别于氯气的制备原理与性质。
CHEMISTRY,从原子结构角度认识氯气的氧化性,本知识点从原子结构角度理解氯气具有强氧化性的原因，侧重以结构解释性质。范围以氯气氧化性的本质为主，并涉及次氯酸根的氧化与水解及氯气管道检漏等延伸。
CHEMISTRY,阿伏加德罗常数,本知识点讲阿伏加德罗常数及以它为载体的判断题，涵盖气体条件、混合物与化学键、电子转移与隐含反应中的微粒数目分析。范围限于微粒数目的判断，区别于物质的量等其它基本概念。
CHEMISTRY,气体摩尔体积,本知识点讲气体摩尔体积及其数值 22.4 L/mol 的适用条件，并辨析常见误区。范围以气体摩尔体积的适用与计算为主，同时涉及影响物质体积大小的因素。
CHEMISTRY,物质的量-阿伏加德罗常数,本知识点讲物质的量与阿伏加德罗常数两个基本概念及其相互关系，侧重以物质的量为中心的转化与表示。范围以概念内涵与规范表示为主，区别于气体摩尔体积、物质的量浓度等延伸量。
CHEMISTRY,溶液的配制步骤,本知识点讲一定物质的量浓度溶液的配制，涵盖配制步骤的操作顺序与注意事项。范围以容量瓶配制法的流程规范为主，区别于溶液稀释及浓度换算等内容。
CHEMISTRY,在化学研究中-物质的量浓度是使用最广泛的一种表示溶液浓度的方法,本知识点围绕化学研究中的若干实验内容，涵盖常见化学试剂的保存方法、图像坐标的识别以及沉淀的生成与溶解。范围以实验操作与识图方法为主，是多个小主题的集合。
CHEMISTRY,物质的量,本知识点讲物质的量这一基本概念，侧重以它为中心的换算关系与计算模型。范围以量与微粒数、质量等之间的转换为主，涉及化学方程式中计量数之比的应用规律。
CHEMISTRY,物质的量浓度,本知识点讲物质的量浓度的概念及其计算，涵盖溶质的特殊判断与溶液体积的确定。范围以浓度表示及与质量分数、溶解度的换算为主，区别于溶液配制等操作内容。
CHEMISTRY,铁,本知识点讲铁元素，涵盖其在自然界的存在形态与含量、原子核外电子排布及铁的重要化合物。范围以铁的单质与化合物的总览为主，区别于对某一具体铁化合物的深入分析。
CHEMISTRY,铁的氧化物,本知识点讲铁的氧化物，涵盖三种氧化物的组成、性质与相互比较，以及与不同酸反应的产物。范围以铁的氧化物为主，区别于铁的氢氧化物及铁盐等内容。
CHEMISTRY,铁的氢氧化物,本知识点讲铁的氢氧化物，侧重氢氧化亚铁与氢氧化铁的性质和制备方法。范围以两种铁氢氧化物的对比为主，涉及其性质特点与相互转化等延伸。
CHEMISTRY,铁盐,本知识点讲铁盐（含 Fe3+ 的盐），涵盖其氧化性、强烈水解及特性，以及常见铁盐的性质与用途。范围以三价铁盐为主，区别于含 Fe2+ 的亚铁盐。
CHEMISTRY,亚铁盐,本知识点讲亚铁盐（含 Fe2+ 的盐），涵盖 Fe2+ 的还原性、弱氧化性与水解，以及亚铁盐的性质与保存。范围以二价铁盐为主，区别于含 Fe3+ 的铁盐。
CHEMISTRY,合金,本知识点讲合金，涵盖合金的组成、性能特点及常见关注点。范围以合金的概念与性能为主，区别于单一金属的性质及合金的具体制备工艺。
CHEMISTRY,铁的物理性质,本知识点讲铁单质的物理性质，涵盖其颜色、状态、熔点及导电、导热、延展性等特征。范围以铁的物理性质为主，可与其它物质的物理性质对比理解。
CHEMISTRY,铁的化学性质,本知识点讲铁单质的化学性质，涵盖其主要化学反应及常见易错点。范围以铁单质参与的反应为主，区别于铁的物理性质及铁的化合物性质。
CHEMISTRY,在指定条件下-下列有关铁单质的转化不能实现的是,本知识点讨论在指定条件下物质转化能否实现，重点辨析常见不能一步完成的转化及物质转化的误区。范围以转化的可行性判断为主，区别于具体反应方程式的书写。
CHEMISTRY,铁盐的性质及应用,本知识点讲铁盐的性质与应用，涵盖 Fe3+ 的氧化性、离子共存及铁盐腐蚀铜箔等实际用途。范围以三价铁盐的性质应用为主，并兼顾与亚铁盐的对比。
CHEMISTRY,fe2-fe3-的检验方法,本知识点讲 Fe2+ 与 Fe3+ 的检验方法，涵盖分别及混合溶液中两种离子的鉴别。范围以检验试剂与现象为主，区别于两种离子相互转化的反应原理。
CHEMISTRY,fe2-与fe3-的相互转化,本知识点讲 Fe2+ 与 Fe3+ 的相互转化，涵盖实现转化的反应及两者与常见离子的共存与反应。范围以两种价态铁离子的转化为主，区别于其检验方法。
CHEMISTRY,菠菜常用作补铁食品之一-为探究其中铁元素的价态-现进行如下实验,本知识点以菠菜为素材探究其中铁元素的价态，涉及取样、检验等探究实验的步骤与思路。范围以实验探究的设计与操作为主，区别于铁及其化合物的系统性质讲解。
CHEMISTRY,铁的制备和性质,本知识点讲铁的制备（冶炼）与性质要点，涵盖工业炼铁的方法及铁单质、铁化合物的主要性质。范围以铁的冶炼与性质综合为主，区别于某一具体铁化合物的专题。
CHEMISTRY,铁的氢氧化物的稳定性,本知识点讲铁的氢氧化物的稳定性，侧重氢氧化亚铁在空气中被氧化变色及氢氧化铁的热稳定性。范围以两种铁氢氧化物的稳定性与转化为主，区别于其制备与检验方法。
CHEMISTRY,有关fe2-fe3-的水解问题,本知识点讲 Fe2+ 与 Fe3+ 的水解，涵盖三价铁离子的易水解、与碳酸氢根的双水解及其应用。范围以铁离子的水解问题为主，区别于铁离子的氧化还原性质。
CHEMISTRY,在fecl3-cucl2混合溶液中-加入铁粉与铜粉的混合物,本知识点讲反应后溶液中溶质成分的判断，涵盖不同物质混合或通入气体后溶质组成的分析。范围以溶液成分的推理判断为主，区别于具体反应的方程式书写。
CHEMISTRY,斜向变化体现不同价态-不同类别之间物质的转化-主要体现物质的氧化性或还原性,本知识点讲元素价类二维图中斜向变化的含义，即不同价态、不同类别物质间的转化，中间价态物质兼具氧化性与还原性。范围以价类图的转化关系为主，区别于同价态同类别物质间的变化。
CHEMISTRY,铁-铁的氧化物和氢氧化物的易错点,本知识点归纳铁、铁的氧化物和氢氧化物的易错点，涵盖钝化、与不同氧化剂反应的产物及氢氧化物与酸反应的辨析。范围以易错易混细节的纠正为主，区别于系统性质讲解。
CHEMISTRY,铁盐和亚铁盐的性质和检验易错点,本知识点归纳铁盐和亚铁盐性质与检验的易错点，涵盖含铁盐溶液的配制保存、离子共存判断及检验顺序等细节。范围以易错细节的辨析为主，区别于两类盐的系统性质。
CHEMISTRY,铁的氧化物组成的确定,本知识点讲确定铁的氧化物组成的方法，侧重由铁、氧元素的质量比推算其化学式。范围以组成的计算与推断为主，区别于铁的氧化物性质与相互转化。
CHEMISTRY,电解和电解池,本知识点讲电解和电解池的基本概念，涵盖电解池的组成、放电过程及电极反应式的书写。范围以电解原理与电解池为主，区别于原电池等其它电化学装置。
CHEMISTRY,电解饱和食盐水-氯碱工业,本知识点讲电解饱和食盐水的氯碱工业，涵盖电极反应、产物及阳离子交换膜的作用。范围以氯碱工业的电解过程为主，并涉及粗盐精制与氯气的工业制法。
CHEMISTRY,金属电化学腐蚀规律,本知识点讲金属电化学腐蚀的规律，涵盖化学腐蚀与电化学腐蚀的区别及比较腐蚀快慢的方法。范围以腐蚀原理与速率比较为主，涉及溶液性质对腐蚀的影响。
CHEMISTRY,了解电镀原理,本知识点讲电镀的原理，涵盖电镀装置中电极的选择、镀液成分及电镀过程中溶液浓度的变化。范围以电镀原理与实验为主，区别于一般的电解精炼与电镀应用扩展。
CHEMISTRY,制作一个氢氧燃料电池,本知识点讲氢氧燃料电池的制作，涵盖其电极反应及工作原理。范围以氢氧燃料电池的构造与反应为主，区别于电解水等其它电化学装置。
CHEMISTRY,电化学综合计算的三种常用方法,本知识点讲电化学综合计算的三种常用方法，涵盖以电子转移为桥梁、根据总反应和关系式列式计算。范围以电化学计算的思路与技巧为主，区别于电极反应式的书写。
CHEMISTRY,镁的化学性质,本知识点讲镁的化学性质，涵盖镁的主要化学反应，并涉及镁燃烧的特点与灭火注意事项。范围以镁单质的化学性质为主，区别于镁的化合物专题。
CHEMISTRY,镁的重要化合物,本知识点讲镁的重要化合物，涵盖各化合物的性质及镁与其化合物间的转化关系。范围以镁化合物性质与转化为主，区别于镁单质的化学性质。
CHEMISTRY,海水提取镁,本知识点讲从海水中提取镁的流程，涵盖提镁的四个步骤及相关反应。范围以海水提镁的工艺路线为主，区别于镁的化合物性质及镁的冶炼原理。
CHEMISTRY,单质铜的化学性质,本知识点讲铜单质的化学性质，涵盖铜的主要化学反应。范围以铜单质参与的反应为主，区别于铜的化合物性质及铜的冶炼。
CHEMISTRY,氢氧化铜,本知识点讲氢氧化铜的性质，涵盖其受热分解、与酸的反应及检验醛基等应用。范围以氢氧化铜为主，区别于其它铜化合物及铜单质的性质。
CHEMISTRY,铜盐,本知识点讲铜盐，涵盖常见铜盐的性质与用途，以及铜盐与含铜化合物间的转化。范围以铜盐性质应用为主，区别于铜单质的化学性质。
CHEMISTRY,合金的概念及性能,本知识点讲合金的概念与性能，涵盖合金的形成条件、特性及判断方法。范围以合金的定义、性能特点与易错点为主，区别于单一金属的性质及合金的制备工艺。
CHEMISTRY,金属矿物的开发利用,本知识点讲金属矿物的开发利用，涵盖金属在自然界的存在、合理开发途径及金属冶炼的实质与方法。范围以金属资源的利用与冶炼为主，区别于具体金属化合物的性质。
CHEMISTRY,镁及其化合物的难点释疑,本知识点释疑镁及其化合物的学习难点，涵盖氢氧化镁与碳酸镁的转化等多个难点细节。范围以难点辨析为主，区别于镁单质及化合物的系统性质讲解。
CHEMISTRY,金属及其化合物的制备,本知识点讲金属及其化合物的制备，涵盖金属冶炼的实质与方法及制备路径的选择。范围以制备工艺与流程设计为主，区别于金属及其化合物的性质讲解。
CHEMISTRY,热重分析确定金属化合物的组成,本知识点讲用热重分析确定金属化合物的组成，涵盖分步加热中失重的先后顺序及组成的计算步骤。范围以热重曲线的分析与计算为主，区别于一般物质的量与摩尔质量换算。
CHEMISTRY,铜及其化合物的易错点,这个知识点围绕铜及其化合物的易混淆判断展开，梳理其性质与反应中的主要易错环节，并与冶炼方法选择、化学键判断、硫化合物辨析等相关易错点加以区分。
CHEMISTRY,铁及其化合物的转化,这个知识点围绕铁及其化合物的转化展开，梳理价、类之间的主要转化逻辑，可与氮等其他元素的价类转化相互参照。
CHEMISTRY,有关铁及其化合物的除杂,这个知识点围绕铁及其化合物的除杂展开，梳理调pH除铁等主要方法与试剂选择，并与铜盐溶液除铁、含铁废料制盐等易混场景加以区分。
CHEMISTRY,铁的原子结构和存在,这个知识点围绕铁的原子结构与存在展开，涵盖其在周期表中的位置、存在形态与物理性质，重点区分存在形态的易混点。
CHEMISTRY,金属材料和金属的冶炼易错点,这个知识点围绕金属材料与金属冶炼的易错点展开，梳理合金性质与冶炼方法的主要易错环节，并区分电解冶炼与其他冶炼方法的易混点。
CHEMISTRY,金属材料,这个知识点围绕金属材料展开，涵盖金属材料的主要类别与常见用途，重点区分含金属元素的物质不一定是金属材料。
CHEMISTRY,金属的冶炼-金属矿物的开发利用,这个知识点围绕金属冶炼与金属矿物的开发利用展开，涵盖冶炼主要方法与原料选择，重点区分电冶金中原料选择的易混点。
CHEMISTRY,核素,这个知识点围绕核素展开，涵盖核素概念与原子构成，重点区分核素、同位素与元素之间的易混界限。
CHEMISTRY,离子键,这个知识点围绕离子键展开，涵盖离子键的概念与形成，重点区分离子键与金属键，以及含离子键与属于离子化合物的易混关系。
CHEMISTRY,电子式,这个知识点围绕电子式展开，涵盖电子式的书写规则与主要判断要点，重点区分简单粒子电子式书写的易混之处。
CHEMISTRY,位-构-性-关系的应用,这个知识点围绕位构性关系的应用展开，涵盖元素位置、结构与性质之间相互推断的主要逻辑，可作为元素推断的常用入口。
CHEMISTRY,元素非金属性强弱的判断,这个知识点围绕元素非金属性强弱的判断展开，涵盖判断的主要依据与常用比较方法，重点区分须以最高价氧化物对应水化物的酸性为前提。
CHEMISTRY,电负性的三个重要应用,这个知识点围绕电负性的重要应用展开，涵盖该物理量的主要用途，重点区分电负性与电离能的含义及应用易混之处。
CHEMISTRY,掌握周期表的结构及周期表中的一些特殊规律,这个知识点围绕周期表的结构及一些特殊规律展开，涵盖表的结构与记忆方法，重点区分短周期元素特殊结构与位置的易混点。
CHEMISTRY,根据文字描述信息推断元素,这个知识点围绕依据文字描述信息推断元素展开，涵盖从物质性质与转化关系中提取线索的主要方法，并整理元素推断的常用思维路径。
CHEMISTRY,根据分子-离子-结构推断元素,这个知识点围绕依据分子（离子）结构推断元素展开，涵盖利用成键特征与结构式推断的主要方法，并整理此类元素推断的通法。
CHEMISTRY,元素周期表,这个知识点围绕元素周期表展开，涵盖表的分区、各周期元素种数与族的构成，重点区分周期与族的易混界限。
CHEMISTRY,元素周期律,这个知识点围绕元素周期律展开，涵盖规律的主要内容与常见应用，重点区分周期律的认识误区与易混易错点。
CHEMISTRY,元素周期表的结构,这个知识点围绕元素周期表的结构展开，涵盖周期、族与分区的主要方面，重点区分分区及价层电子排布规律的易混概念。
CHEMISTRY,元素周期表的应用,这个知识点围绕元素周期表的应用展开，涵盖预测元素性质与寻找相关材料的常见用途，重点区分各应用的适用范围。
CHEMISTRY,元素周期律的内容及实质,这个知识点围绕元素周期律的内容及实质展开，涵盖内容的主要表述与内在成因，重点区分内容、实质与化合价的易混点。
CHEMISTRY,硫,这个知识点围绕硫元素展开，涵盖硫元素的存在形态与硫单质的性质，重点区分不同硫形态的易混界限。
CHEMISTRY,二氧化硫,这个知识点围绕二氧化硫展开，涵盖其性质、实验室制备与检验的主要方面，重点区分漂白与还原褪色的区别及沉淀生成的判断。
CHEMISTRY,三氧化硫,这个知识点围绕三氧化硫展开，涵盖其性质及与碱、盐溶液反应的主要方面，重点区分酸性氧化物通性与其相关反应的界限。
CHEMISTRY,浓硫酸,这个知识点围绕浓硫酸展开，涵盖其特性的主要应用与易混点，重点区分气体干燥与净化试剂选择及可干燥气体范围。
CHEMISTRY,氮气,这个知识点围绕氮气展开，涵盖氮元素的存在形态与氮气性质的主要方面，重点区分氮的固定与氮气相关反应的易混界限。
CHEMISTRY,一氧化氮,这个知识点围绕一氧化氮展开，涵盖其性质的主要方面，重点区分一氧化氮与其他氮氧化物性质及氮气性质的易混之处。
CHEMISTRY,二氧化氮,这个知识点围绕二氧化氮展开，涵盖其性质与溶于水规律的主要方面，重点区分二氧化氮与其他氮氧化物性质的易混之处。
CHEMISTRY,氨,这个知识点围绕氨展开，涵盖其分子结构与物理、化学性质的主要方面，重点区分氨水成分与保存的易混点。
CHEMISTRY,铵盐,这个知识点围绕铵盐展开，涵盖其性质、受热分解与检验的主要方面，重点区分铵盐与强碱反应的不同情形。
CHEMISTRY,硝酸,这个知识点围绕硝酸展开，涵盖其性质的主要方面，重点区分使用其酸性时不可忽略强氧化性，以及久置浓硝酸变黄的处理。
CHEMISTRY,酸雨,这个知识点围绕酸雨展开，涵盖硫酸型酸雨的形成、危害与治理，重点区分其形成途径与防治方法的界限。
CHEMISTRY,硫单质,这个知识点围绕硫单质展开，涵盖其存在、性质与应用的主要方面，重点区分硫与非金属、强酸强碱反应的易混界限。
CHEMISTRY,硫酸,这个知识点围绕硫酸展开，涵盖其性质与工业制备的主要方面，重点区分硫酸与亚硫酸性质的易混界限。
CHEMISTRY,硫酸是中学化学实验室的常见药品-其性质有,这个知识点围绕硫酸的性质与实验应用展开，涵盖其特性的主要用途，重点区分实验操作与试剂使用的易混点。
CHEMISTRY,某小组同学设计实验实现几种价态硫元素的转化,这个知识点围绕价态硫转化的实验设计展开，涵盖实现不同价态硫转化的主要方法，重点区分微型实验设计的基本要求。
CHEMISTRY,熟练掌握溶解-过滤-蒸发等操作-认识化学方法在物质分离和提纯中的重要作用,这个知识点围绕物质分离提纯的常用方法展开，涵盖操作要点与解题步骤，重点区分分离装置的选择与溶解度的应用。
CHEMISTRY,本实验中加入试剂的顺序是什么-按照其他顺序加入试剂能否达到同样的目的,这个知识点围绕实验操作目的与试剂的选择展开，涵盖实验操作与试剂选择保存的要点，重点区分液体与固体试剂保存瓶选择的易混点。
CHEMISTRY,在实验操作②中为什么依次加入的试剂都要略微过量-实验操作④中加入盐酸的目的是什么,这个知识点围绕除杂原则与试剂作用分析展开，涵盖除杂操作与试剂作用分析的要点，重点区分实验操作与仪器选择的易混点。
CHEMISTRY,步骤③和步骤④的操作顺序能否颠倒-为什么,这个知识点围绕坩埚灼烧固体的操作要点展开，涵盖主要操作要求，重点区分操作顺序能否颠倒的易混点。
CHEMISTRY,粗盐水中加入氯化钡溶液使s沉淀而除去-如何检验s是否沉淀完全,这个知识点围绕沉淀完全的检验方法展开，涵盖检验沉淀是否完全与是否洗净的要点，重点区分溶解性界定与沉淀完全标准的易混概念。
CHEMISTRY,硫化钠转化为单质硫,这个知识点围绕硫化钠转化为单质硫展开，涵盖反应情形与实验现象的主要方面，重点区分与不同试剂发生转化的易混点。
CHEMISTRY,浓硫酸转化为二氧化硫,这个知识点围绕浓硫酸转化为二氧化硫展开，涵盖反应情形与实验现象的主要方面，重点区分硫代硫酸盐遇酸分解的易混点。
CHEMISTRY,硫转化为硫化亚铁,这个知识点围绕硫转化为硫化亚铁展开，涵盖硫与金属反应的主要方面，重点区分硫与不同金属反应产物的易混点。
CHEMISTRY,铁粉与硫粉在空气中混合燃烧时-可能发生哪些反应,这个知识点围绕铁与硫的反应展开，涵盖反应情形与产物的主要方面，重点区分在空气中燃烧的产物易混点。
CHEMISTRY,二氧化硫的尾气处理,这个知识点围绕二氧化硫的尾气处理展开，涵盖常用脱硫方法与选择思路，重点区分各处理方法的适用条件。
CHEMISTRY,浓硫酸与金属的反应规律,这个知识点围绕浓硫酸与金属的反应规律展开，涵盖与不同金属反应的情形及对应规律，重点区分反应产物与气体生成的易混点。
CHEMISTRY,氮的氧化物,这个知识点围绕氮的氧化物展开，涵盖不同氮氧化物性质的主要方面，重点区分NO与NO2性质及氮气性质的易混点。
CHEMISTRY,nox是汽车尾气中的主要污染物之一,这个知识点围绕NOx对大气的污染展开，涵盖其污染与处理的主要方面，重点区分尾气吸收处理的易混点。
CHEMISTRY,氨的化学性质,这个知识点围绕氨的化学性质展开，涵盖氨与水、酸反应的主要方面，重点区分氨的催化氧化及其与NOx归中反应的易混点。
CHEMISTRY,喷泉实验,讲喷泉实验的基本原理与装置：容器内气体溶于溶液或与之迅速反应，使瓶内压强减小，液体被压入而形成喷泉，并给出常见的引发方法。不展开正压喷泉等变式，那属于另设的知识点。
CHEMISTRY,铵盐及nh的检验,涵盖铵盐的共性性质与铵根离子的检验方法：与强碱溶液混合加热，用湿润的红色石蕊试纸检验产生的气体。限定在铵根离子的检验现象，不涉及一般盐类的性质与制备。
CHEMISTRY,nh3是中学化学中唯一的碱性气体-能使湿润的-色石蕊试纸变,指出氨气是中学化学中唯一的碱性气体，能使湿润的红色石蕊试纸变蓝，并给出氨气与铵根离子的常用检验方法。限定在氨的碱性及其检验，不涉及其他酸性或中性气体。
CHEMISTRY,氮元素的价类二维图及转化关系,按氮元素化合价与物质类别两条线索梳理常见含氮物质，给出它们之间的主要转化关系与对应方程式。限定在氮及其化合物的价类关系图，不涉及工业生产的具体条件。
CHEMISTRY,常见喷泉的类型,按成因区分喷泉类型：负压喷泉依靠容器内气体极易溶于水或迅速与溶液反应使压强减小；正压喷泉依靠受热或反应产生大量气体使压强增大。并列举能形成喷泉的常见物质组合。
CHEMISTRY,常见的装置,归纳几种常见喷泉装置的组装与引发原理：挤压滴管引发溶解、受热或受冷促使气体溶解、容器内反应产气增压、向喷泉瓶通入与之反应的气体减压。限定在装置变式，不涉及气体与吸收剂的选择。
CHEMISTRY,n2o-no和no2等氮氧化物是空气污染物-含有氮氧化物的尾气需处理后才能排放,涵盖含氮氧化物尾气的主要处理方法：N2O的催化分解、碱液对NO与NO2的吸收、氧化性吸收剂增强NO的去除。侧重处理途径的选择与对应方程式，不涉及氮氧化物本身的性质与制备。
CHEMISTRY,工业上制备的盐酸显黄色是因为溶有fe3-而浓hno3显黄色是因为溶有no2,分析常见物质显色的原因，如工业盐酸因溶有铁离子而显黄色、浓硝酸因溶有二氧化氮而显黄色。属于归因分析类内容，重点在区分同一颜色对应的不同致色成分。
CHEMISTRY,浓盐酸和浓氨水反应有白烟生成-常用于hcl和nh3的相互检验,说明浓氨水与浓盐酸均有挥发性，二者挥发出的气体在空气中相遇产生白烟，可利用这一现象相互检验。限定在气相接触检验，不涉及两种溶液各自的其他性质。
CHEMISTRY,氮及化合物的-十大-误区,逐条梳理氮及其化合物的常见误区，如氮的氧化物是否有毒、二氧化氮与四氧化二氮的平衡对测得相对分子质量的影响。侧重判断纠错与原因分析，不复述物质本身性质。
CHEMISTRY,验证某无色气体为no的方法是向无色气体中通入o2-或空气-无色气体变为红棕色,讲一氧化氮的特征检验：向无色气体中通入氧气或空气，气体变为红棕色；并说明收集方法的选择，NO用排水法，二氧化氮用向上排空气法，二者不可混用。
CHEMISTRY,常温下-铁-铝遇浓硝酸能发生-钝化-并非不反应-故常温下浓硝酸可以用铁桶盛放,指出常温下铁、铝遇浓硝酸会在表面生成致密氧化膜而钝化，并非不反应，因此浓硝酸可用铁桶贮存。限定在常温下铁、铝的钝化现象，不展开其他强氧化酸或其他条件。
CHEMISTRY,吸收氨气-或hcl-时要注意防止倒吸,说明吸收氨气、氯化氢等极易溶于水的气体时必须防止溶液倒吸，并给出常用防倒吸装置的原理与使用。限定在尾气吸收与装置设计，不涉及其他气体的吸收。
CHEMISTRY,现象描述答题模板,给出实验现象描述的规范表述模板：按溶液、固体、气体依次说明变化，用“由……变为……”“产生……气泡”“产生……沉淀（浑浊）”等句式。属于答题表述规范，不涉及具体实验原理。
CHEMISTRY,实验室闻cl2及其他气体的方法是怎样的,说明实验室闻气体的规范方法：在容器口上方用手轻轻扇动，使少量气体飘入鼻孔，不能把鼻孔凑到容器口直接闻。适用于各种气体，尤其是氯气等有毒气体。
CHEMISTRY,若某溶液中既含又含-请设计实验检验混合溶液中是否存在,针对溶液中多种成分共存时如何设计实验方案验证指定成分是否存在。关键是所选试剂彼此不干扰、不引入新杂质。属于实验方案设计规范，不涉及具体物质性质。
CHEMISTRY,硫及其化合物之间的转化规律,从价态与物质类别两个角度梳理含硫物质的相互转化：不同价态之间互变属于氧化还原反应，化合价变化一般呈台阶式到相邻价态；同价态之间互变属于非氧化还原反应，是酸性氧化物、正盐、酸式盐等类别的转化。
CHEMISTRY,硫及其重要化合物的知识盲点,梳理含硫物质中易被忽略和易混淆的细节，如二氧化硫的多种性质表现、通入氯化钡溶液生成沉淀的条件、反应进行过程中产物的变化。侧重纠盲补漏，不系统介绍物质性质。
CHEMISTRY,硅,涵盖硅元素的存在、晶体硅单质的性质与用途，以及硅作为重要无机非金属材料的特点。限定在硅单质层面，硅的化合物性质由另设知识点覆盖。
CHEMISTRY,二氧化硅,涵盖二氧化硅的存在、晶体结构、化学性质与用途，重点是不溶于水、空间网状结构中没有单个分子、能与氢氟酸反应等特殊性质，区别于其他常见酸性氧化物。
CHEMISTRY,硅酸盐,涵盖硅酸盐的组成与结构，以及陶瓷、玻璃、水泥三大传统硅酸盐材料的原料与制备。限定在硅酸盐的通性，化学式的氧化物形式改写与各材料细节由另设知识点覆盖。
CHEMISTRY,陶瓷,涵盖陶瓷的原料、制备与组成，以及传统陶瓷与新型陶瓷的种类和用途。限定在陶瓷材料，不涉及其他无机非金属材料的制备。
CHEMISTRY,玻璃,讲普通玻璃的组成与制备，重点是原料高温熔融时发生的主要反应，以及玻璃的常见用途。限定在普通玻璃，不展开特种玻璃的生产。
CHEMISTRY,水泥,涵盖水泥的主要原料与组成，并介绍其水化硬化特性与常见用途。限定在水泥的基础知识，不涉及其他建筑材料的制备。
CHEMISTRY,c-si单质的存在形态-物理性质及用途,比较碳、硅单质的存在形态、物理性质与用途：碳在自然界中既有游离态又有化合态且有多种同素异形体，硅只有化合态；同时给出硅单质的主要形态与性质。
CHEMISTRY,碳-硅单质的化学性质-还原性,说明碳、硅常温下化学性质一般稳定，反应中主要表现还原性：碳能还原金属氧化物、浓硫酸和浓硝酸；硅常温下只与少数物质反应，加热时反应增多。侧重化学性质，物理性质由另设知识点覆盖。
CHEMISTRY,写出除去下列气体中混有的杂质-括号内为杂质-可采取的方法,讲气体混合物除杂的试剂选择与操作方法，如除去CO中的CO2、CO2中的CO、CO2中的HCl。关键是除去杂质同时不损失主体物质、不引入新杂质。
CHEMISTRY,硅酸和硅酸盐,涵盖硅酸的制备与性质：难溶于水、酸性弱于碳酸、受热分解、可聚合形成硅胶；并介绍硅酸钠等可溶性硅酸盐的性质与用途。注意区分硅酸与硅酸盐溶液。
CHEMISTRY,设计制备纯硅的实验题中重要的知识点,涵盖制备纯硅的主线：碳高温还原二氧化硅得粗硅、粗硅转化为中间化合物、再经氢气高温还原得纯硅；并包括中间化合物的水解及硅与镁的反应。限定在这一制备路线。
CHEMISTRY,碳-硅及其化合物的知识盲点,梳理碳、硅及其化合物的易混判断点：硅在自然界的存在状态、工业制粗硅的副产物、二氧化硅与氢氟酸的反应、试剂容器的选择、不同条件下硅酸盐转化的方向。侧重纠错。
CHEMISTRY,硅酸盐改写成氧化物形式的方法,讲硅酸盐化学式改写为氧化物形式的规则：按活泼金属氧化物、较活泼金属氧化物、二氧化硅、水的顺序书写，系数满足原子守恒并化为整数，不同氧化物之间用间隔号隔开。属于式子表述规范，不涉及物质性质。
CHEMISTRY,各种硅酸的结构,区分原硅酸、硅酸与多硅酸：原硅酸分子之间失水可生成一系列多硅酸，硅酸一般以H2SiO3表示，其水溶液易形成胶体。限定在硅酸的结构形式，不涉及硅酸盐。
CHEMISTRY,写出除去下列固体粉末中混有杂质-括号内为杂质-可采取的方法-写出有关反应的方程式,讲固体混合物除杂的试剂选择或操作并书写相应反应方程式，如碳酸钙与二氧化硅的相互除杂、二氧化硅中铵盐杂质的除去。关键是分离杂质且不损失主体物质。
CHEMISTRY,放热反应,讲放热反应的概念与常见放热反应的判断，注意区分“反应放热”与“过程放热”。不涉及反应热的定量计算。
CHEMISTRY,吸热反应,讲吸热反应的概念与常见吸热反应的判断，注意区分反应的能量变化与其他吸热或放热过程。不涉及反应热的定量计算。
CHEMISTRY,燃料电池,讲燃料电池的工作原理，包括不同电解质中氢氧燃料电池的电极反应及其变式如微生物燃料电池。侧重化学能转化为电能的原理，不涉及其他原电池类型。
CHEMISTRY,可逆反应,讲可逆反应的概念，即同一条件下正、逆反应同时进行，并以二氧化硫、氧气与三氧化硫的互变为例说明可逆反应中焓变的含义及其与实际放热量的关系。
CHEMISTRY,转化率,讲反应物转化率的含义及其在化学平衡体系中的计算方法，可与平衡状态的判断配合使用。限定在反应限度的定量描述，不涉及平衡条件的选择。
CHEMISTRY,勒夏特列原理,讲勒夏特列原理的内容：改变影响平衡的一个条件，平衡向减弱这种改变的方向移动；并说明其适用范围、使用限制与特殊情形的判断。只适用于已达到平衡的可逆体系。
CHEMISTRY,在一定温度下-利用催化剂将nh3分解为n2和h2-相关化学键的键能数据如下,针对用催化剂分解氨并给出键能数据的情境，涵盖由断键与成键的能量差计算反应热，以及化学键的分类。限定在具体反应的热效应计算。
CHEMISTRY,主要方法,系统归纳反应热的主要计算方法：由热化学方程式按比例计算、由反应物与生成物总能量差计算、由断键成键的能量变化计算、盖斯定律的加和运用、由燃烧热或比热公式计算热量。
CHEMISTRY,热化学方程式书写注意事项,讲热化学方程式书写要点：物质状态标注、焓变的符号与单位、计量数与焓变的对应、原子与得失电子守恒，以及与普通化学方程式在标注上的区别。
CHEMISTRY,分析图像书写热化学方程式,讲依据能量变化图像书写热化学方程式：读取反应物与生成物的能量差确定焓变，再结合物质状态与计量数写出方程式。限定在由图写式，不涉及键能数据的直接计算。
CHEMISTRY,基元反应,讲基元反应的概念：反应实际经历的每一个步骤，及其速率方程中指数为该步反应物的计量数、速率与反应物浓度的幂乘积成正比。限定在单步反应，总反应的速率方程不能由总方程式直接确定。
CHEMISTRY,反应机理,讲反应机理的概念：复杂反应由多个基元反应构成，基元反应加总得到总反应；重点是从历程中识别中间产物与决速步骤（慢反应）。
CHEMISTRY,过渡态理论,讲过渡态理论的主要内容：化学反应经过高能活化络合物，活化能是活化络合物与反应物之间的能量差；活化能越小反应越快。限定在速率的微观解释，不涉及反应的热效应。
CHEMISTRY,催化剂与反应历程,讲催化剂在反应历程中的作用：降低活化能、加快反应而不改变焓变，催化历程往往分步进行，其中活化能最大的一步是决速步骤。
CHEMISTRY,能垒与决速步骤,讲反应历程图中能垒的含义：反应进程里向上爬坡的最高能量，包含它的步骤即为决速步骤；并说明依据能垒大小比较催化效果与竞争反应的产物占比。
CHEMISTRY,甲烷与氯气在光照条件下存在如下反应历程-表示电子,讲甲烷与氯气在光照条件下的自由基取代机理：反应经自由基生成、取代、再生等步骤进行，较慢的步骤决定总反应速率；取代逐步进行，生成多种氯代物的混合物。
CHEMISTRY,速率常数和速率方程,讲速率方程的含义与速率常数的特点：在给定温度下、反应物浓度为单位浓度时的反应速率，只受温度影响，浓度与压强不改变它。可用于比较反应速率的大小。
CHEMISTRY,若上述题目中的-1-4-改成一定温度下的恒压密闭容器-结果又如何,本项是对某一气相平衡体系的变式问题，将原条件改为某一温度下的恒压密闭容器，讨论平衡状态与移动的响应，属于恒压容器模型下的平衡分析。
CHEMISTRY,可逆反应的特点及应用,本项梳理可逆反应的概念与特点：可逆反应属于化学变化，与可逆过程并不等同；体系内反应物与生成物的相互转化不能进行完全，反应存在限度；还包含用极值法确定浓度范围。
CHEMISTRY,催化剂-催化剂同等程度改变正逆反应速率-不影响平衡移动,本项梳理催化剂对反应速率与化学平衡的影响：催化剂改变反应历程，同等程度改变正、逆反应速率，只使体系更快达到平衡，不引起平衡移动，是与引起平衡移动的条件易混的辨析点。
CHEMISTRY,某温度下-在一恒容密闭容器中进行如下两个反应并达到平衡,本项梳理一定温度下恒容密闭容器中两个共享同一组分的耦合可逆反应体系的分析，包括两平衡的相互影响、条件改变时各自的移动，以及对平衡状态速率-时间与浓度-时间图像的判读。
CHEMISTRY,工业上常用甲烷-水蒸气重整制备氢气-体系中发生如下反应,本项以甲烷水蒸气重整制氢的两个反应体系为背景，梳理提高某一反应物平衡转化率的操作性选择，重点分析条件变化对多个耦合平衡的影响，属于平衡移动知识的综合应用。
CHEMISTRY,一次电池,本项梳理一次电池的概念与电极反应书写：一次电池是放电后不能再充电恢复使用的电池，包括碱性锌锰干电池、纽扣式锌银电池等常见类型，要求写出其总反应与正、负极反应。
CHEMISTRY,二次电池,本项梳理二次电池的概念与铅蓄电池的充放电过程：二次电池是放电后可再充电反复使用的电池；重点是放电时正、负极与充电时阴、阳极反应的书写，以及充电时电极与外电源的连接对应关系。
CHEMISTRY,甲烷作燃料电池的负极反应物时-其电极反应式在不同的介质中有不同的写法,本项梳理甲烷作燃料电池负极反应物时电极反应式的书写：在强酸、导氧离子固体、熔融碳酸盐等不同介质中，氧化产物形式不同，需分别书写，重点是产物形式随介质变化并保持原子与电荷守恒。
CHEMISTRY,手机-电脑的锂电池是一次电池还是二次电池,本项梳理手机、电脑所用锂电池属于一次还是二次电池的判断，以及新型电源的常识；还包含依据单位质量物质失去电子数比较不同金属材料的能量密度。
CHEMISTRY,o2作为原电池的正极反应物时-其电极反应在不同的介质中有不同的写法,本项梳理氧气作为原电池正极反应物时电极反应式的书写：在强酸、强碱、导氧离子固体、熔融碳酸盐、熔融硝酸盐等不同介质中，还原产物不同，需分别书写；还可能生成过氧根、超氧根等特殊离子。
CHEMISTRY,已知总方程式-书写电极反应式,本项梳理已知电池总方程式书写电极反应式的一般方法：先标出电子转移的方向与数目，再确定正负极与介质的酸碱性，按负极失电子、正极得电子的规则分别书写；某一电极难写时可用总反应减去较易电极反应，电子数须与总方程式一致。
CHEMISTRY,可充电电池题目的解答思路,本项梳理可充电（二次）电池问题的一般解题流程：依据充电与放电的互逆关系，结合电子与离子的移动方向判断电极与反应类型，并书写、核对电池总反应与各电极反应。
CHEMISTRY,浓差电池-的分析方法,本项梳理浓差电池的分析方法：浓差电池利用同一物质的浓度差产生电流，离子由高浓度一侧移向低浓度一侧；解题关键是依据阴离子移向负极、阳离子移向正极的规则判断正负极，并包含同金属置于不同浓度盐溶液中的典型体系。
CHEMISTRY,平衡常数的应用,本项梳理平衡常数的主用途：判断可逆反应进行的程度；用反应商与平衡常数的大小比较判断体系是否达到平衡及反应方向；由平衡常数随温度的变化推断反应的热效应；还包含水解常数的应用。
CHEMISTRY,平衡转化率,本项梳理平衡转化率的概念与意义：平衡时某物质已转化的量与其初始量的比值，用于描述一定条件下可逆反应进行的限度；还包含条件变化对转化率的影响，以及平衡转化率与产率两个概念的辨析。
CHEMISTRY,在一定温度下-已知以下三个反应的平衡常数,本项梳理多个反应平衡常数之间的定量关系：当一个反应方程式可由其他反应方程式线性组合得到时，其平衡常数可用各反应平衡常数作相应的乘除运算表示；还包含结合平衡常数随温度变化判断反应热效应，以及比较某时刻正逆反应速率。
CHEMISTRY,压强平衡常数,本项梳理压强平衡常数的概念与计算：压强平衡常数用各气体的分压表示，某气体的分压等于总压强与其体积分数（物质的量分数）的乘积；常规解法是按三段式求平衡量，再求物质的量分数、分压，最后代入表达式。
CHEMISTRY,平衡常数与速率常数的有关计算,本项梳理平衡常数与速率常数的关系：对某基元反应，平衡常数等于正、逆反应速率常数之比；还包含方程式写法对平衡常数的影响，以及利用不同温度下两速率常数之比推断温度相对大小与反应热效应。
CHEMISTRY,利用nh3的还原性可以消除氮氧化物的污染-其中除去no的主要反应如下,本项以氨还原一氧化氮等氮氧化物（产物为氮气与水）的反应为背景，梳理平衡常数表达式与正、逆速率式中指数的确定：各物质的指数由其状态与方程式中的计量数决定，液态物质不写入平衡常数表达式。
CHEMISTRY,压强平衡常数的计算,本项梳理压强平衡常数计算的标准流程：先用三段式求各气体起始、变化、平衡量，再计算各组分物质的量（体积）分数，用总压强乘体积分数得各气体分压，最后代入表达式计算；包含已知起始分压与已知起始总压和转化率两类情境。
CHEMISTRY,平衡常数的综合计算,本项梳理平衡常数与压强平衡常数的综合计算：一是三段式法，求出平衡量后再算物质的量分数与分压，代入表达式；二是原子守恒法，利用体系中某元素守恒直接关联各物质的平衡量。两者也可与转化率结合计算。
CHEMISTRY,物质变化过程中的化学键变化,本项梳理不同过程中化学键与分子间作用力的变化：化学反应中断旧键、成新键，但反应物的化学键未必全部被破坏；离子化合物溶解或熔化时发生电离；分子构成的物质熔化只破坏分子间作用力；原子晶体熔化破坏共价键；活泼非金属单质溶于水时先与水反应。
CHEMISTRY,甲-乙-丙三种有机物的结构如下,本项梳理依据所给有机物（含乙烯等）的结构式判断分子中 σ 键与 π 键的数目，以及分子中是否含有极性键、是否为极性分子。
CHEMISTRY,价层电子对互斥模型,本项梳理价层电子对互斥模型：价层电子对在空间相互排斥、尽量远离；价层电子对数等于 σ 键电子对数与中心原子孤电子对数之和，前者即与中心原子结合的原子数，后者按中心微粒电性用公式求出；再依据有无孤电子对区分 VSEPR 模型与分子空间结构。
CHEMISTRY,杂化轨道理论,本项梳理杂化轨道理论的基本内容：同一原子中能量相近的原子轨道混合，重新组合成数目相同、能量完全相等的新轨道；杂化只在成键过程中发生，杂化前后轨道数目不变；sp、sp2、sp3 等不同类型杂化轨道对应不同的键角与分子空间结构。
CHEMISTRY,键的极性和分子的极性,本项梳理键的极性与分子极性两层概念：不同原子间的共价键是极性键，同种原子间的是非极性键；正负电荷中心重合的是非极性分子，不重合的是极性分子；含极性键的分子不一定是极性分子，分子极性由各个键极性的向量和决定；还包含键的极性与羧酸酸性的关系。
CHEMISTRY,有关分子的溶解性-解答下列各题,本项梳理从分子极性角度解释物质溶解性的相似相溶原理：极性分子易溶于极性溶剂，非极性分子易溶于非极性溶剂；分子间能否形成氢键也显著影响其在水中的溶解性。
CHEMISTRY,有关物质的熔-沸点-解答下列问题,本项梳理影响物质熔、沸点的因素：分子间作用力与氢键；能形成分子间氢键的分子，其熔、沸点高于结构与相对分子质量相近而不能形成氢键的物质；分子内氢键的作用还需与分子间氢键区分。
CHEMISTRY,配位键,本项梳理配位键的概念：由一方微粒单方面提供孤电子对、另一方提供空轨道形成的特殊共价键，实质仍是共用电子对；包含配位键在化学式中的特殊表示，并用于解释氯化铝等缺电子化合物形成二聚体的结构。
CHEMISTRY,配位化合物,本项梳理配合物的概念与组成：中心离子（或原子，常为过渡金属阳离子）与配体（阴离子或中性分子）以配位键结合构成内界，再与外界组成配合物；重点是中心微粒、配位原子与配位数的确定，并包含用硫酸铜与氨水制备配合物的实验。
CHEMISTRY,v2o5常用作so2转化为so3的催化剂,本项围绕工业上二氧化硫催化氧化为三氧化硫（以 V2O5 为催化剂）梳理 SO2 与 SO3 的分子结构：中心原子的价层电子对数、空间构型与杂化轨道类型；气态 SO3 单分子与三聚体环状结构中硫的杂化状态不同。
CHEMISTRY,配位键和配合物,本项综合梳理配合物的组成与规则：配合物可能没有外界，也可能含多种配体；配位数是配体中与中心微粒成键的配位原子总数，单齿配体时等于配体数，双齿配体时为其两倍；同种金属形成配位键时，配位原子电负性越小，配位键越稳定。
CHEMISTRY,分子-离子-的空间结构判断易混易错点,本项梳理空间结构判断的易混点：VSEPR 模型描述价层电子对（含孤电子对）的空间排布，中心原子有孤电子对时则不一致；杂化轨道只用于成 σ 键或容纳孤对，π 键电子对不计入其中；四原子、五原子分子的构型也未必是平面三角形、三角锥形或正四面体。
CHEMISTRY,有关分子的性质的易混易错点,本项梳理分子性质方面的易混点：稳定性指化学性质，由化学键强弱决定，与分子间作用力、氢键无关；范德华力与分子间氢键影响熔、沸点等物理性质；组成结构相似的物质相对分子质量越大熔沸点越高，但形成氢键的物质可能打破该规律；氢键具有方向性与饱和性。
CHEMISTRY,有关配合物的易混易错点,本项梳理配合物的易混点：判断中心离子与配体时要考虑配体是否带电荷（如卤素离子作配体而非原子）；结构示意图中配位原子必须与中心微粒直接相连；配位数是与中心微粒成键的配位原子总数；含配位键的化合物不一定是配合物，配合物也不一定都很稳定。
CHEMISTRY,分子-或离子-空间结构的判断,本项梳理分子（或离子）空间结构判断的一般流程：先求中心原子价层电子对数、判断杂化类型，再数 σ 键数目与孤电子对数，最后按 VSEPR 模型确定空间结构；包含由球棍模型推断微粒构型的情形。
CHEMISTRY,自发反应,本项梳理自发反应的概念与判断：自发反应是在一定条件下无需外力驱动就能向某一方向进行的反应；具有方向性，若正向自发则逆向一定不自发；判断依据不是是否需要反应条件，而是是否需要施加外力；自发反应可用来完成有用功，非自发过程的进行需借助外能。
CHEMISTRY,熵和熵变的含义,本项梳理熵与熵变的含义：熵是度量体系混乱度的物理量，熵值越大混乱度越大；同一物质同条件下气态熵大于液态、液态大于固态；熵变等于生成物与反应物熵值之差，熵变越大越有利于反应向该方向自发进行。
CHEMISTRY,合成氨反应的特点,本项梳理合成氨反应的主要特点：可逆反应，正反应气体体积减小，放热且熵减；结合 298 K 的焓变与熵变数据可判断常温下反应能自发进行，属于低温自发、高温不自发的情形。
CHEMISTRY,工业合成氨的适宜条件,本项梳理工业合成氨适宜条件的选择及其理由：从平衡移动看，低温、高压利于合成氨；实际选择还要兼顾反应速率、催化剂的活性以及设备与能耗成本，需要在温度、压强、浓度与产物分离等条件之间权衡。
CHEMISTRY,平衡类问题需考虑的几个方面,本项梳理工业生产综合平衡题需考虑的分析方面：原料来源与杂质对平衡的影响、原料的循环利用、产物的污染处理、产物酸碱性对反应的影响、压强对平衡的影响，以及条件改变对多平衡体系的影响，是对平衡问题所涉工程因素的系统梳理。
CHEMISTRY,乙烯是石油化工最基本的原料之一,本项梳理乙烷脱氢制乙烯的条件调控：该反应吸热，升温可提高平衡转化率；引入氧气可降低反应温度、减少积碳，但为避免乙烯被过度氧化，需选择优先促进主反应活化的催化剂；还包含温度对产物组成与转化率的影响分析。
CHEMISTRY,含量-或转化率-时间-温度-压强-图像,本项梳理不同温度或压强下含量（或转化率）-时间图像的判读方法：用「先拐先平」判断温度或压强的相对大小，再结合平衡位置推断反应热效应与气体化学计量数的关系，即「定一议二」的思路。
CHEMISTRY,常规图像解题分析,本项梳理化学反应速率与平衡图像题的一般解题流程：一看图，弄清坐标轴所代表的量、曲线走势、起点、转折点、交点与辅助线的含义；二想规律，从影响速率与平衡的外因角度分析变化本质；三作判断，逐条核对条件与结论是否一致。
CHEMISTRY,工业生产中的速率和平衡图像,本项梳理工业生产中的速率与平衡图像：改变投料比会影响各反应物转化率（增大一种，另一种转化率升高而自身降低），按计量数之比投料时产物平衡含量最大；还包含转化率、产率随温度、压强与催化剂变化的曲线判读，注意平衡常数只随温度改变。
CHEMISTRY,以fe3o4为原料炼铁-主要发生如下反应,本项以四氧化三铁为中心梳理气体还原的平衡体系：Fe3O4 可被 CO 逐步还原为 FeO 与 Fe，两反应相互影响及 CO 体积分数-温度曲线为重点；还含氨催化氧化生成 NO 与 N2 的竞争分析，以及 Fe3O4 溶于氧化性、还原性酸。
CHEMISTRY,一种新型煤气化燃烧集成制氢发生的主要反应如下,本项梳理多重平衡体系的分析与计算方法，以煤气化燃烧集成制氢中碳与水蒸气、一氧化碳与水蒸气、氧化钙吸收二氧化碳等多个耦合反应为背景：由其他反应方程式的线性组合确定某反应的焓变、判断熵变符号，并选择提高某反应物转化率的措施。
CHEMISTRY,甲烷,本项梳理甲烷的分子结构与其参与的反应类型，属于脂肪烃的基础内容，重点是甲烷分子的结构特点与其典型反应的特征。
CHEMISTRY,取代反应,本项梳理取代反应的概念及其与加成、加聚反应的区分，重点是以甲烷与氯气为反应物的取代反应：甲烷分子中的氢原子被氯原子逐步替换，同时生成多种氯代物与氯化氢，取代分步进行。
CHEMISTRY,同系物,本项梳理同系物的概念与判定要点：同系物是结构相似、分子组成上相差一个或若干个 CH2 原子团的同类型有机化合物，化学性质相似；判断分两步，先确认结构相似、同系关系，再确认分子组成之差；还要与同分异构体等易混概念区分。
CHEMISTRY,同分异构体,同分异构体是分子式相同而结构不同的化合物，类型包括链异构、位置异构、官能团异构及顺反异构；计数时可借助换元法简化位置异构的判断，并注意顺反异构成立所需的前提条件。
CHEMISTRY,加成反应,加成反应是不饱和键两端的原子与其他原子或原子团直接结合生成新物质的反应，主要涉及烯烃、炔烃与氢气、卤素、卤化氢及水的加成，并延伸认识不饱和烃的加聚反应。
CHEMISTRY,聚合反应,聚合反应是由含不饱和键的小分子单体相互结合形成合成高分子的反应，可进一步认识加聚与缩聚的区别；其产物是以共价键连接的有机高分子，不同于水泥等无机材料。
CHEMISTRY,酯化反应,酯化反应是羧酸与醇反应生成酯和水的反应，核心是断键规律，即羧酸脱去羟基、醇脱去氢；可用同位素标记验证断键位置，某些试剂的介入可改变酯化体系并帮助判断成酯方式。
CHEMISTRY,依据官能团分类,本节以官能团为分类标准，将有机物分为烃与烃的衍生物，理解官能团决定有机物化学性质的含义；注意区分基、官能团与原子团的概念差异，并体会同一物质可依据不同标准归入不同类别。
CHEMISTRY,含官能团的链状有机物命名,本节讨论含官能团链状有机物的系统命名，涵盖烯、炔、醇、醛、酸等类别，主链选取与编号须使官能团位次最小；卤代烃将卤素原子视为取代基处理，酯由相应羧酸与醇组合命名，聚合物则在单体名前加聚。
CHEMISTRY,苯的同系物的命名,苯的同系物命名有习惯法与系统法：习惯法按取代基相对位置称为邻间对某物；系统法以苯环为母体、侧链为取代基，编号使位次序列最小，序列相同时按取代基优先规则分配位置，并注意二甲苯等同分异构体的区分。
CHEMISTRY,有机物分子分子式的确定,确定有机物分子式分两步：先通过燃烧产物等定性定量分析推算各元素组成的最简整数比得到实验式，再用质谱法测相对分子质量以确定分子式；现代元素分析仪可高精度测定组成元素。
CHEMISTRY,同分异构现象和同分异构体,同分异构现象是指化合物分子式相同而结构不同的现象，具有该现象的化合物互为同分异构体；本节要求掌握同分异构体的分类与书写步骤，并了解常见的官能团异构类型及其与同系物的区别。
CHEMISTRY,有机物命名易错点,本节归纳有机物系统命名的高频错误：主链选取未包含官能团或长度不当、编号未使位次最小、支链顺序未先简后繁、连接符号用错；并理清烯炔醛酮酸酯、二三四、位次数字与甲乙丙丁四类用字各自指代的对象。
CHEMISTRY,有机物分子式和结构确定易混易错点,本节辨析结构测定手段的限度：元素分析仪只确定元素种类，质谱法只给出相对分子质量，红外光谱只能判断化学键与官能团类型而不能确定其数目和位置，核磁共振氢谱可推断氢的种类与数目之比，需多种手段配合。
CHEMISTRY,同系物-同分异构体的概念和判断易混易错点,同系物一定属于同类物质且分子组成相差整数倍CH2，同分异构体则可能属于不同类别；同分异构现象不限于有机物，无机物之间及有机物与无机物间也可存在；二氯甲烷等实例可说明甲烷四面体结构中不存在位置异构。
CHEMISTRY,有多种同分异构体-同时满足下列条件的同分异构体有_____种-不考虑立体异构,本节训练在多重限定条件下推断同分异构体的数目：先依据显色反应、银镜反应、水解性质等限定官能团，再用核磁共振氢谱的峰数与面积比排除不合要求的结构，在题目指定不考虑立体异构的前提下完成计数与结构确定。
CHEMISTRY,4-溴甲基-1-环己烯的一种合成路线如下,本节以4-溴甲基-1-环己烯的合成路线为载体，考查有机合成路线中各步反应类型与条件、官能团的引入与保护等，需结合碳骨架与官能团变化判断各步转化的合理性。
CHEMISTRY,依据题目提供的新信息进行推断未知有机物的结构,本节学习依据题给新反应信息推断未知有机物结构：常见方法包括卤代烃与氰化物取代再水解增长碳链、烯烃臭氧氧化或碱性高锰酸钾断裂以定位双键、双烯合成构建六元环以及有α-H醛的羟醛缩合。
CHEMISTRY,黄酮哌酯是一种解痉药-可通过如下路线合成,本节结合药物合成路线，利用物质间的定量关系推断官能团数目：如由一元强酸与碱中和的比例确定羧基数，再借助反应类型、鉴别试剂及酸酐与羟基成酯等信息逐步推出各中间产物的结构。
CHEMISTRY,限定条件下同分异构体的书写步骤,限定条件下书写同分异构体可按三步进行：先由显色反应、银镜反应、水解性质等限定条件推测官能团碎片，再构建符合分子式的碳骨架，最后按有序思维组装碎片，并用核磁共振氢谱信息验证所写结构。
CHEMISTRY,支气管扩张药物特布他林-h-的一种合成路线如下,本节以特布他林的合成路线为载体，考查酚与卤代烃成醚、卤代烃与胺反应等官能团转化方法，理解各步反应条件与目的，并能完成限定基团同分异构体的计数及合成路线设计。
CHEMISTRY,烷烃,烷烃是碳原子间以单键结合、其余价键全部与氢原子结合的饱和链烃，通式为CnH2n+2；本节包括其空间结构、同分异构现象以及状态、沸点、密度等物理性质的递变规律。
CHEMISTRY,乙烯,乙烯是最简单的烯烃，分子中含碳碳双键，能发生加成、加聚和氧化反应；本节涵盖烯烃的结构与性质，以及实验室制法中试剂用量与副反应的控制，并与乙炔的制法作对比。
CHEMISTRY,乙醇,乙醇分子中含有羟基，其化学性质与官能团的断键位置密切相关，包括与钠反应、催化氧化、酯化及消去等；本节从醇的角度理解乙醇的性质及断键规律。
CHEMISTRY,乙酸,乙酸是最简单的羧酸，分子中含有羧基，具有羧酸的通性，如弱酸性、与活泼金属和碱反应、酯化反应等；本节通过乙酸认识羧酸的化学性质。
CHEMISTRY,基本营养物质,本节介绍蛋白质、油脂、糖类、维生素、无机盐和水六大营养素，理解糖类、油脂、蛋白质在人体内的代谢转化，以及人体必需元素的作用。
CHEMISTRY,有机物分子结构的确定,有机物分子结构常用仪器测定：红外光谱依据不同化学键与官能团的特征振动吸收判断键和官能团类型；核磁共振氢谱的吸收峰个数反映不同化学环境氢的种类，峰面积之比等于相应氢原子数目之比，二者结合可推断分子结构。
CHEMISTRY,海水资源,本节介绍海水资源的开发利用，重点是海水淡化的常用方法以及从海水中获取化学物质的基本途径，认识海水作为重要自然资源的价值。
CHEMISTRY,金属冶炼,金属冶炼即从金属化合物中获得金属单质，依据金属活动性强弱主要有热分解法、热还原法和电解法三种；本节重点是按金属活动性选择冶炼方法，理解活泼金属须用电解法及其注意事项。
CHEMISTRY,自然资源的开发利用,本节从化学角度认识自然资源开发利用的基本思路，理解提高资源利用率与减少污染、保护环境之间的联系，为能源与材料资源的综合利用提供视角。
CHEMISTRY,绿色化学,绿色化学强调从源头减少或消除污染，核心指标是原子利用率，追求反应物原子尽可能全部转入目标产物；本节涉及催化剂的选择，如绿色催化剂对降低能耗、减少副产物的意义。
CHEMISTRY,焓变,焓变是反应体系焓值的变化，数值上等于恒压条件下的反应热，放热反应焓变为负、吸热反应为正；本节从焓与焓变的基本认识出发判断反应吸放热，并初步联系反应方向与焓变的关系。
CHEMISTRY,热化学方程式,热化学方程式是表明化学反应中放出或吸收热量的方程式，需标注各物质的聚集状态，并注明反应热数值与符号；本节重点是掌握书写规则及与普通化学方程式的区别。
CHEMISTRY,盖斯定律,盖斯定律指出化学反应的反应热只与体系的始态和终态有关，而与反应途径无关；据此可用已知热化学方程式的代数叠加计算难以直接测定的反应热，与直接测定构成计算反应热的两种方法。
CHEMISTRY,燃烧热,燃烧热指一定条件下1 mol可燃物完全燃烧生成稳定氧化物时放出的热量；本节重点是燃烧热的概念与判断要点，尤其强调产物必须为指定稳定状态，如二氧化碳与液态水。
CHEMISTRY,中和热,中和热指稀溶液中强酸与强碱发生中和反应生成1 mol水时的反应热；本节包括中和热的概念、中和反应反应热测定的实验步骤与关键操作，以及测定中误差来源的分析。
CHEMISTRY,键能,键能指气态分子中1 mol化学键断裂时吸收的能量，是衡量共价键强弱的重要键参数；本节介绍共价键的键参数，并学习利用反应物与生成物键能之差估算反应热的方法。
CHEMISTRY,常见的氧化剂与还原剂,本节列举常见氧化剂与还原剂：氧化剂包括活泼非金属单质、高价态离子及含高价态元素的物质等，还原剂包括活泼金属、某些非金属单质、低价态离子及含较低价态元素的物质等；中间价态物质常兼具氧化性与还原性，而氢化钠、硼氢化钠等是重要还原剂。
CHEMISTRY,氢化钠-nah-广泛应用于工业生产,本节以氢化钠为载体，考查其化合价判断、与水反应的氧化还原分析，用双线桥标出电子转移方向与数目并确定产物比例，以及高温下作还原剂还原四氯化钛制金属钛的性质应用。
CHEMISTRY,氧化性-还原性的判断,氧化性指物质得电子的能力，还原性指物质失电子的能力；强弱取决于得失电子的难易程度，与得失电子数目无关，如钠比铝易失电子故还原性更强；氧化剂得电子总数恒等于还原剂失电子总数。
CHEMISTRY,氧化性-还原性强弱的比较,比较氧化性还原性强弱有四类依据：由氧化还原方程式判断氧化剂强于氧化产物、还原剂强于还原产物；由反应条件与剧烈程度判断；由相同条件下氧化产物价态高低判断；由金属活动性与非金属性强弱判断。
CHEMISTRY,根据反应事实判断性质的强弱,本节训练根据反应事实推断氧化性、还原性的相对强弱：先由某一反应中物质能否发生转化确定氧化剂与氧化产物、还原剂与还原产物的强弱关系，再综合多个反应事实排出系列物质的强弱顺序。
CHEMISTRY,实验室制备高铁酸钾-k2feo4-并探究其性质,本节以高铁酸钾的制备与性质探究为例，理解氧化还原反应方向受条件影响：碱性条件下氯气可氧化氢氧化铁生成高铁酸钾，酸性条件下高铁酸根又能氧化氯离子放出氯气，从而认识介质对氧化性强弱的影响。
CHEMISTRY,配平步骤,氧化还原方程式配平可按五步进行：标出变价元素的化合价、列出各物质的电子得失数、用最小公倍数法确定关键系数、先配氧化剂与还原剂再用观察法配其余物质，最后写完整并检查原子、电子与电荷守恒。
CHEMISTRY,根据题给信息写出对应的方程式,本节学习依据题给信息书写陌生方程式：抓住氧化剂还原剂、产物形式与电子转移数目等关键信息，如过硫酸盐氧化锰离子、氯气在碱性条件下与碘化物反应、高锰酸钾氧化草酸钠等，再按守恒配平书写化学或离子方程式。
CHEMISTRY,氧化性-还原性强弱比较易错点,本节纠正三类易错认识：氧化性还原性强弱与元素化合价高低无必然联系，如次氯酸氧化性强于高氯酸；与得失电子数目多少无必然联系；有氧化性的物质与有还原性的物质相遇也未必发生氧化还原反应，如二氧化硫与浓硫酸。
CHEMISTRY,反应热,反应热指化学反应中放出或吸收的热量，热化学方程式中的数值与化学计量数成正比；本节包括放热反应与吸热反应的辨析、反应热的常用计算途径以及可逆反应中反应热与计量数的关系。
CHEMISTRY,反应热大小的比较,比较反应热大小需特别注意ΔH为负值时放热越多ΔH越小；常用思路包括比较反应物的量、反应的完全程度、物质的聚集状态以及特殊反应如铝热反应的放热，必要时结合盖斯定律转化分析。
CHEMISTRY,活化能,活化能是反应物分子转变为活化分子所需的最低能量，是决定反应速率快慢的因素；本节结合反应历程图像与lnk对1/T的图线判断活化能及反应吸放热，并理解一定时间内活化能较低的反应优先发生。
CHEMISTRY,催化剂,催化剂通过降低反应活化能、改变反应路径来加快反应速率，但不改变化学平衡的位置；本节还涉及催化剂的选择性，即对多反应体系中不同路径的优先促进及相关的速率计算。
CHEMISTRY,平衡常数-x1,平衡常数是可逆反应达平衡时生成物浓度幂之积与反应物浓度幂之积的比值，用以定量表示反应进行的程度；本节涉及以相对压力表示的平衡常数及其相关计算。
CHEMISTRY,等效平衡,等效平衡指恒温恒容或恒温恒压下，起始量不同的可逆反应达到平衡时各组分的含量彼此相同；本节归纳互为等效平衡的条件，并可用虚拟中间态法辅助分析起始量与平衡量的关系。
CHEMISTRY,强电解质与弱电解质,强电解质与弱电解质的区别在于水溶液中电离程度的大小，强电解质完全电离、弱电解质部分电离；本节包括二者的物质类别归属、电离方程式的书写规则以及酸式盐在不同状态下的电离情况。
CHEMISTRY,电离常数,本条讲电离常数的定义、表达式与特点：一元弱酸、一元弱碱及多元弱酸分步电离的表达式，K只与温度有关，多元弱酸各级电离常数依次减小。区别于电离度，后者是已电离分子数所占的百分比且受浓度影响。电离常数的定量计算另设条目。
CHEMISTRY,电离度,本条将电离度定义为已电离分子数占原分子总数的百分比，并说明其表示式及浓度、温度对它的影响规律：同一弱电解质浓度越大电离度越小，温度越高电离度越大。区别于电离常数，后者是只由温度决定、不受浓度影响的常数。
CHEMISTRY,部分弱酸的电离常数如下表,本条以电离常数的应用为主线：由Ka大小比较酸性强弱，Ka越大酸性越强，并类推比较酸根结合质子的能力，酸越弱其共轭碱结合质子的能力越强。范围包括判断质子转移离子方程式的方向及弱酸弱碱平衡浓度的简单计算。区别于电离常数的定义与特点条目。
CHEMISTRY,有关电离常数计算的两种类型-以弱酸hx为例,本条处理弱酸（以HX为例）的两类定量计算：由起始浓度与平衡氢离子浓度求电离常数，以及由起始浓度与电离常数求平衡氢离子浓度，含弱酸电离程度很小可做近似处理的情形。区别于电离常数的概念定义及用它比较酸性强弱。
CHEMISTRY,利用电离常数-k-巧判溶液稀释中有关粒子浓度比值大小,本条讲用电离常数分析弱电解质溶液稀释时粒子浓度比值变化的方法：温度不变K不变，将常量表达式变形后使比值只含一个变量，从而判断其增减趋势。范围不含电离常数的具体计算；表达式中各浓度须取平衡时的值。
CHEMISTRY,常温下-下列事实不能说明nh3-h2o为弱电解质的是,本条围绕判断电解质是否为弱的事实依据：利用溶液稀释后pH变化等实验数据，推断该物质在溶液中是否未完全电离。区别于弱电解质的定义与分类，以及电离常数的定量计算。
CHEMISTRY,ksp的影响因素,本条说明影响溶度积常数Ksp的因素：内因是难溶物质本身的性质，外因包括温度、加水稀释与加入可反应的离子；Ksp只受温度影响，浓度改变或加入离子使溶解平衡移动但不改变Ksp。
CHEMISTRY,难溶电解质的ksp数值越小-表明在水中的溶解能力就越弱-这种说法对吗,本条处理由Ksp比较溶解能力与判断沉淀的前提：化学式同型的难溶电解质可直接比Ksp大小，不同型的须先换算溶解度再比较。还涵盖用离子积判断是否产生沉淀，以及不同pH下金属氢氧化物沉淀的问题。
CHEMISTRY,在饱和溶液中加入少量的溶液产生沉淀-若以ksp表示的溶度积常数-则平衡后溶液中,本条围绕沉淀转化的方向：借助溶度积分析两种沉淀之间优先转化为哪一种，并对转化体系做平衡时溶解量的定量计算。区别于离子积判断是否生成沉淀，以及溶度积的定义与表达式。
CHEMISTRY,沉淀滴定法,本条讲沉淀滴定的概念与原理：应用最多的是银量法，用银离子测定卤素离子浓度，指示剂本身即沉淀剂，当滴定产物溶解度小于指示剂产物时发生分级沉淀以指示终点。
CHEMISTRY,有关ksp的易错点,本条梳理溶度积的易混点：由Ksp大小直接比较溶解度只适用于同型化学式的难溶电解质；两种沉淀Ksp相差不大时，调节离子浓度可使溶度积小的向溶度积大的转化。区别于比较溶解能力前提的系统分析，以及沉淀转化方向的判断。
CHEMISTRY,化学平衡,本条给出化学平衡的概念：一定条件下可逆反应达到正逆反应速率相等、反应混合物中各组分浓度保持不变的状态。范围只含状态及其特征；平衡常数的定量表示及其应用另设条目。
CHEMISTRY,化学平衡状态的判断,本条围绕化学平衡状态的两大判据：本质特征是正逆反应速率相等，宏观特征是体系各组分组成与含量不再改变；并说明恒温恒容等条件下用总压、密度、平均摩尔质量作标志的适用条件。区别于平衡状态概念本身及平衡常数。
CHEMISTRY,v-t图像分析改变条件对化学平衡的影响,本条讲用反应速率-时间图像判断某时刻改变的条件：由正逆速率同增同减及相对大小，区分浓度、压强、温度变化对平衡的作用并推断移动方向。区别于以物质的量或浓度为纵坐标的图像分析。
CHEMISTRY,外界条件对化学平衡的影响,本条围绕浓度与压强变化对化学平衡的影响探究：用典型变色反应体系观察平衡移动方向，说明增大压强时平衡向气体体积减小的方向移动。区别于v-t图像分析法，以及平衡常数的定量计算。
CHEMISTRY,化学平衡状态的特征及判断,本条整理化学平衡状态的特征与判断标志，重点是识别伪标志：各组分之比等于计量数之比，以及气体分子数不变时总压、平均摩尔质量、密度等保持不变，均不能用来判定平衡。区别于两大基本判据，以及条件对平衡的影响。
CHEMISTRY,影响化学平衡的因素,本条聚焦充入惰性气体对化学平衡的影响：恒容时各反应物浓度不变，平衡不移动；恒压时体积膨胀，平衡向气体体积增大的方向移动；反应前后气体体积相等的，任何情况下都不移动。区别于浓度、温度对平衡的影响，及对反应速率的影响。
CHEMISTRY,关于化学平衡状态的易错易混点,本条整理化学平衡状态的易混点：可逆反应与可逆过程的区别，反应不能进行完全、转化率低于百分之百，正逆速率相等指同一物质，以及平衡时各组分浓度保持不变但不一定相等。区别于判断标志的方法，及外界条件对平衡移动的影响。
CHEMISTRY,化学平衡常数,本条给出化学平衡常数的概念与意义：它是平衡时生成物与反应物浓度幂之积的比值，为一定温度下的常数，K值越大正反应进行程度越大。范围含由K值判断反应进行程度，不含表达式书写规则及其应用。
CHEMISTRY,浓度商与化学平衡常数的表达式,本条说明浓度商与化学平衡常数的表达式：Q对反应的任意时刻书写，K对达到平衡时书写，两者形式相同而适用时刻不同；比较Q与K可判断反应是否已达限度。区别于平衡常数的影响因素及其计算。
CHEMISTRY,化学平衡常数的影响因素,本条处理平衡常数的影响因素：内因是反应本身的性质与方程式书写形式，外因是只受温度影响，浓度与压强的改变使平衡移动但不改变K。区别于平衡常数的概念与意义，以及不同方程式间K的换算规则。
CHEMISTRY,化学平衡常数及影响因素,本条讲化学平衡常数及其影响因素：表达式中取平衡浓度，K越大转化率越大，且只受温度影响；并给出正逆反应K互为倒数、计量数成倍时K取相应幂次、方程式相加时K相乘的换算规则。区别于用浓度商Q判断方向的用法。
CHEMISTRY,化学平衡常数的应用,本条围绕平衡常数的应用：由K值大小判断可逆反应进行的程度，结合浓度商Q判断反应是否达到平衡及其进行方向，并根据反应吸放热与温度的关系分析K的变化规律。区别于K的定义及其表达式书写规则。
CHEMISTRY,有关化学平衡常数易混易错点,本条梳理平衡常数的易混点：表达式只能用平衡浓度，K改变则平衡必移动而平衡移动K不一定改变，升温时K增大还是减小取决于反应吸放热；并明确催化剂不能改变平衡转化率。区别于三段式计算方法，以及K的换算规则。
CHEMISTRY,化学平衡状态,本条给出化学平衡状态的概念：正逆反应速率相等、各组分浓度保持不变的状态；说明平衡可从正反应或逆反应方向建立，具有动态性与相对性等特征。判断标志与伪标志另由相关条目整理。
CHEMISTRY,化学平衡的移动,本条围绕化学平衡移动的概念与方向判断：条件改变使正逆速率不再相等时，平衡向使速率重新相等的方向移动，直至建立新平衡；含特殊情况下的移动分析。区别于平衡状态的判断依据，及平衡常数的定量计算。
CHEMISTRY,物质的量-或浓度-时间图像,本条讲物质的量（或浓度）-时间图像的信息提取与计算：由曲线升降趋势确定反应物与产物，由曲线走平确定平衡时刻，由变化量计算计量数之比、平均反应速率与转化率。区别于v-t速率-时间图像的分析方法。
CHEMISTRY,能源与科学-技术-社会密不可分-下列装置或过程能实现电能转化为化学能的是,本条围绕化学反应中的能量转化形式及其与装置、过程的对应，如电解型装置中电能转化为化学能；并含能源与生活、环境相关的化学常识。不含电化学装置的原理与计算。
CHEMISTRY,化学反应的本质,本条说明化学反应的本质：化学键的断裂与形成是反应微观实质，反应过程遵循两大守恒。区别于反应速率与限度的研究内容，以及反应能量变化的定量分析。
CHEMISTRY,化学反应速率,本条给出化学反应速率的含义与表示：用单位时间内反应物或生成物浓度的变化量衡量反应进行的快慢，数值越大反应越快；并含表示要点及其影响因素概述。区别于速率的定量计算方法，及有效碰撞理论。
CHEMISTRY,影响化学反应速率的因素,本条处理影响化学反应速率的因素：内因是反应物本身的性质，为决定速率的主要因素；浓度、温度、催化剂等外因可改变速率。含反应调控的目的与基本措施。区别于有效碰撞理论对影响机制的解释。
CHEMISTRY,化学反应速率及表示方法,本条讲化学反应速率的含义、表示与理解：v等于某物质浓度变化量除以时间，常用单位，速率一般指平均速率且取正值，固体与纯液体不能用于表示速率。区别于速率的具体计算方法，及速率大小的比较。
CHEMISTRY,化学反应速率与化学计量数的关系,本条处理同一反应中用不同物质表示的反应速率间的比例关系：速率之比等于浓度变化量之比与物质的量变化量之比，并等于化学方程式中计量数之比，由此可换算或校验各物质的速率。区别于速率大小的比较方法。
CHEMISTRY,化学反应速率的计算方法,本条整理化学反应速率的计算方法：用定义式直接代入计算，用速率之比等于计量数之比的关系式换算，以及用三段式设未知量求各物质变化量与速率。区别于速率比较的方法，及由图像求速率。
CHEMISTRY,化学反应速率的测定,本条讲化学反应速率的测定原理与方法：利用与反应中物质变化量有关的可观测量跟踪速率，包括气体体积、固体质量、pH、颜色变化等，分直接观察与科学仪器两类方法。区别于由数据计算速率，及影响速率的因素。
CHEMISTRY,外界条件对化学反应速率的影响规律,本条说明外因影响反应速率的规律：增大反应物浓度、增大压强（气体反应）、升高温度、使用催化剂均可加快反应；固体表面积等因素也影响速率。区别于有效碰撞理论的机理解释，及条件对平衡的影响。
CHEMISTRY,有效碰撞理论解释外因对化学反应速率的影响,本条用有效碰撞理论解释外因影响反应速率的机制：有效碰撞需具备的两个条件，活化分子与活化能的概念，以及浓度、压强、温度、催化剂如何改变活化分子比例或碰撞机会。区别于速率变化的经验规律。
CHEMISTRY,化学反应速率及其计算,本条将化学反应速率的表示方法与图像信息结合求速率：由物质的量-时间曲线确定反应物与产物、计量数之比及反应是否可逆，进而计算某物质的平均速率。区别于三段式计算速率，及速率大小的比较。
CHEMISTRY,化学反应速率的比较,本条处理化学反应速率大小的比较方法：由实验现象剧烈程度定性判断；用不同物质表示的定量数据比较时先统一单位，再用归一法换算为同一物质的速率，或用比值法比较速率与计量数的商。区别于速率本身的计算。
CHEMISTRY,关于化学反应速率易错易混点,本条整理化学反应速率的易混点：固体与纯液体一般不用于表示速率，由公式算出的是某段时间内的平均速率且取正值，用不同物质表示时数值可能不同、必须注明具体物质。区别于外因影响规律，及有效碰撞理论的易混点。
CHEMISTRY,认识外界因素对化学反应速率影响的误区,本条说明外界因素对速率影响的常见误区：速率不一定始终减小，减小固体颗粒可加快反应，恒容充入惰性气体速率不变，升温时正逆反应速率都增大。区别于外因影响规律的经验结论，及条件对平衡的影响。
CHEMISTRY,控制变量法探究影响化学反应速率的因素,本条讲用控制变量法探究影响反应速率的因素：先确定可能的变量，再固定其他因素只改变一种观察其影响，保证所比数据在变量统一的前提下有效。区别于速率规律的经验结论，及速率的定量测定。
CHEMISTRY,自由能与化学反应的方向,本条讲用自由能变判断反应方向：自由能变等于焓变减去温度与熵变的乘积，与温度有关；自由能变小于零反应可自发进行，等于零时处于平衡，大于零则该方向不能自发。区别于自发判断的具体计算，及反应方向的易混点。
CHEMISTRY,判断化学反应的自发性,本条围绕反应自发性的具体判断与计算：用复合判据确定某条件下反应能否自发进行，当温度决定方向时求自发进行的最低温度。区别于自由能变本身的含义，及方向与调控的易混点。
CHEMISTRY,化学反应的方向和调控易混易错点,本条整理反应方向的易混点：自发反应只表示趋势、仍需条件引发且与反应快慢无关，自发过程的逆过程非自发，熵随气态液态固态递减，用复合判据时需注意单位统一。区别于判据本身的原理，及自发判断的计算。
CHEMISTRY,弱电解质的电离,本条给出弱电解质电离的概念：弱电解质在水中不完全电离，电离过程可逆，电离方程式用可逆号；含酸式酸根等弱电解质电离的特点。区别于电离度与电离常数的定量表示，及用稀释法比较酸性强弱。
CHEMISTRY,酸碱中和滴定,本条讲酸碱中和滴定中指示剂的选择原理：指示剂的选择由滴定终点溶液的酸碱性决定，并归纳指示剂选择规律与终点的判断。区别于滴定的定量计算，及滴定误差分析。
CHEMISTRY,盐类水解,本条给出盐类水解的定义：盐溶液中有弱酸根或弱碱阳离子与水结合生成弱电解质，使溶液酸碱性改变；水解方程式用可逆号、多元分步进行，规律是有弱才水解、水解生成弱。区别于电离平衡的定量计算，及盐溶液酸碱性的判断。
CHEMISTRY,溶度积,本条说明溶度积的概念：一定温度下难溶电解质饱和溶液中各离子浓度幂之积为常数；含比较Ksp大小的实验设计、沉淀转化反应平衡常数与Ksp的关系，及沉淀完全的pH计算。区别于Ksp的影响因素，及沉淀转化方向的判断。
CHEMISTRY,溶液ph的计算,本条整理溶液pH的计算方法：强酸、强碱及其混合溶液先求反应后氢离子或氢氧根离子浓度，再经水的离子积换算求pH；稀释时强酸每扩大十倍pH增大一个单位、弱酸增幅更小。区别于弱酸弱碱电离平衡的pH计算。
CHEMISTRY,实验原理,本条讲酸碱中和滴定的原理：依据中和反应中酸与碱的物质的量之比，用已知浓度的标准液计算待测液的浓度；范围限于一元酸与一元碱的等量关系，不含滴定操作细节与误差分析。
CHEMISTRY,酸碱中和滴定的关键,本条讲中和滴定操作的两个关键环节：准确测定参加反应的酸、碱溶液体积，以及选取适当指示剂并准确判断滴定终点；同时涵盖滴定误差的分析思路，不含滴定原理与仪器使用的具体细节。
CHEMISTRY,实验用品,本条讲中和滴定的仪器与试剂：酸式、碱式滴定管、滴定管夹、铁架台及标准液、待测液、指示剂、蒸馏水；重点是指示剂的选择，要求变色灵敏、范围小且与终点酸碱性一致，强酸强碱滴定可用甲基橙或酚酞，一般不用石蕊，个别滴定可不加指示剂。
CHEMISTRY,滴定操作,本条讲中和滴定的操作要点：滴定管须经自来水、蒸馏水洗涤后再用所盛溶液润洗，锥形瓶不用待装液润洗；装液后赶尽尖嘴气泡，初读数调至零刻度或以下，消耗体积等于末读数减初读数；终点以最后半滴后颜色变化半分钟不恢复为准。
CHEMISTRY,盐溶液,本条讲盐溶液呈酸碱性及其原因：溶液的酸碱性源于相应离子水解，水解呈酸性溶液中氢离子全部来自水的电离，呈碱性溶液中氢氧根离子全部来自水的电离；中性盐不水解，水电离出的氢离子与氢氧根离子浓度相等。
CHEMISTRY,混合溶液酸碱性的判断规律,本条讲酸碱等量混合后溶液酸碱性的判断：pH之和为14的酸与碱等体积混合时，强酸强碱混合显中性，含弱电解质一方则溶液显该弱电解质所对应的酸或碱性；也涵盖等浓度等体积一元酸碱混合，以及恰好完全中和时两溶液体积与pH的定量关系。
CHEMISTRY,盐类水解离子方程式的书写,本条讲盐类水解离子方程式的书写规则：水解程度小，用可逆号，一般不加沉淀或气体符号，易分解的产物不写其分解形式；多元弱酸分步水解只写第一步，多元弱碱一步写全，阴阳离子相互促进的双水解程度大，改用等号并加相应符号。
CHEMISTRY,盐类水解的影响因素,本条讲影响盐类水解的因素：内因是盐本身的性质，组成盐的酸或碱越弱，对应离子的水解能力越强，溶液酸碱性越明显；外因是外界条件使水解平衡发生移动，需结合具体盐的水解平衡逐项分析。
CHEMISTRY,盐溶液蒸干灼烧时所得产物的判断,本条讲盐溶液蒸干、灼烧后产物判断的思路：先判断盐是否水解及水解生成的酸是否易挥发，再看盐受热是否分解、是否具有还原性而被氧气氧化，并兼顾铵盐、次氯酸盐等特例，从而确定最终固体成分。
CHEMISTRY,微粒浓度的大小比较理论依据,本条讲溶液中微粒浓度大小比较的理论依据：依据弱电解质电离微弱、多元弱酸分步电离以第一步为主，以及弱离子水解微弱、多元弱酸根分步水解以第一步为主的规律，并始终计入水的电离，判断各微粒的相对多少。
CHEMISTRY,溶液中微粒种类的判断,本条讲判断溶液中微粒种类的方法：正确写出该溶液中全部电离方程式（包括水的电离）与水解方程式，再结合溶质本身确定存在的分子和离子种类；这是浓度大小比较与守恒关系书写的前置步骤，不直接给出各微粒的浓度排序。
CHEMISTRY,溶液中粒子等量关系-三大守恒,本条讲电解质溶液中的三大守恒：电荷守恒即阴、阳离子所带电荷总数相等，书写时离子浓度前须按其电荷数配系数；物料守恒即各元素原子数目不变；质子守恒可由前两式相减得到，或按得质子与失质子数目相等直接写出。
CHEMISTRY,0-1-mol-l-1的na2co3溶液中各粒子浓度的关系,本条讲0.1 mol/L碳酸钠溶液中各粒子浓度的大小排序，以及该溶液物料守恒、电荷守恒、质子守恒三个等式的书写；是三大守恒关系在具体盐溶液中的综合应用，不展开浓度数值的计算。
CHEMISTRY,0-1-mol-l-1的-nh4-2so4溶液中各粒子浓度的关系,本条讲0.1 mol/L硫酸铵溶液中各粒子浓度的大小关系，以及该溶液物料守恒、电荷守恒、质子守恒等式的书写；是三大守恒关系在铵盐溶液中的具体应用，不展开浓度数值的计算。
CHEMISTRY,电离平衡,本条讲电离平衡的含义、特征与影响因素：弱电解质在给定条件下电离达到动态平衡的状态，以及条件改变时平衡移动的方向；不含弱电解质强弱的判断方法与电离常数的定量应用。
CHEMISTRY,抑制-促进水电离平衡的方法,本条讲促进与抑制水电离平衡的具体方法：加酸、加碱、加强酸酸式盐固体、通酸性或碱性气体、降温等抑制水电离，升温、加活泼金属、加可水解的盐等促进水电离；重点是对各操作方向的判断，不涉及水的离子积数值变化。
CHEMISTRY,弱电解质的电离平衡,本条讲弱电解质电离平衡的建立过程、特征与影响因素：从电离与结合两种速率的变化理解平衡如何建立，把握动态平衡的特征，并用平衡移动原理分析外界条件改变时的影响；以醋酸为例说明，不含电离常数的定量计算。
CHEMISTRY,常温下-几种弱酸的电离平衡常数如下表所示,本条讲电离平衡常数Ka与Kb的含义，以及利用电离平衡常数比较弱电解质电离强弱、分析电离度等常见应用；基于所给弱酸的电离常数表进行判断，不涉及常数的实验测定。
CHEMISTRY,外界条件对电离平衡影响的四个不一定,本条讲外界条件改变、电离平衡移动时的四个不一定：加水稀释时并非所有离子浓度都减小，平衡右移时电解质分子浓度不一定减小、离子浓度不一定增大、电离程度也不一定增大；用于纠正平衡移动即各量同向变化的片面认识。
CHEMISTRY,水的电离,本条讲水的电离平衡：水能微弱电离出氢离子和氢氧根离子，形成动态平衡；以及外界条件改变时水电离平衡的移动方向。范围限于水电离平衡本身，不含水的离子积与溶液pH的定量计算。
CHEMISTRY,溶液的ph,本条讲溶液pH的含义、计算式与测量方法：pH是表征溶液酸碱性强弱的定量指标，涉及其计算式、pOH的关系及测定方式；范围限于pH的基本计算与测量，不含复杂混合溶液pH的推算。
CHEMISTRY,水的离子积常数,本条讲水的离子积常数Kw的含义与性质：Kw等于水溶液中氢离子浓度与氢氧根离子浓度之积；常温下有确定数值，且Kw只与温度有关，温度升高时Kw增大；适用于纯水及稀的电解质水溶液，说明任何水溶液中两种离子始终共存。
CHEMISTRY,水的电离平衡移动的影响因素,本条讲影响水电离平衡移动的因素：温度升高促进水电离并使Kw增大；加酸或加碱抑制水电离，加可水解的盐促进水电离，但均不改变Kw；加强酸酸式盐相当于加酸，加弱酸酸式盐则取决于其酸式根电离与水解的相对强弱。
CHEMISTRY,溶液的酸碱性,本条讲溶液酸碱性的判断依据：溶液的酸碱性由其中氢离子与氢氧根离子浓度的相对大小决定，两者相等为中性，氢离子浓度较大为酸性，氢氧根离子浓度较大为碱性；重点是抓住中性的判断标准，不含pH的数值计算。
CHEMISTRY,溶液的稀释和混合问题,本条讲溶液稀释与混合的计算规律：稀释前后溶质的物质的量和质量不变，据此列出浓度与体积的关系式；同种溶质不同浓度的溶液混合后，溶质的量等于混合前两者之和，混合体积通常取两溶液体积之和，题给密度时须按密度换算。
CHEMISTRY,沉淀溶解平衡,本条讲沉淀溶解平衡与溶度积常数Ksp的基本含义：难溶电解质在水中的溶解与沉淀过程达到动态平衡，Ksp定量表征该平衡，并初步认识Ksp曲线的意义；不涉及沉淀转化、分步沉淀的具体计算。
CHEMISTRY,解沉淀溶解平衡图像题的三步骤,本条讲解沉淀溶解平衡图像题的三步思路：先弄清纵、横坐标的含义，再判断点位于曲线上、上方还是下方，以确定是否达到平衡及饱和状态，最后结合Ksp只随温度变化的特点进行分析判断；适用于单曲线与多曲线图像，不含Ksp的具体计算。
CHEMISTRY,电极反应式,本条讲化学电源中正、负极反应式的书写方法：先判断电极，再根据电极材料与电解质环境写出电极反应式，并能配平、组合成总反应；涵盖一次电池与二次电池，不含电解池电极反应式的书写。
CHEMISTRY,电解原理,本条讲电解原理及惰性电极下电解水或盐溶液的规律：依据离子放电顺序判断两极产物，归纳不同电解质溶液电解的类型与结果，并涉及电冶金中熔融盐电解的应用；范围限于原理与规律，不含电极反应式的详细书写过程。
CHEMISTRY,新型化学电源,本条讲新型化学电源的类型与工作原理：了解不同功能的新式原电池（如微生物电池等）的构造、电极反应与能量转化；范围限于新型电源，不含传统一次电池与二次电池的内容。
CHEMISTRY,原电池,本条讲原电池的定义、反应本质与构成条件：利用自发的氧化还原反应将化学能转化为电能，并掌握构成原电池所需条件的判断方法；还说明某些特殊反应也能设计成原电池，不含电极反应式的书写与计算。
CHEMISTRY,原电池原理的应用,本条讲原电池原理的三类应用：比较金属的活动性强弱，负极一般为较活泼金属；利用原电池加快氧化还原反应速率；将金属制品作为原电池正极加以保护；侧重原理的应用，不涉及电极反应式的书写。
CHEMISTRY,电解池,本条讲电解池的构成与工作原理：在外加电源作用下，阴、阳极上离子按放电顺序发生氧化还原反应；涵盖惰性电极下电解溶液的类型归纳及电极反应式、电解方程式的书写；不含电冶金等具体应用的展开。
CHEMISTRY,电解池工作原理-以电解cucl2溶液为例,本条讲电解池的工作原理，以电解氯化铜溶液为例：分析惰性电极下阴、阳两极的放电产物与电极反应，并写出总反应方程式；通过该模型理解电解池与电源、离子定向移动的关系，不涉及其他电解质溶液。
CHEMISTRY,金属的腐蚀,本条讲金属的腐蚀类型与机理：区分化学腐蚀与电化学腐蚀，分析原电池原理在电化学腐蚀中的作用，并探讨环境条件对腐蚀速率的影响；范围限于腐蚀本身，防护方法另作专门讨论。
CHEMISTRY,金属的防护,本条讲金属的电化学防护方法：牺牲阳极法与外加电流法的原理及适用场合比较，掌握两种阴极保护法的区别；范围限于电化学防护，不含改变金属组成或覆盖保护层等其他防护手段的展开。
CHEMISTRY,键参数,本条讲化学键的三个键参数：键能、键长与键角的含义，以及键能大小与分子稳定性的关系；范围限于键参数本身及其对物质性质的影响，不含键角的具体测定方法。
CHEMISTRY,共价键,本条讲共价键的实质、特征与分类：原子间通过共用电子对形成共价键，具有饱和性与方向性，并区分极性键与非极性键；范围限于共价键的基本认识，不含σ键、π键的轨道重叠分析。
CHEMISTRY,共价键的分类,本条讲共价键的三种分类方式：按成键轨道重叠方式分为σ键与π键，含大π键；按极性与否分为极性键与非极性键；按共用电子对数目分为单键、双键与三键；重点是各类键的识别与比较，不含键参数的定量分析。
CHEMISTRY,共价键及键参数易混易错点,本条讲共价键与键参数中易混易错概念的辨析：如分子稳定性取决于分子内化学键而非分子间作用力、多键键能不等于单键键能的整数倍、σ键与π键的形成顺序与对称性差异、正四面体键角的具体取值等；用于纠正对键参数概念的误解，不含相关计算。
CHEMISTRY,分子的极性,本条讲分子极性的判断：依据分子的空间结构与化学键极性的矢量和，区分极性分子与非极性分子，并归纳常用的判断方法；范围限于分子极性的定性与半定量判断，不含分子间作用力的讨论。
CHEMISTRY,杂化轨道,本条讲杂化轨道理论及杂化类型的判断：sp、sp2、sp3杂化的轨道组成与几何特征，结合甲烷等实例判断中心原子的杂化方式；范围限于杂化类型的识别，不含分子空间结构的系统推导。
CHEMISTRY,vsepr模型,本条讲价层电子对互斥理论与分子空间结构的判断：依据中心原子价层电子对的排布预测分子构型，并区分VSEPR电子对几何与分子实际空间结构的不同；范围限于构型预测，不含杂化方式的分析。
CHEMISTRY,分子的性质,本条讲由分子结构决定的性质：溶解性遵循相似相溶，能形成氢键时溶解度增大；手性分子与手性碳的识别；无机含氧酸酸性强弱的比较规律；范围限于分子的性质，不含晶体性质的讨论。
CHEMISTRY,晶体,本条讲晶体的基本概念与类型判断：晶体的结构特征与获得途径，以及依据构成粒子和物质类别，或熔点、导电性、硬度等性质判断晶体类型；范围限于晶体类型的识别，不含晶胞参数的计算。
CHEMISTRY,物质的聚集状态,本条讲物质的聚集状态：除固、液、气三态外，还存在等离子体、离子液体、液晶及介乎固液之间的塑晶态等；重点是这些特殊状态的组成与特征，如等离子体的导电性、液晶兼具流动性与晶体光学性质，不含晶体结构的深入分析。
CHEMISTRY,晶胞,本条讲晶胞的概念与特征：晶胞是描述晶体结构的最小重复单位，一般为平行六面体，相邻晶胞之间无缝隙、各晶胞全等且取向相同，共同构成晶体；范围限于晶胞的基本认识，不含晶胞中粒子数目的计算。
CHEMISTRY,过渡晶体与混合型晶体,本条讲过渡晶体与混合型晶体：大多数晶体介于离子、共价、金属、分子四类典型晶体之间，按偏向处理；以石墨为例说明混合型晶体的层状结构，层内碳原子以共价键结合、电子可在平面内运动，因而具有导电性、润滑性等特征。
CHEMISTRY,碳元素的单质有多种形式-下图依次是c60-石墨和金刚石的结构图,本条讲碳单质的同素异形体及其结构：金刚石、石墨、C60、碳纳米管互为同素异形体，结合杂化方式与晶体类型比较其结构差异，并涉及晶胞中碳原子数目的确定与空间利用率的列式；范围限于碳单质的结构分析，不涉及其他物质的晶胞问题。
CHEMISTRY,分子晶体,本条讲分子晶体的构成与性质：分子晶体的基本特征，以及分子在晶体中的密堆积与非密堆积方式，如氢键对堆积的影响；范围限于分子晶体，不含共价晶体与离子晶体的对比展开。
CHEMISTRY,共价晶体,讲共价晶体的基本概念，即原子间通过共价键结合形成空间网状结构的晶体类型，及其组成微粒、结构与典型物理性质的关系；范围限于晶体类别的认识与辨析，可与分子晶体、离子晶体比较区分。
CHEMISTRY,晶体与非晶体,讲晶体与非晶体的定义、本质区别与性质差异，获得晶体的几种途径，以及利用X射线衍射区分二者和测定晶体结构的方法；范围不包括晶胞参数的具体计算，需分清宏观类别判断与微观晶胞描述两个层次。
CHEMISTRY,分子间作用力,讲范德华力与氢键两类分子间作用力的实质、强弱及对熔点、沸点、硬度等物理性质的影响，含分子间氢键使某些物质沸点反常偏高的情形；范围限于分子间作用，不包括化学键，需区分分子晶体的稳定性与熔沸点由不同因素决定。
CHEMISTRY,金属晶体,讲金属晶体的基本概念、内部微粒构成与典型物理性质，以及金属单质导电等性质与晶体类型的关系；范围限于晶体类别的判断，如金属单质即金属晶体、晶体中微粒的存在形式，不涉及具体金属的晶胞结构计算。
CHEMISTRY,离子晶体,讲离子晶体的基本概念、组成微粒与作用方式，以及NaCl型、CsCl型等常见离子晶体的晶胞结构分析；范围包括晶胞中微粒数目的确定与位置关系，易混点在于有机盐类晶体中可能同时存在离子键与共价键，不能一律按离子晶体处理。
CHEMISTRY,配合物,讲配合物与配位键的基本概念，配合物的组成与结构要点，以及影响配位数的因素和常见取值；范围包括配合物生成的实验探究与实际应用，需辨析配位键的形成条件及配合物相关的常见易错说法。
CHEMISTRY,超分子,讲超分子的定义，即两种或多种分子通过分子间作用力结合形成的聚集体，常见的氢键、静电、疏水及弱配位等作用力类型，以及分子识别与自组装两大特征；范围包括典型实例和设计组装新型分子材料的应用，需与靠共价键结合的化合物相区分。
CHEMISTRY,原子结构中微粒的关系及计算,讲原子及离子中质子数、中子数、核外电子数等微粒的数量关系与符号含义，并据电荷数推算核外电子数；范围包括同位素、同素异形体、同分异构体的概念辨析，以及利用原子坐标法计算晶胞内微粒间距离，注意核外电子数相同的微粒未必属于同种元素。
CHEMISTRY,原子结构易混易错知识点,汇总原子构成与核素、同位素相关的易混易错判断：质子数相同不一定同种元素、核素种数多于元素种类、氢原子可无中子、同位素互变属核反应；范围限于概念的正误辨析，需按研究对象区分同位素、同素异形体与同分异构体，不涉及电子排布与周期律的具体应用。
CHEMISTRY,能层,讲能层的含义，即核外电子按能量高低划分出的层次，各能层容纳电子数的规则，以及能层与能级、轨道之间的层级关系；范围限于能层的基本概念，能级的进一步划分与电子填充顺序归入能级、构造原理等知识点。
CHEMISTRY,能级,讲能级的含义，即同一能层内按能量再划分的亚层，各能级的原子轨道数目与最多容纳电子数，以及不同能级能量高低的比较；范围限于能级层面的概念与容量规则，电子具体如何按能级填充属构造原理与核外电子排布的内容。
CHEMISTRY,构造原理,讲构造原理的含义，即随原子序数增大电子填入能级的先后顺序，及其与能级交错现象的联系；范围是核外电子排布的基本依据之一，需与能量最低原理、泡利原理、洪特规则等排布规律相区分，本点侧重填充顺序而非单电子排布细节。
CHEMISTRY,电子排布式,讲电子排布式的概念与书写规则，包括能级符号、电子数目的表示及价层电子排布式；范围是由电子排布或价电子排布推断元素所在周期、主族与内层电子数，以及排布式与轨道表示式的书写要求，具体书写易错点归核外电子运动状态的表示和判断。
CHEMISTRY,电离能,讲电离能的含义，即气态微粒逐次失去电子所需能量的物理量，及其随元素在周期表中位置变化的规律；范围包括电离能出现异常的常见原因，如半充满、全充满结构的影响，以及相关易错点辨析，不涉及晶格能、键能等其他能量概念。
CHEMISTRY,电负性,讲电负性的含义，即原子在分子中吸引电子能力的相对大小，及其在周期表中的递变规律；范围包括用电负性差判断化学键类型或化合物性质，以及借助电负性比较有机物中酸碱性强弱，需与电离能、键能等相近概念相区分。
CHEMISTRY,元素-核素-同位素,讲元素、核素、同位素三个概念的含义与联系：质子数决定元素种类，质子数加中子数决定核素，同一元素的不同核素互为同位素；范围包括同位素性质的比较与氢的三种核素，辨析三者的研究对象与包含关系，注意同位素是核素之间的关系而非元素之间的关系。
CHEMISTRY,核外电子运动状态,讲核外电子运动状态的描述：电子云、原子轨道的含义，s、p、d轨道的形状与伸展方向，各能级能量高低的顺序，以及基态与激发态、原子光谱的初步联系；范围是运动状态的概念基础，具体排布规则与排布式书写归入原子核外电子排布等知识点。
CHEMISTRY,原子核外电子排布,讲基态原子核外电子排布的三大规律：能量最低原理、泡利原理、洪特规则，以及全充满、半充满、全空状态能量较低的例外情形；范围是排布的基本方法与基态、激发态的判断，s、p轨道的形状描述归核外电子运动状态，排布式的具体写法归表示方法类知识点。
CHEMISTRY,基态原子核外电子排布的表示方法,讲核外电子排布的几种表示方法：电子排布式、简化电子排布式与轨道表示式的书写规则，包括能级排列顺序、价电子层的确定与成对、未成对电子的表示；范围是表示方法本身，排布规律与表示式中的易错判断分别归其他知识点。
CHEMISTRY,核外电子运动状态的表示和判断,讲核外电子运动状态与空间运动状态的区分：前者数目等于电子总数，后者等于占据的轨道数，以及电子排布式、轨道表示式书写中违反三原理的常见错误与书写技巧；范围限于表示与判断，不含由排布推断元素位置等应用。
CHEMISTRY,核外电子运动状态和电子排布易错点,汇总核外电子运动状态与电子排布中的易混易错点：电子云图中小点的含义、轨道数目与不同能级能量比较、排布式与轨道表示式的书写规则，如d轨道的书写位置与失电子顺序，以及未成对电子数的判断；范围是正误辨析，概念定义归前面相应知识点。
CHEMISTRY,电子数相等的粒子的判断与应用,讲常见10电子与18电子微粒的归纳，质子数与核外电子数分别相同的微粒间可能的关系，等电子微粒的相互转化，以及晶胞中与某微粒距离最近微粒的计数；范围限于微粒数目的判断与应用，不展开各微粒的结构细节。
CHEMISTRY,原子结构,讲原子的基本构成与核外电子排布的表达方法，属于必修阶段对原子结构的初步认识；范围较基础，能层、能级、轨道与排布原理等更系统的描述归选择性必修的相应知识点，二者在深度和体系上不同。
CHEMISTRY,烯烃,讲烯烃的概念与结构特点，即分子中含有碳碳双键的烃，其通式与双键的成键方式；范围限于烯烃的结构基础，加成、氧化等具体化学性质归烯烃的化学性质，顺反异构现象单独设点，与烷烃等饱和烃相区分。
CHEMISTRY,炔烃,讲炔烃的概念与结构特点，即分子中含有碳碳三键的烃，其通式与三键的构成；范围限于炔烃的结构基础，加成与加聚等化学性质归炔烃的化学性质，与含碳碳双键的烯烃相区分。
CHEMISTRY,烯烃的顺反异构,讲烯烃顺反异构的含义，即碳碳双键不能自由旋转导致原子或原子团空间排列方式不同而产生的异构现象，及其存在条件：每个双键碳上须连接两个不同的原子或原子团；范围限于顺反异构的判定，其化学性质相似而物理性质有差异，需与同分异构的其他类型相区分。
CHEMISTRY,烯烃的化学性质,讲烯烃的主要化学性质：使溴水或酸性高锰酸钾溶液褪色的氧化反应，与卤素、氢气、水等的加成反应，不对称烯烃加成时氢的取向规律，以及加聚反应；范围包括二烯烃的加成与加聚，和烷烃、炔烃的鉴别与除杂试剂差异，不涉及以取代为主的其他烃类性质。
CHEMISTRY,炔烃的化学性质,讲炔烃的化学性质：氧化反应，如使酸性高锰酸钾褪色与燃烧现象，与溴、氢气、氯化氢、水等按不同比例的加成反应，以及加聚反应生成高分子；范围限于炔烃自身性质，其结构与通式归炔烃知识点，与烯烃加成时的产物种类不同需留意。
CHEMISTRY,乙炔的实验室制法,讲实验室用电石与水反应制取乙炔的原理、装置选择与操作要点，包括不能用启普发生器的原因、用饱和食盐水获得平缓气流、控制滴水速度，以及副产物杂质的净化；范围限于乙炔的制取实验，乙炔的化学性质与用途另归相关知识点。
CHEMISTRY,金属腐蚀的本质,讲金属腐蚀的本质，即金属原子失去电子变成金属阳离子的氧化过程，以及金属腐蚀快慢的比较；范围包括化学腐蚀与电化学腐蚀两类情形的区分，并辨析其与烯烃、炔烃使溴水或酸性高锰酸钾褪色在反应本质上的不同。
CHEMISTRY,芳香烃,讲芳香烃的定义与分类，即分子中含有苯环的烃，以及芳香烃与苯的同系物之间的包含关系；范围限于概念与分类辨析，苯及苯同系物的具体结构与化学性质归各自知识点，注意苯的同系物属于芳香烃而芳香烃不一定是苯的同系物。
CHEMISTRY,芳香烃的结构和性质易混易错点,汇总芳香烃结构与性质中的易混易错点：苯环中碳碳键等同与苯的邻二取代物种类，苯不使酸性高锰酸钾褪色而侧链可被氧化的前提，苯与溴水混合是萃取而非化学反应，苯环与烷基相互影响下的取代位置等；范围限于正误辨析，具体反应归苯及其同系物性质知识点。
CHEMISTRY,苯,讲苯的分子结构要点与苯分子中不存在碳碳双键的证据，以及苯的主要性质概貌；范围限于苯本身的结构与性质认识，具体取代、加成反应的条件与实验归苯的化学性质、苯的取代反应实验等知识点，与苯的同系物相区分。
CHEMISTRY,苯的化学性质,讲苯的主要化学性质：燃烧等氧化反应，与液溴、浓硝酸、浓硫酸的取代反应及各自所需催化条件，与氢气催化加热加成生成环己烷；范围是反应类型与条件要点，溴苯、硝基苯的制备与提纯实验归苯的取代反应实验，与苯同系物的性质差异归相应易错点知识点。
CHEMISTRY,苯的取代反应实验,讲苯的溴代与硝化两个取代反应的实验原理、装置与现象，溴苯、硝基苯的检验和分离提纯流程，包括洗涤、干燥、蒸馏等步骤；范围限于这两个实验，烷烃的取代反应与裂化裂解仅用于背景区分，不在此展开。
CHEMISTRY,苯的同系物的结构与性质,讲苯的同系物与苯结构的相似性和化学性质的差异性，重点是苯环与侧链烷基相互影响：烷基使苯环上邻、对位氢易被取代，苯环使侧链可被酸性高锰酸钾氧化；范围包括苯环与侧链卤代位置的条件辨析，与苯自身的性质相区分。
CHEMISTRY,溴苯和硝基苯的制取实验,讲溴苯、硝基苯制取实验的完整要点：反应条件与装置、如何证明发生的是取代反应、产物的提纯流程与分离方法选择；范围是实验操作与流程设计，有机物制备实验的通用规律在此归纳，与苯的取代反应实验侧重的现象描述相区分。
CHEMISTRY,卤代烃,讲卤代烃的概念、性质及其在有机合成中的地位，重点是卤素原子的检验方法，以及水解取代与消去两类反应；范围是卤代烃的总论，概念细节、物理性质递变与易错点分别归相应细分知识点，与烃及含氧衍生物相区分。
CHEMISTRY,卤代烃的概念,讲卤代烃的概念与通式：烃分子中的氢原子被卤素原子取代后生成的化合物，通式可写作R—X，官能团为碳卤键；范围限于概念层面，物理性质与化学性质分归相应知识点，注意卤代烃属于烃的衍生物，与卤素单质、卤化氢等类别相区分。
CHEMISTRY,卤代烃的物理性质,讲卤代烃的物理性质及其递变规律：状态、溶解性（难溶于水、溶于有机溶剂），沸点与同碳原子数烃的比较，密度随卤素与碳链的变化趋势；范围限于物理性质，水解、消去等化学性质归相应知识点，需注意不同卤代烃与水相比的密度并非一律相同。
CHEMISTRY,卤代烃的水解反应和消去反应,讲卤代烃的水解取代反应与消去反应：碱的水溶液或乙醇溶液中加热的条件差异，实验操作与现象，消去反应发生的结构条件和产物种类的判断；范围是这两类反应及其对比，卤素检验流程归相应知识点，苯环上的卤素不能发生消去需特别注意。
CHEMISTRY,卤代烃的用途与危害,讲常见卤代烃的用途，如制冷剂、灭火剂、溶剂、麻醉剂和有机合成原料，及其危害，重点是氟氯代烷在紫外线作用下分解对大气臭氧层的破坏；范围限于卤代烃，甲醛等其他化合物的结构与性质不属于本点。
CHEMISTRY,卤代烃在生产生活中具有广泛的应用,以应用为主线讲卤代烃在生产生活中的用途与相关转化：多氯代甲烷作溶剂及其分离，氯乙烷、溴乙烷等作麻醉剂或止痛剂，由卤代烃制备其他有机物如丙二醇；范围是应用与合成路线的归纳，具体性质归卤代烃性质类知识点，内酯、盐类水解等内容仅作背景不展开。
CHEMISTRY,卤代烃的性质及应用,讲卤代烃的性质与应用：在碱的水溶液中水解，满足结构条件时在碱的乙醇溶液中消去，邻位碳无氢或无邻位碳则不能消去，二卤代烃可消去生成炔烃，卤素原子的检验流程，以及卤代烃的获取方法；范围是性质判断与检验操作的综合应用，易混点归相应知识点。
CHEMISTRY,卤代烃的结构和性质易混易错点,汇总卤代烃结构与性质的易混易错点：物理性质随碳链与卤素的递变，卤代烃是非电解质，须先水解才能用硝酸银和稀硝酸检验卤素，消去与水解所用溶剂的混淆，无邻位氢不能消去等；范围限于正误辨析，完整反应流程归性质及应用知识点。
CHEMISTRY,为了测定某卤代烃分子中所含有的卤素原子种类-可按下列步骤进行实验,讲卤代烃中卤素原子检验的实验步骤与正确顺序：先加入碱溶液煮沸水解，冷却后用稀硝酸酸化，再加入硝酸银溶液以确定卤素种类；范围是检验流程的操作规范与减小误差，如平行测定多次取平均值，不展开各类沉淀的性质比较。
CHEMISTRY,羧酸,讲羧酸的概念、组成与羧基的结构，羧酸的弱酸性及其结构解释，以及羧酸的通式；范围限于羧酸的总论，组成结构细节、化学性质分别归羧酸的组成和结构、羧酸的化学性质等细分知识点，与酚羟基、醇羟基的酸性相区分。
CHEMISTRY,羧酸的组成和结构,讲羧酸的组成与结构：由烃基或氢原子与羧基相连而构成的有机化合物，一元羧酸的通式R—COOH，以及饱和链状一元羧酸的分子通式与结构通式；范围限于组成与结构层面，羧酸酸性的结构解释与化学性质归其他相应知识点。
CHEMISTRY,羧酸的化学性质,讲羧酸的化学性质：弱酸性（酸性强于碳酸），酯化等取代反应及酯化断键位置，与氨反应生成酰胺，α-氢的取代，以及在强还原剂作用下的还原反应；范围限于羧酸的反应类型与规律，羧基极性对酸性的影响等结构解释归相应辨析知识点。
CHEMISTRY,羧酸的结构和性质,讲羧酸的结构与性质的关系：羧基的极性对羧酸酸性的影响，醇、酚、羧酸中羟基氢活泼性的比较，以及由与碳酸氢钠反应放出气体等性质反推结构；范围是结构与性质相互解释的辨析，具体反应方程式归羧酸的化学性质。
CHEMISTRY,有机合成,有机合成指以简单原料经多步反应制备目标化合物，涵盖碳骨架构建、官能团衍变与合成路线的设计检验，并涉及格氏试剂与含活泼氢物质的反应规律。
CHEMISTRY,以烯烃-炔烃为原料的有机合成,本知识点以烯烃或炔烃为起始原料设计有机合成路线，涉及其加成规则与成环反应，并从原料利用率角度分析路线优劣；共轭二烯与卤素按一比一加成时产物不止一种。
CHEMISTRY,醛-酮在有机合成中的应用,本知识点归纳醛酮在有机合成中的应用：羰基可与HCN等含极性键分子发生加成，羟醛缩合能增长碳链，并介绍用DMP选择性氧化羟基为醛基等碳链增长与官能团转化方法。
CHEMISTRY,一种2-甲基色酮内酯-y-可通过下列反应合成,本知识点介绍黄鸣龙还原法，即把醛或酮的羰基还原为亚甲基的官能团转化方法，属于有机合成中常见的信息反应，可据此设计含羰基化合物的合成路线。
CHEMISTRY,有机合成路线的推断方法,本知识点给出推断有机合成路线的通用方法：由分子式与已知结构推出未知物结构简式，比对原料与产物异同在流程中找相似反应并逆推，注意官能团保护与陌生试剂的反应特征。
CHEMISTRY,明确有机物之间的转化关系-构建有机合成体系,本知识点梳理典型有机物之间的相互转化关系与对应反应类型，帮助构建完整的有机合成体系，用于综合题中由原料与目标产物设计并检验合成路线。
CHEMISTRY,糖类,糖类是一类重要的天然有机化合物，本知识点给出糖类的总体概念，统领其组成与分类、单糖、多糖及结构与性质等具体内容，属生物大分子专题的总纲。
CHEMISTRY,糖类的组成和分类,本知识点从分子结构角度界定糖类的概念，说明糖类由C、H、O三种元素组成，大多数糖类化合物的组成符合碳水化合物特征，并介绍糖类的分类。
CHEMISTRY,单糖,本知识点以葡萄糖、果糖与核糖为代表讨论单糖：葡萄糖为多羟基醛、果糖为多羟基酮，二者分子式相同而结构不同；涉及葡萄糖的还原性、加氢、发酵与生理氧化，并说明核糖、脱氧核糖在核酸中的组成作用。
CHEMISTRY,多糖-淀粉与纤维素,本知识点比较淀粉与纤维素这两种天然多糖：二者同属天然有机高分子、都能发生水解反应、都不能发生银镜反应；不同点是通式中聚合度n值不同，且只有淀粉遇碘显蓝色。
CHEMISTRY,糖类的结构和性质,本知识点梳理单糖、二糖、多糖之间的相互转化关系，以葡萄糖、淀粉为代表讨论其结构与性质，重点是淀粉水解实验的设计与水解产物的检验方法。
CHEMISTRY,糖类的结构和性质易混易错点,本知识点辨析糖类中的易错结论：符合通式Cn(H2O)m的不一定是糖类，并非所有糖类都符合该通式或有甜味；淀粉与纤维素不是同分异构体；单糖不可水解；人体内无水解纤维素的酶。
CHEMISTRY,为了检验淀粉水解产物-某学生设计了如下实验方案,本知识点围绕检验淀粉水解程度设计实验方案：水解后需先加碱中和酸，再检验水解产物中的还原性糖，并掌握判断淀粉是否已完全水解的方法。
CHEMISTRY,蛋白质,蛋白质是一类重要的天然有机高分子，本知识点概括其组成与性质，包括用盐析实现蛋白质的分离提纯，以及用灼烧气味和显色反应鉴别蛋白质等常用方法。
CHEMISTRY,蛋白质的结构与性质,本知识点说明蛋白质由多种氨基酸连接形成，其结构取决于氨基酸的种类、数目、排列顺序及空间结构；比较盐析与变性的区别，并归纳酶作为生物催化剂条件温和、专一性强、效率高的特点。
CHEMISTRY,蛋白质和氨基酸的结构与性质,本知识点讨论氨基酸成肽的规律：两种只含一个氨基和一个羧基的氨基酸可形成四种二肽；氨基酸分子间缩聚形成多肽和蛋白质，并梳理氨基酸、多肽、蛋白质之间的转化关系。
CHEMISTRY,有关蛋白质的易混易错点,本知识点辨析蛋白质与氨基酸中的易错结论：氨基酸必含C、H、O、N但不一定含S，二者均具两性；盐析属物理变化可用于分离提纯，变性不可逆；蚕丝织物不能用加酶洗衣粉洗涤。
CHEMISTRY,核酸,核酸是生物体内的一类生物大分子，本知识点介绍核酸的组成，区分DNA与RNA两类核酸，并说明核糖与脱氧核糖分别是其重要组成成分。
CHEMISTRY,合成高分子,合成高分子是人工合成的高分子材料，本知识点概述其基本合成方法，为加聚、缩聚反应及高分子结构与性质的学习提供整体框架。
CHEMISTRY,合成高分子反应的化学方程式的书写,本知识点训练加聚与缩聚反应方程式的书写：加聚按单体类型遵循双键打开、链节重复的规律，缩聚需写出羟基与羧基或氨基与羧基间脱水缩合的产物。
CHEMISTRY,合成高分子的结构和性质,本知识点讨论高分子的线型、支链型与网状结构及其性质差异，涉及降解、橡胶硫化、催化裂化等常见变化，并能由高分子结构推断材料的用途与性能。
CHEMISTRY,有关合成高分子的易混易错点,本知识点辨析合成高分子的易错点：加聚单体须含不饱和键且无副产物，链节组成与单体相同；线型高分子具热塑性，网状结构链间存在化学键；高分子是混合物。
CHEMISTRY,基本概念,本知识点界定单体、链节与聚合度三个概念，给出聚合物平均相对分子质量等于链节相对分子质量与聚合度乘积的关系，并说明高分子化合物的范围与简称。
CHEMISTRY,苯分子的空间结构,本知识点说明苯分子为平面正六边形结构，六个碳碳键键长完全相等且介于单键与双键之间，不存在单双键交替，并能从结构与化学性质两方面找到证明证据。
CHEMISTRY,高分子的分类及性质特点,本知识点按来源将高分子分为天然与合成两类，合成高分子材料再分为通用与功能高分子；性质上区分线型高分子的热塑性与体型高分子的热固性。
CHEMISTRY,有机物的结构特点,本知识点概述有机化合物的结构特点，包括碳骨架的成链与成环方式、有机物结构的表示方法等，并辨析过氧化物等特殊结构的特点与性质。
CHEMISTRY,有机物的结构可用键线式表示-如,本知识点介绍键线式这种省略碳氢符号的有机物结构表示法，能由键线式写出分子式或结构简式，并在此基础上分析同分异构体及加成反应的产物种类。
CHEMISTRY,烷烃的命名,本知识点讲解有机物的系统命名，重点是烷烃主链选取、编号与名称书写规则，并归纳酯类命名中酸与醇两部分的表述顺序。
CHEMISTRY,烷烃的化学性质,烷烃常温下性质稳定，本知识点归纳其燃烧、取代与分解三类反应：完全燃烧的通式，光照下与卤素单质的取代反应产物为混合物，受热分解为碳原子数较少的小分子。
CHEMISTRY,脂肪烃的结构特点及通式,本知识点比较烷烃、烯烃、炔烃三类脂肪烃的结构差异，即碳碳键分别为单键、双键、三键，并给出各自饱和与不饱和链烃的通式，用于判断烃的类别。
CHEMISTRY,脂肪烃的结构和性质,本知识点以碳碳键类型为线索对比烷烃、烯烃、炔烃及二烯烃的结构与性质，重点是二烯烃的加成与加聚反应，理解不同不饱和键对应的特征反应。
CHEMISTRY,脂肪烃的结构和性质易混易错点,本知识点辨析脂肪烃的易错结论：符合CnH2n的烃可能是烯烃或环烷烃；单键可旋转而双键与三键对原子空间排布起固定作用；溴的四氯化碳溶液与酸性高锰酸钾褪色的反应类型不同。
CHEMISTRY,烃类的燃烧规律,本知识点归纳烃完全燃烧的定量规律：等物质的量与等质量条件下比较耗氧量大小的依据，碳氢原子个数比对产物量的影响，以及气态烃燃烧前后气体体积变化的判据。
CHEMISTRY,醇,醇是一类重要的烃的含氧衍生物，本知识点涵盖醇的概念、分类与化学性质，重点是结合分子结构分析醇在各类反应中的断键位置与反应规律。
CHEMISTRY,醇的概念及分类,本知识点界定醇的概念，即羟基与烃基相连的化合物，并给出饱和一元醇的通式；分类上按羟基数目分为一元醇、二元醇、三元醇，按烃基类别分为脂肪醇与芳香醇。
CHEMISTRY,醇的化学性质,本知识点归纳醇的主要反应类型：与活泼金属的置换反应，酯化、与氢卤酸及分子间脱水等取代反应，分子内脱水消去反应和氧化反应，并结合断键位置理解各反应的条件差异。
CHEMISTRY,醇的结构和性质,本知识点结合乙醇结构分析醇的断键位置，总结消去反应的结构条件，即连羟基碳的邻位碳上须有氢，以及催化氧化的规律，即产物类别取决于羟基所连碳上氢原子数目。
CHEMISTRY,醚的结构与性质,醚是两个烃基通过氧原子相连的化合物，本知识点说明醚的结构通式与乙醚等代表物的性质，并涉及多元醇分子内脱水成环醚、醚键断裂及成醚保护酚羟基等应用。
CHEMISTRY,醇和酚的结构和性质易混易错点,本知识点辨析醇与酚的易混性质：分子内脱水属消去反应、分子间脱水属取代反应；苯酚酸性弱于碳酸且不能使石蕊变色；羟基连苯环使其邻对位氢活泼，酚与芳香醇不是同系物。
CHEMISTRY,1-写出以乙醇为原料制备的化学方程式-无机试剂任选-并注明反应类型,本知识点以乙醇为核心梳理其性质与转化：与钠反应体现羟基氢的活泼性，并能以乙醇为原料、无机试剂任选设计多步合成，写出各步化学方程式并注明反应类型。
CHEMISTRY,酚,酚是一类重要的烃的含氧衍生物，本知识点以苯酚为代表，介绍酚的结构特征、化学性质及其检验方法，重点是苯酚与碳酸及碳酸氢根酸性强弱的比较。
CHEMISTRY,酚的概念和物理性质,本知识点界定酚的概念，即羟基与苯环直接相连的化合物，并归纳苯酚的物理性质：状态与熔点、室温下溶解度有限而升温后与水混溶、久置被氧化变红。
CHEMISTRY,苯酚的化学性质,本知识点归纳苯酚的化学性质：弱酸性（酸性介于碳酸与碳酸氢根之间）、与溴水的取代反应、与铁盐的显色反应，并分析苯环与羟基之间的相互影响。
CHEMISTRY,醛,醛是含有醛基的化合物，本知识点说明醛的组成与结构特征，比较醛酮在氧化还原反应中的不同表现，为醛酮化学性质的学习奠定基础。
CHEMISTRY,酮,酮是含有酮羰基的化合物，本知识点介绍酮的组成、结构与通式，认识酮羰基的结构特点及其与醛基的异同。
CHEMISTRY,醛-酮的概念,本知识点界定醛与酮的概念：醛含有醛基、可表示为RCHO，酮是羰基与两个烃基相连的化合物；两者都含羰基结构，区别在于羰基所连基团不同。
CHEMISTRY,饱和一元醛-酮的通式,本知识点给出饱和一元醛与饱和一元酮的通式，说明两者官能团不同而分子式规律相近，分子式相同的醛和酮互为同分异构体。
CHEMISTRY,几种重要的醛-酮,本知识点以甲醛、乙醛和丙酮为代表介绍常见醛酮，说明小分子醛酮能溶于水的原因，即羰基氧可与水分子形成氢键。
CHEMISTRY,醛-酮的化学性质,本知识点归纳醛酮的化学性质：羰基可发生催化加氢还原及与含极性键分子的加成；醛具有还原性，能发生银镜反应和与新制氢氧化铜的反应，并掌握相应实验的操作要点。
CHEMISTRY,醛的应用和对环境-健康产生的影响,本知识点说明醛作为化工原料在合成纤维、医药、染料等行业的应用，甲醛水溶液的杀菌防腐用途，以及装饰材料中挥发出的甲醛对室内环境与健康的影响。
CHEMISTRY,醛和酮的结构和性质,说明醛、酮羰基的结构特点，其在催化作用下与含极性键小分子的加成反应，以及醛与其他官能团共存时的检验顺序。范围限定在醛酮两类物质的结构性质，合成路线的具体推导不属于本条。
CHEMISTRY,醛和酮的结构和性质易混易错点,聚焦醛酮结构性质中的易错点：醛基与碳碳双键共存时的检验顺序，含醛基物质能发生银镜反应却未必是醛，丙醛与丙酮的性质差异。不重复醛酮基础结构与反应的全貌。
CHEMISTRY,已知两个醛分子在naoh溶液作用下可以发生加成反应-生成一种羟基醛,指两个醛分子在碱性条件下发生加成生成羟基醛、并可进一步脱水的缩合反应，是延长碳链的常用手段。范围限定于该反应本身及其在合成中的应用，不涉及其他缩合类型。
CHEMISTRY,酯,酯的概念范围及其水解反应，包括水解时消耗碱的定量关系。范围限定在酯基的一般性质，不包含具体酯类物质的制备过程与个别性质。
CHEMISTRY,酯和油脂的结构和性质,涵盖酯的定义、结构表示与物理化学性质，重点是酸性与碱性条件下的水解反应及酚酯水解的耗碱定量；油脂的结构性质亦在本条范围内。不包括乙酸乙酯的制备实验操作。
CHEMISTRY,实验探究乙酸乙酯的制备,实验室制备乙酸乙酯的原理与装置要点，包括试剂加入顺序、浓硫酸的催化与吸水作用、饱和碳酸钠溶液吸收杂质并促进分层的作用。范围限定该制备实验本身，不涉及其他酯的通用制法。
CHEMISTRY,油脂,油脂的组成与结构，及其氢化（硬化）与水解等化学性质，碱性条件下的水解称为皂化反应。范围限定油脂的一般性质，并说明油脂虽属酯类但不属于有机高分子。
CHEMISTRY,酯化反应实验探究,酯化反应实验的装置与操作要点，包括加试剂顺序、浓硫酸的作用、防暴沸与防倒吸、饱和碳酸钠溶液的功能，以及酯化与水解互为可逆的事实。范围限定实验层面，不重复酯的结构性质通论。
CHEMISTRY,羧酸和酯的结构和性质易混易错点,聚焦羧酸与酯的易混点：羧基与酯基不能加氢，酸的元数判断与除杂，冰醋酸是纯净物，甲酸含醛基，酚酯水解耗碱量，皂化概念的外延。范围限易混点，不系统讲述二者通性。
CHEMISTRY,胺-酰胺的结构和性质,讲解胺的概念、结构通式与碱性，包括胺与酸生成铵盐、铵盐遇碱再生成胺的相互转化；对酰胺作对比性介绍。范围限定含氮有机物的结构性质，不展开其他含氮化合物。
CHEMISTRY,酰胺,酰胺的定义、结构通式及其在酸性或碱性条件下的水解反应。范围限定酰胺一类的通性，与胺的碱性相区别，胺是氨中氢被烃基取代的产物，酰胺则属羧酸衍生物。
CHEMISTRY,胺-酰的结构和性质,比较氨、胺、酰胺与铵盐的组成、性质及相互关系，辨析各范畴的边界。范围限定这四类含氮物质的对照，不展开各自的制备细节与工业应用。
CHEMISTRY,胺和酰胺的结构和性质易混易错点,聚焦胺与酰胺的易混点：二者的结构区别与归类，能否与酸反应、能否水解，以及胺与羧酸生成酰胺的反应类型不同于酯化。范围限易混点，不系统讲述两者通性。
CHEMISTRY,氨基酸的结构与性质,氨基酸的组成与结构，及其两性、成肽反应两类化学性质，包括与酸与碱的反应以及两分子氨基酸脱水形成二肽。范围限定氨基酸通性，不涉及蛋白质的组成与水解本身。
CHEMISTRY,石油的综合利用,石油的组成与综合利用途径，包括分馏等物理分离，以及裂化、裂解等获取轻组分烃的加工过程。范围限定石油本身，与煤的干馏气化液化、天然气的利用相区别。
CHEMISTRY,煤的综合利用,煤的组成与干馏、气化、液化三大综合利用方式，包括干馏的主要产物、直接液化与间接液化路线的区别。范围限定煤资源，与石油的分馏等物理加工相区别。
CHEMISTRY,天然气的综合利用,天然气的主要成分，其作为清洁化石燃料与化工原料的定位，以及甲烷与水蒸气反应制氢的原理。范围限定天然气的主要成分与利用，与煤、石油的组成和加工相区别。
CHEMISTRY,石油裂解是一个复杂的过程-其产物为混合物-例如,强调石油裂解是复杂过程，产物种类多、呈混合物，不能直接得到单一物质。范围限定裂解产物的总体特征，与分馏产物有较确定组成的情形相区别。
CHEMISTRY,氢键,氢键的概念及其分子间、分子内两类划分，和对物质熔沸点、溶解性等性质的影响。范围限定氢键的判定与对性质的作用，与范德华力、共价键相区别。
CHEMISTRY,范德华力,范德华力的概念及其对分子物质性质的影响，以及物质三态变化伴随的能量关系。范围限定分子间作用力本身，与化学键及氢键的作用层次相区别。
CHEMISTRY,晶胞组成的计算-均摊法,均摊法计算晶胞组成的原则：顶点、棱、面、体心粒子被不同数目晶胞共有，按份额均摊。范围限定长方体、六棱柱等规则晶胞的组成计算，与晶体类型的判断方法相区别。
CHEMISTRY,下列各图为几种晶体或晶胞的构型示意图,根据晶胞构型示意图判断晶体类型，并依据微粒种类与微粒间作用比较熔点、晶格能等性质差异。范围限定各类晶型的识别与性质比较，不涉及晶胞组成的均摊计算。
CHEMISTRY,铝元素的原子结构和存在,铝在周期表中的位置、原子结构，及其在自然界的分布与存在形态。范围限定原子结构与存在的基本事实，不涉及铝的化学性质与工业制备。
CHEMISTRY,铝的物理性质,铝的主要物理性质，包括颜色光泽、硬度以及延展性、导热性、导电性。范围限定物理层面，与铝和酸、碱反应的化学性质相区别。
CHEMISTRY,铝的化学性质,铝的化学反应性，包括与非金属单质的反应、与强酸强碱反应体现的两性、常温下遇浓硫酸浓硝酸的钝化以及铝热反应。范围限定铝单质的化学性质，不涉及其化合物的性质。
CHEMISTRY,铝的制备和用途,工业上电解熔融氧化铝制备铝的路线及其主要用途。范围限定金属铝的制备与应用，与氧化铝、氢氧化铝等化合物的制备相区别。
CHEMISTRY,氧化铝的性质与应用,氧化铝的化学性质、两性氧化物特征，以及作耐火材料和冶炼铝原料等重要用途。范围限定氧化铝的性质与用途，与氢氧化铝的性质和制备相区别。
CHEMISTRY,氢氧化铝的性质与制备,氢氧化铝的两性、受热不稳定性及其制备方法，包括与强酸强碱反应的离子方程式与向铝盐溶液中加氨水制取。范围限定氢氧化铝本身的性质与制备。
CHEMISTRY,从铝土矿提纯al2o3-碱溶法-的工艺流程,碱溶法从铝土矿提纯氧化铝的流程：碱溶除杂、沉淀与煅烧各环节的作用。范围限定该提纯路线与铝的初步制备，与酸溶法路线相区别。
CHEMISTRY,一种重要的复盐-明矾,明矾作为复盐的组成与电离，其净水原理是铝离子水解生成氢氧化铝胶体，以及与氢氧化钡溶液不同配比下的反应。范围限定明矾本身的性质与应用。
CHEMISTRY,工业上用某种氧化铝矿石-含fe2o3杂质-为原料冶炼铝的工艺流程如下,以含氧化铁等杂质的氧化铝矿石为原料冶炼铝的流程，包括除杂与电解产铝的主要环节判断。范围限定该类矿石的工艺流程分析，是铝及其化合物性质的综合应用。
CHEMISTRY,含铝物质的制备和转化,铝及其化合物之间的相互制备与转化途径，包括可溶性铝盐、四羟基合铝酸钠与氢氧化铝之间的转化关系。范围限定含铝物质的化学转化，与铝土矿提纯的具体流程相区别。
CHEMISTRY,一定量的铝分别与一定量的盐酸-氢氧化钠溶液反应,铝与盐酸、氢氧化钠溶液反应时的产氢关系，包括反应物过量判断与不同条件下氢气量的定量比较。范围限定该反应的定量计算，与铝两性性质的定性描述相区别。
CHEMISTRY,常见仪器,常用实验仪器的名称、结构与用途，包括特殊装置中液封的作用、三颈烧瓶的用途及与特定试剂接触时管材的选择。范围限定仪器认知，不包含具体实验的操作流程。
CHEMISTRY,药品取用,常用化学药品的取用原则与方法，以及不同试剂的保存与安全注意事项。范围限定药品取用与保存规范，与具体实验的制备操作要点相区别。
CHEMISTRY,气体制备,常见气体的制备原理与装置，包括氢气、二氧化碳、硫化氢等实验室制备要点，混合气体的除杂方法，以及氟化氢、氯化氢等气体制备的注意事项。范围限定气体物质的制备层面。
CHEMISTRY,物质检验,气体、离子等物质的常用检验方法与取样检验的设计思路。范围限定检验试剂与方法的选取、干扰的排除，不包含含量的定量测定。
CHEMISTRY,实验方案设计,为验证物质性质或制备目标产物而设计实验的方法，包括方案设计流程、反应条件控制与依据类别价态预测性质的思路。范围限定实验方案设计层面，与具体实验的操作细节相区别。
CHEMISTRY,中和滴定,酸碱中和滴定的基本原理、操作要领与终点判断方法，包括指示剂与掩蔽剂的应用。范围限定以滴定方式测定浓度的操作，与物质的定性检验相区别。
CHEMISTRY,分离提纯,产品分离提纯的常用方法，包括结晶、过滤与洗涤操作，重点是减压过滤的装置与操作要点。范围限定产品获取阶段的纯化，与原料除杂阶段的方案选择相区别。
CHEMISTRY,过滤,过滤作为固液分离方法的原理与操作，以及分离提纯过程中除杂的基本原则。范围限定过滤操作本身及其常考要点，与结晶等其他方法相区别。
CHEMISTRY,蒸发,蒸发在物质分离提纯中的操作与应用，包括减压蒸发的目的与适用对象，以及依据溶解度特征选择蒸发结晶方法的依据。范围限定溶液的蒸发浓缩环节。
CHEMISTRY,蒸馏,蒸馏的原理与操作，包括装置、加热与冷凝回流的要点，以及水蒸气蒸馏的作用与适用条件。范围限定依据沸点差异的液液分离，与萃取的原理相区别。
CHEMISTRY,萃取,液液萃取的原理与操作、影响萃取率的因素及反萃取方法。范围限定萃取剂的选择与操作要点，与蒸馏、结晶等分离提纯方法相区别。
CHEMISTRY,重结晶,重结晶的原理与操作，以及溶剂选择与冷却结晶的方法依据。范围限定固体杂质的去除与纯化，与单纯的蒸发结晶相区别。
CHEMISTRY,化学键,化学键的定义、分类与表示，共价键的键参数，以及化学键的断裂与形成同化学反应的关系。范围限定原子与离子之间的成键层次，与分子间作用力相区别。
CHEMISTRY,化学键的符号表征-电子式,电子式的概念，原子、离子与化合物电子式的书写规则，以及用电子式表示离子化合物和共价化合物形成过程的方法。范围限定化学键的符号表征，与结构式、结构简式的书写相区别。
CHEMISTRY,化学键对物质性质的影响,化学键强弱对物质熔点、硬度等物理性质的影响，以及键的强弱对物质稳定性与反应性的影响。范围限定键强与性质的关系层面，与分子间作用力、氢键的具体作用相区别。
CHEMISTRY,1-按系统命名法对下列有机物进行命名,有机物系统命名法的基本规则与依据名称书写结构简式的方法。范围限定命名规则的运用，与有机物结构特点、化学性质的学习内容相区别。
CHEMISTRY,分离-提纯有机化合物常用的方法,分离提纯有机化合物的常用方法，包括蒸馏、重结晶与萃取，液液萃取和固液萃取的原理及萃取剂的选择。范围限定有机产物的纯化，与无机产品分离提纯的操作细节相区别。
CHEMISTRY,有机化合物中碳原子的成键特点,说明有机物分子中碳原子的成键特点：每个碳原子形成共价键的数目、键的类型以及碳链与碳环的连接方式，并按成键情况对碳原子分类；延伸包括同数碳原子碳骨架结构种数的简单判断。不涉及具体有机分子的空间构型与化学性质。
CHEMISTRY,有机化合物中的共价键,比较有机物分子中σ键与π键的形成方式与强度差异，说明二者各自对应的特征反应类型；还讨论共价键的极性对有机分子反应活性以及羧酸酸性的影响。不涉及具体反应方程式与机理。
CHEMISTRY,有机化合物的空间结构,以典型烃类的空间构型为基础，给出判断有机物分子中原子共线、共面的四种基本模型，并讨论碳碳单键旋转对原子共面性的影响。不涉及有机化合物命名与结构简式的书写规则。
CHEMISTRY,有机化合物的共面共线的判断,给出判断有机物分子中原子共面、共线的思维模型：先看清判断对象与要求，再选准基本结构主体，区分一定共面与可能共面的情形。不涉及具体分子结构的定量计算。
BIOLOGY,细胞学说,阐述施莱登、施旺等建立的细胞学说要点，及其对理解动植物结构统一性的意义；延伸包括人工合成细胞与巨型病毒研究对细胞学说的新进展。不涉及各类细胞的具体结构特征。
BIOLOGY,生命系统的结构层次,说明从细胞到生物圈的生命系统结构层次，强调细胞是最基本的层次，分子或原子本身不构成生命系统；生命活动离不开细胞。不涉及水等具体化合物的理化性质。
BIOLOGY,病毒,讨论病毒作为非细胞结构生物的基本特点：只含一种核酸，其表达、复制以及对模板和原料的获取都依赖宿主细胞。不涉及具体病毒疾病的分类与感染过程细节。
BIOLOGY,原核细胞,说明原核细胞的结构特点及与真核细胞的区别，归纳原核生物的基本类群；延伸包括孟德尔定律对原核生物是否适用及其可遗传变异、无细胞器细胞的有氧呼吸场所。不涉及真核细胞器的结构功能。
BIOLOGY,使用高倍显微镜观察细胞,说明显微镜的基本结构与成像原理、低倍镜换高倍镜的操作要求（先用低倍镜找到目标）以及放大倍数改变时视野中细胞数目的计算方法，放大倍数指长度而非面积。不涉及具体细胞结构的识别。
BIOLOGY,细胞的多样性和统一性,说明细胞在形态结构上的多样性与所有细胞表现出的统一性，以及代谢旺盛细胞的形态特征；还包括原核与真核细胞判断中的易错情形和生物界与非生物界元素的统一性与差异性。不涉及各细胞器的结构与功能。
BIOLOGY,细胞的统一性,围绕细胞在结构与功能上的统一性，阐述细胞学说的主要内容，强调一切动植物都由细胞构成、细胞是相对独立的生命单位；延伸包括生物界与无机自然界元素的统一性与差异性。不涉及不同类细胞的具体结构差异。
BIOLOGY,真核细胞,说明真核细胞以核膜为界限具有成形细胞核的定义与特点，辨析无细胞核的真核细胞特例；还包括细胞内碱基互补配对的场所及维持细胞形态的相关结构。不涉及细胞核的详细结构与功能。
BIOLOGY,原核细胞和真核细胞,比较原核与真核细胞的结构差异，区分依据是有无核膜包被的细胞核；涵盖细胞壁成分、细胞器、DNA存在形式、转录翻译特点及孟德尔定律与可遗传变异的适用性，并给出两类细胞的共性与单细胞生物归类举例。不涉及细胞分裂的具体过程。
BIOLOGY,细胞是基本的生命系统,以细胞为结构与功能的基本单位，说明生命系统由细胞到生物圈的层次划分，强调细胞是最基本的生命系统；延伸包括台盼蓝染色鉴别细胞死活和多细胞植物没有系统层次的事实。不涉及各层次的具体功能细节。
BIOLOGY,组成细胞的元素,说明组成细胞的化学元素分为大量元素与微量元素，以及各元素的相对含量；还包括能对应特定结构的特征元素（如Mg是叶绿素的组成元素）。不涉及元素在化合物中的具体存在形式与功能。
BIOLOGY,水,说明细胞中水的存在形式与生理作用，以及水分子结构与比热容等理化特性的关系；延伸包括细胞代谢中水的产生与利用和冬灌抗寒等应用。不涉及具体代谢反应的详细过程。
BIOLOGY,无机盐,说明细胞中无机盐的主要存在形式与生理功能，并以具体化合物和生命活动的实例说明无机盐的必要性。不涉及具体生理过程的详细机制。
BIOLOGY,氨基酸,说明氨基酸的基本结构，强调R基决定氨基酸的种类；延伸包括双缩脲试剂使用的易错点和基因、mRNA与氨基酸数目之间的比例关系。不涉及蛋白质的具体序列与空间结构。
BIOLOGY,核苷酸,说明核苷酸的组成与分类及其作为核酸基本单位的作用；延伸包括DNA复制消耗脱氧核苷酸的数量计算和DNA损伤的重要修复机制。不涉及基因表达的详细过程与DNA的具体结构。
BIOLOGY,脱水缩合,说明氨基酸通过脱水缩合形成肽链的过程及其与肽键的关系；延伸指出核酸、多糖等生物大分子合成时同样产生水。不涉及蛋白质中氨基酸的具体序列与空间结构。
BIOLOGY,糖类,说明细胞中糖类按功能与结构的分类，以及多糖的组成与代谢特点；延伸包括糖类和脂质的情境化知识要点。不涉及具体糖类代谢的详细反应途径，也不涉及脂质的组成与功能。
BIOLOGY,脂质,说明脂质的分类与生理功能，强调脂肪与磷脂在元素组成上的差异；还包括与脂肪酸相关的易混点。不涉及脂质代谢的详细途径。
BIOLOGY,糖类和脂质的相互转化,说明糖类与脂质相互转化的方向与条件，及其与细胞能量代谢的关系；辨析其与ATP和ADP相互转化这一不同类型化合物转化的区别。不涉及两者各自详细的反应途径与方程式。
BIOLOGY,蛋白质,说明蛋白质的基本组成与结构特点，包括与肽键直接相连的原子和特定蛋白质中二硫键等化学键的作用。不涉及单个蛋白质的具体空间结构与功能机制。
BIOLOGY,核酸,说明核酸作为遗传信息携带者的作用，及DNA与RNA在组成和结构上的区别；包括脱氧核苷酸排列顺序储存遗传信息，以及DNA和RNA初步与彻底水解产物的区分。不涉及DNA复制与基因表达的详细机制。
BIOLOGY,细胞中的糖类,说明细胞中糖类的种类、分布与功能，区分单糖、二糖与多糖；重点包括三种二糖的水解产物与分布，并指出并非所有糖类都有甜味。不涉及糖类代谢的具体途径。
BIOLOGY,比较细胞中的生物大分子,比较细胞中各类生物大分子的元素组成、多聚体属性与生理功能；延伸包括不同生物细胞壁成分的比较，以及蛋白质等大分子经核孔进出细胞核而非胞吞胞吐。不涉及各大分子的详细合成过程。
BIOLOGY,元素和化合物的相互推断-归纳总结,归纳细胞中特征元素与特定化合物的对应关系和由元素组成推断化合物类型的方法；还包括ATP是一种高能磷酸化合物以及不同化合物中符号A含义的辨析。不涉及各化合物理化性质的详细内容。
BIOLOGY,细胞中的化合物,说明组成细胞的主要化合物及其相对含量，强调细胞鲜重中含量最多的化合物是水、含量最多的有机物是蛋白质，而干重中含量最多的化合物是蛋白质。不涉及各化合物的具体功能。
BIOLOGY,细胞壁,说明细胞壁的分布、组成与功能，强调不同生物细胞壁的主要成分不同（植物、真菌与细菌各有差异）；还包括支原体没有细胞壁这一特例。不涉及细胞膜的结构与功能。
BIOLOGY,线粒体,说明线粒体的结构特点与主要功能，包括线粒体DNA的存在形式及其呼吸底物不是葡萄糖的事实；还包括与核酸相关的易混点。不涉及有氧呼吸过程的详细阶段与物质变化。
BIOLOGY,叶绿体,说明叶绿体的分布、结构特点与生理功能，及其执行光合作用功能的结构基础。不涉及光反应与暗反应的详细过程与物质变化。
BIOLOGY,内质网,说明内质网的结构与功能，区分粗面内质网在蛋白质加工中的主要作用和滑面内质网合成脂质的作用；延伸包括其膜蛋白的功能及相关调控过程。不涉及分泌蛋白合成运输的完整途径。
BIOLOGY,核糖体,说明核糖体的组成、分布与功能，及其作为氨基酸翻译场所的作用；还包括一条mRNA结合多个核糖体形成多聚核糖体的现象与意义，以及rRNA的转录时期。不涉及翻译的具体过程与基因表达调控细节。
BIOLOGY,溶酶体,说明溶酶体的分布、起源与特点，强调其内部含有多种水解酶且主要分布在动物细胞；还包括其在细胞内物质降解与防御中的作用。不涉及白细胞吞噬和细胞自噬的详细过程。
BIOLOGY,液泡,说明液泡的结构与功能，包括液泡调节渗透压、贮存色素与营养物质的作用，以及液泡贮存过量离子以减轻细胞毒害。不涉及植物细胞壁形成和渗透调节的详细机制。
BIOLOGY,生物膜系统,说明生物膜系统的组成及其与细胞内分工的功能联系；延伸包括各种膜之间经囊泡运输的成分交流、分泌蛋白运输中膜融合的特异性及SNARE蛋白被毒素阻断的相关机制。不涉及各膜结构的合成细节。
BIOLOGY,细胞骨架,说明细胞骨架的主要成分（如微丝和微管）及其维持细胞形态、支撑细胞内部运动的功能；还包括细胞质基质与细胞骨架的分工。不涉及细胞分裂与胞内运输的详细机制。
BIOLOGY,高尔基体,说明高尔基体的结构与功能，强调其与内质网在蛋白质加工上的分工；包括其与植物细胞壁形成的关系，以及溶酶体起源于高尔基体但不能自身合成水解酶。不涉及分泌蛋白运输的完整途径。
BIOLOGY,膜的流动镶嵌模型,说明流动镶嵌模型的基本内容：磷脂双分子层构成膜的基本支架，蛋白质分子分布于其中；还包括膜的流动性及其生理意义和囊泡运输依赖膜流动性等易错点。不涉及具体膜蛋白的详细结构与功能。
BIOLOGY,细胞膜的结构和功能,说明细胞膜的主要成分与功能，强调其具有流动性和选择透过性；还包括不同生物膜成分与功能的对应关系及五种常考的膜蛋白及其功能。不涉及各种物质跨膜运输的详细过程。
BIOLOGY,细胞器的结构和功能,系统比较各细胞器的结构特点、膜系统与主要功能，强调结构与功能的对应差异；还包括不同细胞中细胞器数量与分布的差异，以及中心体的位置与细胞分裂中的动态变化。不涉及有氧呼吸、光合作用等具体生理过程的详细步骤。
BIOLOGY,自由扩散,说明自由扩散的定义、特点及影响因素，作为被动运输方式之一；包括物质跨膜运输三种方式的比较，以及水和小分子运输的常见易混点。不涉及载体蛋白的详细机制。
BIOLOGY,协助扩散,说明协助扩散的过程与特点，强调其需要转运蛋白参与但不消耗能量；包括两类转运蛋白的区分、水经通道蛋白的跨膜方式以及无机盐离子运输方式的辨析。不涉及主动运输的过程。
BIOLOGY,质壁分离,说明植物细胞质壁分离与复原的过程和发生条件，及其在判断细胞死活中的应用（复原实验中区分平衡与死亡）；还包括原生质层与原生质体的概念区分。不涉及具体实验中渗透压与浓度的定量变化。
BIOLOGY,渗透作用,说明渗透作用的概念与发生条件（半透膜两侧存在浓度差），以及判断水分移动方向的方法；包括渗透装置中液面差与浓度差的关系。不涉及溶质本身跨膜转运的详细过程。
BIOLOGY,物质出入细胞的方式,比较自由扩散、协助扩散、主动运输、胞吞和胞吐五类物质出入细胞的方式，从运输方向、是否耗能及特点入手；提供判断运输方式的方法，并辨析同一物质在不同细胞中的运输方式。不涉及各运输的详细分子机制。
BIOLOGY,被动运输,说明被动运输的特点，强调其不消耗能量、物质顺浓度梯度移动；包括水分子和某些小分子物质运输方式的区分（自由扩散或协助扩散）。不涉及主动运输的过程与膜蛋白的机制。
BIOLOGY,主动运输,说明主动运输的过程与特点，强调其需要载体蛋白参与并消耗能量；包括ATP为主动运输供能的作用和不同供能驱动方式（如ATP驱动泵与光驱动泵）。不涉及ATP自身的合成过程。
BIOLOGY,胞吞,说明胞吞的过程与特点，强调其与大分子物质跨膜运输方式的差别；包括胞吞与胞吐运输的物质不都是大分子的事实，以及两种方式的区分。不涉及胞内囊泡运输的具体机制。
BIOLOGY,胞吐,本节讲胞吐的过程与特点，即细胞将大分子物质经囊泡转运至细胞膜、与膜融合后排到细胞外的过程，并讨论胞吐引起的细胞膜面积的暂时变化。
BIOLOGY,主动运输的类型,本节讲主动运输的类型，即细胞逆浓度梯度转运物质时能量的三种来源与三种驱动方式，并介绍协同转运的特点。主动运输与被动运输的区别在于是否消耗能量、能否逆浓度进行。
BIOLOGY,酶的本质,本节讲酶的化学本质，即绝大多数酶是蛋白质、少数酶是RNA，并辨析名称相近而本质不同的物质，如PCR引物、还原型辅酶[H]等均不属于酶。
BIOLOGY,酶的作用,本节讲酶的作用，即酶作为生物催化剂通过降低化学反应的活化能来加快反应速率，并讨论pH等条件对酶活性的影响，涉及合成类酶与工具酶的作用。
BIOLOGY,酶的特性,本节讲酶的特性，包括高效性、专一性和作用条件温和，用沸水烫玉米可保持甜味等实例说明高温使酶失活，并通过曲线比较说明酶只加快反应达到平衡、不改变平衡点。
BIOLOGY,酶在代谢中的作用,本节讲酶在代谢中的作用，从发酵史中的代表性工作梳理酶的发现过程，说明酶的化学本质、合成场所与来源，并涉及与核酸有关的酶及分子标记在基因定位中的作用。
BIOLOGY,与酶有关的曲线分析,本节讲与酶有关的曲线分析，包括表示酶高效性、专一性的曲线及温度、pH对酶促反应速率的影响曲线；需掌握曲线各段的含义与关键点，并区分酶与无机催化剂对条件的要求。
BIOLOGY,atp的结构,本节讲ATP的结构，包括结构简式、腺苷与三个磷酸基团的组成及末端磷酸基团易脱离的特点，并辨析ATP与ADP的含义；ATP水解释放能量的利用另见相关知识点。
BIOLOGY,atp与adp的转化,本节讲ATP与ADP的相互转化及其能量供应机制：合成与水解由不同酶催化，物质可循环而能量不可逆，故不属于可逆反应；ATP—ADP循环构成细胞能量利用的闭环系统。
BIOLOGY,atp的结构和功能,本节讲ATP的结构简式与结构特点及其直接供能的作用，并比较ATP合成与水解在反应式、所需酶、能量来源与去路及场所上的不同；强调该能量供应机制在所有生物细胞内是相同的。
BIOLOGY,atp的合成和利用,本节讲ATP的合成和利用：ATP由ADP和Pi接受能量合成，水解释放的能量直接用于各项需能生命活动；涉及ATP合酶与H⁺梯度的驱动关系及相关实验中的变量分析。
BIOLOGY,有氧呼吸,本节讲有氧呼吸的过程与条件，包括各阶段的场所与物质变化、电子传递与氧化磷酸化，并比较有机物在体内氧化与体外燃烧的不同，涉及依据产物判断呼吸方式。
BIOLOGY,无氧呼吸,本节讲无氧呼吸的过程、场所与产物，说明不同生物无氧呼吸产物不同的原因，并辨析O₂浓度为0时只进行无氧呼吸等与细胞呼吸相关的易错点。
BIOLOGY,实验-探究酵母菌细胞呼吸的方式,本节讲探究酵母菌细胞呼吸方式的实验：对比有氧与无氧条件下CO₂和酒精的产生情况，用澄清石灰水、溴麝香草酚蓝和酸性重铬酸钾检测产物，并归纳判断呼吸方式的方法。
BIOLOGY,种子萌发过程中细胞呼吸的变化分析,本节分析种子萌发过程中细胞呼吸强度的变化，结合CO₂的产生与检测（石灰水变浑浊、溴麝香草酚蓝溶液变色）说明呼吸方式的变化，并涉及实验变量的分析方法。
BIOLOGY,细胞呼吸原理的应用,本节讲细胞呼吸原理在生产和生活中的应用，围绕O₂浓度、水分与温度等条件对呼吸强度的影响，说明粮食储存、果蔬保鲜、中耕松土等措施的依据。
BIOLOGY,光反应,本节讲光反应的过程，包括水的光解及ATP、NADPH（还原型辅酶Ⅱ）的合成，场所为类囊体薄膜；辨析光系统Ⅱ与光系统Ⅰ的功能，并与暗反应在场所、条件与产物上比较。
BIOLOGY,暗反应,本节讲暗反应的过程，即CO₂的固定与C₃的还原，场所为叶绿体基质，依赖光反应提供的ATP与NADPH，叶绿体内合成的ATP专用于暗反应；并归纳ATP的来源与去路，给出C₃、C₅含量变化的分析通法。
BIOLOGY,色素,本节讲光合色素的分布、种类与吸收光谱，并讨论藻类对不同光质的适应；重点辨析光合色素、花青素与光敏色素三者的区别，避免混淆。
BIOLOGY,类囊体,本节讲类囊体的结构与功能，即叶绿体内由膜围成的囊状结构，光合色素与相关酶分布于其上，是光反应的场所。
BIOLOGY,捕获光能的色素和结构,本节讲捕获光能的色素和结构：色素的种类、分布、功能与吸收光谱，及类囊体薄膜上光反应的场所与过程；介绍色素的提取与分离方法，并涉及光合作用的意义。
BIOLOGY,光合作用,本节讲光合作用的总体过程，包括光反应与暗反应两阶段的物质变化、能量转化与场所，比较两者的区别与联系，说明光合作用在物质与能量转换中的意义。
BIOLOGY,光合作用的影响因素,本节讲影响光合作用强度的环境因素，包括光照强度、CO₂浓度与温度，分析相关曲线的限制因素，并讨论光合午休现象及其在生产上的应用。
BIOLOGY,探索光合作用原理的部分实验,本节梳理探索光合作用原理的部分经典实验：从离体叶绿体水的光解，到同位素示踪确定O₂来源，再到用放射性标记探明CO₂中碳的转移途径，归纳各实验的方法与结论。
BIOLOGY,光合作用的原理,本节讲光合作用的原理：光反应与暗反应在条件、场所、物质与能量转化上的比较与联系，包括水的光解、ATP与NADPH的合成、CO₂的固定与C₃的还原，并比较光合作用与化能合成作用。
BIOLOGY,光呼吸,本节讲光呼吸，即Rubisco的氧化活性使C₅与O₂结合而产生的代谢途径，与其羧化活性相区别；O₂浓度升高或CO₂浓度降低时光呼吸增强。
BIOLOGY,光合作用与细胞呼吸过程-物质和能量的关系,本节讲光合作用与细胞呼吸在物质和能量上的关系：比较两者发生范围、场所、条件与实质，说明物质与能量转化的对应，并追踪C、H、O元素在两个过程中的转移途径。
BIOLOGY,影响光合作用强度的环境因素,本节讲影响光合作用强度的环境因素，重点分析光照强度曲线中光补偿点、光饱和点及各线段的含义，区分叶肉细胞与植物整体的气体交换表现，并涉及O₂浓度对净光合速率的影响。
BIOLOGY,细胞增殖,本节讲细胞增殖的概念、意义与所需条件，包括有丝分裂、无丝分裂等方式，讨论分裂产生子细胞的三种去向，并辨析无丝分裂与分裂末期的区别。
BIOLOGY,有丝分裂,本节讲有丝分裂的过程与特征，说明一个细胞周期由分裂间期和分裂期构成，涉及染色体标记后连续分裂的规律，并区分有丝分裂与减数分裂Ⅱ的主要特征。
BIOLOGY,细胞分化,本节讲细胞分化的概念、过程与意义：在个体发育中，细胞后代在形态、结构和功能上发生稳定性差异，其根本原因是基因的选择性表达。
BIOLOGY,细胞衰老,本节讲细胞衰老的特征，如细胞内水分减少、代谢降低等，并说明在成熟的生物体中细胞衰老与个体衰老之间的关系。
BIOLOGY,细胞凋亡,本节讲细胞凋亡，即由基因所决定的细胞自动结束生命的过程及其形态学特征；重点比较细胞凋亡与细胞坏死在原因、过程与结果上的区别。
BIOLOGY,细胞癌变,本节讲细胞癌变的原因与特征：原癌基因与抑癌基因发生突变或表达异常，导致细胞异常增殖；癌细胞具有无限增殖等特征。
BIOLOGY,细胞周期,本节讲细胞周期的概念及表示方法，能用扇形图、直线图、坐标图和直方图识别一个完整的细胞周期；并涉及分裂间期的特点及其调控机制，如周期蛋白依赖性激酶的作用。
BIOLOGY,细胞的全能性,本节讲细胞的全能性，即已分化的细胞仍具有发育成完整个体的潜能；涉及动物细胞核移植技术与克隆动物，以及干细胞的类型与特点。
BIOLOGY,同源染色体,本节讲同源染色体的概念，即减数分裂中配对的两条染色体，一般形状大小相同，一条来自父方一条来自母方；掌握同源染色体的判断方法，涉及分子标记共分离定位的应用。
BIOLOGY,联会,本节讲联会，即减数分裂Ⅰ前期同源染色体两两配对的现象，并涉及端粒的结构及其在联会中的作用。
BIOLOGY,四分体,本节讲四分体的概念，即联会后每对同源染色体含有四条染色单体；掌握四分体与染色体、染色单体的数量关系，并涉及同源染色体非姐妹染色单体间的互换。
BIOLOGY,精子的形成过程,本节讲精子的形成过程：精原细胞经减数分裂Ⅰ和Ⅱ形成精细胞，再变形为精子；掌握各时期细胞名称、染色体行为（联会、同源染色体分离、自由组合、着丝粒分裂）与数目变化。
BIOLOGY,遗传系谱图的分析及概率的计算,本节讲遗传系谱图的分析与概率计算：判断遗传方式、确定个体基因型并计算后代表现概率；涉及连续自交及自交并逐代淘汰等计算模型。
BIOLOGY,减数分裂,本节讲减数分裂的过程，即染色体复制一次、细胞连续分裂两次，结果成熟生殖细胞中染色体数目减半；涉及异常分裂（如XXY个体）的原因分析及与可遗传变异的关系。
BIOLOGY,受精作用,本节讲受精作用的概念、实质与结果：精子与卵细胞相互识别并融合，受精卵细胞核中的遗传物质一半来自父方一半来自母方，染色体数目恢复为体细胞水平。
BIOLOGY,基因的表达,本节讲基因的表达，即遗传信息从DNA流向RNA再形成蛋白质的过程，包括转录与翻译；并辨析DNA甲基化不属于基因突变，涉及RNA干扰的基因沉默机制。
BIOLOGY,转录,本节讲转录的过程：以DNA的一条链为模板合成RNA，涉及RNA的合成方向、启动子的作用，并与DNA复制过程比较，辨析两类过程中的常见错误。
BIOLOGY,翻译,本节讲翻译的过程：核糖体以mRNA为模板、tRNA为运载工具，按密码子合成蛋白质；涉及tRNA的结构与反密码子、多聚核糖体模型，并辨析翻译中的易错点。
BIOLOGY,中心法则,本节讲中心法则的内容：遗传信息通过DNA复制、转录与翻译从DNA流向RNA再流向蛋白质；比较不同生物中遗传信息的流动方式，涉及RNA复制的条件与产物。
BIOLOGY,密码子,本节讲密码子的概念，即mRNA上决定一个氨基酸的三个相邻碱基；掌握密码子与反密码子的对应关系及数量关系，并区分起始密码子与终止密码子。
BIOLOGY,dna是主要的遗传物质,本节讲DNA是主要遗传物质的结论及其形成过程，通过代表性实验证明DNA是遗传物质，并归纳绝大多数生物以DNA为遗传物质、少数病毒以RNA为遗传物质。
BIOLOGY,dna的双螺旋结构,本节讲DNA分子的双螺旋结构要点：两条反向平行的脱氧核苷酸链、碱基互补配对原则及其对结构稳定性的意义，并说明DNA分子的多样性与特异性。
BIOLOGY,dna的复制,讲DNA半保留复制的过程、特点与实验证据，包括以母链为模板、按碱基互补配对合成子链等要点；辨析半保留复制与全保留复制的结论差异，明确复制准确性依赖碱基互补配对，且DNA聚合酶不能从头合成、需要引物。
BIOLOGY,分离定律,讲一对相对性状的遗传规律：形成配子时等位基因彼此分离，杂合子自交后代出现性状分离；范围限于一对基因控制的一对相对性状，两对及以上基因的遗传属自由组合定律，理解上可结合假说—演绎法的实验程序。
BIOLOGY,自由组合定律,讲两对及以上对相对性状的遗传规律：形成配子时等位基因分离的同时，非同源染色体上的非等位基因自由组合；并可据此推算n对等位基因条件下F1配子与F2表型的种类和比例，适用于各对基因独立遗传的情形。
BIOLOGY,性状分离比,讲杂合子自交后代显、隐性性状的分离比例及其计算，可用于根据自交分离比判定外源基因的插入位置；辨析性状类概念，明确符合分离定律的遗传不一定出现特定分离比，比例偏离时需结合具体情境分析。
BIOLOGY,测交,讲测交实验的设计与解读：让基因型未知的个体与隐性纯合子杂交，据后代表型及比例推断其基因型；辨析测交在假说—演绎法中属演绎与验证环节，区分测交与测交组合的表述。
BIOLOGY,豌豆用作遗传实验的材料,讲豌豆作为遗传实验材料的特点与优势：花大易做人工杂交，自然状态下闭花受粉、一般为自交，具有多对易于区分的相对性状，子代数量多、世代周期短；并识记P、F1、F2、×、⊗、♀、♂等遗传符号的含义。
BIOLOGY,基因型-表型的推断,讲基因型与表型的正推与逆推：由亲代基因型推算子代基因型与表型比例，如杂合子自交显隐3:1、测交组合1:1；也由后代表型比例反推双亲基因型，如3:1说明双亲均为杂合子，辅以“1减”技巧与逆向组合法等比例计算要点。
BIOLOGY,分离定律的概率计算和常规应用,讲分离定律框架下的概率计算：利用配子类型及比例求子代特定基因型或表型的概率，常用1减去对立事件处理“至少”类问题；应用涉及育种与医学实践，范围以一对等位基因为限。
BIOLOGY,伴性遗传,讲性染色体上基因的遗传规律：X与Y染色体的传递特点及二者结构差异、X染色体基因频率的计算；辨析伴性遗传与常染色体遗传的区别，前者性状表现与性别相关联，后者与性别无关。
BIOLOGY,基因在染色体上,讲基因位于染色体上的证据与平行关系：基因与染色体在行为上具平行性，基因随染色体组合而传递；辨析基因数目与染色体数目、位置上的对应关系，明确伴性遗传分析仅适用于具性别分化（雌雄异体）的物种。
BIOLOGY,基因,讲基因的概念、遗传信息属性及其与DNA分子的关系，辨析复等位基因与一对等位基因的区别；延伸介绍基因治疗的原理、载体、方式及当前存在的问题。
BIOLOGY,多倍体,讲多倍体的概念与形成，辨析二倍体、多倍体与单倍体三者的划分标准——按体细胞中染色体组数目界定而非个体大小；实例涉及三倍体无子西瓜的培育，并明确三倍体不能进行单倍体育种。
BIOLOGY,单倍体,讲单倍体的概念——由配子直接发育而来、体细胞中含本物种配子染色体数的个体，其染色体组数随原物种倍性而异；并介绍单倍体育种的操作流程及其优点，如可明显缩短育种年限。
BIOLOGY,共同进化,讲共同进化的概念与原因：不同物种之间、生物与无机环境之间在相互影响中不断进化和发展；辨析共同进化与协同进化两种表述的一致性，并与生物多样性的形成相联系。
BIOLOGY,育种,比较不同育种方法的原理、程序与优缺点：杂交育种基于基因重组，诱变育种基于基因突变，单倍体与多倍体育种基于染色体数目变异，基因工程育种可打破物种界限；延伸涉及三系法杂交水稻的育性恢复与核质互作。
BIOLOGY,基因突变,讲基因突变的概念、产生原因与主要特点，辨析“基因突变一定会导致遗传信息改变”的误判——碱基替换未必改变氨基酸序列；延伸涉及中性突变学说及其支撑事实，以及亚硝酸、羟胺的诱变作用特点。
BIOLOGY,基因重组,讲基因重组的概念与类型：减数分裂中同源染色体的非姐妹染色单体交叉互换、非同源染色体上非等位基因的自由组合；辨析交叉互换所发生的时期、作用范围与生物学意义，并涉及影印培养法筛选重组载体及连锁互换题型的口诀法思想。
BIOLOGY,基因突变与细胞癌变,讲基因突变对蛋白质的影响：替换一般只改变个别氨基酸或不改变序列，也可能使肽链提前终止；增添与缺失的影响取决于位置及碱基数是否为3的倍数。辨析体细胞与生殖细胞突变的遗传性、原位置与新位置突变的判定，以及原癌基因、抑癌基因与细胞癌变的关系。
BIOLOGY,人类遗传病,讲人类遗传病的概念及其三大类型——单基因遗传病、多基因遗传病与染色体异常遗传病的界定；归纳“五个不一定”等易错判定，辨析遗传方式、致病基因携带与发病之间的关系。
BIOLOGY,自然选择,讲自然选择的概念与机制：环境对可遗传变异的定向选择决定生物进化的方向，是现代生物进化理论的核心内容；可结合CAM途径适应环境的实例理解选择与适应的关系，并涉及生物进化的分子生物学证据。
BIOLOGY,基因频率,讲基因频率的概念与计算：种群中某基因占全部等位基因的比例，可由基因型频率推算；辨析特殊情境下的算法差异，如X连锁基因在男女发病率相等时频率与发病率的关系、ZW型种群中Z染色体基因频率的求法，及从性遗传中依据表型比例反推基因频率。
BIOLOGY,物种的形成,讲新物种形成的基本环节：突变和基因重组产生原材料、自然选择决定方向、隔离是物种形成的必要条件；辨析物种形成与生物进化二者差异——基因频率改变即进化，出现生殖隔离才形成新物种。
BIOLOGY,协同进化与生物多样性的形成,讲协同进化的类型与实例——种间互助、捕食、寄生、竞争以及生物与无机环境相互影响，并据此说明生物多样性的形成；辨析基因库、物种与隔离的概念，两个个体虽能交配产生后代，若后代不可育则不属于同一物种。
BIOLOGY,隔离在物种形成中的作用,讲隔离在物种形成中的作用：地理隔离指因地理障碍使种群间不能发生基因交流，生殖隔离是不同物种间一般不能相互交配、或交配成功也无法产生可育后代的隔离；归纳物种形成过程的三个环节、标志及三种模式，并辨析物种形成与生物进化的关系。
BIOLOGY,实验-探究抗生素对细菌的选择作用,讲探究抗生素对细菌选择作用的实验流程：将菌液均匀涂布于分区的培养基平板，放置纸片后倒置培养，测量并记录抑菌圈直径；再从抑菌圈外挑取菌落接种培养，重复数代并记录每代抑菌圈直径的变化。
BIOLOGY,生物多样性,讲生物多样性的层次——基因多样性、物种多样性与生态系统多样性，及其价值；辨析保护生物多样性不等于禁止一切开发利用，延伸涉及入侵种的特点、化学防治的弊端与干扰强度对多样性的影响。
BIOLOGY,渗透压,讲渗透压的概念：溶液中溶质微粒对水的吸引力，单位体积内溶质微粒数目越多渗透压越高；水分经渗透作用由渗透压较低一侧移向较高一侧，可据此分析组织液与血浆间水分移动及抗利尿激素分泌异常时的水平衡变化。
BIOLOGY,酸碱平衡,讲内环境pH相对稳定的机制：依靠血浆中缓冲物质的作用，代谢产生的乳酸等酸性物质与缓冲碱反应被中和，CO₂经呼吸排出并可参与呼吸运动的调节；辨析酸碱平衡与无机盐功能的关系，后者还参与有机物的合成。
BIOLOGY,体温调节,讲人体体温调节的机制：通过调节产热与散热过程维持体温相对恒定，代谢产热是机体热量的主要来源；下丘脑内并存体温调节中枢与渗透压感受器两类结构，注意区分二者功能归属，避免与水平衡调节混淆。
BIOLOGY,实验-模拟生物体维持ph的稳定,讲模拟生物体维持pH稳定的实验：以自来水、缓冲液、肝匀浆对照，滴加HCl或NaOH后比较pH变化；辨析易错点，如内环境pH主要靠HCO₃⁻/H₂CO₃等缓冲物质维持、乳酸与NaHCO₃发生中和，其稳定有赖于肺与肾的正常功能。
BIOLOGY,内环境,讲内环境的概念与组成：由血浆、组织液和淋巴构成的细胞外液是细胞直接生活的液体环境；辨析体液与内环境的关系，掌握血浆、组织液、淋巴之间相互转化的图示判读方法，明确细胞内液不属于内环境。
BIOLOGY,稳态,讲内环境稳态的概念：内环境的化学成分和理化性质保持相对稳定的状态，是动态平衡；说明稳态依赖缓冲物质等机制维持，调节机制为神经—体液—免疫调节网络，并辨析内环境稳态与机体健康的区别。
BIOLOGY,反射,讲反射的概念：在中枢神经系统参与下，机体对内外环境变化作出的规律性应答；辨析产生感觉、肌肉收缩等不一定是反射——反射需经过完整的反射弧，并归纳反射与反射弧关系的基本规则及易错判定。
BIOLOGY,反射弧,讲反射弧的组成——感受器、传入神经、神经中枢、传出神经和效应器——及各部分的功能定位；辨析反射发生的条件：需要完整的反射弧与适宜刺激，并可借助切断或刺激反射弧各环节的实验探究兴奋传导特点。
BIOLOGY,兴奋在神经纤维上的传导,讲兴奋在神经纤维上的传导：兴奋以电信号形式沿神经纤维传导，涉及静息电位与动作电位的产生；辨析传入神经上的信号形式、全或无定律与神经干上复合动作电位，并注意兴奋在神经元之间经突触单向传递，与神经纤维上的传导相区别。
BIOLOGY,突触,讲突触的结构——突触前膜、突触间隙和突触后膜——及兴奋在突触处传递的过程与信号转换；辨析兴奋经突触传递呈单向性的原因，比较兴奋性与抑制性递质的作用差异，并了解兴奋传递异常时的治疗思路。
BIOLOGY,神经递质,讲神经递质的概念：由突触前膜释放、与突触后膜受体结合而传递信息的化学物质；辨析兴奋性与抑制性递质作用后后膜电位的变化差异，归纳信息分子的类别与共同特征，并结合实例理解递质功能障碍的表现。
BIOLOGY,反馈调节,讲反馈调节的概念与类型：系统输出反过来影响输入的过程，负反馈调节在生命系统中普遍存在，如促红细胞生成素分泌的调节；辨析反馈调节与分级调节的关系，掌握二者的分析顺序与闭环结构。
BIOLOGY,神经系统的结构,讲神经系统的基本结构：中枢神经系统与周围神经系统的划分，脑、脊髓的功能分区及脑神经与脊神经的分布；辨析自主神经系统的组成，注意其并非只是传出神经，并比较交感神经与副交感神经对同一器官作用的差异。
BIOLOGY,神经系统的分级调节,讲神经系统的分级调节：脊髓等低级中枢受脑中相应高级中枢调控，如排尿反射中枢位于脊髓而受大脑皮层控制；辨析中间神经元在反射弧中的识别，区分下丘脑—垂体—靶腺体的内分泌分级控制与神经系统的分级调节。
BIOLOGY,大脑皮层,讲大脑皮层的位置与功能：是调节机体活动的最高级中枢，具有语言、感觉、运动等神经中枢；辨析大脑皮层支配躯体运动的特点，并区分大脑皮层与小脑、下丘脑、脑干等部分的功能。
BIOLOGY,神经调节的结构基础,讲神经调节的结构基础：中枢神经系统（脑与脊髓）和周围神经系统（脑神经与脊神经）的组成，脑各部分如大脑、小脑、下丘脑、脑干的功能；辨析交感神经与副交感神经的来源及对瞳孔、呼吸、心跳等作用的差异。
BIOLOGY,神经调节的基本方式,讲神经调节的基本方式——反射，比较条件反射与非条件反射的概念、神经中枢位置、反射弧联系是否固定及其意义；辨析反射弧结构破坏对感觉与效应的影响，明确条件反射的建立与消退属于新的学习过程。
BIOLOGY,甲状腺激素,讲甲状腺激素的分泌调节——下丘脑—垂体—甲状腺轴的分级调节与反馈抑制；辨析其功能：促进代谢、提高产热，但不直接提供能量；了解针对促甲状腺激素受体的刺激性抗体等异常情况，掌握激素含量变化问题的分析思路。
BIOLOGY,胰岛素,讲胰岛素的作用：促进组织细胞摄取、利用和储存葡萄糖从而降低血糖，是唯一降血糖的激素；辨析升高与降低血糖激素的拮抗关系，了解影响胰岛素分泌的信号分子及其与促葡萄糖利用类药物调节作用的异同。
BIOLOGY,胰高血糖素,讲胰高血糖素的作用：促进肝糖原分解及非糖物质转化为葡萄糖，从而升高血糖；辨析其不能促进肌糖原分解的易错点，比较胰岛素与胰高血糖素的拮抗关系，并联系糖尿病的发生与激素功能异常。
BIOLOGY,激素,讲激素的概念：由内分泌腺或内分泌细胞分泌、经体液运输至靶器官靶细胞发挥调节作用的微量高效物质；了解动物激素的发现史与研究激素的常用方法，以下丘脑—垂体—肾上腺轴为例理解激素的分级调节。
BIOLOGY,内分泌系统,讲内分泌系统的组成：人体主要内分泌腺及其分泌的激素，辨析各激素的化学本质；明确下丘脑在机体稳态调节中的枢纽作用，既参与神经调节，又是内分泌系统分级调节的起点。
BIOLOGY,激素调节的特点,讲激素调节的特点——通过体液运输、作用于靶器官靶细胞、微量高效；辨析激素调节与体液调节的关系，理解分级调节可放大调节效应、形成多级联动的意义。
BIOLOGY,体液免疫,讲体液免疫的过程：B细胞活化需要两个信号，活化的B细胞增殖分化为浆细胞和记忆细胞，浆细胞产生抗体与抗原结合；辨析体液免疫与细胞免疫的分工配合，归纳体液免疫中“三个唯一”等易错点。
BIOLOGY,细胞免疫,讲解细胞毒性T细胞识别并清除被病原体感染细胞的免疫应答过程，侧重免疫中各细胞的作用分工与再次感染时记忆应答的来源。与体液免疫区分：后者靠抗体清除体液中的抗原。
BIOLOGY,抗体,抗体是浆细胞产生的专门应对抗原的蛋白质，内容涵盖其在体液免疫中的产生、与抗原特异性结合及后续清除途径。与抗原区分：抗原是引发免疫反应的物质。实验设计中常用普通抗体作对照以排除抗体本身的影响。
BIOLOGY,抗原,指能引发免疫反应的物质，一般是外来异物，也可能是自身组织或细胞，包含抗原决定簇等结构概念。与抗体区分：抗体是机体产生的专门应对抗原的蛋白质；与过敏原在引发反应的性质上也有所不同。
BIOLOGY,疫苗,指以灭活或减毒的病原体及其抗原成分制备，用于刺激机体产生特异性免疫的制品。涵盖初次接种与加强接种的抗体应答差异、灭活疫苗与mRNA疫苗的不同，以及疫苗抗原成分的选择原则。
BIOLOGY,免疫系统,说明免疫系统由免疫器官、免疫细胞和免疫活性物质三部分构成，阐明各类免疫细胞的分布与功能，并区分免疫细胞与免疫活性物质这两个易混概念。
BIOLOGY,免疫系统的组成和功能,说明免疫系统各组分之间的分工与配合：骨髓与胸腺分别是B细胞和T细胞发生、成熟的主要场所，脾、淋巴结、扁桃体是淋巴细胞集中分布的部位，树突状细胞与巨噬细胞承担抗原处理和呈递。强调辅助性T细胞在衔接两类免疫中的作用。
BIOLOGY,非特异性免疫,指人体抵御病原体的三道防线中以第一、二道防线为代表的生来就有的免疫，不针对特定病原体。与特异性免疫区分：后者是出生后才获得的、针对特定病原体的免疫，其效果可从二次应答的抗体浓度与反应速度体现。
BIOLOGY,特异性免疫,指出生后获得的、针对特定病原体的免疫，包括体液免疫与细胞免疫两大类型。判断免疫类型时可从参与细胞、效应途径和涉及物质几个视角综合区分。
BIOLOGY,免疫失调,包括免疫缺陷、过敏反应和自身免疫病等类型。以HIV感染为例，说明其攻击并破坏辅助性T细胞后导致免疫监视等功能丧失的过程，以及治疗时机与辅助性T细胞水平的关系。
BIOLOGY,生长素,一类促进生长的植物激素，作用具有两重性，且发挥作用后被灭活。涵盖其发现历程，以及单侧光、重力等引起分布不均而导致果实或幼苗弯曲生长的现象与矫正思路。
BIOLOGY,生长素的极性运输,指生长素从形态学上端向下端的运输，属于主动运输，依赖载体蛋白并消耗能量。与单侧光、重力引起的生长素横向再分布区分：后两者改变分布格局，但不改变极性运输的方向。
BIOLOGY,生长素的两重性,指生长素低浓度促进生长、高浓度抑制生长的现象。不同器官对生长素的敏感程度不同，顶端优势是两重性的典型表现。解读浓度曲线图时需区分促进与抑制浓度对不同器官的作用差异。
BIOLOGY,其他植物激素,除生长素外，还包括赤霉素、细胞分裂素、脱落酸和乙烯等类型。说明各类激素的合成部位与作用，如乙烯促进果实成熟的作用部位。与生长素区分：来源部位和作用对象不同。
BIOLOGY,植物生长调节剂,指人工合成的、对植物生长发育有调节作用的物质，其种类与优点区别于天然植物激素。植物生长发育由多种激素共同调控，调节剂在这一整体网络中作用于特定环节。
BIOLOGY,植物生长调节剂的应用,说明其在农林业中的常见应用：乙烯利催熟果实、赤霉素处理大麦使种子无须发芽即产生α-淀粉酶、青鲜素抑制贮藏期发芽等。也涵盖插条生根的两种处理方法（浸泡法与短时间蘸液）的操作要点，以及探究实验的设计原则。
BIOLOGY,种群密度,指种群在单位面积或单位体积中的个体数，是种群最基本的数量特征。调查方法除样方法和标志重捕法外还有针对特定对象的其他方法，不同对象应选用不同方法。
BIOLOGY,样方法,常用于调查植物及活动能力弱、活动范围小的动物的种群密度。要点包括随机取样、样方大小与数量适宜、计数原则（如计相邻两边及其夹角）。与标志重捕法区分：后者适用于活动能力强、活动范围大的动物。
BIOLOGY,标志重捕法,适用于活动能力强、活动范围大的动物。原理是重捕样本中标记个体比例近似总体比例，据此估算种群总数。讨论估算公式、适用条件及标记丢失或死亡引起的误差，并与去除取样法区分。
BIOLOGY,k值,指环境容纳量，即在一定环境条件下所能维持的种群最大数量。种群数量达到K值一半时增长速率最大，是资源开发与有害生物防治的关键参考点。K值随环境条件变化，并非固定不变。
BIOLOGY,生态位,指一个物种在群落中的地位和角色，涵盖其栖息地、食物资源和活动时间等方面。不同物种可通过生态位分离减轻竞争，如捕食者与猎物体型差异。可借助物种分布坐标图和时间生态位重叠指数加以分析。
BIOLOGY,种群的特征,指一定区域内同种生物的全部个体，强调种群是一个整体而非单个个体，也不是区域内所有生物。包含随机、均匀和集群三种空间分布型，是研究种群数量特征的基础。
BIOLOGY,种群的数量特征,包括种群密度这一基本特征，以及出生率、死亡率、迁入率、迁出率、年龄结构和性别比例。年龄结构与性别比例通过影响出生率和死亡率间接影响种群密度，注意年龄结构只能推测趋势而不决定变化。
BIOLOGY,种群的数量变化,说明影响种群数量变化的因素：出生率、死亡率、迁入率、迁出率是直接因素，年龄结构和性别比例是间接因素，环境条件起决定作用。λ值可用于判断种群数量变化的方向。
BIOLOGY,群落的结构,包括群落的垂直结构（分层现象）、水平结构和物种组成等。分层是指不同物种在垂直方向上占据不同层次，与光照等环境因素有关。也涉及优势种的判断依据与生态位的形成。
BIOLOGY,群落的演替,指群落随时间推移由一个类型逐渐被另一个类型替代的过程，分为初生演替与次生演替，两者的起始条件不同。人类活动往往使群落演替按照不同于自然的方向和速度进行。
BIOLOGY,种群数量的变化,比较J形与S形两种增长模型：J形无环境阻力、无K值，适用于理想条件或迁入新环境的初期；S形存在环境阻力，数量达到K值后保持相对稳定，增长速率先增后减。资源开发时宜将种群维持在K值一半处。
BIOLOGY,群落的主要类型及群落的演替,涵盖荒漠、草原和森林等主要群落类型，比较其在物种组成、结构复杂度和生物适应特征上的差异，以及我国森林群落的南北分布；并区分初生演替与次生演替的概念、实例与时间差别。
BIOLOGY,食物链,指生态系统中生产者与各种消费者之间因捕食关系形成的链状结构，起点是生产者，按捕食顺序确定营养级。分解者不占据营养级；有害物质可沿食物链逐级浓缩，即生物富集。
BIOLOGY,食物网,指多条食物链彼此交错连接形成的网状营养结构，食物链与食物网共同构成生态系统的营养结构，是能量流动和物质循环的渠道。同一生物在不同食物链中可占据不同营养级。
BIOLOGY,生态系统的结构,包括生态系统的组成成分（生产者、消费者、分解者）和非生物环境，以及食物链、食物网构成的营养结构。注意植物不一定是唯一的生产者，生态系统的生产者成分不等于全部植物。
BIOLOGY,能量流动,指能量经生产者固定后沿营养级逐级传递、逐级递减，最终以热能形式散失的过程，具有单向流动的特点。分析某一营养级在特定时间内的能量去向时，容易遗漏流向下一营养级的那一部分。
BIOLOGY,生态系统的稳定性,指生态系统维持自身结构与功能相对稳定的能力，核心机制是负反馈调节。一般来自生物多样性和营养结构复杂程度的影响；自我调节能力有一定限度，超过限度则稳定性被破坏且难以恢复。
BIOLOGY,物质循环,指碳等元素在生物群落与无机环境之间反复循环利用的过程，碳主要以二氧化碳形式循环。温室效应与碳循环的平衡被打破有关；分解者和消费者还可能承担污染物沿食物链传递的双重角色。
BIOLOGY,信息传递,指生态系统中物理、化学和生物信息的流动过程，能调节种间关系、维持生态系统稳定，并在农业生产中有两方面应用。注意与细胞内遗传信息的传递（如DNA复制）相区分。
BIOLOGY,生态工程,指遵循生态学原理、运用系统学观点设计和建设的生态工程，用于应对气候变化等全球性生态环境问题。强调在进行生态工程建设时对整体性、协调性等基本原理的判断与应用。
BIOLOGY,传统发酵技术,指利用自然状态或半自然状态下的微生物进行食品发酵的传统技术，如利用厌氧的乳酸菌。特点是多采用混合菌种的固体或半固体发酵；与发酵工程相比，后者强调纯种和可控条件。
BIOLOGY,微生物的培养,涵盖微生物培养的基本技术：培养基配制、倒平板等无菌操作、菌种分离纯化，以及用刚果红染色法筛选纤维素分解菌等特定功能微生物的方法。
BIOLOGY,无菌技术,指为防止杂菌污染而采取的规范操作，核心是区分消毒与灭菌：消毒只杀死大部分病原微生物，灭菌则杀灭包括芽孢在内的全部微生物。还包括对器具、材料和操作过程的无菌要求等要点。
BIOLOGY,发酵工程,指利用微生物的特定功能，在可控条件下大规模生产代谢产物的技术。基本流程包括菌种选育与扩大培养、培养基配制、灭菌与接种、发酵和产物分离纯化，其中发酵是中心环节。
BIOLOGY,植物组织培养,指在无菌条件下将植物的细胞、组织或器官培养成完整植株的技术，原理是植物细胞的全能性。包括诱导愈伤组织及其分化等基本操作，注意脱毒苗的获得与不定根培养的区别。
BIOLOGY,动物细胞培养,指在体外适宜条件下培养动物细胞的技术，包括原代培养和传代培养。相关应用涉及体细胞核移植的难点与胚胎细胞核移植的优势、克隆动物的遗传来源。与植物组织培养区分：一般停留在细胞水平。
BIOLOGY,细胞融合,指使两个或多个动物细胞或植物原生质体融合为一个细胞的技术，包括动物细胞融合与植物体细胞杂交。它突破了有性杂交的局限，使远缘物种间实现细胞水平的遗传物质结合。
BIOLOGY,单克隆抗体,指由单个B淋巴细胞增殖形成的细胞群所产生的抗体，具有特异性强、灵敏度高、可大量制备的特点。关键是诱导B淋巴细胞与骨髓瘤细胞融合获得杂交瘤细胞。与多克隆的普通抗体相区分。
BIOLOGY,胚胎工程,指对动物配子、受精卵和早期胚胎进行体外操作的技术，如体外受精、胚胎体外培养和胚胎移植。涵盖卵子的体外成熟与冲取途径、早期胚胎的发育阶段，并应用于动物细胞核移植等。
BIOLOGY,基因工程,指在体外对基因进行切割、拼接和转移，从而定向改造生物遗传特性的技术。基本操作程序包括获取与鉴定目的基因、构建基因表达载体、导入受体细胞及目的基因的鉴定与表达。
BIOLOGY,转基因生物的安全性,指对转基因生物及其产品在生物安全、食品安全方面的风险评估。涉及基因驱动等新技术的原理与安全性，以及生殖性克隆等伦理问题的辨析，评价时应持科学、审慎的态度。
BIOLOGY,限制酶,指能识别特定核苷酸序列并在特定位点切割DNA的酶，是DNA重组技术的基本工具。同尾酶虽来源不同，但识别并切割后产生的末端可互补连接；双酶切可提高连接的方向性。
BIOLOGY,载体,指在基因工程中携带目的基因进入受体细胞、并可在其中复制表达的DNA分子，如质粒。常带有标记基因用于筛选，双标记可同时鉴别是否导入及是否为重组载体。
BIOLOGY,pcr技术,指在体外特异性扩增DNA片段的技术。反应体系包括模板、引物、四种脱氧核苷酸和热稳定性DNA聚合酶等；每个扩增周期经历变性、复性和延伸三步，循环后目的片段指数增加。
BIOLOGY,基因编辑,指在基因组指定位置进行精确修改的技术，以CRISPR/Cas9系统为代表：向导RNA引导Cas9切割DNA，由细胞修复机制完成编辑。需关注脱靶效应与载体要求，dCas9变体可用于基因转录调控。
BIOLOGY,dna连接酶,说明DNA连接酶的功能（催化相邻DNA片段之间形成磷酸二酯键，连接DNA片段）；重点是区分其与DNA聚合酶等酶的作用方式，不展开DNA复制或转录翻译的完整过程。
BIOLOGY,蛋白质工程,说明蛋白质工程的概念（以蛋白质分子为对象，根据人的具体需要，对现有蛋白质进行改造或制造新的蛋白质）及其与传统基因工程的比较；不展开具体蛋白质的空间结构与功能。
BIOLOGY,探究动植物生命活动调节实验的思路与方法,说明切除、注射、阉割、移植等方法验证激素功能的实验思路，及常见易错点（神经递质可能使下一个神经元兴奋或抑制、双缩脲试剂不能检测所有激素、肌糖原不能直接升高血糖等）；界定在激素功能验证的方法，不展开各种植物激素的合成部位。
BIOLOGY,遗传信息的翻译,说明翻译的场所（核糖体）、模板（mRNA）、原料与产物，密码子的特性（如终止密码子不编码氨基酸、简并性、专一性、通用性等），及与复制、转录在模板和场所上的区别；与siRNA和miRNA等的作用层次相区分。
