subject,slug,name,kind,parent_topic_slug,boundary,source_locator
BIOLOGY,光呼吸,光呼吸,CONCEPT,生物学必修1·第五章第四节·光合作用·光合作用与能量转化,定位：生物学必修1 第五章第四节·光合作用·光合作用与能量转化。（见知识清单/教材）,人教版高中教材（2019）
MATH,集合的含义与表示,集合的含义与表示,CONCEPT,数学必修第一册·第一章·集合与常用逻辑用语,定位：数学必修第一册 第一章·集合与常用逻辑用语。研究对象统称为元素，一些元素组成的总体叫做集合；大写拉丁字母表集合、小写字母表元素，另有列举、描述、区间、韦恩图四种常用表示。,桌面教辅资料：《1.1集合的概念（讲义）》《1.2集合间的基本关系（讲义）》《1.3集合的基本运算（讲义）》（2026年新高考资料·一轮复习）
MATH,集合中元素的特征,集合中元素的特征,CONCEPT,数学必修第一册·第一章·集合与常用逻辑用语,定位：数学必修第一册 第一章·集合与常用逻辑用语。确定性、互异性、无序性三条特征；含参集合题须用互异性检验参数取值。,桌面教辅资料：《1.1集合的概念（讲义）》《1.2集合间的基本关系（讲义）》《1.3集合的基本运算（讲义）》（2026年新高考资料·一轮复习）
MATH,集合的分类,集合的分类,CONCEPT,数学必修第一册·第一章·集合与常用逻辑用语,定位：数学必修第一册 第一章·集合与常用逻辑用语。按元素个数分有限集与无限集；有限集宜用列举法，无限集宜用描述法。,桌面教辅资料：《1.1集合的概念（讲义）》《1.2集合间的基本关系（讲义）》《1.3集合的基本运算（讲义）》（2026年新高考资料·一轮复习）
MATH,元素与集合的关系,元素与集合的关系,CONCEPT,数学必修第一册·第一章·集合与常用逻辑用语,定位：数学必修第一册 第一章·集合与常用逻辑用语。属于 a∈A 与不属于 a∉A；元素与集合用属于，集合与集合用包含，符号不可混用。,桌面教辅资料：《1.1集合的概念（讲义）》《1.2集合间的基本关系（讲义）》《1.3集合的基本运算（讲义）》（2026年新高考资料·一轮复习）
MATH,子集与集合的相等,子集与集合的相等,CONCEPT,数学必修第一册·第一章·集合与常用逻辑用语,定位：数学必修第一册 第一章·集合与常用逻辑用语。A 的元素全在 B 中则 A⊆B；互相包含则 A=B；B 有 A 没有的元素则 A⫋B（真子集）。,桌面教辅资料：《1.1集合的概念（讲义）》《1.2集合间的基本关系（讲义）》《1.3集合的基本运算（讲义）》（2026年新高考资料·一轮复习）
MATH,空集,空集,CONCEPT,数学必修第一册·第一章·集合与常用逻辑用语,定位：数学必修第一册 第一章·集合与常用逻辑用语。∅ 不含任何元素，是任何集合的子集、任何非空集合的真子集；n 元集合子集数 2 的 n 次方。,桌面教辅资料：《1.1集合的概念（讲义）》《1.2集合间的基本关系（讲义）》《1.3集合的基本运算（讲义）》（2026年新高考资料·一轮复习）
MATH,交集与并集,交集与并集,CONCEPT,数学必修第一册·第一章·集合与常用逻辑用语,定位：数学必修第一册 第一章·集合与常用逻辑用语。A∩B={x|x∈A且x∈B}，A∪B={x|x∈A或x∈B}；交并运算的基本性质与韦恩图示法。,桌面教辅资料：《1.1集合的概念（讲义）》《1.2集合间的基本关系（讲义）》《1.3集合的基本运算（讲义）》（2026年新高考资料·一轮复习）
MATH,补集,补集,CONCEPT,数学必修第一册·第一章·集合与常用逻辑用语,定位：数学必修第一册 第一章·集合与常用逻辑用语。∁ᵤA 由全集 U 中不属于 A 的元素组成；全集补集为空集，空集补集为全集。,桌面教辅资料：《1.1集合的概念（讲义）》《1.2集合间的基本关系（讲义）》《1.3集合的基本运算（讲义）》（2026年新高考资料·一轮复习）
MATH,命题,命题,CONCEPT,数学必修第一册·第一章·集合与常用逻辑用语,定位：数学必修第一册 第一章·集合与常用逻辑用语。可判断真假的陈述句叫命题；命题一般形式“若p则q”，p为条件、q为结论；公理与定理、定义是推理依据。,桌面教辅资料：《1.4命题与充要条件（讲义）》（2026年新高考资料·一轮复习）
MATH,百分位数,百分位数,CONCEPT,数学必修第二册·第九十章（条件概率与正态分布见选择性必修第三册）·概率统计,定位：数学必修第二册 第九十章（条件概率与正态分布见选择性必修第三册）·概率统计。一组数据中至少有 p% 小于等于它且至少有 100-p% 大于等于它的值；np 为整数取第 n·p% 与下一位的平均，非整数取上取位。,桌面教辅资料：《第九章 统计与成对数据的统计分析·第2节 用样本估计总体》（2026年大一轮复习讲义）
MATH,众数、中位数与平均数,众数、中位数与平均数,CONCEPT,数学必修第二册·第九十章（条件概率与正态分布见选择性必修第三册）·概率统计,定位：数学必修第二册 第九十章（条件概率与正态分布见选择性必修第三册）·概率统计。众数是出现次数最多的数据；中位数是排序后居中的值（偶数个取中间两数平均）；平均数是全体数据的算术平均，三者刻画集中趋势。,桌面教辅资料：《第九章 统计与成对数据的统计分析·第2节 用样本估计总体》（2026年大一轮复习讲义）
MATH,方差与标准差,方差与标准差,CONCEPT,数学必修第二册·第九十章（条件概率与正态分布见选择性必修第三册）·概率统计,定位：数学必修第二册 第九十章（条件概率与正态分布见选择性必修第三册）·概率统计。方差 s²=（1/n）Σ(xi-x̄)² 刻画离散程度，标准差 s=√s²；数据平移方差不变，伸缩 a 倍方差变为 a² 倍。,桌面教辅资料：《第九章 统计与成对数据的统计分析·第2节 用样本估计总体》（2026年大一轮复习讲义）
MATH,函数模型与增长速度的比较,函数模型与增长速度的比较,CONCEPT,数学必修第一册·第四章·指数函数与对数函数,定位：数学必修第一册 第四章·指数函数与对数函数。直线上升（匀速）、指数增长（先慢后快）、对数增长（先快后慢）三类增长速度差异与建模选择。,桌面教辅资料：《第12节 函数模型及其应用》（2026年大一轮复习讲义数学）
MATH,概率的基本性质,概率的基本性质,CONCEPT,数学必修第二册·第九十章（条件概率与正态分布见选择性必修第三册）·概率统计,定位：数学必修第二册 第九十章（条件概率与正态分布见选择性必修第三册）·概率统计。概率取值范围、互斥事件加法公式与对立事件概率公式。,桌面教辅资料：《第05讲 古典概型与概率的基本性质》（2026年大一轮复习讲义数学）
CHEMISTRY,差量法,差量法,PROCEDURE,化学必修第一册·第一章·物质分类与转化,定位：化学必修第一册 第一章·物质分类与转化。差量法：利用反应前后某物理量的“理论差量”与实际差量成正比列式求解；差量可为质量、体积、物质的量等。,桌面教辅资料：《化学计算的常用方法》（2026年复习讲义）
CHEMISTRY,同素异形体,同素异形体,CONCEPT,化学必修第一册·第一章·物质分类与转化,定位：化学必修第一册 第一章·物质分类与转化。同一种元素形成的不同单质互称同素异形体；转化属化学变化（O₂与O₃、金刚石与石墨）。,桌面教辅资料：《2027版53高考总复习A版·化学精讲册》（第一章 物质及其变化）
CHEMISTRY,游离态,游离态,CONCEPT,化学必修第一册·第一章·物质分类与转化,定位：化学必修第一册 第一章·物质分类与转化。元素以单质形态存在的状态叫游离态；通常具有氧化性或还原性，可参与氧化还原反应。,桌面教辅资料：《2027版53高考总复习A版·化学精讲册》（第一章 物质及其变化）
CHEMISTRY,化合态,化合态,CONCEPT,化学必修第一册·第一章·物质分类与转化,定位：化学必修第一册 第一章·物质分类与转化。元素以化合物形态存在的状态叫化合态；与游离态之间可相互转化。,桌面教辅资料：《2027版53高考总复习A版·化学精讲册》（第一章 物质及其变化）
CHEMISTRY,纯净物,纯净物,CONCEPT,化学必修第一册·第一章·物质分类与转化,定位：化学必修第一册 第一章·物质分类与转化。由一种物质组成；有固定的组成与性质，可用化学式表示（与混合物相对）。,桌面教辅资料：《2027版53高考总复习A版·化学精讲册》（第一章 物质及其变化）
CHEMISTRY,混合物,混合物,CONCEPT,化学必修第一册·第一章·物质分类与转化,定位：化学必修第一册 第一章·物质分类与转化。由两种或两种以上物质组成；无固定组成，各成分保持原有性质（与纯净物相对）。,桌面教辅资料：《2027版53高考总复习A版·化学精讲册》（第一章 物质及其变化）
CHEMISTRY,单质,单质,CONCEPT,化学必修第一册·第一章·物质分类与转化,定位：化学必修第一册 第一章·物质分类与转化。由同种元素组成的纯净物；既可为金属也可为非金属（稀有气体为单原子分子）。,桌面教辅资料：《2027版53高考总复习A版·化学精讲册》（第一章 物质及其变化）
CHEMISTRY,化合物,化合物,CONCEPT,化学必修第一册·第一章·物质分类与转化,定位：化学必修第一册 第一章·物质分类与转化。由两种或两种以上元素组成的纯净物；可按组成与性质进一步分类。,桌面教辅资料：《2027版53高考总复习A版·化学精讲册》（第一章 物质及其变化）
CHEMISTRY,离子化合物,离子化合物,CONCEPT,化学必修第一册·第一章·物质分类与转化,定位：化学必修第一册 第一章·物质分类与转化。含有离子键的化合物；熔融状态下能导电，不一定含金属元素（如 NH4Cl）。,桌面教辅资料：《2027版53高考总复习A版·化学精讲册》（第一章 物质及其变化）
CHEMISTRY,共价化合物,共价化合物,CONCEPT,化学必修第一册·第一章·物质分类与转化,定位：化学必修第一册 第一章·物质分类与转化。只含共价键的化合物；熔融状态不导电，一定不含离子键。,桌面教辅资料：《2027版53高考总复习A版·化学精讲册》（第一章 物质及其变化）
CHEMISTRY,化学与传统文化,化学与传统文化,CONCEPT,化学必修第一册·第一章·物质分类与转化,定位：化学必修第一册 第一章·物质分类与转化。以传统文化（古籍记载、传统工艺：造纸、火药、陶瓷、酿造等）为载体的化学知识辨析。,桌面教辅资料：《2027版53高考总复习A版·化学精讲册》（第一章 物质及其变化）
PHYSICS,第一次人工核反应,第一次人工核反应,CONCEPT,物理选择性必修第三册·第四五章·近代物理,定位：物理选择性必修第三册 第五章·原子核。1919 年卢瑟福用 α 粒子轰击氮核发现质子，是第一次人工核反应。,桌面教辅资料：《2027版53高考总复习A版·物理精讲册》
BIOLOGY,基础类选择题的选项设置陷阱,基础类选择题的选项设置陷阱,PROCEDURE,BIOLOGY·综合·综合·综合,定位：BIOLOGY·综合·综合。方法用于快速定位选项错误，不能替代对教材知识的准确记忆；绝对化词语只提示可能存在错误，最终仍要落到具体生物学事实上；还需看清题干要求选正确项还是错误项。,《解题觉醒》名师大招册（2027版）视觉转写
BIOLOGY,构图法分析复杂文字信息题,构图法分析复杂文字信息题,PROCEDURE,BIOLOGY·综合·综合·综合,定位：BIOLOGY·综合·综合。构图法只解决信息梳理问题，模型中的每个关系都必须回到题干文字中找到依据，不能凭印象补连箭头；模型画完后仍要逐项与选项比对。,《解题觉醒》名师大招册（2027版）视觉转写
BIOLOGY,模式图逻辑链的分析方法,模式图逻辑链的分析方法,PROCEDURE,BIOLOGY·综合·综合·综合,定位：BIOLOGY·综合·综合。整图逻辑必须完整覆盖所有箭头，漏掉一条路径就可能得出相反结论；分级抑制模型中相邻两级作用相反、整体效果由级数决定，不能只看相邻两个节点的关系。,《解题觉醒》名师大招册（2027版）视觉转写
BIOLOGY,坐标图类信息题的变量分析,坐标图类信息题的变量分析,PROCEDURE,BIOLOGY·综合·综合·综合,定位：BIOLOGY·综合·综合。必须先分清自变量与因变量再读曲线，变量认反会导致结论完全颠倒；曲线在不同区间的升降趋势可能不同，不能把某一区间的规律推广到全程；柱形图与表格要关注极值点而非只看整体高低。,《解题觉醒》名师大招册（2027版）视觉转写
BIOLOGY,长句应答题的作答方法,长句应答题的作答方法,EXPRESSION,BIOLOGY·综合·综合·综合,定位：BIOLOGY·综合·综合。长句应答只要能写出合理的逻辑推导并出现相应关键词即可得分，不追求与标准答案完全一致；实验设计类题目不适用本方法，应按对照实验设计的模板单独分析；反证法逻辑多用于遗传推导，其他模块用得较少。,《解题觉醒》名师大招册（2027版）视觉转写
BIOLOGY,教材文字迁移类长句题,教材文字迁移类长句题,EXPRESSION,BIOLOGY·综合·综合·综合,定位：BIOLOGY·综合·综合。教材原文作答要求关键词完全一致，不能用近义词替换；迁移类题目不能整段照抄教材，必须把题干新信息并入教材逻辑中；复习时不能只背正文，教材的边角、图示、探究·实践栏目同样是考点。,《解题觉醒》名师大招册（2027版）视觉转写
BIOLOGY,对照实验的分析方法,对照实验的分析方法,EXPERIMENT,BIOLOGY·综合·综合·综合,定位：BIOLOGY·综合·综合。单一变量原则是分析多自变量实验的关键，不能把多个自变量的变化同时归因于一个结论；自身对照必须有处理前的数据作比较，没有前测数据就得不到结论；空白对照用的是等量的溶剂或生理盐水，不是不做任何处理。,《解题觉醒》名师大招册（2027版）视觉转写
BIOLOGY,对照实验设计的四步模板,对照实验设计的四步模板,EXPERIMENT,BIOLOGY·综合·综合·综合,定位：BIOLOGY·综合·综合。模板只解决表述规范问题，四素判断错误仍会全题失分；实验材料分组必须强调随机均分，自变量操纵要具体到剂量、时间、方式；无关变量必须写出处理办法，不能只写“其他条件相同”。,《解题觉醒》名师大招册（2027版）视觉转写
BIOLOGY,实验结果与实验结论的辨析,实验结果与实验结论的辨析,EXPERIMENT,BIOLOGY·综合·综合·综合,定位：BIOLOGY·综合·综合。实验结果只写现象与数据，不能写因果论断；实验结论必须落到自变量与因变量的关系上，不能只重复现象；用“若……则……”句式时，条件和结论必须一一对应，否则整句不得分。,《解题觉醒》名师大招册（2027版）视觉转写
BIOLOGY,物理模型的构建方法,物理模型的构建方法,PROCEDURE,BIOLOGY·综合·综合·综合,定位：BIOLOGY·综合·综合。模型是简化描述，构建后必须与教材文字逐条比对、补齐省略的细节，不能只记模型而忽略教材原文；不同模型适用范围不同，数学模型的建模与求解另见数学思维部分。,《解题觉醒》名师大招册（2027版）视觉转写
BIOLOGY,概率与统计在生物学中的应用,概率与统计在生物学中的应用,PROCEDURE,BIOLOGY·综合·综合·综合,定位：BIOLOGY·综合·综合。互斥事件与独立事件不能混用，同一个体不同基因型之间是互斥的、配子结合与不同对基因之间是独立的；统计子代比例必须有足够大的样本量，小样本的偏离不能说明比例异常；样方法与标记重捕法的适用对象不能互换。,《解题觉醒》名师大招册（2027版）视觉转写
BIOLOGY,数列与排列组合在遗传计算中的应用,数列与排列组合在遗传计算中的应用,PROCEDURE,BIOLOGY·综合·综合·综合,定位：BIOLOGY·综合·综合。连续自交与自由交配的公式适用前提不同，自由交配需群体足够大且无选择、无突变，逐代淘汰aa后自由交配的代际差异与自交的差异性质不同；组合数只解决配子比例，个体的存活情况还要另作判断。,《解题觉醒》名师大招册（2027版）视觉转写
BIOLOGY,同位素标记法,同位素标记法,PROCEDURE,BIOLOGY·综合·综合·综合,定位：BIOLOGY·综合·综合。标记元素必须是待测物质特有的元素，否则无法区分该物质与其他成分；稳定同位素没有放射性，只能通过质量差异（如密度梯度离心）检测，不能用放射性检测；同位素标记只能示踪原子去向，不能说明反应速率或能量变化。,《解题觉醒》名师大招册（2027版）视觉转写
BIOLOGY,化学键与分子间作用力,化学键与分子间作用力,CONCEPT,BIOLOGY·综合·综合·综合,定位：BIOLOGY·综合·综合。共价键与氢键的稳定性差异是理解变性、复性与水分子流动性的关键，不能把氢键当作化学键来比较强弱；相似相溶只适用于分子结构相似的判断，不能推广到所有物质的跨膜方式。,《解题觉醒》名师大招册（2027版）视觉转写
BIOLOGY,氧化还原反应与细胞代谢,氧化还原反应与细胞代谢,CONCEPT,BIOLOGY·综合·综合·综合,定位：BIOLOGY·综合·综合。氧化还原的实质是元素化合价的升降，不能只看是否有氧参加；希尔反应只说明离体叶绿体在适当条件（铁盐等氧化剂、光照）下可发生水的光解、产生氧气，没有排除叶绿体中其他物质的干扰，不能直接证明光合作用产生的 O₂ 中氧元素全部来自水。,《解题觉醒》名师大招册（2027版）视觉转写
BIOLOGY,生物分子中的酯与芳香族化合物,生物分子中的酯与芳香族化合物,CONCEPT,BIOLOGY·综合·综合·综合,定位：BIOLOGY·综合·综合。酯类不等于脂肪，磷脂和核苷酸中的磷酸二酯键同样属于酯的范畴；含氮碱基并不都参与构成核酸，如嘌呤还可转化为细胞分裂素；吲哚类物质与生长素结构相关但不能等同于生长素。,《解题觉醒》名师大招册（2027版）视觉转写
BIOLOGY,信息分子与功能物质,信息分子与功能物质,CONCEPT,BIOLOGY·综合·综合·综合,定位：BIOLOGY·综合·综合。信息分子不一定是有机大分子，CO₂、H⁺等小分子也可传递信息；激素与神经递质都是信息分子但不直接参与代谢，只起调节作用；酶是催化剂而非信息分子，抗体的作用是与抗原结合而不是传递信息。,《解题觉醒》名师大招册（2027版）视觉转写
BIOLOGY,电子传递过程的三步定位法,电子传递过程的三步定位法,PROCEDURE,BIOLOGY·综合·综合·综合,定位：BIOLOGY·综合·综合。两步之间的对应关系不能张冠李戴，如把线粒体的H⁺梯度方向与类囊体的混淆；电子供体与最终受体要成对判断，O₂对应生成H₂O、NADP⁺对应生成NADPH；场所由过程所处阶段决定，不能由图示外形猜测。,《解题觉醒》名师大招册（2027版）视觉转写
BIOLOGY,细胞分裂时期的判断方法,细胞分裂时期的判断方法,PROCEDURE,BIOLOGY·综合·综合·综合,定位：BIOLOGY·综合·综合。“三秒法”只适用于二倍体细胞的图像判断，单倍体与四倍体细胞的同源染色体情况不同；显微照片要结合题干文字信息，不能仅凭图像形态下结论；着丝粒分裂使染色体数目加倍发生在有丝分裂后期与减数分裂Ⅱ后期，不要与核DNA加倍混淆。,《解题觉醒》名师大招册（2027版）视觉转写
BIOLOGY,减数分裂异常的原因分析,减数分裂异常的原因分析,PROCEDURE,BIOLOGY·综合·综合·综合,定位：BIOLOGY·综合·综合。口诀的前提是不考虑基因突变和互换，若题干允许互换或突变则不能直接用口诀判断；判断“相同”时应按来自同一个次级性母细胞的子细胞比较，跨次级性母细胞的子细胞不适用；无A和a的配子可能来自MⅠ也可能是MⅡ异常，不能一律判为MⅠ异常。,《解题觉醒》名师大招册（2027版）视觉转写
BIOLOGY,常见实验试剂与颜色变化,常见实验试剂与颜色变化,EXPERIMENT,BIOLOGY·综合·综合·综合,定位：BIOLOGY·综合·综合。颜色变化要与试剂和检测对象一一对应，不能用斐林试剂的砖红色描述双缩脲反应；台盼蓝是活体染色，活细胞不着色，不能反用；甲紫溶液使染色体深色是针对已解离的根尖细胞。,《解题觉醒》名师大招册（2027版）视觉转写
BIOLOGY,生物学实验技术与方法,生物学实验技术与方法,EXPERIMENT,BIOLOGY·综合·综合·综合,定位：BIOLOGY·综合·综合。不同方法的适用对象不同，如样方法适用于植物和活动能力弱的动物、标记重捕法适用于活动能力强且范围广的动物；同位素标记要选择待测物质特有的元素，并且要区分是否有放射性。,《解题觉醒》名师大招册（2027版）视觉转写
BIOLOGY,遗传学实验设计的思路与方法,遗传学实验设计的思路与方法,EXPERIMENT,生物学必修2·第一章第二节·遗传的基本规律,定位：生物学必修2 第一章第二节。交配方式要与实验材料匹配（自交适用于雌雄同体的植物，动物只能用测交或杂交）；“一一对应”要求后代数量足够多，否则分离比会偏离理论值；设计题要写出预期结果与结论两种情况，不能只写操作步骤。,《解题觉醒》名师大招册（2027版）视觉转写
BIOLOGY,性状显隐性的判断,性状显隐性的判断,PROCEDURE,生物学必修2·第一章第二节·遗传的基本规律,定位：生物学必修2 第一章第二节。“后代只出现一种性状”必须建立在子代数量足够多的基础上，少量后代不能排除隐性基因；出现 3:1 的前提是亲本为杂合子且完全显性；若表现为不完全显性或共显性，则不能用 3:1 判断显隐性。,《解题觉醒》名师大招册（2027版）视觉转写
BIOLOGY,纯合子与杂合子的判断,纯合子与杂合子的判断,PROCEDURE,生物学必修2·第一章第二节·遗传的基本规律,定位：生物学必修2 第一章第二节。自交法要求待测个体能自交（雌雄同花或同株），动物不能自交；测交法要求已知隐性纯合子作亲本；花粉鉴定法只反映配子类型，不能直接说明子代情况，且只适用于花粉性状可区分的植物。,《解题觉醒》名师大招册（2027版）视觉转写
BIOLOGY,基因位置的判断方法,基因位置的判断方法,PROCEDURE,生物学必修2·第一章第二节·遗传的基本规律,定位：生物学必修2 第一章第二节。正反交结果不同不一定是细胞质遗传，也可能是伴性遗传，需结合后代表现与性别的关系进一步区分；“与母本一致”是细胞质遗传（母系遗传）的关键特征；判断基因在常染色体上时要注意“与性别无关”指的是显隐性出现的概率与性别无关。,《解题觉醒》名师大招册（2027版）视觉转写
CHEMISTRY,化工流程题的分析模型,化工流程题的分析模型,PROCEDURE,CHEMISTRY·综合·综合·综合,定位：CHEMISTRY·综合·综合。模型只提供框架，具体物质与反应必须由题给信息确定，不能凭经验替题目补反应；流程中循环使用的物质（如 $CO_2$、饱和食盐水）要单独识别并说明；目标产品与副产物要分清。,《解题觉醒》名师大招册（2027版）视觉转写
CHEMISTRY,大π键,大π键,CONCEPT,化学选择性必修2·物质结构与性质·分子的空间结构,定位：化学选择性必修2 物质结构与性质。只有当分子（或离子）整体为平面结构且相关原子的 p 轨道未参与杂化、对称性一致时才能形成大 $\pi$ 键（如 $N_2$ 中的两个 $\pi$ 键不是大 $\pi$ 键的情形要注意区分）；$m$ 统计的是平行 p 轨道中的电子总数，包括孤,《解题觉醒》名师大招册（2027版）视觉转写
CHEMISTRY,离子交换膜,离子交换膜,CONCEPT,化学选择性必修1·第四章·电化学,定位：化学选择性必修1 第四章。离子交换膜只起选择性透过作用，不改变离子的移动方向，因此判膜必须先判离子移向；双极膜中间层需有水存在才能解离出 $H^+$ 与 $OH^-$；不同的膜不能混称（质子交换膜≠阳离子交换膜，虽然常可互换使用，但答复时要按题给信息）。,《解题觉醒》名师大招册（2027版）视觉转写
CHEMISTRY,实验综合题答题模板,实验综合题答题模板,EXPERIMENT,CHEMISTRY·综合·综合·综合,定位：CHEMISTRY·综合·综合。答题要落到具体物质与具体操作上（“排出空气”“防止水解”“降低溶解度”），不能只写“防止干扰”；同一个操作可能有多重目的，要按题给条件选择并写全；模板中的 $××$ 要替换成题目中的真实离子、试剂与颜色。,《解题觉醒》名师大招册（2027版）视觉转写
CHEMISTRY,高考化学“不一定”易错清单,高考化学“不一定”易错清单,REASONING,CHEMISTRY·综合·综合·综合,定位：CHEMISTRY·综合·综合。每条“不一定”都要能举出反例才算掌握；判断“一定”类说法只要找到一个反例即可否定；蒸干水解盐溶液的产物由水解生成的酸是否挥发决定。,《解题觉醒》名师大招册（2027版）视觉转写
CHEMISTRY,高考化学“考前必知的关键”清单,高考化学“考前必知的关键”清单,CONCEPT,CHEMISTRY·综合·综合·综合,定位：CHEMISTRY·综合·综合。用盖斯定律叠加时要核对物质状态（同一物质不同状态不能相消）；键能法必须数清化学键个数；$K$ 的换算要与方程式的计量数对应；比较溶解度必须先判定难溶物类型；速率常数只适用于基元反应。,《解题觉醒》名师大招册（2027版）视觉转写
CHEMISTRY,阿伦尼乌斯公式,阿伦尼乌斯公式,PROCEDURE,化学选择性必修1·第二章·化学平衡,定位：化学选择性必修1 第二章。只反映速率常数与温度、活化能的关系，不能用它判断浓度、压强对速率的影响；读图前必须确认横坐标是 1/T 还是 T，横坐标不同斜率的含义相反；A 视为常数，仅适用于温度变化范围不大的情形。,《解题觉醒》名师大招册（2027版）视觉转写
CHEMISTRY,对数折线图四步法,对数折线图四步法,PROCEDURE,化学选择性必修1·第三章·水溶液中的离子平衡,定位：化学选择性必修1 第三章。取对数时必须弄清纵轴是 lg 还是 −lg，符号不同斜率与截距的含义相反；斜率只决定曲线属于哪一类物理量，具体常数要靠特殊点代入；图中曲线相交时交点处是浓度比等于 1，不能只看形状猜结论。,《解题觉醒》名师大招册（2027版）视觉转写
CHEMISTRY,分布分数图像,分布分数图像,PROCEDURE,化学选择性必修1·第三章·水溶液中的离子平衡,定位：化学选择性必修1 第三章。判断曲线归属只看最初微粒递减、中间微粒先增后减、最终微粒递增的先后次序，不能只凭曲线高低；交点处只是相邻两级微粒浓度相等，不说明它们的浓度一定很大；分布分数只与 pH 有关而与总浓度无关。,《解题觉醒》名师大招册（2027版）视觉转写
MATH,容斥原理,容斥原理,PROCEDURE,数学选择性必修第三册·第六章·计数原理,定位：数学选择性必修第三册 第六章。只适用于有限集合；三元情形中两两交集要减三次、三重交集要加回一次，多减或漏加都会出错；既不属于 $A$ 也不属于 $B$ 的部分不在并集内，求它必须用总数减去并集的元素个数；把百分数、比例翻译成元素个数时要统一到同一个总数（如设总人数为 1,《解题觉醒》名师大招册（2027版）视觉转写
MATH,1的代换,1的代换,PROCEDURE,数学必修第一册·第五章·三角函数,定位：数学必修第一册 第五章。使用前提是 $x$、$y$ 均为正数（基本不等式要求参与运算的项为正）；替换的 1 必须与条件严格相等，条件不等于 1 时要先化为 1（如两边同除常数），不能把不等于 1 的式子当 1 乘进去；放缩后必须回代检验等号条件是否有解且落在定义域,《解题觉醒》名师大招册（2027版）视觉转写
MATH,柯西不等式与权方和不等式,柯西不等式与权方和不等式,PROCEDURE,数学必修第一册·第二章·不等式,定位：数学必修第一册 第二章。柯西不等式与权方和不等式是教材之外的拓展工具，作答时要符合本省考试的要求；权方和不等式的分母必须为正数，柯西不等式的取等条件 $ad=bc$、权方和的取等条件 $\frac{a}{x}=\frac{b}{y}$ 都必须验证能取到；分子要写成,《解题觉醒》名师大招册（2027版）视觉转写
MATH,对勾函数,对勾函数,CONCEPT,数学必修第一册·第三章·函数的概念与性质,定位：数学必修第一册 第三章。$ab>0$ 才是对勾形状，$ab<0$ 时是双撇函数、单调性与最值完全不同，不能套用对勾函数的极值公式；对勾函数在定义域上整体无最值，最值只在 $x>0$ 或 $x<0$ 的单独一支上取到；用换元法求值域时必须先确定新元 $t$ 的取值范,《解题觉醒》名师大招册（2027版）视觉转写
MATH,分式型函数的值域,分式型函数的值域,PROCEDURE,数学必修第一册·第三章·函数的概念与性质,定位：数学必修第一册 第三章。换元后必须写出新元 $t$ 的范围（例如由 $x>0$ 得 $t=x+1>1$），否则会把区间外的极值点当成最值点；分子分母同除以某个式子时，该式不能为 0，要单独讨论使它为 0 的自变量取值并算出对应函数值；分离常数时注意分子、分母的次数,《解题觉醒》名师大招册（2027版）视觉转写
MATH,挖掘单调性解不等式,挖掘单调性解不等式,PROCEDURE,数学必修第一册·第三章·函数的概念与性质,定位：数学必修第一册 第三章。必须先确认函数在所讨论区间上单调或具有对称性，否则不能把函数值的大小关系直接换成自变量的大小关系；转化时不等号方向必须与单调性匹配（增函数同向、减函数反向）；把函数不等式转化为整式不等式后还要保证原式各处都有意义（如分母不为零、被开方数非负,《解题觉醒》名师大招册（2027版）视觉转写
MATH,部分奇偶性,部分奇偶性,PROCEDURE,数学必修第一册·第三章·函数的概念与性质,定位：数学必修第一册 第三章。前提是函数的定义域关于原点对称，否则 $f(-x)$ 可能无意义；分解时必须一奇一偶且与原函数恒等，不能凭印象凑两项；$x_0$ 与 $-x_0$ 都必须落在定义域内；所选桥梁函数应不含未知参数或参数最少，否则无法消元；若解析式中有一部分既,《解题觉醒》名师大招册（2027版）视觉转写
MATH,奇常函数,奇常函数,CONCEPT,数学必修第一册·第三章·函数的概念与性质,定位：数学必修第一册 第三章。前提是定义域关于原点对称，且函数能拆成“奇函数加常数”的形式；最值之和等于常数 2 倍只对关于对称中心对称的区间成立，区间不对称时公式不成立；常数不明显时要用定义域中心处的函数值（如 $f(0)$）求常数，不能凭观察猜；拆项后必须逐项核对奇,《解题觉醒》名师大招册（2027版）视觉转写
MATH,三次函数图象的对称性,三次函数图象的对称性,REASONING,数学选择性必修第二册·第五章·函数与导数,定位：数学选择性必修第二册 第五章。只对三次函数（最高次为 3 且 $a\ne0$）保证一定有对称中心，次数更高的函数不一定中心对称；$f''(x_0)=0$ 只给出横坐标，纵坐标必须代回原函数求出；用对称中心判断零点个数时还要结合导数讨论单调性，不能只看对称性；对称中心处导,《解题觉醒》名师大招册（2027版）视觉转写
MATH,半周期推导周期,半周期推导周期,PROCEDURE,数学必修第一册·第三章·函数的概念与性质,定位：数学必修第一册 第三章。形式必须是 $f(x)$ 与 $f(x+a)$ 的关系式，替换时两个位置要同时换成 $x+a$ 才能得到同结构式；$f(x)f(x+a)=b$ 要求 $b\ne0$（否则 $f(x)$ 可能恒为零，不构成周期函数）；分式形式要先保证分母不为,《解题觉醒》名师大招册（2027版）视觉转写
MATH,类周期函数,类周期函数,PROCEDURE,数学必修第一册·第三章·函数的概念与性质,定位：数学必修第一册 第三章。使用前提是能确定“基础段”上的解析式且递推关系 $g(x+T)=ag(bx)+c$ 明确；每段的定义域端点要仔细（注意 $x<2$ 与 $x\ge2$ 的分界）；把零点个数问题转化为图象交点个数时要画出足够多段并注意各段值域的压缩，遗漏段会,《解题觉醒》名师大招册（2027版）视觉转写
MATH,函数图象的对称变换,函数图象的对称变换,PROCEDURE,数学必修第一册·第三章·函数的概念与性质,定位：数学必修第一册 第三章。函数“自身图象的对称性（自对称）”与“两个函数图象之间的对称（互对称）”要区分：前者用 $f(a+x)=f(a-x)$ 一类等式表达，后者才写成 $g(x)=f(2a-x)$ 的形式；变换顺序不可交换，先平移后对称与先对称后平移的结果一般不,《解题觉醒》名师大招册（2027版）视觉转写
MATH,函数图象的翻折变换,函数图象的翻折变换,REPRESENTATION,数学必修第一册·第三章·函数的概念与性质,定位：数学必修第一册 第三章。两种翻折的对象不要记反：$|f(x)|$ 只改变原来在 $x$ 轴下方的部分（沿 $x$ 轴向上翻），$f(|x|)$ 只改变原来在 $y$ 轴左侧的部分（沿 $y$ 轴翻到右侧）；翻折后被替换的原图部分必须去掉，不能与新图叠加；$f(|x,《解题觉醒》名师大招册（2027版）视觉转写
MATH,数形结合找临界,数形结合找临界,PROCEDURE,数学必修第一册·第三章·函数的概念与性质,定位：数学必修第一册 第三章。相切只是“可能”的临界情形，必须再检验切点是否落在讨论区间内、切点两侧导数是否变号；端点与间断点处的零点个数可能突变，只找相切情形会漏掉参数范围；含参直线恒过定点时应先定出定点（如 $y=k(x-a)+b$ 恒过 $(a$，$b)$）再分析,《解题觉醒》名师大招册（2027版）视觉转写
MATH,二次函数的零点分布,二次函数的零点分布,PROCEDURE,数学必修第一册·第三章·函数的概念与性质,定位：数学必修第一册 第三章。表中结论默认 $a>0$（开口向上），$a<0$ 时要先化为开口向上或按图象重新判断不等号方向；$\Delta=0$ 的边界（重根是否落在区间内）要单独检验；“只有一根在区间内”指两根中恰有一根在区间内，要排除两根都在区间内与重根的情形；根,《解题觉醒》名师大招册（2027版）视觉转写
MATH,隐函数的求导,隐函数的求导,PROCEDURE,数学选择性必修第二册·第五章·函数与导数,定位：数学选择性必修第二册 第五章。解出的 $y'$ 中允许保留 $y$（因为 $y$ 解不出来），但最后要按题目要求换成 $x$ 或保留原式；对 $\ln y$、$\sqrt y$ 求导时要按复合函数求导（如 $(\ln y)'=\frac{y'}{y}$），不要漏乘 $y,《解题觉醒》名师大招册（2027版）视觉转写
MATH,同构法,同构法,PROCEDURE,数学选择性必修第二册·第五章·函数与导数,定位：数学选择性必修第二册 第五章。同构的前提是变形后两侧结构完全一致（含系数、次数），否则不能构造出同一个函数；地位同等同构要求 $x_1<x_2$ 等大小关系明确，移项时注意不等号方向的改变；指对跨阶同构中把 $a$ 写成 $e^{\ln a}$（或把 $b$ 写成 $\,《解题觉醒》名师大招册（2027版）视觉转写
MATH,洛必达法则,洛必达法则,PROCEDURE,数学选择性必修第二册·第五章·函数与导数,定位：数学选择性必修第二册 第五章。使用前必须先验证是 $\frac00$ 型或 $\frac\infty\infty$ 型（分别求分子、分母的极限），$0\cdot\infty$、$\infty-\infty$ 等类型要先转化；洛必达法则在小题中可以直接使用，但在解答题中直,《解题觉醒》名师大招册（2027版）视觉转写
MATH,泰勒展开式,泰勒展开式,REASONING,数学选择性必修第二册·第五章·函数与导数,定位：数学选择性必修第二册 第五章。展开式只在收敛区间内成立（$\ln(1+x)$ 与 $\frac{1}{1-x}$ 都要求 $-1<x<1$），超出范围不能使用；判断符号或比较大小时要展开到足够阶数，取到第一个未被抵消的项才可靠；泰勒展开属于高等数学工具，解答题中不能直接,《解题觉醒》名师大招册（2027版）视觉转写
MATH,齐次化,齐次化,PROCEDURE,数学选择性必修第一册·第二三章·解析几何,定位：数学选择性必修第一册 第二三章。齐次化要求各项次数相同，次数不同必须先通过变形（两边同乘、同除）凑成齐次，否则不能作比换元；换元后必须写出新元的取值范围（如 $\frac{x}{e^x}$ 的值域、$t=x_1-x_2$ 的范围），否则最值会取错；作差换元要保证等价（$x,《解题觉醒》名师大招册（2027版）视觉转写
MATH,切线放缩不等式,切线放缩不等式,PROCEDURE,数学选择性必修第二册·第五章·函数与导数,定位：数学选择性必修第二册 第五章。各不等式的取等条件不同（$e^x\ge x+1$ 在 $x=0$ 取等、$\ln x\le x-1$ 在 $x=1$ 取等、$e^x\ge ex$ 在 $x=1$ 取等、$\ln x\le\frac xe$ 在 $x=e$ 取等），证明中必,《解题觉醒》名师大招册（2027版）视觉转写
MATH,三角函数放缩不等式,三角函数放缩不等式,PROCEDURE,数学必修第一册·第五章·三角函数,定位：数学必修第一册 第五章。三角放缩都有区间限制，$x<0$ 时 $\sin x$ 与 $x$ 的大小关系与 $x>0$ 时相反，用错方向会使结论反向；$\tan x$ 在 $x=\frac{\pi}{2}$ 处无定义，讨论区间必须在 $(0$，$\frac{\pi},《解题觉醒》名师大招册（2027版）视觉转写
MATH,指对处理,指对处理,PROCEDURE,数学必修第一册·第三章·函数的概念与性质,定位：数学必修第一册 第三章。这一原则只是让导数更易判号，不改变原函数的定义域，改造后仍要注意对数真数为正、分母不为零；把 $\ln x$ 项调整位置时必须是恒等变形（两边同乘同除非零量），不能拆开或合并错项；改造后求导要重新核对定义域；该原则用于导数符号的判断，不能当,《解题觉醒》名师大招册（2027版）视觉转写
MATH,主元法,主元法,PROCEDURE,数学选择性必修第二册·第五章·函数与导数,定位：数学选择性必修第二册 第五章。以参数为主元放缩时必须按参数的取值范围确定放大或缩小的方向（$a\le2$ 时把 $-a$ 放大为 $-2$），方向弄反会证出相反的结论；放缩后得到的式子必须仍能证明，否则要更换主元或调整放缩强度；主元法给出的是充分条件，若要据此求参数范围,《解题觉醒》名师大招册（2027版）视觉转写
MATH,分割法证明不等式,分割法证明不等式,PROCEDURE,数学选择性必修第二册·第五章·函数与导数,定位：数学选择性必修第二册 第五章。分割后必须使两侧最值“错开”（一个的下界大于另一个的上界）才能得到严格不等式，若 $g(x)_{\min}=h(x)_{\max}$ 则只能得到 $f(x)\ge0$，严格不等号还要补证；拆出的两个函数要在同一区间上分别可求最值；等号通常在,《解题觉醒》名师大招册（2027版）视觉转写
MATH,放缩法证明不等式,放缩法证明不等式,PROCEDURE,数学选择性必修第二册·第五章·函数与导数,定位：数学选择性必修第二册 第五章。放缩方向必须使不等式更容易证明，放缩过强会把真命题缩成假命题（左边缩得太小、右边放得太大）；每一步放缩的等号条件要写清并检验能否同时取到；放缩不等式都有适用范围（如 $\ln x\le\frac xe$ 要求 $x>0$）；用第一问结论放缩,《解题觉醒》名师大招册（2027版）视觉转写
MATH,分类讨论法,分类讨论法,PROCEDURE,数学必修第一册·第三章·函数的概念与性质,定位：数学必修第一册 第三章。分类标准必须由题目结构自然给出（参数对单调性的影响、判别式、极值点位置等），不能凭感觉分；分类要不重不漏，边界值（等号）只能归入一类；多重分类必须逐层讨论干净再换下一类，不能跳类；讨论含参单调性时不要漏掉二次项系数为 0 与导数恒非负（无法,《解题觉醒》名师大招册（2027版）视觉转写
MATH,必要性探路,必要性探路,PROCEDURE,数学选择性必修第二册·第五章·函数与导数,定位：数学选择性必修第二册 第五章。必要性探路得到的只是必要条件，必须验证充分性，否则会把范围放大；所取特殊值必须落在定义域内且确实满足“函数值为 0”一类前提，随意取点得到的条件可能无效；由端点效应得到的 $f'(1)\ge0$ 只是必要条件，直接作为答案会出错；验证充分性,《解题觉醒》名师大招册（2027版）视觉转写
MATH,端点效应与中间点效应,端点效应与中间点效应,PROCEDURE,数学选择性必修第二册·第五章·函数与导数,定位：数学选择性必修第二册 第五章。端点效应与中间点效应给出的都只是必要条件（用于缩小范围或否定某些取值），最终仍需证明充分性；使用前必须确认 $f(a)=0$ 或 $f(x_0)=0$ 这一前提成立，端点值不为 0 时不能直接推出 $f'(a)$ 的符号；用效应否定某些参数,《解题觉醒》名师大招册（2027版）视觉转写
MATH,对数平均不等式,对数平均不等式,REASONING,数学选择性必修第二册·第五章·函数与导数,定位：数学选择性必修第二册 第五章。要求 $a>b>0$（两个正数且不相等），含负值或相等时不能用；它是双向不等式，用左半还是右半要与目标一致；大题中必须补充证明过程，不能作为已知结论直接引用；证明时换元要保证新元 $x>1$（由 $\frac ab>1$ 得到）；用于极值点,《解题觉醒》名师大招册（2027版）视觉转写
MATH,拐点偏移,拐点偏移,PROCEDURE,数学选择性必修第二册·第五章·函数与导数,定位：数学选择性必修第二册 第五章。拐点要求二阶导为零且三阶导不为零（二阶导为零但三阶导也为零的点不是拐点）；判断前要确认 $f(x_1)+f(x_2)=2f(m)$ 成立且 $x_1\ne x_2$；构造的是 $g(x)=f(x)+f(2m-x)$（加法），与极值点偏移的 ,《解题觉醒》名师大招册（2027版）视觉转写
MATH,零点的放缩,零点的放缩,PROCEDURE,数学选择性必修第二册·第四章·数列,定位：数学选择性必修第二册 第四章。使用前必须确认 $f(x)>g(x)$（或 $f(x)<g(x)$）在包含两个零点的整个区间上恒成立，只在局部成立不能比较；两个函数要在同一区间上有定义且都连续；$g(x)$ 必须具有确定的单调性，否则不能由函数值大小推出自变量大小；四条结,《解题觉醒》名师大招册（2027版）视觉转写
MATH,寻找角的关系,寻找角的关系,PROCEDURE,数学必修第一册·第五章·解三角形,定位：数学必修第一册 第五章。拆出的两个角的和或差必须是特殊角，否则化简没有收益；使用二倍角公式升幂、降幂时系数 2 不能漏；常值代换要选与式中其余三角函数名一致的形式（正弦型用 $\sin90^\circ$、正切型用 $\tan45^\circ$）；诱导公式的符号由原,《解题觉醒》名师大招册（2027版）视觉转写
MATH,角平分线定理,角平分线定理,PROCEDURE,数学必修第一册·第五章·解三角形,定位：数学必修第一册 第五章。定理适用于内角平分线与对边的交点，外角平分线的情形公式形式不同（需另记或用向量处理）；比例式中线段的对应关系不能颠倒（左邻边比右邻边等于左段比右段）；求出比例后往往还需结合余弦定理或面积公式才能解出具体边长；三种证明都要用到 $\angle,《解题觉醒》名师大招册（2027版）视觉转写
MATH,张角定理,张角定理,PROCEDURE,数学必修第一册·第五章·解三角形,定位：数学必修第一册 第五章。$D$ 必须是边 $BC$ 上的内点（分点在边上），且 $\alpha$、$\beta$ 是以 $AD$ 为公共边的两个角；$\alpha+\beta$ 就是 $\angle BAC$，等式两边角与边的对应关系（口诀）不能颠倒；用面积法建立,《解题觉醒》名师大招册（2027版）视觉转写
MATH,平行四边形恒等式与中线定理,平行四边形恒等式与中线定理,REASONING,数学必修第一册·第三章·函数的概念与性质,定位：数学必修第一册 第三章。恒等式只对平行四边形（含矩形、菱形、正方形）成立，一般四边形不满足；中线定理中的 $D$ 必须是 $BC$ 的中点，否则应改用余弦定理或张角定理；证明中用到平行四边形邻角互补、余弦互为相反数，画图时要保证所指两角确为邻角；公式中 $AD$ ,《解题觉醒》名师大招册（2027版）视觉转写
MATH,五边两角模型,五边两角模型,PROCEDURE,数学必修第一册·第五章·解三角形,定位：数学必修第一册 第五章。模型要求 $\angle ADB$ 与 $\angle ADC$ 互补（$D$ 在边 $BC$ 上时自然成立），$D$ 必须在线段 $BC$ 上；分母 $BD$、$CD$ 不能为零；使用前先分清已知量与待求量各对应哪条线段；若 $D$ 在 ,《解题觉醒》名师大招册（2027版）视觉转写
MATH,斯特瓦尔特定理,斯特瓦尔特定理,PROCEDURE,数学必修第一册·第五章·解三角形,定位：数学必修第一册 第五章。定理适用于 $D$ 在边 $BC$ 上的情形，且 $BC=BD+CD$；代入时线段与分点的对应关系不能颠倒（边 $AB$ 配 $\frac{CD}{BC}$，边 $AC$ 配 $\frac{BD}{BC}$）；角平分线长公式要求 $AD$ ,《解题觉醒》名师大招册（2027版）视觉转写
MATH,算两次（向量）,算两次（向量）,PROCEDURE,数学必修第二册·第六章·平面向量,定位：数学必修第二册 第六章。基向量必须不共线，否则表示不唯一、不能作为基底；两次表示必须针对同一个向量（起点与终点完全一致）；用三点共线表示时要先说明共线的依据；解出参数后要检验是否满足题目中的位置条件（点在线段上时参数应在 0 与 1 之间）；若中途更换基向量，前面,《解题觉醒》名师大招册（2027版）视觉转写
MATH,等和线,等和线,PROCEDURE,数学必修第二册·第六章·平面向量,定位：数学必修第二册 第六章。三点共线的充要条件是 $\lambda+\mu=1$，前提是 $O$、$A$、$B$ 三点不共线（否则 $\overrightarrow{OA}$ 与 $\overrightarrow{OB}$ 共线，表示不唯一）；系数和不为 1 时点 $,《解题觉醒》名师大招册（2027版）视觉转写
MATH,极化恒等式,极化恒等式,REASONING,数学必修第二册·第六章·平面向量,定位：数学必修第二册 第六章。使用时要取 $BC$ 的中点 $D$ 并连接 $AD$，且 $A$、$B$、$C$ 三点不共线；公式中的两项是 $|\overrightarrow{AD}|^2$ 减 $|\overrightarrow{DB}|^2$，符号不能写反（写成加,《解题觉醒》名师大招册（2027版）视觉转写
MATH,奔驰定理,奔驰定理,CONCEPT,数学必修第二册·第六章·平面向量,定位：数学必修第二册 第六章。定理中各向量必须共起点（都是以 $O$ 为起点指向三角形顶点的向量），且 $O$ 与三角形的位置关系要明确（$O$ 为内点时三个面积都取正值，为外点时按位置取负号）；面积的对应关系是“缺少哪个顶点的三角形面积对应哪个顶点的向量”（$S_{\,《解题觉醒》名师大招册（2027版）视觉转写
MATH,平方和与立方和公式,平方和与立方和公式,REASONING,数学必修第一册·第三章·函数的概念与性质,定位：数学必修第一册 第三章。推导的关键是找到“高阶差”公式（$(n+1)^3-n^3$ 或 $(n+1)^4-n^4$）并把它按次数分组；分组后要分清哪些项用裂项相消、哪些项用公式求和；系数（$\frac13$、$\frac14$、$\frac32$）容易算错，推导后,《解题觉醒》名师大招册（2027版）视觉转写
MATH,奇偶分类数列的递推,奇偶分类数列的递推,PROCEDURE,数学选择性必修第二册·第四章·数列,定位：数学选择性必修第二册 第四章。分奇偶后两段的通项必须分别验证首项；隔项递推得到的公差（公比）是隔项的公差（公比），不能当作相邻项的公差（公比）使用；n 的奇偶不确定时求和必须按 n 为奇数、n 为偶数分别讨论，并注意最后一组是否完整。,《解题觉醒》名师大招册（2027版）视觉转写
MATH,和数列与积数列的通项,和数列与积数列的通项,PROCEDURE,数学选择性必修第二册·第四章·数列,定位：数学选择性必修第二册 第四章。只对 $f(n)$ 为等差（和数列）或 $q^n$（积数列）的形式成立；相减、相除都要求 $n\ge 2$；奇数项由 $a_1$ 表出、偶数项由 $a_2$ 表出，而 $a_2$ 需用原递推式单独求出；含 $(-1)^n$ 的递推式要先整理,《解题觉醒》名师大招册（2027版）视觉转写
MATH,数列不等式的放缩,数列不等式的放缩,PROCEDURE,数学选择性必修第二册·第四章·数列,定位：数学选择性必修第二册 第四章。放缩方向必须与结论一致（证 $S_n>m$ 用下界、证 $S_n<l$ 用上界）；放缩精确度要够，过松会证不出结论，此时可保留前几项不放缩；解答题中使用任何放缩式之前都要先证明该放缩式成立。,《解题觉醒》名师大招册（2027版）视觉转写
MATH,奇偶项个数与下标变换,奇偶项个数与下标变换,PROCEDURE,数学选择性必修第二册·第四章·数列,定位：数学选择性必修第二册 第四章。换元时自变量取值范围受限：用 $2k-1=n$ 求得的式子只在 n 为奇数时成立，用 $2k=n$ 求得的式子只在 n 为偶数时成立，最后必须写成分段形式；计数时注意区分项数与末项下标，$\frac{n+1}{2}$ 只在 n 为奇数时是奇,《解题觉醒》名师大招册（2027版）视觉转写
MATH,裂项放缩,裂项放缩,PROCEDURE,数学选择性必修第二册·第四章·数列,定位：数学选择性必修第二册 第四章。放缩方向必须与所求结论一致，且放缩后仍要能求和；$\frac{1}{n^2}<\frac{1}{n(n-1)}$ 一类式子在 $n=1$ 处无意义，需从 $n\ge 2$ 起用并把第一项单独保留；$q^n-m$ 型通项不能用等比放缩（$\f,《解题觉醒》名师大招册（2027版）视觉转写
MATH,等比放缩,等比放缩,REASONING,数学选择性必修第二册·第四章·数列,定位：数学选择性必修第二册 第四章。放缩方向不能反：$\frac{1}{q^n-m}>\frac{1}{q^n}$，故 $q^n-m$ 型不能用等比放缩；精确度不够时不能硬套，要保留前几项；放缩式在解答题中须先证后用。,《解题觉醒》名师大招册（2027版）视觉转写
MATH,分式放缩与糖水不等式,分式放缩与糖水不等式,PROCEDURE,数学选择性必修第二册·第四章·数列,定位：数学选择性必修第二册 第四章。要求分数为正且放大、缩小的方向与结论一致；分母中的 $1-\frac{m}{q^n}$ 随 n 增大而增大，故取 $n=1$ 时的 $1-\frac{m}{q}$ 作为下界，若 $q\le m$ 则变形无意义。,《解题觉醒》名师大招册（2027版）视觉转写
MATH,递推放缩与函数放缩,递推放缩与函数放缩,PROCEDURE,数学选择性必修第二册·第四章·数列,定位：数学选择性必修第二册 第四章。递推放缩要求 $f$ 的单调性、项的符号或范围先有判定，否则加减乘除推不出方向确定的不等号；函数放缩所用的函数不等式必须先证明，且注意取等条件在 n 取正整数时是否成立。,《解题觉醒》名师大招册（2027版）视觉转写
MATH,分指结构裂项放缩,分指结构裂项放缩,REASONING,数学选择性必修第二册·第四章·数列,定位：数学选择性必修第二册 第四章。条件 $0<m<q$ 不可少：它保证 $\frac{m}{q}<m$ 从而使 $\frac{1}{q^{n-1}-\frac{m}{q}}<\frac{1}{q^{n-1}-m}$；同时要求 $q>1$ 才能用 $q-1>0$ 除。使用时需,《解题觉醒》名师大招册（2027版）视觉转写
MATH,放缩精度的控制,放缩精度的控制,PROCEDURE,数学选择性必修第二册·第四章·数列,定位：数学选择性必修第二册 第四章。保留的项数按需确定，保留越多估计越精确但计算量越大；被保留的小下标（如 n=1）必须单独验证；放缩方向与结论方向必须一致，否则保留多少项都无效。,《解题觉醒》名师大招册（2027版）视觉转写
MATH,差式递推的压缩放缩,差式递推的压缩放缩,PROCEDURE,数学选择性必修第二册·第四章·数列,定位：数学选择性必修第二册 第四章。必须先用递推式确定 $a_n$ 的取值范围，范围越紧压缩系数越准；若 $a_n$ 可能取到使分母为零或变号的值，则不能这样放大；首项差 $|a_2-a_1|$ 需单独计算，且 n=1 的情形要单独检验。,《解题觉醒》名师大招册（2027版）视觉转写
MATH,递推式含(-1)^(n+1)的每四项并项,递推式含(-1)^(n+1)的每四项并项,PROCEDURE,数学选择性必修第二册·第四章·数列,定位：数学选择性必修第二册 第四章。并项前必须确认递推式中 $(-1)$ 的指数形式（是 $(-1)^n$ 还是 $(-1)^{n+1}$），两者对应的并项周期分别是 2 和 4，用错会导致整组结果错误；$f(n)$ 的表达式要按 4k-3、4k-2、4k-1、4k 分别代入,《解题觉醒》名师大招册（2027版）视觉转写
MATH,正方体切割出的四面体模型,正方体切割出的四面体模型,PROCEDURE,数学必修第二册·第八章（空间向量见选择性必修第一册）·立体几何,定位：数学必修第二册 第八章（空间向量见选择性必修第一册）。体积比是相对同一个正方体而言的，换背景后需重新计算；鳖臑的外接球球心在最长棱中点这一结论依赖三条棱两两垂直，一般四面体不成立；墙角体的三个直角面必须共用一个顶点，判断图形时要看清直角在哪里。,《解题觉醒》名师大招册（2027版）视觉转写
MATH,截角多面体的表面积与体积,截角多面体的表面积与体积,PROCEDURE,数学必修第二册·第八章（空间向量见选择性必修第一册）·立体几何,定位：数学必修第二册 第八章（空间向量见选择性必修第一册）。三等分时小正四面体的棱长是 $\frac{a}{3}$，若为四等分或截取方式不同则结论要重算；表面积必须同时考虑截去的与新增的面；正四面体的高可用 $h=\frac{\sqrt 6}{3}a$ 结论直接代入，但一般多面体需重新推导。,《解题觉醒》名师大招册（2027版）视觉转写
MATH,柱体外接球公式R²=r²+h²/4,柱体外接球公式R²=r²+h²/4,REASONING,数学必修第二册·第八章（空间向量见选择性必修第一册）·立体几何,定位：数学必修第二册 第八章（空间向量见选择性必修第一册）。公式要求侧棱垂直于底面（或柱体的轴垂直于底面），斜棱柱、一般的斜三棱锥不能直接用；$r$ 是底面外接圆半径而非底面内切圆半径，求 $r$ 时常用正弦定理 $2r=\frac{a}{\sin A}$；$h$ 取柱体的高（棱锥补形后的棱柱高）。,《解题觉醒》名师大招册（2027版）视觉转写
MATH,截角多面体的外接球,截角多面体的外接球,PROCEDURE,数学必修第二册·第八章（空间向量见选择性必修第一册）·立体几何,定位：数学必修第二册 第八章（空间向量见选择性必修第一册）。只适用于有对称轴且顶点能按到轴的距离分成两圈的多面体；列方程时两类顶点到轴的距离必须算准（由边长与截面几何关系得到）；开方时注意球心在两圈平面之间，取两个距离之和等于两平面间距离。,《解题觉醒》名师大招册（2027版）视觉转写
MATH,双外心模型求外接球,双外心模型求外接球,PROCEDURE,数学必修第二册·第八章（空间向量见选择性必修第一册）·立体几何,定位：数学必修第二册 第八章（空间向量见选择性必修第一册）。必须先找到两个外接圆圆心与公共棱，两个面必须共棱；$EO_1$、$EO_2$ 是圆心到公共棱中点的距离，不是外接圆半径；$\angle O_1EO_2$ 对应二面角的平面角，其正、余弦值要用平面几何关系算准；若两心不易定位或二面角信息不足，,《解题觉醒》名师大招册（2027版）视觉转写
MATH,双外心模型的证明,双外心模型的证明,REASONING,数学必修第二册·第八章（空间向量见选择性必修第一册）·立体几何,定位：数学必修第二册 第八章（空间向量见选择性必修第一册）。关键是说明 O、$O_1$、$O_2$、E 四点共圆且 OE 为直径，漏掉这一步则后续正弦定理无据；$OE^2$ 中出现 $\sin^2\angle O_1EO_2$ 作分母，故 $\angle O_1EO_2$ 不能为 0 或 $180^,《解题觉醒》名师大招册（2027版）视觉转写
MATH,内切球与球的相切问题,内切球与球的相切问题,PROCEDURE,数学必修第二册·第八章（空间向量见选择性必修第一册）·立体几何,定位：数学必修第二册 第八章（空间向量见选择性必修第一册）。等体积法要求内切球与几何体的每个面都相切（球心到各面距离都等于 r），否则不能把 V 拆成各面面积与 r 之和；用轴截面法时必须取过球心且与旋转轴重合的截面，截面选错则截得的圆不是内切球的大圆；临界问题中要写清卡住的几何条件（相切、共点、共,《解题觉醒》名师大招册（2027版）视觉转写
MATH,动态几何体的最大球临界模型,动态几何体的最大球临界模型,PROCEDURE,数学必修第二册·第八章（空间向量见选择性必修第一册）·立体几何,定位：数学必修第二册 第八章（空间向量见选择性必修第一册）。只有能任意转动时才能把轨迹当作外接球，若只能平移或只能沿某方向放入则要另找临界截面；容器的最大内切球要用轴截面法求，且容器必须能装下整个球；求得的是尺寸的最大值，取等号时恰好相切。,《解题觉醒》名师大招册（2027版）视觉转写
MATH,三余弦定理,三余弦定理,PROCEDURE,数学必修第二册·第八章（空间向量见选择性必修第一册）·立体几何,定位：数学必修第二册 第八章（空间向量见选择性必修第一册）。三余弦定理只能用于斜线与平面内直线的夹角，公式中的 $\angle BOC$ 必须是射影与平面内直线所成的角（线在平面内）；由 $\cos\angle AOC\le\cos\angle AOB$ 只能得到最小角关系，不能反向使用；该定理在大,《解题觉醒》名师大招册（2027版）视觉转写
MATH,动点轨迹的确定,动点轨迹的确定,PROCEDURE,数学选择性必修第一册·第二三章·解析几何,定位：数学选择性必修第一册 第二三章。求轨迹的最后一步必须是动点所在平面（或曲面）与已确定平面的交线，并要检验交线是否整个落在动点的活动范围内；升维的方向不能反（平行升维成面面平行、垂直升维成线面垂直）；建系法适用于便于建立坐标系的图形，几何法要注意每个结论都有定理支撑。,《解题觉醒》名师大招册（2027版）视觉转写
MATH,等距条件的动点轨迹,等距条件的动点轨迹,PROCEDURE,数学选择性必修第一册·第二三章·解析几何,定位：数学选择性必修第一册 第二三章。只有在平面上才能说圆，在空间中必须是球面（写出圆会漏解）；定值距离要明确是对同一个定点而言；动点还被限制在某个面或棱上时，轨迹应是球面（圆）与该面（棱）的公共部分，可能是圆弧而不是整圆。,《解题觉醒》名师大招册（2027版）视觉转写
MATH,参数化动点的轨迹分析,参数化动点的轨迹分析,PROCEDURE,数学必修第一册·第三章·函数的概念与性质,定位：数学必修第一册 第三章。参数范围有端点与内部之分，取端点时轨迹是棱而不是线段内部，容易漏掉或多余；用等体积法时必须保证 P 在平行于底面的平面上移动（高不变）；坐标法要选便于写坐标的原点与坐标轴，写错点的坐标会导致结论反向；一个命题为假只需举出反例或算出不是定值。,《解题觉醒》名师大招册（2027版）视觉转写
MATH,代数式的几何意义,代数式的几何意义,PROCEDURE,数学选择性必修第一册·第二三章·解析几何,定位：数学选择性必修第一册 第二三章。斜率型要求分母不为 0，即动点不能落到与定点同一条竖直线上；距离型含绝对值时要讨论符号或平方处理；截距型的相反数不要漏负号；交点型要注意所给曲线可能是半圆而非整圆，有端点与范围限制，数形结合时必须看清是哪一段。,《解题觉醒》名师大招册（2027版）视觉转写
MATH,动点问题处理策略,动点问题处理策略,PROCEDURE,数学必修第一册·第三章·函数的概念与性质,定位：数学必修第一册 第三章。必须先判定谁是主动点（题目中自由运动的那个点），若选错则所有条件都会绕回未定元而无法求解；把圆上动点的条件转化为圆心条件时要注意圆的半径是定值；求出的最值还要回到原问题的几何含义（如求直线方程时要把取最值时的位置代回求直线）；轨迹方程要先写,《解题觉醒》名师大招册（2027版）视觉转写
MATH,切点弦问题,切点弦问题,PROCEDURE,数学选择性必修第一册·第二三章·解析几何,定位：数学选择性必修第一册 第二三章。切线长公式 $|PA|=\sqrt{|PM|^2-r^2}$ 要求 P 在圆外；$|PM|$ 最小时 $PM\perp l$ 只在 M 为定点、P 在定直线上运动时成立；两圆方程相减得到的直线是公共弦所在直线，必须两圆确实相交；用排除法时被,《解题觉醒》名师大招册（2027版）视觉转写
MATH,直线系方程,直线系方程,PROCEDURE,数学选择性必修第一册·第二三章·解析几何,定位：数学选择性必修第一册 第二三章。⑤ 的方程不包含直线 $l_2$，若所求直线恰为 $l_2$ 必须单独补充；③ 中 $C_1\ne C$ 才表示平行（否则与已知直线重合）；④ 的垂直式系数要对调并变号；⑥ 中 $c=0$ 时退化为过定点的直线系；设切线时用 ⑥ 的 θ 形,《解题觉醒》名师大招册（2027版）视觉转写
MATH,隐圆,隐圆,PROCEDURE,数学选择性必修第一册·第二三章·解析几何,定位：数学选择性必修第一册 第二三章。第二、第四定义要求配方后右边大于 0 才是真正的圆，否则轨迹是点或空集；第三定义要挖去两个定点（两点处不满足夹角为直角）；识别隐圆的关键是找出题目中的定点与定值，找不到定点则不适用；第五定义中 $\lambda=1$ 时轨迹是两点连线的中垂,《解题觉醒》名师大招册（2027版）视觉转写
MATH,两圆的位置关系,两圆的位置关系,PROCEDURE,数学选择性必修第一册·第二三章·解析几何,定位：数学选择性必修第一册 第二三章。要看清题设是存在还是任意：存在两个点用严格不等式（相交），至少有一个点用 $d\le r$；两圆相交的不等式要保证 $R-r<R+r$；开方解含 $\sqrt{1+a^2}$ 的不等式时别丢负号分支；边界点能否取到要按题意（相切时公共点只有,《解题觉醒》名师大招册（2027版）视觉转写
MATH,阿波罗尼斯圆,阿波罗尼斯圆,PROCEDURE,数学选择性必修第一册·第二三章·解析几何,定位：数学选择性必修第一册 第二三章。必须 $\lambda\ne 1$，否则 $1-\lambda^2=0$ 除法无意义（此时轨迹是线段 AB 的中垂线）；$\lambda>0$ 保证距离之比为正；证明中设坐标要保证 $a\ne b$（两定点不重合）；使用时要注意轨迹圆的圆心,《解题觉醒》名师大招册（2027版）视觉转写
MATH,圆锥曲线第一定义的应用,圆锥曲线第一定义的应用,PROCEDURE,数学选择性必修第一册·第二三章·解析几何,定位：数学选择性必修第一册 第二三章。双曲线定义式必须带绝对值，去绝对值前先确定点在哪一支；椭圆两焦半径之和为定值，但单独的 $|PF_1|$ 随位置变化，不能当作定值；用定义转化求最值时要交代取等条件（三点共线或与准线垂直）；抛物线只有开口方向对应的那一条准线，不要用错。,《解题觉醒》名师大招册（2027版）视觉转写
MATH,圆锥曲线第二定义的应用,圆锥曲线第二定义的应用,PROCEDURE,数学选择性必修第一册·第二三章·解析几何,定位：数学选择性必修第一册 第二三章。要注意每个焦点只对应它那一侧的准线，用错准线会导致比值不为 e；椭圆的 e∈(0，1)，双曲线的 e>1，抛物线的 e=1，第二定义是它们的统一表达；到准线的距离必须取正（用绝对值或由图形判断点在准线哪一侧）。,《解题觉醒》名师大招册（2027版）视觉转写
MATH,椭圆的焦半径公式,椭圆的焦半径公式,PROCEDURE,数学选择性必修第一册·第二三章·解析几何,定位：数学选择性必修第一册 第二三章。使用坐标式公式时要先把椭圆化为标准形式并确定焦点在哪条坐标轴上（否则 x 应改为 y）；倾斜角式中的 θ 是直线相对于焦点所在坐标轴的倾斜角，且必须把射线方向与 θ 对应正确，否则长短会颠倒；焦半径公式只对椭圆上点成立，不能用于椭圆外的点；,《解题觉醒》名师大招册（2027版）视觉转写
MATH,双曲线焦半径公式,双曲线焦半径公式,PROCEDURE,数学选择性必修第一册·第二三章·解析几何,定位：数学选择性必修第一册 第二三章。套公式前必须先判断点在哪一支（或上、下支）；同支与异支的焦点弦处理不同；倾斜角式的分母 $a-c\cos\theta$ 不能为 0（即直线不能与某条渐近线平行）；记忆口诀只是辅助，写出结果后要用两点间距离公式核对符号与大小。,《解题觉醒》名师大招册（2027版）视觉转写
MATH,焦点弦定比分点问题,焦点弦定比分点问题,REASONING,数学选择性必修第一册·第二三章·解析几何,定位：数学选择性必修第一册 第二三章。结论对椭圆、双曲线、抛物线统一成立，但要求直线过焦点且与曲线交于两点；$\lambda>0$ 且 $\lambda\ne 1$（λ=1 时分点重合，不适用）；公式中的 k 是直线斜率，焦点在 y 轴上时改用 $\sqrt{1+\frac{1,《解题觉醒》名师大招册（2027版）视觉转写
MATH,圆锥曲线第三定义的应用,圆锥曲线第三定义的应用,PROCEDURE,数学选择性必修第一册·第二三章·解析几何,定位：数学选择性必修第一册 第二三章。定义要求 A、B 关于原点对称，且 P 不与 A、B 重合（$x\ne\pm x_0$）；轨迹要去掉 A、B、C、D 四个点；斜率之积为负对应椭圆、为正对应双曲线，符号判错则曲线类型判错；第三定义及结论在选择题、填空题中可直接使用，在大题中,《解题觉醒》名师大招册（2027版）视觉转写
MATH,弦中点与点差法,弦中点与点差法,PROCEDURE,数学选择性必修第一册·第二三章·解析几何,定位：数学选择性必修第一册 第二三章。使用前要确认直线不与坐标轴垂直、不过原点（否则 $k_{OG}$ 无意义或结论退化）；结论给出的是中点与原点连线的斜率与弦斜率的关系，不是中点坐标本身；由结论求出直线后还要用判别式检验直线与曲线确实交于两点（弦存在）；双曲线情形定值的符号与,《解题觉醒》名师大招册（2027版）视觉转写
MATH,椭圆焦点三角形,椭圆焦点三角形,PROCEDURE,数学选择性必修第一册·第二三章·解析几何,定位：数学选择性必修第一册 第二三章。公式只在 $y_0\ne 0$（P 不在长轴端点）时构成三角形；θ 是两焦半径的夹角（顶角），不是与坐标轴的夹角；用 $|PF_1|+|PF_2|=2a$ 整体替换是推导的关键，直接展开会算不下去；焦半径之积随 θ 变化，不要与定值混淆。,《解题觉醒》名师大招册（2027版）视觉转写
MATH,双曲线焦点三角形,双曲线焦点三角形,PROCEDURE,数学选择性必修第一册·第二三章·解析几何,定位：数学选择性必修第一册 第二三章。双曲线用 $||PF_1|-|PF_2||=2a$ 整体替换，注意与椭圆的 $|PF_1|+|PF_2|=2a$ 区别，符号错则公式全错；面积公式是 $b^2\cot\frac{\theta}{2}$（椭圆是 $b^2\tan\frac{\,《解题觉醒》名师大招册（2027版）视觉转写
MATH,抛物线焦点三角形,抛物线焦点三角形,PROCEDURE,数学选择性必修第一册·第二三章·解析几何,定位：数学选择性必修第一册 第二三章。焦半径公式中的 θ 是过焦点的弦相对于 x 轴（焦点所在轴）的倾斜角；长短与 $1\pm\cos\theta$ 的对应关系要由图形判断，不能死记；焦点在 y 轴上时公式中的 cos 要换成 sin；弦长公式 $\frac{2p}{\sin^,《解题觉醒》名师大招册（2027版）视觉转写
MATH,焦点三角形的内心,焦点三角形的内心,PROCEDURE,数学选择性必修第一册·第二三章·解析几何,定位：数学选择性必修第一册 第二三章。等面积法要求 I 到三边的距离都等于 r（内心）；②中用合比定理把 $|GF_1|+|GF_2|$ 换成 $|F_1F_2|=2c$ 是关键，别漏这一步；③的角平分线在 △PF₁G 中是 PI，对应边是 |PF₁| 与 |GF₁|；G 是顶,《解题觉醒》名师大招册（2027版）视觉转写
MATH,抛物线的平均性质,抛物线的平均性质,PROCEDURE,数学选择性必修第一册·第二三章·解析几何,定位：数学选择性必修第一册 第二三章。必须看清直线与哪条坐标轴相交，交于 x 轴时横坐标之积为 $m^2$、纵坐标之积为 $-2pm$，交于 y 轴时正好互换；只有直线与坐标轴有交点时才能用；反设法 $x=ty+m$ 不能表示竖直直线（但已把斜率不存在的情形包含在 t 的取值之,《解题觉醒》名师大招册（2027版）视觉转写
MATH,圆锥曲线的切线,圆锥曲线的切线,PROCEDURE,数学选择性必修第一册·第二三章·解析几何,定位：数学选择性必修第一册 第二三章。用导数法前要按 x 轴把曲线分段（原点、x 轴上方、x 轴下方），否则 $y'=\frac{p}{y}$ 在 y=0 处无意义；切线方程中的点是切点且必须在曲线上（$y_0^2=2px_0$ 用于化简）；求过曲线外一点的切线时不能直接代公式,《解题觉醒》名师大招册（2027版）视觉转写
MATH,圆锥曲线的切点弦,圆锥曲线的切点弦,PROCEDURE,数学选择性必修第一册·第二三章·解析几何,定位：数学选择性必修第一册 第二三章。公式中的点 P 必须在曲线外（能作两条切线），点在曲线上时退化为切线本身；双曲线切点弦公式中为减号、抛物线要用 $y^2=2px$ 与 $x^2=2py$ 区分（公式不同）；推导的关键是由两条切线都过 P 得到两切点都满足同一方程，从而确定,《解题觉醒》名师大招册（2027版）视觉转写
MATH,硬解定理,硬解定理,PROCEDURE,数学选择性必修第一册·第二三章·解析几何,定位：数学选择性必修第一册 第二三章。公式要求 $B\ne 0$（直线不垂直于 x 轴），垂直于 x 轴的直线要单独处理；m、n 中至少一个为正（椭圆取 $m=a^2$、$n=b^2$，双曲线取 $n=-b^2$，注意双曲线时 n 为负数）；判别式必须大于 0 才保证有两个交点,《解题觉醒》名师大招册（2027版）视觉转写
MATH,直线夹角的计算,直线夹角的计算,PROCEDURE,数学选择性必修第一册·第二三章·解析几何,定位：数学选择性必修第一册 第二三章。倾斜角法中要用绝对值，夹角取锐角或直角；$1+k_1k_2=0$ 时公式分母为零（两直线垂直），必须单独说明；两条直线斜率都不存在时夹角为 0（平行）或需另行讨论；向量法求出的是夹角的余弦，要转成正切或角本身时注意取值范围。,《解题觉醒》名师大招册（2027版）视觉转写
MATH,抛物线的参数设点法,抛物线的参数设点法,PROCEDURE,数学选择性必修第一册·第二三章·解析几何,定位：数学选择性必修第一册 第二三章。参数设点要求抛物线为 $y^2=2px$ 型（开口向右），开口向上时改为用 x 作参数；斜率表达式 $\frac{4}{y_1+y_2}$ 中的常数与 p 有关（对 $y^2=2px$ 应为 $2p$）；用平均性质前必须确认直线与 x 轴有,《解题觉醒》名师大招册（2027版）视觉转写
MATH,极点极线,极点极线,CONCEPT,数学选择性必修第一册·第二三章·解析几何,定位：数学选择性必修第一册 第二三章。极线由点与曲线共同决定：同一个点对不同曲线的极线不同；点在内、外、上三种位置对应的极线形态不同（切点弦、切线、需作图的直线）；定义中的中点条件用的是有向线段的比（调和共轭），不能简单地理解为中点；极点极线在小题中可直接使用，大题中应当用联立,《解题觉醒》名师大招册（2027版）视觉转写
MATH,超级韦达定理,超级韦达定理,PROCEDURE,数学选择性必修第一册·第二三章·解析几何,定位：数学选择性必修第一册 第二三章。只有直线不过点 $P(x_0，y_0)$ 时才能把直线方程设为 $p(x-x_0)+q(y-y_0)=1$（把 P 代入左边为 0、右边为 1，显然不成立）；要求直线 PA、PB 的斜率都存在（即 A、B 不在过 P 的竖直直线上）；配凑与,《解题觉醒》名师大招册（2027版）视觉转写
MATH,圆锥曲线中的面积计算,圆锥曲线中的面积计算,PROCEDURE,数学选择性必修第一册·第二三章·解析几何,定位：数学选择性必修第一册 第二三章。求 $\tan\theta$ 时会出现两个解，要按 θ 的范围（锐角）取舍；$\tan\angle PAQ$ 的符号与角的范围要对应，不要漏掉负号；算出弦长后要用正弦值（不是余弦值）代入面积公式；若两条直线的斜率不存在或夹角为直角，需另行讨,《解题觉醒》名师大招册（2027版）视觉转写
MATH,非对称结构的处理,非对称结构的处理,PROCEDURE,数学选择性必修第一册·第二三章·解析几何,定位：数学选择性必修第一册 第二三章。用 $m+\frac{1}{m}$ 时要知道 m 的符号（正负决定解的选择），且 $x_2\ne 0$；构造比例时 $m\ne 1$（否则原式是 $x_1=x_2+n$，需另作处理）；这类结构常与三点共线（向量共线）等条件结合，转化后的方程,《解题觉醒》名师大招册（2027版）视觉转写
MATH,贝叶斯公式,贝叶斯公式,REASONING,数学必修第二册·第九十章（条件概率与正态分布见选择性必修第三册）·概率统计,定位：数学必修第二册 第九十章（条件概率与正态分布见选择性必修第三册）。要求 $P(B)>0$，否则分母为零；分母正是全概率公式的结果，计算时要先把所有类别的 $P(A_k)P(B|A_k)$ 都算出来；各类 $A_i$ 必须两两互斥且并为全集；贝叶斯公式给出的是后验概率，与先验概率 $P(A_i)$ 不同，不,《解题觉醒》名师大招册（2027版）视觉转写
MATH,马尔可夫链（概率递推）,马尔可夫链（概率递推）,PROCEDURE,数学必修第二册·第九十章（条件概率与正态分布见选择性必修第三册）·概率统计,定位：数学必修第二册 第九十章（条件概率与正态分布见选择性必修第三册）。必须先明确状态（如在上底面/在下底面）并写出两类状态间的转移概率，且两类概率之和为 1；递推式的首项要单独求出（$P_1$ 不能由递推式得到）；构造等比数列时 λ 的公式是 $\frac{q}{p-1}$，$(p-1)$ 出现在分母要求 $,《解题觉醒》名师大招册（2027版）视觉转写
BIOLOGY,遗传学核心概念与术语,遗传学核心概念与术语,CONCEPT,生物学必修2·第一章第二节·遗传的基本规律,定位：生物学必修2 第一章第二节。“相对性状”必须同时满足同种生物、同一性状、不同表现三个要素（兔的长毛与短毛是相对性状，兔的长毛与狗的长毛不是）；纯合子与杂合子只看遗传因子组成是否相同，与表现型无关；显隐性遗传因子用同一字母的大小写表示。,《解题觉醒》名师大招册（2027版）视觉转写
PHYSICS,线段图定位中间时刻速度,线段图定位中间时刻速度,REPRESENTATION,PHYSICS·综合·综合·综合,定位：PHYSICS·综合·综合。线段图只是帮助定位，真正的计算依据仍是均速法（$v_{t/2}=\bar v$）与匀变速公式；每段位移都必须对应同一段匀变速过程；两段之间若运动性质改变（如中间已达最大速度并转匀速），不能再用同一个 $a$ 联立。,《解题觉醒》名师大招册（2027版）视觉转写
PHYSICS,0-v-0模型,0-v-0模型,PROCEDURE,PHYSICS·综合·综合·综合,定位：PHYSICS·综合·综合。只适用于中间只经历一次加速—减速转换、且初末速度都为零的过程；全程结论中的 $\bar v$ 必须是全程平均速度，不能取某一段的平均速度；若中间还夹有匀速段，则三大阶段的平均速度不再相同，两个结论都不成立；加速与减速是两段不同的匀变速过程，,《解题觉醒》名师大招册（2027版）视觉转写
PHYSICS,消参法,消参法,PROCEDURE,PHYSICS·综合·综合·综合,定位：PHYSICS·综合·综合。只能在同一段匀变速过程内部消去未提及的量；各段加速度不同时必须分别设 $a_1$、$a_2$，不能把不同段的加速度当成同一个；消参后剩余方程要与该段的已知量匹配，否则要从已知条件补关系；匀速段用 $x=vt$ 处理，不套用匀变速公式。,《解题觉醒》名师大招册（2027版）视觉转写
PHYSICS,全反力与摩擦角,全反力与摩擦角,PROCEDURE,PHYSICS·综合·综合·综合,定位：PHYSICS·综合·综合。摩擦角的正切等于动摩擦因数，只在滑动摩擦（或恰好达到最大静摩擦）时成立，静摩擦未达最大值时全反力方向可在摩擦角范围内变化；务必注意摩擦角是全反力与支持力（垂直于接触面方向）的夹角，不是全反力与竖直方向的夹角；自锁的结论要求外力作用线落在摩擦,《解题觉醒》名师大招册（2027版）视觉转写
PHYSICS,降维法处理三维空间平衡,降维法处理三维空间平衡,PROCEDURE,PHYSICS·综合·综合·综合,定位：PHYSICS·综合·综合。只适用于平衡（含缓慢运动）的三维受力问题；所选的观察平面应相互垂直，并能容纳全部待求的力；不同平面内的方程不能混用，$F_f=\mu F_N$ 这类关系要在同一平面内使用；投影时要注意夹角关系（分清是夹角还是余角）。,《解题觉醒》名师大招册（2027版）视觉转写
PHYSICS,弹簧分离问题,弹簧分离问题,PROCEDURE,PHYSICS·综合·综合·综合,定位：PHYSICS·综合·综合。分离瞬间两物体仍然接触、加速度仍然相同，只是相互作用力为零；分离过程中速度始终连续，动能的变化由加速度与速度是否同向决定；求劲度系数时要用弹力变化量比位移，位移必须是沿弹簧方向的位移；弹簧不是始终处于原长，分离时弹力是否为零必须通过计算判断,《解题觉醒》名师大招册（2027版）视觉转写
PHYSICS,传送带模型,传送带模型,PROCEDURE,PHYSICS·综合·综合·综合,定位：PHYSICS·综合·综合。判断能否共速必须用假设共速后算出的位移与传送带长度比较，不能只看受力；传送带不够长时结论完全不同，不能照搬足够长的结论；物块初速度不为 0 时 $x_共$ 要按实际初、末速度计算；倾斜传送带中摩擦力方向由物块相对传送带的运动方向决定；正压力,《解题觉醒》名师大招册（2027版）视觉转写
PHYSICS,活结与死结模型,活结与死结模型,CONCEPT,PHYSICS·综合·综合·综合,定位：PHYSICS·综合·综合。活结两侧拉力相等的前提是滑轮（挂钩）光滑、不计摩擦；死结两侧拉力不等，必须分别设未知量；绳的拉力方向一定沿绳；模型判断错了会把两个拉力当成相等的，导致方程个数不足或结果错误。,《解题觉醒》名师大招册（2027版）视觉转写
PHYSICS,活杆与定杆模型,活杆与定杆模型,CONCEPT,PHYSICS·综合·综合·综合,定位：PHYSICS·综合·综合。活杆两端力沿杆的前提是杆端为光滑铰链（或光滑转轴）且杆是轻杆；定杆的力方向未知，不能假设沿杆，否则受力图错误；杆与绳不同：绳只能拉，杆既能拉也能压；判断错模型是常见的失分点。,《解题觉醒》名师大招册（2027版）视觉转写
PHYSICS,左手定则与右手定则,左手定则与右手定则,CONCEPT,PHYSICS·综合·综合·综合,定位：PHYSICS·综合·综合。两个定则不能互换，判断的因果关系不同；用左手定则判断洛伦兹力时，若粒子带负电，四指要指向其运动的反方向；右手定则只适用于导体切割磁感线产生感应电流的情形，磁通量变化类（非切割）问题要用楞次定律；磁场、电流、力三者的方向关系要画图核实，不能凭,《解题觉醒》名师大招册（2027版）视觉转写
PHYSICS,微元法,微元法,CONCEPT,PHYSICS·综合·综合·综合,定位：PHYSICS·综合·综合。微元要足够小，使该微元内的物理量可视为不变（如速度、力在该段内视为恒定）；每个微元遵循的物理规律必须相同；只分析一个微元的结论不能直接推广到全过程，必须用累加（求和、取面积）等数学方法合成；注意微元的选取要与所求量对应。,《解题觉醒》名师大招册（2027版）视觉转写
PHYSICS,二级结论法,二级结论法,CONCEPT,PHYSICS·综合·综合·综合,定位：PHYSICS·综合·综合。必须明确每个二级结论的适用条件（如只适用于匀变速直线运动、只适用于共速前等），条件不符时结论失效；解答题中要用基本规律写出关键步骤，不能只用二级结论作答；不要把二级结论当作定义或普适公式使用；记错结论比不记更危险，使用前先核对其前提。,《解题觉醒》名师大招册（2027版）视觉转写
PHYSICS,口诀法比较平抛轨迹,口诀法比较平抛轨迹,PROCEDURE,PHYSICS·综合·综合·综合,定位：PHYSICS·综合·综合。只适用于初速度水平且不计空气阻力的平抛轨迹比较；口诀只作定性判断，涉及具体数值时必须回到 $t=\sqrt{\frac{2h}{g}}$ 与 $x=v_0t$ 计算；比较高度时取的是下降的竖直高度，不是轨迹上某点到抛出点的直线距离；平移法只,《解题觉醒》名师大招册（2027版）视觉转写
PHYSICS,知二求三求解卫星运动物理量,知二求三求解卫星运动物理量,PROCEDURE,PHYSICS·综合·综合·综合,定位：PHYSICS·综合·综合。三个方程只适用于卫星（或行星）绕中心天体做匀速圆周运动的情形，椭圆轨道不能直接套用；$T$ 与 $\omega$ 只能算一个独立参量，若题目给的两个量一个是周期一个是角速度，仍然有一个量未知；该方法求出的只能是中心天体的质量 $M$；计算时,《解题觉醒》名师大招册（2027版）视觉转写
PHYSICS,公式法解天体追及相遇问题,公式法解天体追及相遇问题,PROCEDURE,PHYSICS·综合·综合·综合,定位：PHYSICS·综合·综合。两个天体必须绕同一个中心天体、沿同一方向做匀速圆周运动，方向相反时要改用角度之和等于 $2\pi$ 或 $\pi$；$T_1$、$T_2$ 必须取两个天体各自的真实周期，不能把地球自转周期与卫星周期混用；相遇指与中心天体共线，不是两星相碰；,《解题觉醒》名师大招册（2027版）视觉转写
PHYSICS,复合场中的上抛模型,复合场中的上抛模型,PROCEDURE,PHYSICS·综合·综合·综合,定位：PHYSICS·综合·综合。两个结论成立的前提是电场力沿水平方向且为恒力（匀强电场），竖直方向只受重力、水平方向只受电场力；水平方向的位移之比 $1:3$ 只适用于上升段与下落段的时间相等且水平方向初速度为零的情形；电场方向竖直时模型变为竖直方向的匀变速运动，不能用本,《解题觉醒》名师大招册（2027版）视觉转写
BIOLOGY,线粒体遗传的阈值效应,线粒体遗传的阈值效应,CONCEPT,生物学必修2·第一章第二节·遗传的基本规律,定位：生物学必修2 第一章第二节。携带致病基因与表现患病不能等同；线粒体基因一般由母亲传给子代，家系常表现为母系传递且子代患病情况有差异；阈值效应不能用孟德尔分离比直接推算。,《5·3 B版 / 分层训练 等（2027版）》视觉转写
BIOLOGY,光合产物的运输与转化,光合产物的运输与转化,CONCEPT,BIOLOGY·综合·综合·综合,定位：BIOLOGY·综合·综合。光合产物在叶绿体内以淀粉形式暂存，运出叶绿体后才在细胞质中合成蔗糖；不能认为蔗糖在叶绿体内合成。夜间没有光合作用，输出的蔗糖来自淀粉的水解，不能理解为夜间仍在进行卡尔文循环。,《5·3 B版 / 分层训练 等（2027版）》视觉转写
BIOLOGY,反推法（代入法）解选择题,反推法（代入法）解选择题,PROCEDURE,BIOLOGY·综合·综合·综合,定位：BIOLOGY·综合·综合。反推法是选择题的解题策略 不能替代正向分析 写出答案时仍要说明排除其他选项的理由。代入时必须把选项中的全部信息（位置关系与显隐性）同时用上 只代一半会得出错误结论。非选择题 填空与实验设计题 不能只给答案不写推理过程。若选项中给出的是子代比,《5·3 B版 / 分层训练 等（2027版）》视觉转写
BIOLOGY,目的基因的检测与鉴定,目的基因的检测与鉴定,PROCEDURE,生物学必修2·第一章第二节·遗传的基本规律,定位：生物学必修2 第一章第二节。分子水平检测只能回答“有没有”，不能说明表达量高低；检测转录的探针是标记的目的基因片段、材料是mRNA，检测翻译的探针是抗体、材料是蛋白质，探针与材料不能张冠李戴；PCR扩增出目的片段只能证明基因已导入或已转录，不等于性状已经表达，性状表达,《5·3 B版 / 分层训练 等（2027版）》视觉转写
BIOLOGY,启动子与终止子的辨析,启动子与终止子的辨析,REASONING,BIOLOGY·综合·综合·综合,定位：BIOLOGY·综合·综合。启动子、终止子本身不编码氨基酸，也不出现在mRNA上；凡把启动子说成“mRNA上的起始信号”、把终止密码子说成“DNA上的终止序列”均为错误；终止子使转录停止，终止密码子使翻译停止，二者不能互换。,《5·3 B版 / 分层训练 等（2027版）》视觉转写
BIOLOGY,通道蛋白与载体蛋白的辨析,通道蛋白与载体蛋白的辨析,REASONING,BIOLOGY·综合·综合·综合,定位：BIOLOGY·综合·综合。通道蛋白只能顺浓度梯度运输，凡是“通过通道蛋白逆浓度梯度运输”的说法都错；能逆浓度梯度运输的一定是载体蛋白；载体蛋白既能参与被动运输也能参与主动运输，因此“有载体蛋白”不能直接判定为主动运输。,《5·3 B版 / 分层训练 等（2027版）》视觉转写
BIOLOGY,蛋白质的磷酸化与去磷酸化,蛋白质的磷酸化与去磷酸化,CONCEPT,生物学必修1·第二章·细胞的分子组成,定位：生物学必修1 第二章。磷酸化与去磷酸化是可逆的调控过程，但由不同的酶催化（蛋白激酶与蛋白磷酸酶），不是同一个酶的逆反应；磷酸化改变的是蛋白质的空间结构和活性，不改变蛋白质的氨基酸序列；ATP在此既供能又提供磷酸基团，不能只理解为供能。,《5·3 B版 / 分层训练 等（2027版）》视觉转写
BIOLOGY,H和ATP的来源与去向,H和ATP的来源与去向,REPRESENTATION,BIOLOGY·综合·综合·综合,定位：BIOLOGY·综合·综合。无氧呼吸第二阶段既不产生ATP也不消耗ATP，[H]在第二阶段被消耗；有氧呼吸的[H]在第三阶段与O₂结合生成水，因此O₂的消耗与[H]的去向绑定，不能把[H]的去向写成“生成CO₂”。,《5·3 B版 / 分层训练 等（2027版）》视觉转写
BIOLOGY,光合作用与化能合成作用的比较,光合作用与化能合成作用的比较,CONCEPT,BIOLOGY·综合·综合·综合,定位：BIOLOGY·综合·综合。两类作用都属于自养，不能把“自养”等同于“光合作用”；化能合成作用不利用光能，其能量来自无机物氧化，因此硝化细菌是自养生物但不进行光合作用。,《5·3 B版 / 分层训练 等（2027版）》视觉转写
BIOLOGY,无丝分裂,无丝分裂,CONCEPT,生物学必修1·第六章·细胞的生命历程,定位：生物学必修1 第六章。无丝分裂没有纺锤丝和染色体的变化，但仍有DNA的复制；蛙的红细胞进行无丝分裂，哺乳动物成熟的红细胞则不分裂，两者不能混淆；无丝分裂只是真核细胞增殖方式之一，不能认为它比有丝分裂更普遍。,《5·3 B版 / 分层训练 等（2027版）》视觉转写
BIOLOGY,连锁与互换,连锁与互换,REPRESENTATION,BIOLOGY·综合·综合·综合,定位：BIOLOGY·综合·综合。完全连锁时测交后代只有2种表型且比例为1∶1，若出现4种表型说明发生了互换（或基因独立遗传），需结合比例分辨；亲本型配子比例总是大于重组型配子（42%>8%），重组型配子是互换的结果；某一生殖细胞中发生互换的细胞比例不等于重组型配子的比例（,《5·3 B版 / 分层训练 等（2027版）》视觉转写
BIOLOGY,人类基因组测序,人类基因组测序,CONCEPT,生物学必修2·第一章第二节·遗传的基本规律,定位：生物学必修2 第一章第二节。人类基因组测序是24条（22+X+Y），而一个染色体组只含23条（22+X或22+Y），两者不能混淆；对某一具体生物（如水稻、果蝇）测序时，若为XY型则仍按“常染色体数目+2”计算；测序测的是碱基（基因）序列，不是染色体数目本身。,《5·3 B版 / 分层训练 等（2027版）》视觉转写
CHEMISTRY,能源类型的划分,能源类型的划分,CONCEPT,CHEMISTRY·综合·综合·综合,定位：CHEMISTRY·综合·综合。天然气虽然是化石能源，但属于清洁能源；判断一次能源看是否直接从自然界取得，判断可再生能源看能否在短期内得到补充，两者不能混为一谈。,《5·3 B版 / 分层训练 等（2027版）》视觉转写
CHEMISTRY,化学与环境问题,化学与环境问题,CONCEPT,CHEMISTRY·综合·综合·综合,定位：CHEMISTRY·综合·综合。酸雨的 pH 小于 5.6，正常雨水因溶有 CO2 呈弱酸性但不属于酸雨；光化学烟雾是二次污染，其污染物不是直接排放的原始物质。,《5·3 B版 / 分层训练 等（2027版）》视觉转写
CHEMISTRY,化学与材料的分类,化学与材料的分类,CONCEPT,CHEMISTRY·综合·综合·综合,定位：CHEMISTRY·综合·综合。合金属于金属材料，不是复合材料；碳纳米材料归入新型无机非金属材料，不要因为含“碳”就误判为有机高分子材料。,《5·3 B版 / 分层训练 等（2027版）》视觉转写
CHEMISTRY,常见食品添加剂及其功能,常见食品添加剂及其功能,CONCEPT,CHEMISTRY·综合·综合·综合,定位：CHEMISTRY·综合·综合。亚硝酸钠既是防腐剂又是有毒物质，必须严格控制用量；食品添加剂的作用是改善食品品质或防止变质，不能与营养强化剂的作用混为一谈。,《5·3 B版 / 分层训练 等（2027版）》视觉转写
CHEMISTRY,生活中的化学常识与常见药物,生活中的化学常识与常见药物,CONCEPT,CHEMISTRY·综合·综合·综合,定位：CHEMISTRY·综合·综合。过氧碳酸钠的漂白性来自其强氧化性，不是吸附性；聚氯乙烯薄膜不能用于食品包装；NaHCO3 与胃酸反应产生 CO2，胃溃疡患者不宜使用。,《5·3 B版 / 分层训练 等（2027版）》视觉转写
CHEMISTRY,化学与技术中的重要应用,化学与技术中的重要应用,CONCEPT,CHEMISTRY·综合·综合·综合,定位：CHEMISTRY·综合·综合。分析用途必须落到具体性质上（还原性、吸附性、密度、耐高温等）；二氧化硫作食品添加剂利用的是抗氧化性和杀菌能力，但过量使用会危害人体。,《5·3 B版 / 分层训练 等（2027版）》视觉转写
CHEMISTRY,溶液中离子反应与平衡图像题解题策略,溶液中离子反应与平衡图像题解题策略,PROCEDURE,化学选择性必修1·第三章·水溶液中的离子平衡,定位：化学选择性必修1 第三章。读图前必须先看清坐标轴含义，忽略量纲与对数变换是最常见的失分点。特殊点的判断要与反应的化学计量关系对应，不能只看曲线形状。同一坐标系出现两条以上曲线时，先判定每条曲线代表哪种微粒，否则后续所有结论都会错。,《5·3 B版 / 分层训练 等（2027版）》视觉转写
CHEMISTRY,官能团的保护,官能团的保护,PROCEDURE,化学选择性必修3·有机化学基础·有机合成,定位：化学选择性必修3 有机化学基础。判断“是否发生保护”要看同一官能团是否“变了又变回来”（A→B→A 的两步），只有这种“一去一回”才是保护与脱保护；酚羟基的保护用甲基化、脱保护用 HI，不能用 NaOH（NaOH 不能脱甲基）；碳碳双键的保护是“加成再消去”，注意加成与消,《5·3 B版 / 分层训练 等（2027版）》视觉转写
CHEMISTRY,有机合成中碱性试剂的作用与选择,有机合成中碱性试剂的作用与选择,CONCEPT,化学选择性必修3·有机化学基础·有机合成,定位：化学选择性必修3 有机化学基础。缚酸剂不参与产物构成，命名时不要把它写成反应物；回答时必须写出“消耗生成的酸”这一步因果，只写“作催化剂”或“作碱”都不准确。,《5·3 B版 / 分层训练 等（2027版）》视觉转写
CHEMISTRY,有机合成中官能团的保护,有机合成中官能团的保护,CONCEPT,化学选择性必修3·有机化学基础·有机合成,定位：化学选择性必修3 有机化学基础。保护基只是“暂时改变官能团”，最终产物的结构必须与保护前的基团一致；答题要同时写出“保护”与“脱保护”两个动作，只写“保护氨基”而未说明后一步如何复原会被扣分。,《5·3 B版 / 分层训练 等（2027版）》视觉转写
CHEMISTRY,苯环上取代基的定位规律,苯环上取代基的定位规律,CONCEPT,化学选择性必修3·有机化学基础·有机合成,定位：化学选择性必修3 有机化学基础。定位规律给出的是“主要产物”，实际反应仍会有少量其他位置异构体；—Cl、—Br 有弱致钝作用但仍属邻对位定位基，不要误判为间位定位基。,《5·3 B版 / 分层训练 等（2027版）》视觉转写
CHEMISTRY,热重法测定物质组成,热重法测定物质组成,PROCEDURE,CHEMISTRY·综合·综合·综合,定位：CHEMISTRY·综合·综合。必须先把固体残留率换算成绝对质量（失=m_起始\times$ 残留率），只拿比值算容易算错；判断“失去的是水还是 $\mathrm{CO_2}$”时要同时核对碳元素是否还在固体中（如题中“已不含碳元素”是关键条件）。,《5·3 B版 / 分层训练 等（2027版）》视觉转写
BIOLOGY,四大类生物学物质辨析,四大类生物学物质辨析,PROCEDURE,生物学必修1·第二章·细胞的分子组成,定位：生物学必修1 第二章。这是功能分类而非化学分类，同一物质可跨类（如蛋白质既可是结构物质又可是酶或抗体）；RNA 病毒的遗传物质是 RNA 而非 DNA，注意前提条件。,《5·3 B版 / 分层训练 等（2027版）》视觉转写
BIOLOGY,连锁互换问题的配子分析,连锁互换问题的配子分析,PROCEDURE,生物学必修2·第一章第二节·遗传的基本规律,定位：生物学必修2 第一章第二节。完全连锁时两对基因的遗传不遵循自由组合定律（但每一对基因仍遵循分离定律）；互换产生的重组型配子比例较小，与两基因在染色体上的距离有关，重组型配子比例不会超过 50%。,《5·3 B版 / 分层训练 等（2027版）》视觉转写
MATH,分式不等式的解法,分式不等式的解法,PROCEDURE,数学必修第一册·第二章·不等式,定位：数学必修第一册 第二章。带等号时必须剔除使分母为零的根；不能直接交叉相乘去分母，除非能确定分母恒正或恒负；分子分母最高次项系数要先化为正，否则不等号方向会出错。,《5·3 B版 / 分层训练 等（2027版）》视觉转写
MATH,n元均值不等式,n元均值不等式,CONCEPT,数学必修第一册·第二章·不等式,定位：数学必修第一册 第二章。只适用于正数；拆项后各项的取等条件必须能同时满足，若互相矛盾则只能得到下界而不是最小值；忘记写取等条件会丢掉“最值可取”这最后一步。,《5·3 B版 / 分层训练 等（2027版）》视觉转写
MATH,祖暅原理,祖暅原理,CONCEPT,数学必修第二册·第八章（空间向量见选择性必修第一册）·立体几何,定位：数学必修第二册 第八章（空间向量见选择性必修第一册）。使用前必须验证“等高截面面积处处相等”，不能只看高相等；截面要平行于底面；由祖暅原理得到的是体积相等，与表面积无关。,《5·3 B版 / 分层训练 等（2027版）》视觉转写
MATH,球面三角形与曲面三棱锥,球面三角形与曲面三棱锥,CONCEPT,数学必修第二册·第八章（空间向量见选择性必修第一册）·立体几何,定位：数学必修第二册 第八章（空间向量见选择性必修第一册）。弧长与圆心角的关系中角必须用弧度；球面三角形的“边”是弧长而不是弦长；判断体积大小要先算出底面外接圆半径与高。,《5·3 B版 / 分层训练 等（2027版）》视觉转写
MATH,棱切球（与各棱相切的球）,棱切球（与各棱相切的球）,CONCEPT,数学必修第二册·第八章（空间向量见选择性必修第一册）·立体几何,定位：数学必修第二册 第八章（空间向量见选择性必修第一册）。“棱切球”与“内切球”“外接球”三者半径不同，不要把条件用错；球心到棱的距离等于半径（不是到面的距离）；正棱锥的球心在轴线上这一结论要先说明。,《5·3 B版 / 分层训练 等（2027版）》视觉转写
MATH,三次函数的图象与性质,三次函数的图象与性质,CONCEPT,数学选择性必修第二册·第五章·函数与导数,定位：数学选择性必修第二册 第五章。仅适用于三次函数（$a\neq 0$）；$a=0$ 时退化为二次函数，本表不适用。极值点个数只能是 0 个或 2 个，不可能为 1 个。对称中心公式只对三次函数成立。,《5·3 B版 / 分层训练 等（2027版）》视觉转写
MATH,一元三次方程根的个数判断,一元三次方程根的个数判断,PROCEDURE,数学必修第一册·第三章·函数的概念与性质,定位：数学必修第一册 第三章。结论以 $a>0$ 为前提；$a<0$ 时极大值与极小值互换，判据应改为直接比较两个极值与 0 的大小。必须先保证 $\Delta>0$ 才可能出现 3 个根，$\Delta\le 0$ 时不可能有 3 个根。,《5·3 B版 / 分层训练 等（2027版）》视觉转写
MATH,三次函数图象的分析策略,三次函数图象的分析策略,PROCEDURE,数学选择性必修第二册·第五章·函数与导数,定位：数学选择性必修第二册 第五章。只适用于三次函数图象辨析；若 $a=0$ 则退化为二次函数。用韦达定理的前提是 $f'(x)=0$ 有两个实根（$\Delta>0$），无极值点时该步骤无效。,《5·3 B版 / 分层训练 等（2027版）》视觉转写
MATH,三次函数图象的数轴标根作法,三次函数图象的数轴标根作法,PROCEDURE,数学选择性必修第二册·第五章·函数与导数,定位：数学选择性必修第二册 第五章。只适用于已能分解出全部实根的三次函数；若有虚根或不能分解，需改用求导法确定单调性。“奇穿偶不穿”只解决符号分布，极值点的精确位置仍需由 $f'(x)=0$ 求出。,《5·3 B版 / 分层训练 等（2027版）》视觉转写
MATH,导数中的双变量问题,导数中的双变量问题,PROCEDURE,数学选择性必修第二册·第五章·函数与导数,定位：数学选择性必修第二册 第五章。换元后必须明确定出新元的取值范围（如由 $x_2-x_1\ge 1$ 得 $t\ge 1$），否则会把新元当成全体实数而算错最值。变形必须保持等价，两式相减、相除时要注意分母不为 0。,《5·3 B版 / 分层训练 等（2027版）》视觉转写
MATH,概率与函数综合,概率与函数综合,PROCEDURE,数学必修第二册·第九十章（条件概率与正态分布见选择性必修第三册）·概率统计,定位：数学必修第二册 第九十章（条件概率与正态分布见选择性必修第三册）。翻译函数条件时不能漏掉前提：偶函数要求定义域关于原点对称（本题 $x\neq 0$）；$f'(x)$ 在 $x=1$ 处取最值要求二次项系数不为 0。抛掷两枚骰子的样本空间有 36 个等可能样本点，不能按“不重复的组合”去数。,《5·3 B版 / 分层训练 等（2027版）》视觉转写
MATH,函数图象的识别,函数图象的识别,PROCEDURE,数学必修第一册·第三章·函数的概念与性质,定位：数学必修第一册 第三章。判断奇偶性前必须先看定义域是否关于原点对称；用特殊值排除时该点必须在定义域内且函数值符号能被唯一确定；注意 $\sin 3$、$\cos 3$ 等角的三角函数值符号（3 弧度在第二象限）；变化趋势要看 $x\to+\infty$ 与 $x\,《5·3 B版 / 分层训练 等（2027版）》视觉转写
MATH,函数图象的平移与伸缩变换,函数图象的平移与伸缩变换,CONCEPT,数学必修第一册·第三章·函数的概念与性质,定位：数学必修第一册 第三章。平移方向只与 $x$ 的加减有关，且加减必须作用在 $x$ 上：$y=f(2x+1)$ 向右平移要写成 $y=f(2(x-1)+1)$ 而不是 $f(2x-1)$；横坐标伸缩与解析式中的系数是倒数关系（缩为一半对应 $x$ 换成 $2x$）,《5·3 B版 / 分层训练 等（2027版）》视觉转写
MATH,互为反函数的图象对称性,互为反函数的图象对称性,PROCEDURE,数学必修第一册·第三章·函数的概念与性质,定位：数学必修第一册 第三章。必须保证两条曲线与同一条直线各自只有一个交点才能用对称结论，交点多于一个时要指明取哪一个；两函数互为反函数要求它们在对应区间上单调；直线斜率不为 $-1$ 时两个交点不关于 $y=x$ 对称，不能套用横坐标之和为常数。,《5·3 B版 / 分层训练 等（2027版）》视觉转写
MATH,函数模型（指数、对数型）的应用,函数模型（指数、对数型）的应用,PROCEDURE,数学必修第一册·第三章·函数的概念与性质,定位：数学必修第一册 第三章。建模前先确认量与量的对应关系以及单位；反求真数时要说明所用函数的单调性；指数衰减模型中底数应在 0 与 1 之间，且时间起点要与已知数据一致；比较对数大小要求底数相同，底数不同时先换底；近似值尽量放在最后一步使用，中途取近似会放大误差。,《5·3 B版 / 分层训练 等（2027版）》视觉转写
MATH,新定义函数题的解题思路,新定义函数题的解题思路,PROCEDURE,数学必修第一册·第三章·函数的概念与性质,定位：数学必修第一册 第三章。必须看清定义中的量词是对任意还是存在，这决定转化后是恒成立问题还是方程有解问题；转化得到的方程有两个不等实根时，除了判别式还要检查根是否落在题目限定的区间内；由对称性设点时要用题目给的对称关系（如关于原点对称），不能凭感觉设。,《5·3 B版 / 分层训练 等（2027版）》视觉转写
MATH,斜坐标系中的向量运算,斜坐标系中的向量运算,REPRESENTATION,数学必修第二册·第六章·平面向量,定位：数学必修第二册 第六章。不能把斜坐标当直角坐标用：模与数量积公式中都含 $\cos\theta$ 项，漏掉交叉项是本类题最主要的错误；只有 $\theta=90^\circ$ 时公式才退化为直角坐标系的形式；判断结论真假时每一项都要回到基底计算，不能凭直觉；$x^,《5·3 B版 / 分层训练 等（2027版）》视觉转写
MATH,圆锥曲线的通径,圆锥曲线的通径,CONCEPT,数学选择性必修第一册·第二三章·解析几何,定位：数学选择性必修第一册 第二三章。通径是特殊的焦点弦（垂直于对称轴），不能与一般的焦点弦混淆；通径长为 $\frac{2b^2}{a}$ 而不是 $\frac{b^2}{a}$，别把一半当成整条；应用端点坐标时注意焦点在 $x$ 轴还是 $y$ 轴，坐标形式要相应交换；用中,《5·3 B版 / 分层训练 等（2027版）》视觉转写
MATH,共焦点的椭圆与双曲线,共焦点的椭圆与双曲线,PROCEDURE,数学选择性必修第一册·第二三章·解析几何,定位：数学选择性必修第一册 第二三章。公式中的 $\theta$ 是公共点对两个焦点的张角，顶点必须取在公共点 $P$ 上；椭圆与双曲线的离心率要对应准确（$e_1$ 配 $1-\cos\theta$、$e_2$ 配 $1+\cos\theta$）；由 $e_2$ 求渐近线斜率,《5·3 B版 / 分层训练 等（2027版）》视觉转写
MATH,欧拉线,欧拉线,CONCEPT,数学必修第一册·第三章·函数的概念与性质,定位：数学必修第一册 第三章。等边三角形中三心重合，欧拉线退化为一个点，此时关于欧拉线的说法不再适用；等腰三角形的“三线合一”只对底边成立，对称轴方向判断错会把中垂线写错。用距离公式时直线必须化成一般式，分子的绝对值不能丢。,《5·3 B版 / 分层训练 等（2027版）》视觉转写
MATH,圆锥曲线中的最值或范围问题,圆锥曲线中的最值或范围问题,PROCEDURE,数学选择性必修第一册·第二三章·解析几何,定位：数学选择性必修第一册 第二三章。“几何法”的等号条件要写清（$A$、$F$、$H$ 共线）并检验该位置是否在曲线允许的范围内；代数法要注意参数范围由判别式和曲线自身的范围共同决定，用基本不等式时需验证等号能否取到。两种方法都要讨论斜率不存在的特殊情形，避免遗漏。,《5·3 B版 / 分层训练 等（2027版）》视觉转写
MATH,圆幂与根轴,圆幂与根轴,CONCEPT,数学选择性必修第一册·第二三章·解析几何,定位：数学选择性必修第一册 第二三章。根轴要求两圆不同心（同心时幂相等的点集为空集）；注意幂是距离的平方差而不是距离之差，写等式时不要漏平方。两圆方程相减时只有一次项与常数项参与运算，圆心或半径写错会使整条根轴出错。,《5·3 B版 / 分层训练 等（2027版）》视觉转写
MATH,圆锥曲线中的定点定值问题,圆锥曲线中的定点定值问题,PROCEDURE,数学选择性必修第一册·第二三章·解析几何,定位：数学选择性必修第一册 第二三章。设线时要讨论斜率不存在的情形（或说明题意已保证斜率存在且不为零）；换元后必须保留换回关系 $t-2k=3$，否则化简时会把 $k$、$t$ 当成独立参数而算不出定值。用韦达定理前要确认 $\Delta>0$ 且二次项系数不为零。,《5·3 B版 / 分层训练 等（2027版）》视觉转写
MATH,圆锥曲线中的定线问题,圆锥曲线中的定线问题,PROCEDURE,数学选择性必修第一册·第二三章·解析几何,定位：数学选择性必修第一册 第二三章。用两个特殊位置试探出定直线后，必须再用一般情形证明；把三点共线转化为直径问题时，要保证 $O$ 是圆心且 $P$、$Q$ 都在圆上。用斜率表示时要单独讨论斜率不存在（点落在顶点处）的情形；代入韦达定理前要写清参数的取值范围。,《5·3 B版 / 分层训练 等（2027版）》视觉转写
MATH,圆锥曲线中的角度问题,圆锥曲线中的角度问题,PROCEDURE,数学选择性必修第一册·第二三章·解析几何,定位：数学选择性必修第一册 第二三章。“钝角写成数量积 $<0$ 时必须排除两向量方向相反（夹角为 $180^\circ$）的退化情形；锐角写成 $>0$ 时要排除夹角为 $0^\circ$ 的情形，通常用”A、B、F₁ 不共线“一句交代。用斜率乘积为 $-1$ 判定垂直前要确,《5·3 B版 / 分层训练 等（2027版）》视觉转写
MATH,数列的新定义问题,数列的新定义问题,PROCEDURE,数学选择性必修第二册·第四章·数列,定位：数学选择性必修第二册 第四章。二进制展开中各位只能是 0 或 1，写展开式时不要漏掉乘积项；判断 $\omega(2n+3)$ 时要注意进位（$2^1$ 位上的 1 加上 3 中 $2^1$ 位的 1 会进位），不能简单地认为个数加 1。新定义题必须先按定义算几个小值验,《5·3 B版 / 分层训练 等（2027版）》视觉转写
MATH,数列的插项与去项问题,数列的插项与去项问题,PROCEDURE,数学选择性必修第二册·第四章·数列,定位：数学选择性必修第二册 第四章。“数项数是这类题的关键：插入 $n$ 项后原数列的相邻两项之间有 $n+1$ 个间隔，块长是 $n+1$ 而不是 $n$；确定临界位置时用”累计插入数 < N“的不等式估计，并回代检验边界那一项属于哪一块。”,《5·3 B版 / 分层训练 等（2027版）》视觉转写
MATH,数列的公共项问题,数列的公共项问题,PROCEDURE,数学选择性必修第二册·第四章·数列,定位：数学选择性必修第二册 第四章。验证公共项时要把两个数列的前若干项都写出来（等差与等比增长速度不同，指数项很快超过等差项）；同一项只能算一次（剔除而不是相加）。临界位置的比较要比较相邻的几项才能确定顺序。,《5·3 B版 / 分层训练 等（2027版）》视觉转写
MATH,三角形的射影定理,三角形的射影定理,PROCEDURE,数学必修第一册·第五章·三角函数,定位：数学必修第一册 第五章。三式必须边配它的两个邻角的余弦，$a$ 对应 $b\cos C+c\cos B$，角选错整式就不成立；射影定理是余弦定理的推论，题目通常不点明，看到 $a\cos B+b\cos A$ 结构应主动想到它；代换后要检查式子是否齐次，不要把边与,《5·3 B版 / 分层训练 等（2027版）》视觉转写
MATH,解三角形中的最值与范围问题,解三角形中的最值与范围问题,PROCEDURE,数学必修第一册·第五章·三角函数,定位：数学必修第一册 第五章。三类方法的选用要由条件的形态决定：条件里只有“和与积”关系时用基本不等式（须验证取等条件可实现）；化为角的函数后若出现 $\sin\theta$ 与 $\frac{1}{\sin\theta}$ 同现，用对勾函数单调性；若化为 $A\sin,《5·3 B版 / 分层训练 等（2027版）》视觉转写
MATH,三垂线定理及其逆定理,三垂线定理及其逆定理,CONCEPT,数学必修第一册·第三章·函数的概念与性质,定位：数学必修第一册 第三章。使用前必须有“线面垂直”（这样才能确定射影）；射影必须画准（斜足与垂足的连线）；定理只用于判断线线垂直，不能用来求角；在解答题中直接引用时建议写清“由三垂线定理（或线面垂直的性质）”。；建议父级：立体几何,《5·3 B版 / 分层训练 等（2027版）》视觉转写
MATH,概率与数列综合,概率与数列综合,PROCEDURE,数学选择性必修第二册·第四章·数列,定位：数学选择性必修第二册 第四章。用差分构造时要注意下标的取值范围；累加后必须用端点条件（如 $p_{0}=0$、$p_{8}=1$）反解首项；最后要把算得的概率用实际意义解释，不能只留一个数。,《5·3 B版 / 分层训练 等（2027版）》视觉转写
MATH,二项式系数的性质,二项式系数的性质,REASONING,数学必修第一册·第三章·函数的概念与性质,定位：数学必修第一册 第三章。求“系数最大项”时要区分二项式系数最大与项的系数最大（后者要带上符号与数字因数）；系数和用赋值法，求 $|a_{0}|+|a_{1}|+\cdots$ 一类绝对值之和要另作构造。,《5·3 B版 / 分层训练 等（2027版）》视觉转写
MATH,分组分配问题,分组分配问题,PROCEDURE,数学必修第一册·第三章·函数的概念与性质,定位：数学必修第一册 第三章。均匀分组若不除以相同组数的全排列会重复计数（如 1、2、2 型必须除以 $A_{2}^{2}$）；分配问题与分组问题要分清，分完组还要再排；挡板法只适用于相同元素且每组非空的情形。,《5·3 B版 / 分层训练 等（2027版）》视觉转写
MATH,二项展开式系数最大项,二项展开式系数最大项,PROCEDURE,数学必修第一册·第三章·函数的概念与性质,定位：数学必修第一册 第三章。不等式组中比较的是“项的系数”而非二项式系数，符号与数字因数都要带上；解出的 $k$ 必须取整数并检验在 $1\le k\le n$ 内；二项式系数最大与项的系数最大未必是同一项。,《5·3 B版 / 分层训练 等（2027版）》视觉转写
MATH,全期望公式,全期望公式,REASONING,数学必修第一册·第三章·函数的概念与性质,定位：数学必修第一册 第三章。条件数学期望要在给定的条件下重新划分样本空间；用 $E(aX+b)=aE(X)+b$ 时系数要对应准确；递推结论必须写出推导过程，不能只凭直觉断言；分裂、死亡等生理反应的概率要按题意取准。,《5·3 B版 / 分层训练 等（2027版）》视觉转写
MATH,根据零点个数求参数的方法,根据零点个数求参数的方法,PROCEDURE,数学必修第一册·第三章·函数的概念与性质,定位：数学必修第一册 第三章。分离参数时要注意自变量的取值范围（如 $x\ne 0$）；数形结合要抓住动直线（动曲线）恒过的定点；分类讨论要覆盖参数的全部情形并检验相切这一临界位置。,《5·3 B版 / 分层训练 等（2027版）》视觉转写
MATH,三角形四心的向量表示,三角形四心的向量表示,CONCEPT,数学必修第二册·第六章·平面向量,定位：数学必修第二册 第六章。四心的向量等式要连同等式中的系数含义一起记（内心式的系数是边长）；轨迹题要先把方向向量的几何意义弄清（是中线的方向还是高的方向）；各心的等式形式相似，容易张冠李戴。,《5·3 B版 / 分层训练 等（2027版）》视觉转写
MATH,圆锥曲线中最值或范围问题的几何法,圆锥曲线中最值或范围问题的几何法,PROCEDURE,数学选择性必修第一册·第二三章·解析几何,定位：数学选择性必修第一册 第二三章。几何法的前提是能找到明确的定点、定直线或定圆（焦点、准线、圆心）。当题设条件与结论没有明显几何特征时，应改用代数法建立函数求最值。取到最值时对应的位置（如三点共线）必须交代清楚，否则最值不可信。赋值为 $t$ 的参数要注意其本身范围。,《5·3 B版 / 分层训练 等（2027版）》视觉转写
MATH,圆锥曲线中最值或范围问题的代数法,圆锥曲线中最值或范围问题的代数法,PROCEDURE,数学选择性必修第一册·第二三章·解析几何,定位：数学选择性必修第一册 第二三章。换元后必须写出新元的取值范围再求值域。使用导数求最值时需先说明单调性。斜率不存在（竖直线）与斜率为零的情形要单独讨论，避免漏解。参数的范围必须由判别式与图形位置共同确定，只靠判别式会漏掉交点所在支的限制。,《5·3 B版 / 分层训练 等（2027版）》视觉转写
MATH,圆锥曲线中的定点问题,圆锥曲线中的定点问题,PROCEDURE,数学选择性必修第一册·第二三章·解析几何,定位：数学选择性必修第一册 第二三章。设直线方程前必须先判断斜率是否存在、是否为零，斜率不存在的情形要单独讨论。换元后一定要把参数消干净，否则不能说明过定点。构造齐次式时二次曲线与直线方程的次数要匹配，必须整体用 $(x-x_0)$ 与 $(y-y_0)$ 表示。最后务必回代验,《5·3 B版 / 分层训练 等（2027版）》视觉转写
MATH,圆锥曲线中的定值问题,圆锥曲线中的定值问题,PROCEDURE,数学选择性必修第一册·第二三章·解析几何,定位：数学选择性必修第一册 第二三章。转化前提是 $AD\perp MN$ 这类垂直关系成立，且能确定动直线过哪个定点。若题中不存在垂直关系，不能直接用此转化。证明时需分斜率存在与不存在两种情形讨论，并在答案中交代定点 $Q$ 的坐标与定值的大小。,《5·3 B版 / 分层训练 等（2027版）》视觉转写
MATH,圆锥曲线的离心率问题,圆锥曲线的离心率问题,PROCEDURE,数学选择性必修第一册·第二三章·解析几何,定位：数学选择性必修第一册 第二三章。求出范围后必须结合圆锥曲线自身的离心率范围（双曲线 $e>1$、椭圆 $0<e<1$）取交集。把焦半径归类到同一三角形时要确定点在哪一支（双曲线左支还是右支）。用两边之和大于第三边时注意三点共线的退化情形不能取等号。,《5·3 B版 / 分层训练 等（2027版）》视觉转写
MATH,圆锥曲线焦点三角形的常用结论,圆锥曲线焦点三角形的常用结论,CONCEPT,数学选择性必修第一册·第二三章·解析几何,定位：数学选择性必修第一册 第二三章。公式要求 $P$ 与 $F_1$、$F_2$ 确实构成三角形（$P$ 不在长轴或实轴端点上，$\theta\in(0，\pi)$）。双曲线中 $P$ 只在某一支上，$\alpha$ 与 $\beta$ 的对应关系随位置变化，得到的比值要取绝,《5·3 B版 / 分层训练 等（2027版）》视觉转写
MATH,圆锥曲线焦点弦三角形的常用结论,圆锥曲线焦点弦三角形的常用结论,CONCEPT,数学选择性必修第一册·第二三章·解析几何,定位：数学选择性必修第一册 第二三章。弦长公式与倾斜角绑定，$\alpha=\frac\pi2$ 时转为通径长 $\frac{2b^2}{a}$。双曲线的弦长公式分母可能为零或取负，需讨论弦与哪一支相交（两支都交时与只交一支时情形不同）。周长公式要求 $A$、$B$ 在曲线上且,《5·3 B版 / 分层训练 等（2027版）》视觉转写
MATH,圆锥曲线创新题,圆锥曲线创新题,CONCEPT,数学选择性必修第一册·第二三章·解析几何,定位：数学选择性必修第一册 第二三章。新定义题必须先把定义逐字读清并翻译成方程或不等式条件，不能凭已有印象套用熟悉结论。跨学科情境题要把实际背景中的关键量对应为坐标或长度，注意隐含的几何约束与范围限制。优先几何分析不等于可以放弃代数运算，最后仍需把几何结论落到方程上求解。,《5·3 B版 / 分层训练 等（2027版）》视觉转写
MATH,数列中的去项与插项问题,数列中的去项与插项问题,PROCEDURE,数学选择性必修第二册·第四章·数列,定位：数学选择性必修第二册 第四章。插项的项数要按段累计计算，不能用段数直接代替总项数。估计出临界位置后必须回到附近逐项验证。分段求和时要核对每段的首项、末项与公差。去项问题中被去掉的项本身的性质（如奇偶、大小）也要分析。,《5·3 B版 / 分层训练 等（2027版）》视觉转写
MATH,数列中的公共项问题,数列中的公共项问题,PROCEDURE,数学选择性必修第二册·第四章·数列,定位：数学选择性必修第二册 第四章。“公差是最小公倍数”的结论只适用于两个等差数列；公比对应最小公倍数时需要各项为正或同号。合并时若两数列有公共项，只能算一次。估计出临界位置后必须验证不等关系（如 $b_{16}<a_{33}<b_{17}$）才能确定项数，不能只凭直觉。,《5·3 B版 / 分层训练 等（2027版）》视觉转写
MATH,半角公式与万能公式,半角公式与万能公式,CONCEPT,数学必修第一册·第三章·函数的概念与性质,定位：数学必修第一册 第三章。半角公式开方前必须由 $\frac{\alpha}{2}$ 所在象限定符号，这是最常见的错点；$\tan\frac{\alpha}{2}=\frac{\sin\alpha}{1+\cos\alpha}$ 要求 $\cos\alpha\neq,《5·3 B版 / 分层训练 等（2027版）》视觉转写
MATH,积化和差与和差化积公式,积化和差与和差化积公式,CONCEPT,数学必修第一册·第三章·函数的概念与性质,定位：数学必修第一册 第三章。和差化积的最后一个公式（$\cos\theta-\cos\varphi$）前面有负号，最容易记错；四个积化和差公式的系数都是 $\frac12$，只有 $\sin\alpha\sin\beta$ 那个带负号；使用时角度要统一（先化成同名同角,《5·3 B版 / 分层训练 等（2027版）》视觉转写
MATH,三角形解的个数的讨论,三角形解的个数的讨论,PROCEDURE,数学必修第一册·第五章·三角函数,定位：数学必修第一册 第五章。该判定只适用于“已知两边及其中一边的对角”这一类型；若用正弦定理解出 $\sin B$，则由 $0<B<\pi$ 一般可得两解（$B$ 与 $\pi-B$），必须结合 $A+B<\pi$ 与三角形内角和逐一检验取舍；已知两角与一边、或已知两,《5·3 B版 / 分层训练 等（2027版）》视觉转写
PHYSICS,碰撞恢复系数,碰撞恢复系数,CONCEPT,PHYSICS·综合·综合·综合,定位：PHYSICS·综合·综合。恢复系数只描述碰撞的弹性恢复程度，不能用来判断动量是否守恒；任何碰撞动量都守恒。计算时必须先规定正方向并把速度带符号代入，否则分子分母的符号会颠倒。,《5·3 B版 / 分层训练 等（2027版）》视觉转写
PHYSICS,四星模型,四星模型,PROCEDURE,PHYSICS·综合·综合·综合,定位：PHYSICS·综合·综合。只有各星质量与位置具有对称性时圆心才在几何中心；若圆心处存在未知天体，系统周期会改变（测得的周期 $kT$ 与理论值 $T$ 不同），不能直接套用无中心天体时的结论。,《5·3 B版 / 分层训练 等（2027版）》视觉转写
PHYSICS,双星与多星问题的分析关键,双星与多星问题的分析关键,PROCEDURE,PHYSICS·综合·综合·综合,定位：PHYSICS·综合·综合。多星模型成立的前提是忽略系统外其他星体的引力作用；轨道半径不能直接用星间距离替代；质量不同的星轨道半径不同，不能按等质量对称处理。,《5·3 B版 / 分层训练 等（2027版）》视觉转写
PHYSICS,碰撞与轨道变化综合问题的分析流程,碰撞与轨道变化综合问题的分析流程,PROCEDURE,PHYSICS·综合·综合·综合,定位：PHYSICS·综合·综合。碰撞后才能用动量守恒，碰撞前的追及必须满足后方速度大于前方速度；开普勒第三定律只在绕同一中心天体时 $k$ 相同，比较周期时要用半长轴（圆轨道时等于半径）；机械能守恒式中的距离是到中心天体的距离，不是天体自身的半径。,《5·3 B版 / 分层训练 等（2027版）》视觉转写
PHYSICS,辅助角公式求物理极值,辅助角公式求物理极值,PROCEDURE,PHYSICS·综合·综合·综合,定位：PHYSICS·综合·综合。辅助角公式中的 $\alpha$ 由 $\tan\alpha=\frac{b}{a}$ 确定，须与 $a$、$b$ 的符号对应；取最大值时 $\theta+\alpha=90^\circ$，要检验该角度是否在题目允许的范围内（如倾角能否取到,《5·3 B版 / 分层训练 等（2027版）》视觉转写
PHYSICS,轻绳、轻弹簧与轻质弹性绳的对比,轻绳、轻弹簧与轻质弹性绳的对比,CONCEPT,PHYSICS·综合·综合·综合,定位：PHYSICS·综合·综合。轻绳形变极小可忽略，因此弹力可以突变；轻弹簧与轻质弹性绳的形变不能瞬间改变，分析瞬时加速度时必须保留其弹力；轻绳不存储弹性势能，而弹簧与弹性绳的弹力做功对应弹性势能的变化 $W=-ΔE_p$；轻质弹性绳不可压缩，只能提供拉力，不能提供支持力,《5·3 B版 / 分层训练 等（2027版）》视觉转写
PHYSICS,单方向的简谐运动,单方向的简谐运动,PROCEDURE,PHYSICS·综合·综合·综合,定位：PHYSICS·综合·综合。只有摩擦力大小恒定、运动方向明确的两段中，合外力才与位移成线性关系，才能分段当作简谐运动；若摩擦力足以使物体在某处停下（速度减为零后不再反向），则不会出现第二段简谐运动，必须先判断能否反向；摩擦生热要用路程而不是位移计算。,《5·3 B版 / 分层训练 等（2027版）》视觉转写
PHYSICS,用单摆测量重力加速度,用单摆测量重力加速度,PROCEDURE,PHYSICS·综合·综合·综合,定位：PHYSICS·综合·综合。单摆只在摆角很小（一般小于 $5°$）时才是简谐运动，摆角过大周期公式不成立；摆长必须用球心到悬点的距离，漏加球半径会系统性偏小；数据处理时不要忽略小球半径与摆线长度的区别，也不要忽略多次测量取平均的必要性。,《5·3 B版 / 分层训练 等（2027版）》视觉转写
PHYSICS,电动机牵引情境的功率与能量关系,电动机牵引情境的功率与能量关系,PROCEDURE,PHYSICS·综合·综合·综合,定位：PHYSICS·综合·综合。只有不计电动机的机械摩擦损耗时，输入功率才等于绳上拉力做功的功率；有相对滑动时摩擦生热必须用相对位移计算；物体速度方向与绳的拉力方向不共线时，不能用 $P=Fv$ 直接求拉力的功率。,《5·3 B版 / 分层训练 等（2027版）》视觉转写
PHYSICS,求解变力做功的常用方法,求解变力做功的常用方法,PROCEDURE,PHYSICS·综合·综合·综合,定位：PHYSICS·综合·综合。平均值法只适用于力随位移均匀变化（线性）的情形，非线性变力不能用平均力求功；图像法要求图线与横轴围成的面积可求；微元法要求每小段内力的变化可忽略；用这些方法求出功后，都应当用动能定理或功能关系检验结果是否合理。,《5·3 B版 / 分层训练 等（2027版）》视觉转写
PHYSICS,含弹簧变力做功问题的解题思路,含弹簧变力做功问题的解题思路,PROCEDURE,PHYSICS·综合·综合·综合,定位：PHYSICS·综合·综合。\n\n平均力法只适用于弹力随位移线性变化（$F=kx$）的简单情形，涉及两个弹簧或多个形变阶段时不能用平均力；分离瞬间是弹力为零、但加速度仍相同的时刻，并非速度最大的时刻；速度最大的位置一定在加速度为零处。,《5·3 B版 / 分层训练 等（2027版）》视觉转写
PHYSICS,验证机械能守恒定律,验证机械能守恒定律,PROCEDURE,PHYSICS·综合·综合·综合,定位：PHYSICS·综合·综合。\n\n打点计时器方案中不需要测质量，也不需要测下落时间；$v^2-h$ 图线不过原点或斜率小于 $2g$ 说明存在阻力或测量误差；图像法验证时必须把原理式化为线性关系，斜率与重力加速度的对应关系不能弄错；实验中的阻力不可避免，只能说明在误,《5·3 B版 / 分层训练 等（2027版）》视觉转写
PHYSICS,电池组的串联与并联,电池组的串联与并联,CONCEPT,PHYSICS·综合·综合·综合,定位：PHYSICS·综合·综合。只有完全相同（电动势与内阻都相同）的电源才能直接套用上述总电动势、总内阻公式；不同电动势的电源并联不能按上述方式等效；串联时要注意极性，正负极接反会使总电动势减小。,《5·3 B版 / 分层训练 等（2027版）》视觉转写
PHYSICS,电路中的三类图线,电路中的三类图线,REPRESENTATION,PHYSICS·综合·综合·综合,定位：PHYSICS·综合·综合。\n\n只有直线段才表示电阻恒定，曲线段的电阻随状态变化；求非线性元件的电阻必须用该状态点与原点连线的斜率，不能用切线；电源的 $U-I$ 图线中纵轴一般不从零开始，此时横轴截距不等于短路电流，读数时要看清坐标起点。,《5·3 B版 / 分层训练 等（2027版）》视觉转写
PHYSICS,电路的等效处理方法,电路的等效处理方法,PROCEDURE,PHYSICS·综合·综合·综合,定位：PHYSICS·综合·综合。\n\n电流走向法要求先正确判断电流方向，电容器不能当作导线处理（稳定时是断路）；电势排序法中同一节点必须真正等势（中间不能有电阻或电源），否则不能合并；化简后要检查各元件的位置与连接关系是否与规范电路一致。,《5·3 B版 / 分层训练 等（2027版）》视觉转写
PHYSICS,含容电路的分析策略,含容电路的分析策略,PROCEDURE,PHYSICS·综合·综合·综合,定位：PHYSICS·综合·综合。\n\n电容器在直流稳定电路中相当于断路，不能当作导线；与之串联的电阻不分压（其上无电流）；计算电荷量变化时必须先判断极板电性是否改变，电性相反时电荷量要相加而不是相减。,《5·3 B版 / 分层训练 等（2027版）》视觉转写
PHYSICS,电桥法测电阻,电桥法测电阻,PROCEDURE,PHYSICS·综合·综合·综合,定位：PHYSICS·综合·综合。\n\n电桥法只有在电流计示数为零（真正平衡）时才能用平衡条件求解；调节时必须先判断指针偏转方向对应的电势高低，不能盲目增大或减小阻值；电桥电路中若某一桥臂断路或短路，电路不满足平衡条件，不能套用结论。,《5·3 B版 / 分层训练 等（2027版）》视觉转写
PHYSICS,电池容量与放电曲线,电池容量与放电曲线,PROCEDURE,PHYSICS·综合·综合·综合,定位：PHYSICS·综合·综合。数格法得到的是近似值、结果要按题目要求保留有效数字；面积法只适用于电流随时间变化较慢、图线可直接读数的放电曲线；容量与放电率有关，放电电流不同测得的结果不同。,《5·3 B版 / 分层训练 等（2027版）》视觉转写
PHYSICS,多用电表欧姆挡的原理与使用,多用电表欧姆挡的原理与使用,PROCEDURE,PHYSICS·综合·综合·综合,定位：PHYSICS·综合·综合。每次更换倍率后都必须重新欧姆调零；两表笔不能长时间短接以免内部电源耗电加快；指针落在刻度盘两端（过密或过疏）时读数误差大，应先换挡再读数。,《5·3 B版 / 分层训练 等（2027版）》视觉转写
PHYSICS,磁电式电表的原理,磁电式电表的原理,CONCEPT,PHYSICS·综合·综合·综合,定位：PHYSICS·综合·综合。辐向磁场只存在于极靴与圆柱之间的气隙中，不能认为整个电表内部都是匀强磁场；判断受力方向时磁场方向取该点处的辐向方向，不要用整个电表的总体方向代替。,《5·3 B版 / 分层训练 等（2027版）》视觉转写
PHYSICS,用三角函数求极值处理物理极值问题,用三角函数求极值处理物理极值问题,PROCEDURE,PHYSICS·综合·综合·综合,定位：PHYSICS·综合·综合。辅助角 $\varphi$ 的取值必须与题目给定的 $\theta$ 范围一致，否则解出的临界角可能落在范围之外；加速与减速两个阶段安培力沿运动方向的分量方向不同，符号写错会导致 $\mu$ 算错。,《5·3 B版 / 分层训练 等（2027版）》视觉转写
PHYSICS,电磁流量计,电磁流量计,PROCEDURE,PHYSICS·综合·综合·综合,定位：PHYSICS·综合·综合。公式中的 $2r$ 是两测点间的距离即管径，不要与半径混淆；判断哪一点电势高要先由带电粒子的偏转方向确定；管径越小电压越大容易记反，应由 $U_0=\frac{2BQ}{\pi r}$ 直接判断。,《5·3 B版 / 分层训练 等（2027版）》视觉转写
PHYSICS,回旋加速器与同步加速器的工作原理,回旋加速器与同步加速器的工作原理,PROCEDURE,PHYSICS·综合·综合·综合,定位：PHYSICS·综合·综合。洛伦兹力始终不做功，动能只在直通道中增加；每次加速后的速率与所需磁感应强度都要用当次入值计算，不能沿用上一次的结果；第 $k$ 次加速对应的动能增量是 $kqU$ 而不是 $qU$。,《5·3 B版 / 分层训练 等（2027版）》视觉转写
PHYSICS,小船渡河模型,小船渡河模型,PROCEDURE,PHYSICS·综合·综合·综合,定位：PHYSICS·综合·综合。\n渡河时间与水流速度无关（水流只影响沿河岸方向的位移） 只有垂直河岸的分速度才决定渡河时间；若要求最短位移 则要判断船速与水速的大小关系 当船速小于水速时不能垂直河岸渡河 需另作速度矢量分析,《5·3 B版 / 分层训练 等（2027版）》视觉转写
PHYSICS,假设法,假设法,PROCEDURE,PHYSICS·综合·综合·综合,定位：PHYSICS·综合·综合。假设法求出的是临界值 实际物理过程可能在临界值两侧有不同表现（例如导体棒恰好不上滑与恰好不下滑分别对应两个电流值 答案是一个区间） 求力或电流的范围时必须把两个方向的临界都假设一遍 不能只算一个 另外整体受力平衡时必须先用受力分析确认各力的,《5·3 B版 / 分层训练 等（2027版）》视觉转写
PHYSICS,电路与电磁感应中的图像解读,电路与电磁感应中的图像解读,REPRESENTATION,PHYSICS·综合·综合·综合,定位：PHYSICS·综合·综合。斜率的含义必须结合坐标轴与对应公式推导，不能机械记忆；I-U 图像与 U-I 图像横纵轴互换，斜率含义不同（前者为 $\dfrac{1}{R}$，后者为 $-r$）；非线性元件在某点的电阻不等于该点切线的斜率。,《5·3 B版 / 分层训练 等（2027版）》视觉转写
PHYSICS,电磁学图像的解题通法,电磁学图像的解题通法,PROCEDURE,PHYSICS·综合·综合·综合,定位：PHYSICS·综合·综合。五步并非固定顺序，实际解题常由某一特殊点或某块面积先行突破；斜率、面积的意义必须结合坐标轴物理量和公式现场推导；E-x 与 φ-x 图像的斜率、面积含义互不相同，不能相互套用。,《5·3 B版 / 分层训练 等（2027版）》视觉转写
PHYSICS,理想模型与比值定义法,理想模型与比值定义法,CONCEPT,PHYSICS·综合·综合·综合,定位：PHYSICS·综合·综合。比值定义法定义的物理量由对象本身性质决定，与定义式中两个量的取值无关（试探电荷移走后该点场强不变）；理想模型只在满足条件时成立（只有带电体间距远大于自身线度时才可视为点电荷），条件不满足时必须放弃该模型，不能硬代入公式。,《5·3 B版 / 分层训练 等（2027版）》视觉转写
PHYSICS,比值定义法与决定式的区别,比值定义法与决定式的区别,REASONING,PHYSICS·综合·综合·综合,定位：PHYSICS·综合·综合。比值定义式中的物理量不是“无关”，而是由对象本身性质决定，与定义式里那两个量无关；决定式中的量变化才会真正改变该物理量。判定时必须先分清题中给出的是定义式还是决定式，不能凭公式外形记忆。,《5·3 B版 / 分层训练 等（2027版）》视觉转写
PHYSICS,三角函数法,三角函数法,PROCEDURE,PHYSICS·综合·综合·综合,定位：PHYSICS·综合·综合。辅助角公式只适用于同角的一次三角式；$\theta$ 的取值范围受物理情境限制，求出极值点后必须检验它是否落在允许范围内。确定 $\tan\alpha$ 时谁是分子谁是分母要与原式逐项对应，否则极值条件会颠倒。,《5·3 B版 / 分层训练 等（2027版）》视觉转写
PHYSICS,正弦定理与余弦定理的应用,正弦定理与余弦定理的应用,PROCEDURE,PHYSICS·综合·综合·综合,定位：PHYSICS·综合·综合。正弦定理要求“边与对角”一一对应，力三角形中的角往往要先用几何关系或 $180°-$ 换算，容易代错；余弦定理解出的一元二次方程可能有两个正根，必须结合力的实际方向与合力方向筛选。作图时三个力必须首尾相接构成闭合三角形，不能只画两个力。,《5·3 B版 / 分层训练 等（2027版）》视觉转写
PHYSICS,基本不等式法,基本不等式法,PROCEDURE,PHYSICS·综合·综合·综合,定位：PHYSICS·综合·综合。基本不等式只适用于两个正数；拆项时必须保证拆出的两项之积（或之和）为定值，否则不能取等号求极值；取等号得到的自变量取值必须落在物理允许的范围内。含根号的表达式要先平方再去极值，注意平方前后单调性一致。,《5·3 B版 / 分层训练 等（2027版）》视觉转写
PHYSICS,归纳递推法,归纳递推法,PROCEDURE,PHYSICS·综合·综合·综合,定位：PHYSICS·综合·综合。易错点拨：每次抽气时容器内的气体压强都会发生变化，不能像充气那样利用整体法计算——打气可以把 $n$ 次推入的气体当作整体，抽气必须逐次递推。递推时每一步的初态都是上一步的末态，不能把 $p_{0}$ 反复代入；求得通式后还要检验 $n$ ,《5·3 B版 / 分层训练 等（2027版）》视觉转写
PHYSICS,矢量图解法,矢量图解法,PROCEDURE,PHYSICS·综合·综合·综合,定位：PHYSICS·综合·综合。避免比例尺混乱：同一图解中比例尺必须统一，否则会得出错误的大小关系；矢量的方向标注要精准，尤其注意相对运动中参考系的影响；图解必须基于实际物理过程，不可单纯追求几何美观而违背物理规律。封闭三角形的顶点顺序不能颠倒，否则力的方向会判反。,《5·3 B版 / 分层训练 等（2027版）》视觉转写
PHYSICS,割补法,割补法,PROCEDURE,PHYSICS·综合·综合·综合,定位：PHYSICS·综合·综合。割补法只适用于割去部分是规则球体（球壳、圆环等对称规则体）的情形；补全部分的密度必须与原物体完全相同，否则不能补；三心不共线时引力必须按矢量合成，不能代数加减。割补法求得的是“剩余部分单独产生”的引力，不能把补全部分的影响一并算入。,《5·3 B版 / 分层训练 等（2027版）》视觉转写
PHYSICS,比例法,比例法,PROCEDURE,PHYSICS·综合·综合·综合,定位：PHYSICS·综合·综合。比例法要求物理量之间确实是正比、反比或平方根等简单关系，并且必须注明成立条件（如只有 $v_{0}=0$ 时才有 $v\propto\sqrt{x}$）；不同物理量的比例关系不能互相混用。把末速度为零的匀减速运动逆向处理时，位移与时间的排列,《5·3 B版 / 分层训练 等（2027版）》视觉转写
PHYSICS,估算法,估算法,PROCEDURE,PHYSICS·综合·综合·综合,定位：PHYSICS·综合·综合。小量近似只在角度足够小（通常小于 5°）时成立，角度较大时误差迅速增大；近似式中角度必须用弧度制。$(1+x)^{m}\approx 1+mx$ 的前提是 $x\ll 1$，不能随意推广到 $x$ 较大的情形；近似计算的结果只保留合理的有效,《5·3 B版 / 分层训练 等（2027版）》视觉转写
PHYSICS,全程法与分段法,全程法与分段法,PROCEDURE,PHYSICS·综合·综合·综合,定位：PHYSICS·综合·综合。全程法不能用于加速度（或受力性质）中途改变的过程，例如有空气阻力、有摩擦的往复运动若用匀变速规律处理必然出错；用动能定理或动量定理列全程式时，必须把各力的功或冲量按正负号全部计入，容易漏掉摩擦力做的负功（往复运动中摩擦力始终做负功，其大小为,《5·3 B版 / 分层训练 等（2027版）》视觉转写
CHEMISTRY,格氏试剂在有机合成中的应用,格氏试剂在有机合成中的应用,PROCEDURE,化学选择性必修3·有机化学基础·有机合成,定位：化学选择性必修3 有机化学基础。格氏试剂性质活泼，遇含活泼氢的物质（水、醇、羧酸）会立即分解为烷烃，故反应须在无水醚中进行；由卤代烃制格氏试剂时不能用含活泼氢的溶剂。,《5·3 B版 / 分层训练 等（2027版）》视觉转写
CHEMISTRY,晶胞投影,晶胞投影,PROCEDURE,CHEMISTRY·综合·综合·综合,定位：CHEMISTRY·综合·综合。投影方向不同得到的图完全不同，不能照搬熟悉的那一种；重叠的微粒必须在图中标注区分，否则会被误判为只有一个微粒；投影图只反映平面上的位置关系，不要额外叠加不在投影方向上的信息；判断给出投影图的正误时要逐个微粒核对，不能只看整体轮廓。,《5·3 B版 / 分层训练 等（2027版）》视觉转写
CHEMISTRY,无机化合物制备实验的分析模型,无机化合物制备实验的分析模型,EXPERIMENT,CHEMISTRY·综合·综合·综合,定位：CHEMISTRY·综合·综合。剖析装置时要按气流方向逐段判断每个装置的作用，不能凭仪器外形直接下结论；有气体参与的制备必须先检查装置气密性、实验结束时先撤导管后停加热等操作顺序不能颠倒；步骤类流程中每一步操作的目的必须结合前后物质状态说明，只答操作名称不得分；涉及易水解,《5·3 B版 / 分层训练 等（2027版）》视觉转写
CHEMISTRY,有机化合物制备实验的分析步骤,有机化合物制备实验的分析步骤,EXPERIMENT,化学选择性必修3·有机化学基础·有机合成,定位：化学选择性必修3 有机化学基础。温度控制的目标必须与副反应对应起来（如防止某官能团被氧化、抑制副反应产物生成），不能只写“控制温度”；分离提纯方法要根据沸点、溶解性、密度等具体性质选择，分液时要先判断有机层在上还是在下；判断是否洗净要用被洗涤离子或杂质的特征检验方法；产率,《5·3 B版 / 分层训练 等（2027版）》视觉转写
CHEMISTRY,滴定实验相关计算,滴定实验相关计算,EXPERIMENT,化学选择性必修1·第三章·水溶液中的离子平衡,定位：化学选择性必修1 第三章。找关系时必须先写出配平的滴定反应方程式或明确的守恒式，直接凭印象写比例容易出错；注意题干中的分取倍数（如配成 250 mL 只取 25.00 mL），漏乘换算系数会导致结果差 10 倍；指示剂与终点判据只能决定反应完成，不能作为计算依据；计,《5·3 B版 / 分层训练 等（2027版）》视觉转写
PHYSICS,力与运动知识体系,力与运动知识体系,CONCEPT,PHYSICS·综合·综合·综合,定位：PHYSICS·综合·综合。该框架只按合力特征分类 不涉及具体受力细节；合力恒定的恒定指大小和方向都不变 大小一定而方向变化的圆周类运动不能按恒力处理；简谐运动的回复力 $F=-kx$ 要求回复力与位移成正比且方向相反。,《5·3 B版 / 分层训练 等（2027版）》视觉转写
PHYSICS,匀质绳索平衡的选段分析法,匀质绳索平衡的选段分析法,PROCEDURE,PHYSICS·综合·综合·综合,定位：PHYSICS·综合·综合。所选段必须是匀质绳且重力按段长比例计算；绳不能看作轻绳 因为绳自身重力正是解题的关键；两端张力的方向沿各自端点处绳的切线 不能想当然地认为沿竖直方向；段取得越短计算越简单 但必须包含所有已知量。,《5·3 B版 / 分层训练 等（2027版）》视觉转写
PHYSICS,尺规作图法,尺规作图法,REPRESENTATION,PHYSICS·综合·综合·综合,定位：PHYSICS·综合·综合。作图必须按比例 否则目测会得出错误结论；尺规作图只用于选择题中的判断与定性比较 不能代替计算题的定量求解；作图误差可能掩盖临界情形 遇到恰好、刚好等字眼仍要回到解析法验证；只有题目的几何关系能在平面内准确画出时才适用。,《5·3 B版 / 分层训练 等（2027版）》视觉转写
PHYSICS,系统牛顿第二定律,系统牛顿第二定律,PROCEDURE,PHYSICS·综合·综合·综合,定位：PHYSICS·综合·综合。只能对系统使用 左边只写系统所受的外力 不能写内力；各物体的加速度必须取同一惯性参考系下的值 参考系变换后的加速度不能直接代入；是矢量式 必须先规定正方向再写分量式 与正方向相反的加速度要带负号；系统中有物体处于非惯性系时不能直接使用。,《5·3 B版 / 分层训练 等（2027版）》视觉转写
PHYSICS,能量与动量知识体系,能量与动量知识体系,CONCEPT,PHYSICS·综合·综合·综合,定位：PHYSICS·综合·综合。该体系只覆盖力学中的能量与动量两条主线 不涉及电磁场的能量转化细节；动量与能量都是矢量与标量并存 动量式是矢量式、能量式是标量式 不能互相替代；某一方向守恒只在系统该方向上不受外力或外力冲量可忽略时成立；使用前必须先选定系统与过程 再判断是,《5·3 B版 / 分层训练 等（2027版）》视觉转写
PHYSICS,图像法解题,图像法解题,PROCEDURE,PHYSICS·综合·综合·综合,定位：PHYSICS·综合·综合。图像法是定性或半定量方法 用于选择题 计算题一般仍要解析求解；画图必须按物理规律准确作图 坐标轴选择不当会看不出规律；用面积比较时必须确认面积代表的物理量（如 $v-t$ 图为位移、$F-x$ 图为功）；图像只能反映直线运动或单一过程的情况,《5·3 B版 / 分层训练 等（2027版）》视觉转写
PHYSICS,能量图像的斜率意义,能量图像的斜率意义,REPRESENTATION,PHYSICS·综合·综合·综合,定位：PHYSICS·综合·综合。只有横坐标是位移（或沿力方向的位移）时斜率才对应力 横坐标是时间时斜率对应的是功率；斜率对应的是沿位移方向的那个力 力的方向与位移方向相反时斜率为负；弹簧弹力随位移变化 所以弹性势能随位移的图线不是直线 斜率随位置改变；读斜率时要先确认图像,《5·3 B版 / 分层训练 等（2027版）》视觉转写
PHYSICS,排除法,排除法,PROCEDURE,PHYSICS·综合·综合·综合,定位：PHYSICS·综合·综合。排除法的前提是选项中有且只有一个正确 多选题不能全排除到只剩一个；排除要基于物理依据 不能凭感觉；遇到能用已有知识直接判断的选项应优先判断 不必每个选项都排除；剩余的最后一项仍要简单核对 避免因前几项判断错误导致全错。,《5·3 B版 / 分层训练 等（2027版）》视觉转写
PHYSICS,保守型与耗散型碰撞拓展模型,保守型与耗散型碰撞拓展模型,PROCEDURE,PHYSICS·综合·综合·综合,定位：PHYSICS·综合·综合。两类模型都要求系统在水平方向不受外力（或外力可忽略）；共速只是能量损失最大的时刻 不等于速度为零；保守型模型在弹簧形变量最大、小球到达曲面最高点等位置对应共速 之后还能再次分离；耗散型模型中损失的动能转为内能时用相对路程计算 转为电能时用克,《5·3 B版 / 分层训练 等（2027版）》视觉转写
PHYSICS,图像法与数学归纳法解决多次碰撞问题,图像法与数学归纳法解决多次碰撞问题,PROCEDURE,PHYSICS·综合·综合·综合,定位：PHYSICS·综合·综合。多次碰撞的关键是找出各次碰撞之间的递推关系（速度、路程成等比或等差） 再用数列求和；多次碰撞过程必须包含能量损失才能收敛 否则碰撞次数无限；递推关系只在前几次碰撞完全相同（如恢复系数相同）时成立；用数列求和时要注意起始项与项数 避免多算或少,《5·3 B版 / 分层训练 等（2027版）》视觉转写
PHYSICS,电场与磁场知识体系,电场与磁场知识体系,CONCEPT,PHYSICS·综合·综合·综合,定位：PHYSICS·综合·综合。该体系只给出主干与分类 具体公式的适用条件要逐条核对；电场的力与能的性质分别对应矢量与标量 不能混淆；磁场力（安培力与洛伦兹力）的方向要用左手定则判断 且总与相应方向垂直；组合场与叠加场的区别在于电场与磁场是否重叠 处理方法不同。,《5·3 B版 / 分层训练 等（2027版）》视觉转写
PHYSICS,电场强度与电势的叠加,电场强度与电势的叠加,PROCEDURE,PHYSICS·综合·综合·综合,定位：PHYSICS·综合·综合。场强是矢量 必须按平行四边形定则合成 不能直接代数相加；电势是标量 可以带正负号直接相加；场强为零的点电势不一定为零 电势为零的点场强也不一定为零 二者没有必然联系；用 $ arphi=kQ/r$ 时 $Q$ 要带正负号 负电荷产生的电势为,《5·3 B版 / 分层训练 等（2027版）》视觉转写
PHYSICS,正则动量定理的应用,正则动量定理的应用,PROCEDURE,PHYSICS·综合·综合·综合,定位：PHYSICS·综合·综合。该结论只适用于洛伦兹力（只有磁场力）作用的情形 有其他力时要在动量定理中一并计入；公式中的 $x$、$y$ 是粒子在相应方向的位移 有往返时按代数和计算；电荷的正负会影响符号 使用前先规定正方向；它是动量定理的分量式应用 不能替代基本的动量,《5·3 B版 / 分层训练 等（2027版）》视觉转写
PHYSICS,配速法,配速法,PROCEDURE,PHYSICS·综合·综合·综合,定位：PHYSICS·综合·综合。配速法只适用于摆线运动（速度为零或与磁场垂直）；分解出的 $v_1$ 必须使洛伦兹力与恒力平衡 选错分速度就不能分解成匀速直线运动加匀速圆周运动；最大速度出现在两个分速度同向时 反向时速度最小；求经过坐标轴的坐标要用位移的矢量和 不能只算一,《5·3 B版 / 分层训练 等（2027版）》视觉转写
PHYSICS,电路与电磁感应知识体系,电路与电磁感应知识体系,CONCEPT,PHYSICS·综合·综合·综合,定位：PHYSICS·综合·综合。该体系只列主干与模型 各公式的适用条件要逐条核对；交变电流的四个值各有用途 求电热、电功必须用有效值；电磁感应中安培力的冲量与电荷量、位移相关联 属于动量观点；含容电路稳定时电容器支路相当于断路 不能按通路计算。,《5·3 B版 / 分层训练 等（2027版）》视觉转写
PHYSICS,电源与电阻的U-I图像比较,电源与电阻的U-I图像比较,REPRESENTATION,PHYSICS·综合·综合·综合,定位：PHYSICS·综合·综合。电源的 $U-I$ 图线是直线（电动势和内阻不变） 电阻的图线是过原点的直线（或曲线 表示非线性电阻）；只有把电源与电阻画在同一坐标系中 交点才有物理意义；横轴截距是短路电流 实际工作中电流不能超过它；图像的斜率绝对值表示内阻 不要漏掉绝对,《5·3 B版 / 分层训练 等（2027版）》视觉转写
PHYSICS,远距离输电,远距离输电,PROCEDURE,PHYSICS·综合·综合·综合,定位：PHYSICS·综合·综合。输电线上的损失电压 $\Delta U=U_2-U_3$ 不能与升压变压器的输出电压 $U_2$ 混淆；计算损失功率时电流必须用输电线上的电流（即降压变压器原线圈的电流）而不是用户端的电流；升压变压器与降压变压器的电压比不能套用同一比例；减,《5·3 B版 / 分层训练 等（2027版）》视觉转写
PHYSICS,电磁感应中的电荷量计算,电磁感应中的电荷量计算,REASONING,PHYSICS·综合·综合·综合,定位：PHYSICS·综合·综合。公式中的 $R_总$ 是整个回路的总电阻 不是某一段的电阻；$q$ 与时间无关 所以变速过程与匀速过程算出的电荷量相同；求电荷量必须用平均电流 不能用有效值或瞬时值；回路电阻变化时要分段计算。,《5·3 B版 / 分层训练 等（2027版）》视觉转写
PHYSICS,动量定理在电磁感应中的应用,动量定理在电磁感应中的应用,PROCEDURE,PHYSICS·综合·综合·综合,定位：PHYSICS·综合·综合。用动量定理处理变加速运动时 安培力的冲量要用平均值（写成 $BLq$ 或 $B^2L^2x/R_总$）；只有其他外力为恒力时才能写成 $F_{其他}\Delta t$；公式中的位移 $x$ 是导体棒相对磁场的位移 有往返时取代数和；解题时要,《5·3 B版 / 分层训练 等（2027版）》视觉转写
PHYSICS,机械振动与机械波知识体系,机械振动与机械波知识体系,CONCEPT,PHYSICS·综合·综合·综合,定位：PHYSICS·综合·综合。该体系只给出主干与分类 具体结论的成立条件要逐条核对；振动图像描述一个质点随时间的运动 波的图像描述某一时刻所有质点的位移 两者不能混淆；波速由介质决定、频率由波源决定；横波与纵波的区别在于质点振动方向与传播方向的关系。,《5·3 B版 / 分层训练 等（2027版）》视觉转写
PHYSICS,量纲法,量纲法,PROCEDURE,PHYSICS·综合·综合·综合,定位：PHYSICS·综合·综合。量纲法只能排除量纲不对的选项 不能判断量纲相同的表达式哪个正确；要对每个物理量的单位都熟悉 单位写错会得出错误结论；量纲正确只是必要条件 不是充分条件 必要时还要用极限法或特殊值法再验证；无量纲的表达式（如纯数）无法用量纲法判断。,《5·3 B版 / 分层训练 等（2027版）》视觉转写
PHYSICS,光学知识体系,光学知识体系,CONCEPT,PHYSICS·综合·综合·综合,定位：PHYSICS·综合·综合。该体系只列主干 各现象的判据要逐条核对；干涉与衍射都是波的特有现象 条纹特征与产生条件不同；折射率与介质、光的频率有关 与入射角无关；电磁波是横波 所以能发生偏振。,《5·3 B版 / 分层训练 等（2027版）》视觉转写
PHYSICS,近代物理知识体系,近代物理知识体系,CONCEPT,PHYSICS·综合·综合·综合,定位：PHYSICS·综合·综合。该体系只给出主干 各规律的适用条件要逐条核对；光电效应中能否发生由频率决定 与光强无关；玻尔理论的跃迁公式中 $m>n$ 表示向低能级跃迁并放出光子；核反应方程必须同时满足质量数与电荷数守恒 但质量亏损使质量不守恒；核能计算要用 $\Del,《5·3 B版 / 分层训练 等（2027版）》视觉转写
PHYSICS,热学知识体系,热学知识体系,CONCEPT,PHYSICS·综合·综合·综合,定位：PHYSICS·综合·综合。该体系只列主干 各定律的适用条件要逐条核对；三个气体实验定律分别对应等温、等容、等压 记错条件会导致公式用错；热力学第一定律中做功与热传递的正负号要按规定判断；温度是分子平均动能的标志 但温度升高时并非每个分子的动能都增大。,《5·3 B版 / 分层训练 等（2027版）》视觉转写
PHYSICS,实验知识体系,实验知识体系,EXPERIMENT,PHYSICS·综合·综合·综合,定位：PHYSICS·综合·综合。该清单只列出实验项目 每个实验的原理、器材、步骤与误差分析要分别复习；探究性实验与验证性实验的要求不同；电学实验要特别注意器材选择与电路连接的安全；数据处理方法（图像法、逐差法等）要结合具体实验选用。,《5·3 B版 / 分层训练 等（2027版）》视觉转写
PHYSICS,测电阻的创新方案,测电阻的创新方案,PROCEDURE,PHYSICS·综合·综合·综合,定位：PHYSICS·综合·综合。安安法、伏伏法都要求其中一个电表的内阻已知 否则无法列式；替代法的关键是两次读数相等而不是电压相等；半偏法测电流表内阻时测量值偏小（$R_1\gg R_A$ 的条件使误差可忽略）、测电压表内阻时测量值偏大；电桥法要在电流计示数为零（电桥平衡,《5·3 B版 / 分层训练 等（2027版）》视觉转写
PHYSICS,欧姆表的原理与使用,欧姆表的原理与使用,PROCEDURE,PHYSICS·综合·综合·综合,定位：PHYSICS·综合·综合。欧姆表的刻度是不均匀的（左疏右密）且读数要乘倍率；每次换挡后必须重新欧姆调零；红表笔接的是内部电源的负极 所以电流从黑表笔流出、红表笔流入（红进黑出）；测电阻时应把待测电阻从电路中断开。,《5·3 B版 / 分层训练 等（2027版）》视觉转写
PHYSICS,油膜法估测油酸分子的大小,油膜法估测油酸分子的大小,PROCEDURE,PHYSICS·综合·综合·综合,定位：PHYSICS·综合·综合。油膜法把分子看成紧挨着排列的球形 是理想化模型；纯油酸的体积要用溶液的浓度折算 不能直接把滴入的溶液体积当作纯油酸体积；数格时不足半格舍去、多于半格算一个 这样处理会带来误差；若油酸未完全散开就描线 测出的面积偏小、直径偏大。,《5·3 B版 / 分层训练 等（2027版）》视觉转写
PHYSICS,计算题答题规范,计算题答题规范,EXPRESSION,PHYSICS·综合·综合·综合,定位：PHYSICS·综合·综合。文字说明不能代替方程 也不能省略到“由题意得”这样没有依据的程度；符号必须与题干一致 自己新设的符号要提前说明；正方向、零势能面、坐标系必须交代 否则方程的正负号无法被认可；隐含条件（如“恰好”“刚好”）必须先说明再列式。,《5·3 B版 / 分层训练 等（2027版）》视觉转写
PHYSICS,另类加速度,另类加速度,CONCEPT,PHYSICS·综合·综合·综合,定位：PHYSICS·综合·综合。另类加速度是题中给出的新定义，不能与教材加速度混用；A 不变时速度随位移均匀变化但加速度并不恒定，匀变速直线运动的公式（如平均速度公式）不能直接套用。,《5·3 B版 / 分层训练 等（2027版）》视觉转写
PHYSICS,刹车类与双向可逆类问题对比,刹车类与双向可逆类问题对比,REASONING,PHYSICS·综合·综合·综合,定位：PHYSICS·综合·综合。判断属于哪类问题的依据是“速度减为零后物体的加速度是否仍然存在且不变”；两类问题的临界时刻都是速度为零的时刻，都要先算出这个时刻。,《5·3 B版 / 分层训练 等（2027版）》视觉转写
PHYSICS,图像问题的读图思路与图像转换,图像问题的读图思路与图像转换,REPRESENTATION,PHYSICS·综合·综合·综合,定位：PHYSICS·综合·综合。转换时必须分段处理并保证转折点处速度连续；图线形状与运动性质要对应（倾斜直线对应匀变速、平行于时间轴对应匀速或静止）；纵轴物理量不同时图线上“折点”的含义不同，不能照搬。,《5·3 B版 / 分层训练 等（2027版）》视觉转写
PHYSICS,爆炸模型,爆炸模型,PROCEDURE,PHYSICS·综合·综合·综合,定位：PHYSICS·综合·综合。“位置不变”是爆炸问题独有的近似（时间极短、位移可忽略），据此可认为炸裂瞬间各部分仍从同一点出发；爆炸与碰撞都满足动量守恒，但爆炸后系统的总动能增加，碰撞后总动能不增加，两者不能混用。,《5·3 B版 / 分层训练 等（2027版）》视觉转写
PHYSICS,质心运动定律,质心运动定律,CONCEPT,PHYSICS·综合·综合·综合,定位：PHYSICS·综合·综合。质心运动定律的前提是先判断系统所受合外力是否为零（重力与支持力等也要计入矢量和，竖直方向一般不满足）；质心位移是等效于“全部质量集中在质心”的位移，不等于某个物体的位移，两者要用几何关系换算。,《5·3 B版 / 分层训练 等（2027版）》视觉转写
PHYSICS,连接体中力的分配规律,连接体中力的分配规律,PROCEDURE,PHYSICS·综合·综合·综合,定位：PHYSICS·综合·综合。使用前提是各物体加速度相同（一起加速或一起减速），有相对滑动时不能用；若接触面有摩擦，必须满足两物体与各接触面间的动摩擦因数相同（阻力与质量成正比），否则结论不成立；力 F 作用在哪个物体上决定了分子取哪个物体的质量，容易记反。,《5·3 B版 / 分层训练 等（2027版）》视觉转写
PHYSICS,探究弹簧弹力与形变量关系的误差分析与改进,探究弹簧弹力与形变量关系的误差分析与改进,REASONING,PHYSICS·综合·综合·综合,定位：PHYSICS·综合·综合。图线弯曲不一定是弹性限度问题，也可能是弹簧自身质量偏大造成的；图线不过原点一般来自原长测量方法的系统误差，属于方法性错误，靠增加测量次数无法消除，必须改成竖直悬挂测原长或用横向测量方案。,《5·3 B版 / 分层训练 等（2027版）》视觉转写
PHYSICS,探究两个互成角度的力的合成规律实验的误差与改进,探究两个互成角度的力的合成规律实验的误差与改进,EXPERIMENT,PHYSICS·综合·综合·综合,定位：PHYSICS·综合·综合。用钩码替代测力计后不再受结点位置必须相同的约束，但钩码只能提供竖直方向的力，方案不是普遍适用。测力计未调零属于系统误差，必须事前校准；作图不准确属于偶然误差，可通过选用更大的标度和把方向点标得更远来减小。,《5·3 B版 / 分层训练 等（2027版）》视觉转写
PHYSICS,万有引力与重力的关系,万有引力与重力的关系,CONCEPT,PHYSICS·综合·综合·综合,定位：PHYSICS·综合·综合。只有考虑自转时赤道与两极的重力加速度才不同，题目未说明时通常按忽略自转处理，此时各处都有 $GMm/R^2=mg$；赤道上物体随地球自转的向心力远小于重力，不能因为小就认为自转影响不存在但同时又在两极用含向心力的式子；重力是万有引力的一个分,《5·3 B版 / 分层训练 等（2027版）》视觉转写
PHYSICS,近地卫星、同步卫星与赤道上物体的比较,近地卫星、同步卫星与赤道上物体的比较,PROCEDURE,PHYSICS·综合·综合·综合,定位：PHYSICS·综合·综合。赤道上随地球自转的物体不是卫星，它的向心力只是万有引力的一个分力，不能套用 $v=\\sqrt{\\dfrac{GM}{r}}$ 与 $a=\\dfrac{GM}{r^2}$；三者中只有赤道物体与同步卫星的角速度相等，与近地卫星的角速度并不,《5·3 B版 / 分层训练 等（2027版）》视觉转写
PHYSICS,椭圆轨道上卫星的速率计算,椭圆轨道上卫星的速率计算,PROCEDURE,PHYSICS·综合·综合·综合,定位：PHYSICS·综合·综合。引力势能 $E_p=-\\dfrac{GMm}{r}$ 以无穷远处为零势能点，代入时 $r$ 必须取到中心天体中心的距离；开普勒第二定律给出的 $v_PR=v_Ar_A$ 只对同一卫星在椭圆轨道上的两点成立；椭圆轨道的半长轴 $a$ 与近地,《5·3 B版 / 分层训练 等（2027版）》视觉转写
PHYSICS,验证机械能守恒定律实验,验证机械能守恒定律实验,EXPERIMENT,PHYSICS·综合·综合·综合,定位：PHYSICS·综合·综合。用 $v=gt$ 或 $v=\sqrt{2gh}$ 求速度属于循环论证，不能采用；方法一中若最初两点间距明显大于 2 mm，说明第一个点不是重物由静止开始下落的点，不能作为起始点。,《5·3 B版 / 分层训练 等（2027版）》视觉转写
PHYSICS,验证机械能守恒定律实验的误差与创新方案,验证机械能守恒定律实验的误差与创新方案,EXPERIMENT,PHYSICS·综合·综合·综合,定位：PHYSICS·综合·综合。因阻力做功，本实验的动能增加量总是略小于重力势能减少量，不能因为 $\Delta E_k<\Delta E_p$ 就否定机械能守恒；反之若明显小于，说明阻力过大或测量有误。,《5·3 B版 / 分层训练 等（2027版）》视觉转写
PHYSICS,磁场的叠加,磁场的叠加,PROCEDURE,PHYSICS·综合·综合·综合,定位：PHYSICS·综合·综合。磁感应强度是矢量，叠加时不能只把大小相加减，必须先判方向再合成；环形电流与直线电流在同一平面内时二者的磁感应强度方向通常互相垂直或共线，需要先画图再用定则判断。,《5·3 B版 / 分层训练 等（2027版）》视觉转写
PHYSICS,洛伦兹力作用下带电体的运动,洛伦兹力作用下带电体的运动,PROCEDURE,PHYSICS·综合·综合·综合,定位：PHYSICS·综合·综合。必须先判断洛伦兹力方向与重力的关系，据此确定弹力表达式中取加号还是减号；弹力为零时摩擦力也为零，此刻加速度最大而不是速度最大；速度最大处合力必为零，两者不能混淆。,《5·3 B版 / 分层训练 等（2027版）》视觉转写
PHYSICS,动量定理在磁场中的应用,动量定理在磁场中的应用,PROCEDURE,PHYSICS·综合·综合·综合,定位：PHYSICS·综合·综合。该方法的适用前提是力的累加式能化为位移的形式，且坐标轴要选得使力便于分解；重力、电场力等恒力仍按常规用牛顿定律或动能定理处理，不能直接套用 $qBx=m\Delta v$ 的形式。,《5·3 B版 / 分层训练 等（2027版）》视觉转写
PHYSICS,探究变压器电压与匝数关系的实验,探究变压器电压与匝数关系的实验,EXPERIMENT,PHYSICS·综合·综合·综合,定位：PHYSICS·综合·综合。该实验必须在交流电源下进行，接直流电源时副线圈不会有输出电压；测量前必须断开电源再改接匝数，带电操作有触电危险且可能损坏电表；铁芯不闭合（有漏磁）时电压比会明显偏离匝数比，这是主要的系统误差来源。,《5·3 B版 / 分层训练 等（2027版）》视觉转写
PHYSICS,探究影响感应电流方向的因素实验,探究影响感应电流方向的因素实验,EXPERIMENT,PHYSICS·综合·综合·综合,定位：PHYSICS·综合·综合。\n必须先标定电流计指针偏转方向与电流流向的对应关系，否则记录的方向会整体相反；判断磁通量变化时要同时考虑磁体的极性（磁场方向）与插入还是拔出（增减趋势），四种情况不能凭记忆混淆。,《5·3 B版 / 分层训练 等（2027版）》视觉转写
PHYSICS,电磁阻尼和电磁驱动,电磁阻尼和电磁驱动,CONCEPT,PHYSICS·综合·综合·综合,定位：PHYSICS·综合·综合。电磁阻尼阻碍的是导体与磁场之间的相对运动，不能理解为安培力总与导体运动方向相反——电磁驱动时安培力就与导体运动方向相同；用能量守恒计算阻尼发热时，要区分机械能的减少量与各部分的分配。,《5·3 B版 / 分层训练 等（2027版）》视觉转写
PHYSICS,浸润不浸润与毛细现象,浸润不浸润与毛细现象,CONCEPT,PHYSICS·综合·综合·综合,定位：PHYSICS·综合·综合。浸润与不浸润是相对“某种固体”而言的，同一种液体对某些固体浸润、对另一些固体可能不浸润；毛细现象中液面上升或下降由浸润与否决定，管越细现象越明显。,《5·3 B版 / 分层训练 等（2027版）》视觉转写
PHYSICS,用油膜法估测油酸分子的大小实验,用油膜法估测油酸分子的大小实验,EXPERIMENT,PHYSICS·综合·综合·综合,定位：PHYSICS·综合·综合。计算 $V$ 时必须先乘溶液浓度算出纯油酸的体积，直接用一滴溶液的体积会偏大；油膜面积用数格法（互补法）估算，爽身粉撒得太厚或太薄都会影响轮廓的清晰度。,《5·3 B版 / 分层训练 等（2027版）》视觉转写
PHYSICS,探究等温情况下气体压强与体积的关系实验,探究等温情况下气体压强与体积的关系实验,EXPERIMENT,PHYSICS·综合·综合·综合,定位：PHYSICS·综合·综合。必须缓慢推拉柱塞以保证等温，快速推拉会使气体温度变化；密封不严会漏气使质量变化；数据处理必须用 $p-\frac1V$ 图像（过原点直线）而不是 $p-V$ 图像，因为 $p-V$ 图线为双曲线不能直接判断反比关系。,《5·3 B版 / 分层训练 等（2027版）》视觉转写
PHYSICS,测量玻璃的折射率实验,测量玻璃的折射率实验,EXPERIMENT,PHYSICS·综合·综合·综合,定位：PHYSICS·综合·综合。入射角太大时折射光弱、太小则角度测量误差大，应在 30°～60° 范围取值；玻璃砖的两界面必须平行，插针时两针间距要大以减少方向误差；不能用玻璃砖棱画边界线。,《5·3 B版 / 分层训练 等（2027版）》视觉转写
PHYSICS,用双缝干涉测量光的波长实验,用双缝干涉测量光的波长实验,EXPERIMENT,PHYSICS·综合·综合·综合,定位：PHYSICS·综合·综合。条纹间距要用“$n$ 条条纹的总宽度除以 $(n-1)$”计算，不能只测一条条纹的宽度；单缝与双缝必须平行，否则条纹不清晰；各元件必须共轴。,《5·3 B版 / 分层训练 等（2027版）》视觉转写
PHYSICS,两类U-I图像的综合应用,两类U-I图像的综合应用,PROCEDURE,PHYSICS·综合·综合·综合,定位：PHYSICS·综合·综合。分析电源 U-I 图像时要注意两坐标轴的坐标原点是否都是从零开始，若纵坐标上的取值不是从零开始，则横轴截距不表示短路电流，但斜率的绝对值仍然等于电源内阻；非线性元件的电阻要用电该点与原点连线的斜率求。,《5·3 B版 / 分层训练 等（2027版）》视觉转写
PHYSICS,差值法测电阻,差值法测电阻,PROCEDURE,PHYSICS·综合·综合·综合,定位：PHYSICS·综合·综合。差值法要求两个电表读数有明显差别（量程或内阻相差较大），否则差值太小误差大；用“当作电表”的思路时要注意电流方向与读数分配，$I_2$ 必须是包含 $I_1$ 的干路电流。,《5·3 B版 / 分层训练 等（2027版）》视觉转写
PHYSICS,半偏法测电表内阻,半偏法测电表内阻,PROCEDURE,PHYSICS·综合·综合·综合,定位：PHYSICS·综合·综合。半偏法的误差方向相反：测电流表内阻时测量值偏小、测电压表内阻时测量值偏大；实验条件是“$R_1\gg R_A$”与“$R_1\ll R_V$”，条件互换会把误差方向搞反。,《5·3 B版 / 分层训练 等（2027版）》视觉转写
PHYSICS,类平抛运动,类平抛运动,PROCEDURE,PHYSICS·综合·综合·综合,定位：PHYSICS·综合·综合。类平抛运动成立的条件是初速度方向与恒力方向垂直，若两者不垂直则不能套用；加速度要用合力除以质量求出，不能一律用 $g$；求解时注意受力分析中除恒力外是否还有其他力。,《5·3 B版 / 分层训练 等（2027版）》视觉转写
PHYSICS,用传感器探究平抛运动的特点,用传感器探究平抛运动的特点,PROCEDURE,PHYSICS·综合·综合·综合,定位：PHYSICS·综合·综合。传感器方案同样要让物体做平抛运动（初速度水平、只受重力）；坐标的起点必须准确标定，否则位移与时间的分析会出现系统偏差。,《5·3 B版 / 分层训练 等（2027版）》视觉转写
PHYSICS,探究向心力大小与半径角速度质量的关系实验,探究向心力大小与半径角速度质量的关系实验,EXPERIMENT,PHYSICS·综合·综合·综合,定位：PHYSICS·综合·综合。三个物理量之间用控制变量法逐一研究，每次只能改变一个量；图像法处理数据时作 $F_n-\omega^2$ 图（而不是 $F_n-\omega$ 图）才能得到过原点的直线，便于判断正比关系。,《5·3 B版 / 分层训练 等（2027版）》视觉转写
CHEMISTRY,氮的固定,氮的固定,CONCEPT,化学必修第二册·第五章·硫氮及其化合物,定位：化学必修第二册 第五章。易错点：固氮一定是游离态到化合态，如NO转化为NO2、NH3转化为NO等化合态之间的转化不属于氮的固定；固氮是化学变化。,《2026/2027 一轮复习讲义·学生版 / 知识清单·学生版》文本判定
CHEMISTRY,晶胞参数与密度计算,晶胞参数与密度计算,CONCEPT,CHEMISTRY·综合·综合·综合,定位：CHEMISTRY·综合·综合。易错点：单位的换算最容易出错（pm与cm相差10-10）；n是每个晶胞含有的粒子数，不要与1mol混淆；体心立方与面心立方的对角线关系不能混用；计算空间利用率时按硬球接触模型。,《2026/2027 一轮复习讲义·学生版 / 知识清单·学生版》文本判定
CHEMISTRY,晶体结构与性质的易错点,晶体结构与性质的易错点,REASONING,CHEMISTRY·综合·综合·综合,定位：CHEMISTRY·综合·综合。易错点：判断时要区分“化学键”与“分子间作用力”；熔点高低要先看晶体类型再考虑作用力强弱；不能把“由原子构成”等同于“共价晶体”。,《2026/2027 一轮复习讲义·学生版 / 知识清单·学生版》文本判定
CHEMISTRY,离子推断的四项基本原则,离子推断的四项基本原则,CONCEPT,CHEMISTRY·综合·综合·综合,定位：CHEMISTRY·综合·综合。易错点：既无证据证明存在也无证据排除的离子属于“不确定离子”，不能判为不存在；检验时要先排除干扰离子；推断结论必须与电中性原则相符。,《2026/2027 一轮复习讲义·学生版 / 知识清单·学生版》文本判定
CHEMISTRY,硒、碲及其化合物的性质,硒、碲及其化合物的性质,CONCEPT,化学必修第二册·第五章·硫氮及其化合物,定位：化学必修第二册 第五章。易错点：同主族元素从上到下非金属性减弱、氧化性减弱，但SeO2的氧化性强于SO2；亚硒酸、亚碲酸遇强氧化剂显还原性、遇强还原剂显氧化性；TeO2是两性氧化物。,《2026/2027 一轮复习讲义·学生版 / 知识清单·学生版》文本判定
CHEMISTRY,磷及其化合物的性质,磷及其化合物的性质,CONCEPT,CHEMISTRY·综合·综合·综合,定位：CHEMISTRY·综合·综合。易错点：白磷与红磷是同素异形体，白磷易自燃、易溶于CS2；磷在氯气中燃烧的现象是白色烟雾而不是白烟；磷酸是非氧化性酸；含氧酸中只有羟基上的氢能电离。,《2026/2027 一轮复习讲义·学生版 / 知识清单·学生版》文本判定
CHEMISTRY,关系式法,关系式法,CONCEPT,CHEMISTRY·综合·综合·综合,定位：CHEMISTRY·综合·综合。易错点：建立关系式时必须以元素守恒或电子守恒为依据，不能凭主观比例；中间产物在关系式中要消去；计算出关系式后要核对每一步的化学计量数。,《2026/2027 一轮复习讲义·学生版 / 知识清单·学生版》文本判定
CHEMISTRY,热重分析法,热重分析法,CONCEPT,CHEMISTRY·综合·综合·综合,定位：CHEMISTRY·综合·综合。易错点：必须以1mol物质为计算基准；金属元素质量守恒是推断化学式的关键；要区分“失重质量”与“残留固体质量”；终态产物一般为金属氧化物。,《2026/2027 一轮复习讲义·学生版 / 知识清单·学生版》文本判定
BIOLOGY,表型与基因型的关系,表型与基因型的关系,CONCEPT,生物学必修2·第一章第二节·遗传的基本规律,定位：生物学必修2 第一章第二节。易错点：表型不完全由基因型决定，环境也会影响表型；母性效应不是细胞质遗传；正反交结果不同还可能由伴性遗传或细胞质遗传引起，要区分依据。,《2026/2027 一轮复习讲义·学生版 / 知识清单·学生版》文本判定
BIOLOGY,核质互作雄性不育与三系法育种,核质互作雄性不育与三系法育种,CONCEPT,BIOLOGY·综合·综合·综合,定位：BIOLOGY·综合·综合。易错点：只有核、质均不育时才表现不育；保持系使不育性稳定传递、恢复系使育性恢复；不育系作母本可省去人工去雄；三系育种属于细胞核与细胞质基因共同控制的遗传，不是单纯的细胞质遗传。,《2026/2027 一轮复习讲义·学生版 / 知识清单·学生版》文本判定
CHEMISTRY,含氯化合物的相互转化路径,含氯化合物的相互转化路径,CONCEPT,化学必修第一册·第二章·氯及其化合物,定位：化学必修第一册 第二章。价态不变而物质类别改变时属于非氧化还原转化，不要误判为氧化还原反应；同一种含氯物质在不同反应中既可能作氧化剂也可能作还原剂,《2026/2027 一轮复习讲义·学生版 / 知识清单·学生版》文本判定
CHEMISTRY,探究性综合实验题的类型与特点,探究性综合实验题的类型与特点,CONCEPT,CHEMISTRY·综合·实验与方案设计·实验分析,定位：CHEMISTRY 综合。探究性实验的结论必须由实验现象和原理共同支持，不能只凭物质的一般性质直接下结论；实验方案要能排除干扰因素（如空气中的氧气、二氧化碳）,《2026/2027 一轮复习讲义·学生版 / 知识清单·学生版》文本判定
CHEMISTRY,滴定分析法,滴定分析法,CONCEPT,化学选择性必修1·第三章·水溶液中的离子平衡,定位：化学选择性必修1 第三章。滴定终点不等于化学计量点；读数要读到滴定管精度的下一位并注意视线与凹液面最低处相平；误差分析要结合操作对标准液体积的影响判断,《2026/2027 一轮复习讲义·学生版 / 知识清单·学生版》文本判定
CHEMISTRY,碘量法,碘量法,CONCEPT,CHEMISTRY·综合·综合·综合,定位：CHEMISTRY·综合·综合。淀粉指示剂不能过早加入；间接碘量法要控制溶液酸碱性（碱性过强会发生副反应）；光线照射与空气氧化会使碘离子被氧化，导致结果偏高,《2026/2027 一轮复习讲义·学生版 / 知识清单·学生版》文本判定
CHEMISTRY,量气分析法,量气分析法,CONCEPT,CHEMISTRY·综合·综合·综合,定位：CHEMISTRY·综合·综合。读数前必须上下移动量筒使两侧液面相平以消除压强差；注意导管内残留液体体积的影响；气体在液体中溶解或与水反应会造成结果偏低,《2026/2027 一轮复习讲义·学生版 / 知识清单·学生版》文本判定
CHEMISTRY,定量实验数据的处理策略,定量实验数据的处理策略,CONCEPT,CHEMISTRY·综合·实验与方案设计·实验分析,定位：CHEMISTRY 综合。不能为了凑数据而保留明显异常值；有效数字位数要与仪器精度一致；换算气体体积时必须注明温度和压强条件,《2026/2027 一轮复习讲义·学生版 / 知识清单·学生版》文本判定
CHEMISTRY,物质含量的测定方法,物质含量的测定方法,CONCEPT,CHEMISTRY·综合·综合·综合,定位：CHEMISTRY·综合·综合。重量分析法的沉淀必须洗涤、干燥至恒重；气体体积法要校正温度和压强；选择方法时要考虑待测组分性质、样品中干扰组分以及测定精度要求,《2026/2027 一轮复习讲义·学生版 / 知识清单·学生版》文本判定
CHEMISTRY,粗盐提纯的除杂试剂与顺序,粗盐提纯的除杂试剂与顺序,CONCEPT,CHEMISTRY·综合·实验与方案设计·实验分析,定位：CHEMISTRY 综合。碳酸钠不能加在氯化钡之前；盐酸必须在过滤之后加入；检验沉淀是否完全要取上层清液而不能直接取悬浊液；蒸发结晶应在出现较多固体时停止加热，利用余热蒸干,《2026/2027 一轮复习讲义·学生版 / 知识清单·学生版》文本判定
BIOLOGY,分泌蛋白的分选（信号肽假说）,分泌蛋白的分选（信号肽假说）,CONCEPT,BIOLOGY·综合·综合·综合,定位：BIOLOGY·综合·综合。信号肽在肽链合成结束后被切除，不出现在成熟蛋白质中；游离核糖体与附着在内质网上的核糖体是同一类结构，区别在于是否与内质网结合；该机制属于对分选过程的解释模型，细节表述以教材为准,《2026/2027 一轮复习讲义·学生版 / 知识清单·学生版》文本判定
CHEMISTRY,过氧化物的过氧键与化合价分析,过氧化物的过氧键与化合价分析,CONCEPT,化学必修第一册·第一章·离子反应与氧化还原,定位：化学必修第一册 第一章。过氧化物中氧不是 －2 价，不能按普通氧化物处理；判断过氧键数目要用化合价代数和并结合已知价态推算；含过氧键的物质不一定发生氧化还原反应，要具体看价态变化,《2026/2027 一轮复习讲义·学生版 / 知识清单·学生版》文本判定
BIOLOGY,种子萌发过程中有机物的变化,种子萌发过程中有机物的变化,CONCEPT,BIOLOGY·综合·综合·综合,定位：BIOLOGY·综合·综合。淀粉与蛋白质种子萌发时干重持续减少，油料作物种子萌发初期干重可能增加（脂肪转化为糖类需加入氧元素）；检测试剂的显色深浅可反映相应有机物含量的变化,《2026/2027 一轮复习讲义·学生版 / 知识清单·学生版》文本判定
CHEMISTRY,定量测定型综合实验,定量测定型综合实验,CONCEPT,CHEMISTRY·综合·实验与方案设计·实验分析,定位：CHEMISTRY 综合。三种方法各有前提：重量分析要求被测组分能定量分离且称量形式组成稳定；滴定分析要求反应完全、终点可判断且无干扰；量气法要求气体不溶于（或不明显溶于）量气介质、装置气密。若固体灼烧后组成会随温度变化（如碳酸盐分解不完全）或气体被液体吸收，测得的,《2026/2027 一轮复习讲义·学生版 / 知识清单·学生版》文本判定
CHEMISTRY,定量实验的数据采集与处理,定量实验的数据采集与处理,CONCEPT,CHEMISTRY·综合·实验与方案设计·实验分析,定位：CHEMISTRY 综合。读数精度由仪器最小分度决定，不能凭主观多写一位；容量瓶只能定容不能量取；平行测定取平均的前提是几次操作条件一致，离群数据要能说明原因后再舍弃，否则属于掩盖错误。,《2026/2027 一轮复习讲义·学生版 / 知识清单·学生版》文本判定
CHEMISTRY,探究型综合实验,探究型综合实验,CONCEPT,CHEMISTRY·综合·实验与方案设计·实验分析,定位：CHEMISTRY 综合。控制变量必须真正只变一个因素，否则所得结论不成立；检验顺序一旦颠倒，结论就要重新讨论。SO₂ 与 CO₂ 共存时要用“先检验 SO₂ 并除去、再检验 CO₂”的顺序，不能颠倒。,《2026/2027 一轮复习讲义·学生版 / 知识清单·学生版》文本判定
CHEMISTRY,实验试剂与仪器的规范描述,实验试剂与仪器的规范描述,CONCEPT,CHEMISTRY·综合·实验与方案设计·实验分析,定位：CHEMISTRY 综合。“写名称”与“写化学式”是两种要求，要看题干设问用词；试剂规格（浓度、饱和与否、酸碱性）常是区分实验效果的关键，不能省略。,《2026/2027 一轮复习讲义·学生版 / 知识清单·学生版》文本判定
CHEMISTRY,化学实验方案的评价,化学实验方案的评价,CONCEPT,CHEMISTRY·综合·实验与方案设计·实验分析,定位：CHEMISTRY 综合。这四个维度是检查清单，不是每个方案都全部涉及，作答时应针对题目给出的装置重点分析真正存在的问题，不要堆砌无关条目；“安全性”与“可行性”是并列维度，不能相互替代。,《2026/2027 一轮复习讲义·学生版 / 知识清单·学生版》文本判定
CHEMISTRY,速率-温度(压强)图像,速率-温度(压强)图像,CONCEPT,化学选择性必修1·第二章·化学平衡,定位：化学选择性必修1 第二章。比较的是速率的“变化幅度”而不是速率的绝对大小；交点才代表平衡状态；对反应前后气体分子数不变的反应，改变压强只同等程度地改变正、逆速率，平衡不移动。,《2026/2027 一轮复习讲义·学生版 / 知识清单·学生版》文本判定
CHEMISTRY,等温(等压)平衡曲线分析,等温(等压)平衡曲线分析,CONCEPT,CHEMISTRY·综合·综合·综合,定位：CHEMISTRY·综合·综合。只有曲线上的点才是平衡点，才可直接使用勒夏特列原理；判断曲线外点的移动方向必须与该点同温度（或同压强）下的平衡值比较；比较各点速率时以温度为主要依据，不能只看转化率的大小。,《2026/2027 一轮复习讲义·学生版 / 知识清单·学生版》文本判定
CHEMISTRY,离子推断的基本原则,离子推断的基本原则,CONCEPT,CHEMISTRY·综合·综合·综合,定位：CHEMISTRY·综合·综合。电荷守恒只能回答“某离子是否存在”这类问题，不能用来否定已经由实验证明存在的离子；使用进出性原则时要把每一步所加试剂引入的离子都记入（如加 BaCl2 引入 Cl-，加盐酸引入 Cl- 和 H+）。推断题一旦某一步判断错误会连锁出错，因此每,《2026/2027 一轮复习讲义·学生版 / 知识清单·学生版》文本判定
CHEMISTRY,乙烯的实验室制法,乙烯的实验室制法,CONCEPT,化学必修第二册·第七章·有机化合物,定位：化学必修第二册 第七章。温度计测的是反应液的温度而不是蒸气的温度；温度偏低会增大副反应的比例。因气体中混有 SO2、CO2 等杂质，在检验乙烯的还原性或加成性质之前必须先用碱液等除去杂质，否则 SO2 也会使溴水、酸性高锰酸钾溶液褪色，造成误判。,《2026/2027 一轮复习讲义·学生版 / 知识清单·学生版》文本判定
BIOLOGY,细胞自噬,细胞自噬,CONCEPT,BIOLOGY·综合·综合·综合,定位：BIOLOGY·综合·综合。溶酶体内的多种水解酶由核糖体合成经内质网、高尔基体加工后送入溶酶体，不是“在溶酶体内合成”；自噬不等于凋亡，普通自噬只是应急机制，只有激烈的自噬才可能诱导凋亡。,《2026/2027 一轮复习讲义·学生版 / 知识清单·学生版》文本判定
BIOLOGY,铁死亡,铁死亡,CONCEPT,BIOLOGY·综合·综合·综合,定位：BIOLOGY·综合·综合。铁死亡的关键词是“铁依赖”与“脂质过氧化”；形态上以线粒体改变为主、细胞核变化不明显，这正是它与凋亡（染色质固缩、核浓缩、形成凋亡小体）在形态上的重要区别。铁死亡属于程序性死亡，不要因为名称中有“死亡”就把它归入细胞坏死。,《2026/2027 一轮复习讲义·学生版 / 知识清单·学生版》文本判定
CHEMISTRY,晶胞参数与晶体密度的计算,晶胞参数与晶体密度的计算,CONCEPT,CHEMISTRY·综合·综合·综合,定位：CHEMISTRY·综合·综合。n 必须是均摊后一个晶胞实际含有的粒子数，不能直接用图形中画出的粒子总数；a 的单位必须换算成 cm 才能与 g/cm³ 配套；由密度反求粒子间距时还要结合粒子的相切关系与几何关系，不能直接把棱长当作粒子直径。,《2026/2027 一轮复习讲义·学生版 / 知识清单·学生版》文本判定
CHEMISTRY,金属晶体的空间利用率,金属晶体的空间利用率,CONCEPT,化学必修第一册·第三章·铁与金属材料,定位：化学必修第一册 第三章。每种堆积的“半径与晶胞参数的关系”必须与所含原子数配套使用：体心立方是体对角线为 4r，面心立方是面对角线为 4r，套错关系式会得到错误的晶胞参数；面心立方与六方最密堆积的利用率相同（约 74%），但晶胞形状与含原子数不同，不能相互替换。,《2026/2027 一轮复习讲义·学生版 / 知识清单·学生版》文本判定
CHEMISTRY,实验条件的控制,实验条件的控制,CONCEPT,CHEMISTRY·综合·实验与方案设计·实验分析,定位：CHEMISTRY 综合。吸收极易溶气体（HCl、HBr、NH3）必须用防倒吸装置，不能把导管直接插入液体中；H2、CO 等可燃性气体不能用溶液吸收，要用水封或点燃等方式处理；水浴与油浴对应的温度区间不同，选择加热方式要按所需温度判断。,《2026/2027 一轮复习讲义·学生版 / 知识清单·学生版》文本判定
CHEMISTRY,有机物制备实验的要点,有机物制备实验的要点,CONCEPT,化学必修第二册·第七章·有机化合物,定位：化学必修第二册 第七章。忘加沸石时必须先冷却再补加，直接向正在加热的液体中投入沸石会引起暴沸；冷凝回流的目的是减少挥发、提高产率，与蒸馏中“冷凝收集馏分”的作用不同，不要把两者混为一谈。,《2026/2027 一轮复习讲义·学生版 / 知识清单·学生版》文本判定
CHEMISTRY,试纸的使用方法,试纸的使用方法,CONCEPT,CHEMISTRY·综合·综合·综合,定位：CHEMISTRY·综合·综合。测定溶液的 pH 时试纸不能预先润洗，否则待测液被稀释、结果不准；而检验气体时必须先把试纸润湿。不要把试纸直接投入待测液中（会污染试剂），读数时 pH 试纸只能读出整数。,《2026/2027 一轮复习讲义·学生版 / 知识清单·学生版》文本判定
CHEMISTRY,物质的溶解与加热,物质的溶解与加热,CONCEPT,CHEMISTRY·综合·实验与方案设计·实验分析,定位：CHEMISTRY 综合。易水解的固体（FeCl3、AlCl3）溶解时不能加热，否则会因水解加剧而变浑浊；稀释浓硫酸必须“酸入水”并不断搅拌，绝不能在量筒中稀释；加热试管中的液体时管口不能对着自己或他人，液体体积不超过试管容积的三分之一。,《2026/2027 一轮复习讲义·学生版 / 知识清单·学生版》文本判定
CHEMISTRY,玻璃仪器的洗涤,玻璃仪器的洗涤,CONCEPT,CHEMISTRY·综合·实验与方案设计·实验分析,定位：CHEMISTRY 综合。判断洗净只能依据“是否形成均匀水膜”，不能以“看不到污物”或“用蒸馏水冲过”为标准；洗涤时应针对残留物的性质选择试剂，不能一律用毛刷硬刷（毛刷会划伤内壁，且对油脂、附着牢固的固体无效）。,《2026/2027 一轮复习讲义·学生版 / 知识清单·学生版》文本判定
CHEMISTRY,碳酸钠和碳酸氢钠的鉴别,碳酸钠和碳酸氢钠的鉴别,CONCEPT,化学必修第一册·第二章·钠及其化合物,定位：化学必修第一册 第二章。三种方法都要在“相同条件”下比较（相同的固体质量、相同的酸、相同的温度与浓度），否则结论不成立；用酚酞鉴别较稀溶液时颜色差异可能不明显，要注意稀溶液不能用酚酞鉴别；与酸反应时“产生气泡的快慢”与“开始是否产生气泡”是两种不同的观察角度。,《2026/2027 一轮复习讲义·学生版 / 知识清单·学生版》文本判定
BIOLOGY,下丘脑的功能,下丘脑的功能,CONCEPT,BIOLOGY·综合·综合·综合,定位：BIOLOGY·综合·综合。下丘脑是调节中枢而不是感觉中枢，产生渴觉、冷觉的是大脑皮层；下丘脑调控内分泌走的是“下丘脑分泌促激素释放激素→垂体分泌促激素→内分泌腺”的途径，不能把促激素释放激素与促激素混为一谈。,《2026/2027 一轮复习讲义·学生版 / 知识清单·学生版》文本判定
BIOLOGY,几丁质,几丁质,CONCEPT,BIOLOGY·综合·综合·综合,定位：BIOLOGY·综合·综合。几丁质属于多糖，但它是含氮多糖（由 N-乙酰葡糖胺聚合而成），不同于淀粉、纤维素等只含 C、H、O 的多糖；其功能清单多来自应用性研究结论，判断时要与结构组成类事实区分开，不能把“能改善糖尿病”等当作结构功能。,《2026/2027 一轮复习讲义·学生版 / 知识清单·学生版》文本判定
CHEMISTRY,化学电源的优点与优劣判断,化学电源的优点与优劣判断,CONCEPT,CHEMISTRY·综合·综合·综合,定位：CHEMISTRY·综合·综合。比能量、比功率都是“单位质量或单位体积”的指标，比较时不能只看电池的总能量或总功率；储存时间长短也是评价指标之一。,《2026/2027 一轮复习讲义·学生版 / 知识清单·学生版》文本判定
CHEMISTRY,多液电池的分析方法,多液电池的分析方法,CONCEPT,化学选择性必修1·第四章·电化学,定位：化学选择性必修1 第四章。多液电池中离子交换膜限定了离子的迁移方向与电极产物的存在形式，不能忽略膜的限定直接按单液电池书写产物。,《2026/2027 一轮复习讲义·学生版 / 知识清单·学生版》文本判定
CHEMISTRY,液流电池的特点与分析,液流电池的特点与分析,CONCEPT,化学选择性必修1·第四章·电化学,定位：化学选择性必修1 第四章。液流电池的容量由电解液的浓度与体积决定，加大储液罐不能提高电池的电动势；电极反应仍在正、负极表面进行。,《2026/2027 一轮复习讲义·学生版 / 知识清单·学生版》文本判定
CHEMISTRY,有机物结构的表示方法,有机物结构的表示方法,CONCEPT,化学必修第二册·第七章·有机化合物,定位：化学必修第二册 第七章。键线式省略氢原子，端点和拐点都代表碳原子，漏画端点或多算端点会导致碳原子数错误；结构简式中双键、三键的符号不可省。,《2026/2027 一轮复习讲义·学生版 / 知识清单·学生版》文本判定
CHEMISTRY,顺反异构与对映异构的判断,顺反异构与对映异构的判断,CONCEPT,CHEMISTRY·综合·综合·综合,定位：CHEMISTRY·综合·综合。双键一端连两个相同基团（如 CH2=）时无顺反异构；手性碳必须连 4 个互不相同的基团，含双键、三键的碳原子不可能是手性碳。,《2026/2027 一轮复习讲义·学生版 / 知识清单·学生版》文本判定
CHEMISTRY,有机物元素组成的定性分析,有机物元素组成的定性分析,CONCEPT,化学必修第二册·第七章·有机化合物,定位：化学必修第二册 第七章。判断是否含氧必须在“燃烧产物只有 CO2 和 H2O”的前提下进行质量比较；若有其他产物（如 SO2、N2）须先扣除相应元素的质量。,《2026/2027 一轮复习讲义·学生版 / 知识清单·学生版》文本判定
CHEMISTRY,李比希定量分析法,李比希定量分析法,CONCEPT,CHEMISTRY·综合·综合·综合,定位：CHEMISTRY·综合·综合。最简式只表示各元素原子的最简整数比，不能确定分子式；由最简式求分子式还须已知相对分子质量。;,《2026/2027 一轮复习讲义·学生版 / 知识清单·学生版》文本判定
CHEMISTRY,商余法确定烃的分子式,商余法确定烃的分子式,CONCEPT,化学必修第二册·第七章·有机化合物,定位：化学必修第二册 第七章。商余法只适用于仅含碳、氢两种元素的烃；含氧衍生物不能直接套用，需先扣除氧原子的质量或改用其他方法。,《2026/2027 一轮复习讲义·学生版 / 知识清单·学生版》文本判定
CHEMISTRY,燃烧通式与平均值法,燃烧通式与平均值法,CONCEPT,CHEMISTRY·综合·综合·综合,定位：CHEMISTRY·综合·综合。使用燃烧通式时水按液态还是气态处理会影响体积关系，体积计算必须在同温同压下进行；平均值法只能给出成分的范围，不能唯一确定组成。,《2026/2027 一轮复习讲义·学生版 / 知识清单·学生版》文本判定
CHEMISTRY,核磁共振氢谱,核磁共振氢谱,CONCEPT,CHEMISTRY·综合·综合·综合,定位：CHEMISTRY·综合·综合。峰面积比给的是氢原子个数的最简整数比，判读时要与分子式的氢原子总数核对（如面积比 3:2:1 与 6:4:2 等价）。,《2026/2027 一轮复习讲义·学生版 / 知识清单·学生版》文本判定
CHEMISTRY,红外光谱与质谱,红外光谱与质谱,CONCEPT,CHEMISTRY·综合·综合·综合,定位：CHEMISTRY·综合·综合。红外光谱只能确定分子中含有哪些基团，不能确定基团的数目与位置；质谱最右侧的分子离子峰对应相对分子质量，碎片的 m/z 与结构对应关系需要结合已知结构信息分析。,《2026/2027 一轮复习讲义·学生版 / 知识清单·学生版》文本判定
CHEMISTRY,甲烷氯代的自由基链反应机理,甲烷氯代的自由基链反应机理,CONCEPT,化学必修第一册·第二章·氯及其化合物,定位：化学必修第一册 第二章。链引发需要光提供能量使 Cl—Cl 均裂；若只写一个取代产物会漏掉多氯代产物，“五种产物”是该反应的常考结论。,《2026/2027 一轮复习讲义·学生版 / 知识清单·学生版》文本判定
CHEMISTRY,同位素示踪法研究酯水解断键,同位素示踪法研究酯水解断键,CONCEPT,化学选择性必修1·第三章·水溶液中的离子平衡,定位：化学选择性必修1 第三章。若用 HO 标记在醇一侧的氧上则标记会回到醇中，实验现象与结论不同；示踪实验的结论依赖标记原子所在的位置，不能混淆。,《2026/2027 一轮复习讲义·学生版 / 知识清单·学生版》文本判定
CHEMISTRY,有机结构分析方法的对比与选用,有机结构分析方法的对比与选用,CONCEPT,化学必修第二册·第七章·有机化合物,定位：化学必修第二册 第七章。对称结构中化学环境相同的氢只出一组峰（如乙烷只有 1 种氢、丙烷有 2 种氢），不能把分子中氢原子的总数直接当作峰数或面积比。,《2026/2027 一轮复习讲义·学生版 / 知识清单·学生版》文本判定
CHEMISTRY,有机反应机理与断键规律,有机反应机理与断键规律,CONCEPT,化学必修第二册·第七章·有机化合物,定位：化学必修第二册 第七章。同一反应物在不同条件下可发生不同类型的反应（乙醇与浓硫酸在 170 ℃ 消去、140 ℃ 取代），不能只看试剂判断反应类型；检验卤离子前必须先中和水解液中的碱。,《2026/2027 一轮复习讲义·学生版 / 知识清单·学生版》文本判定
CHEMISTRY,微型工艺流程的过程评价,微型工艺流程的过程评价,CONCEPT,化学必修第二册·第六章·化学反应与能量,定位：化学必修第二册 第六章。评价“某步骤是否合理”时要同时考虑原理可行性与经济性，只答“能反应”不足以得分；环保维度要落到三废处理与反应物毒性的具体表述。,《2026/2027 一轮复习讲义·学生版 / 知识清单·学生版》文本判定
BIOLOGY,影响物质跨膜运输速率的因素,影响物质跨膜运输速率的因素,CONCEPT,生物学必修1·第四章·物质的输入与输出,定位：生物学必修1 第四章。协助扩散的速率—浓度曲线会出现饱和（平台）段，这是与自由扩散曲线的关键区别；氧气含量为 0 时主动运输速率不为 0，因此不能用“过原点”判断主动运输。,《2026/2027 一轮复习讲义·学生版 / 知识清单·学生版》文本判定
BIOLOGY,物质跨膜运输方式的比较,物质跨膜运输方式的比较,CONCEPT,生物学必修1·第四章·物质的输入与输出,定位：生物学必修1 第四章。判断运输方式要综合“是否需载体、是否耗能、是否逆浓度”三个维度，不能只凭物质大小或是否带电判断；同一物质在不同细胞中运输方式可能不同。,《2026/2027 一轮复习讲义·学生版 / 知识清单·学生版》文本判定
BIOLOGY,探究物质跨膜运输方式的实验设计,探究物质跨膜运输方式的实验设计,CONCEPT,生物学必修1·第四章·物质的输入与输出,定位：生物学必修1 第四章。设计实验时必须遵循单一变量原则：探究能量影响时只改变能量供应条件，探究载体影响时只能改变载体条件，不能同时改变温度、浓度等多个变量。,《2026/2027 一轮复习讲义·学生版 / 知识清单·学生版》文本判定
CHEMISTRY,二氧化碳与碱反应图像题的解题步骤,二氧化碳与碱反应图像题的解题步骤,CONCEPT,CHEMISTRY·综合·综合·综合,定位：CHEMISTRY·综合·综合。阶段的划分依据是 CO2 与碱的物质的量之比而不是通入的绝对体积；向混合溶液滴加盐酸时要注意反应先后顺序（OH− 先被中和、CO3 2− 先转化为 HCO3 − 再放出 CO2），据此确定拐点位置。,《2026/2027 一轮复习讲义·学生版 / 知识清单·学生版》文本判定
CHEMISTRY,无机非金属材料的分类与特点,无机非金属材料的分类与特点,CONCEPT,化学必修第一册·第三章·铁与金属材料,定位：化学必修第一册 第三章。陶瓷、玻璃、水泥是三类典型的传统硅酸盐材料；新型无机非金属材料在组成上不再限于硅酸盐体系，判断类别时不能只看用途。,《2026/2027 一轮复习讲义·学生版 / 知识清单·学生版》文本判定
CHEMISTRY,碳纳米材料,碳纳米材料,CONCEPT,CHEMISTRY·综合·综合·综合,定位：CHEMISTRY·综合·综合。碳纳米材料与金刚石、石墨等传统碳单质组成元素相同但结构不同；判断材料类别时要区分“传统硅酸盐材料”“新型无机非金属材料”与“碳纳米材料”。,《2026/2027 一轮复习讲义·学生版 / 知识清单·学生版》文本判定
CHEMISTRY,化学基本概念题的解题策略,化学基本概念题的解题策略,CONCEPT,CHEMISTRY·综合·综合·综合,定位：CHEMISTRY·综合·综合。关键词中的否定词与限定词（不正确、一定、可能、少量、过量）是失分高发点，必须在读题时先标记；“回归教材”要求把新情境信息落到已学的物质性质上。,《2026/2027 一轮复习讲义·学生版 / 知识清单·学生版》文本判定
CHEMISTRY,六种表示物质变化的方程式,六种表示物质变化的方程式,CONCEPT,CHEMISTRY·综合·综合·综合,定位：CHEMISTRY·综合·综合。六类“式”的判断依据不同：热化学方程式必须注明物质状态并标出 ΔH，离子方程式只写实际参加反应的离子，电极反应式要满足电荷守恒并区分正负极（阴阳极），电极反应需注明条件与介质。,《2026/2027 一轮复习讲义·学生版 / 知识清单·学生版》文本判定
CHEMISTRY,电子式的书写注意事项,电子式的书写注意事项,REASONING,CHEMISTRY·综合·综合·综合,定位：CHEMISTRY·综合·综合。书写电子式前必须先判断化学键类型（离子键还是共价键）与原子连接顺序；离子必须标出电荷、原子的孤对电子必须画全，漏写孤对电子与写错连接顺序是最常见错误。,《2026/2027 一轮复习讲义·学生版 / 知识清单·学生版》文本判定
CHEMISTRY,化学用语书写规范,化学用语书写规范,CONCEPT,CHEMISTRY·综合·综合·综合,定位：CHEMISTRY·综合·综合。区分电离与水解看产物：生成 H3O+（或 H+）的为电离，生成 OH− 的为水解；同一离子（如 HS−）既能电离又能水解，书写时不能混淆。结构简式省去单键时不能把官能团也省掉。,《2026/2027 一轮复习讲义·学生版 / 知识清单·学生版》文本判定
CHEMISTRY,研究有机化合物的一般方法,研究有机化合物的一般方法,CONCEPT,化学必修第二册·第七章·有机化合物,定位：化学必修第二册 第七章。研究顺序不能颠倒：不先分离提纯，杂质会干扰元素分析与波谱判断；波谱分析给出基团与氢环境，官能团的确证还要靠特征反应（化学方法）。,《2026/2027 一轮复习讲义·学生版 / 知识清单·学生版》文本判定
CHEMISTRY,氧化还原反应概念的辨析方法,氧化还原反应概念的辨析方法,REASONING,化学必修第一册·第一章·离子反应与氧化还原,定位：化学必修第一册 第一章。含同种元素不同价态物质间的反应，产物必须按“高价＋低价→中间价”判断，不能出现交叉（如 H2SO4 与 H2S 反应不会生成 SO2 与 S 的交叉产物）。,《2026/2027 一轮复习讲义·学生版 / 知识清单·学生版》文本判定
CHEMISTRY,价态规律及其应用,价态规律及其应用,CONCEPT,CHEMISTRY·综合·综合·综合,定位：CHEMISTRY·综合·综合。归中规律只适用于含同种元素的物质之间的反应；歧化反应中同种元素既被氧化又被还原，其化合价必须处于中间价态。判断产物时不能出现价态交叉。,《2026/2027 一轮复习讲义·学生版 / 知识清单·学生版》文本判定
CHEMISTRY,强弱规律及其应用,强弱规律及其应用,CONCEPT,CHEMISTRY·综合·综合·综合,定位：CHEMISTRY·综合·综合。使用“强者先反应”必须同时考虑量的多少：氧化剂（或还原剂）不足时才只与最强的一种反应，足量时依次反应完所有还原剂（或氧化剂）。,《2026/2027 一轮复习讲义·学生版 / 知识清单·学生版》文本判定
CHEMISTRY,先后规律及其应用,先后规律及其应用,CONCEPT,CHEMISTRY·综合·综合·综合,定位：CHEMISTRY·综合·综合。先后顺序的判断以“还原性（氧化性）强者优先”为准则；记忆强弱顺序时氧化性与还原性顺序是反向对应的，不能记混。,《2026/2027 一轮复习讲义·学生版 / 知识清单·学生版》文本判定
CHEMISTRY,氧化还原反应的守恒规律,氧化还原反应的守恒规律,CONCEPT,化学必修第一册·第一章·离子反应与氧化还原,定位：化学必修第一册 第一章。三个守恒要同时满足；电荷守恒用于确定离子方程式中 H+、OH− 或 H2O 的系数，电子守恒用于确定氧化剂与还原剂的系数比。,《2026/2027 一轮复习讲义·学生版 / 知识清单·学生版》文本判定
CHEMISTRY,离子推断的四项原则,离子推断的四项原则,CONCEPT,CHEMISTRY·综合·综合·综合,定位：CHEMISTRY·综合·综合。推断结论必须用电中性原则核对电荷守恒；操作中引入的离子（如加入盐酸引入的 Cl−、加入 BaCl2 引入的 Ba2+）不能当作原溶液的成分。,《2026/2027 一轮复习讲义·学生版 / 知识清单·学生版》文本判定
CHEMISTRY,陌生化学方程式的书写方法,陌生化学方程式的书写方法,CONCEPT,CHEMISTRY·综合·综合·综合,定位：CHEMISTRY·综合·综合。产物预测必须以元素常见价态与介质环境（酸碱性）为依据；氧化还原反应中电子守恒与电荷守恒要同时满足，只配平原子个数往往出错。,《2026/2027 一轮复习讲义·学生版 / 知识清单·学生版》文本判定
BIOLOGY,归纳法,归纳法,CONCEPT,BIOLOGY·综合·综合·综合,定位：BIOLOGY·综合·综合。判断依据是“是否考察了全部对象”：把研究对象穷举完再归纳属完全归纳，由部分对象推到全部属不完全归纳；不完全归纳的结论不能当作必然结论。,《2026/2027 一轮复习讲义·学生版 / 知识清单·学生版》文本判定
BIOLOGY,光系统与电子传递链,光系统与电子传递链,CONCEPT,BIOLOGY·综合·综合·综合,定位：BIOLOGY·综合·综合。叶绿体类囊体膜上的质子梯度由水的光解与电子传递建立，线粒体内膜上的质子梯度由电子传递建立；两处的电子供体与受体不同（H2O 与 NADP+、NADH 与 O2），不能混淆。,《2026/2027 一轮复习讲义·学生版 / 知识清单·学生版》文本判定
BIOLOGY,过敏反应,过敏反应,CONCEPT,生物学选择性必修1·第四章·免疫调节,定位：生物学选择性必修1 第四章。过敏反应必须“再次接触”相同的过敏原才会发生；不能把一切免疫反应过强都归为过敏反应（自身免疫病是免疫系统攻击自身成分）。,《2026/2027 一轮复习讲义·学生版 / 知识清单·学生版》文本判定
BIOLOGY,自身免疫病与免疫缺陷病,自身免疫病与免疫缺陷病,CONCEPT,生物学选择性必修1·第四章·免疫调节,定位：生物学选择性必修1 第四章。三类免疫失调的区分：过敏反应针对外来过敏原、自身免疫病针对自身成分、免疫缺陷病是免疫功能不足；使用免疫抑制剂会降低整体免疫能力，须权衡利弊。,《2026/2027 一轮复习讲义·学生版 / 知识清单·学生版》文本判定
BIOLOGY,艾滋病（HIV）,艾滋病（HIV）,CONCEPT,BIOLOGY·综合·综合·综合,定位：BIOLOGY·综合·综合。HIV 攻击的主要是辅助性 T 细胞，最终使免疫功能几乎全部丧失；日常接触（握手、共餐）不会传播艾滋病，不能把“接触”等同于传播途径。,《2026/2027 一轮复习讲义·学生版 / 知识清单·学生版》文本判定
CHEMISTRY,硫与变价金属的反应规律,硫与变价金属的反应规律,CONCEPT,化学必修第二册·第五章·硫氮及其化合物,定位：化学必修第二册 第五章。\n不要把硫与铁、铜反应的产物写成高价硫化物；由产物价态反推氧化性强弱时要保证其他条件相同。,《2026/2027 一轮复习讲义·学生版 / 知识清单·学生版》文本判定
CHEMISTRY,硫化氢的性质,硫化氢的性质,CONCEPT,化学必修第二册·第五章·硫氮及其化合物,定位：化学必修第二册 第五章。\n与O2反应的产物随氧气用量不同而不同，写方程式要先判断谁过量；H2S有毒，所有涉及H2S的实验都必须考虑尾气吸收。,《2026/2027 一轮复习讲义·学生版 / 知识清单·学生版》文本判定
CHEMISTRY,氢硫酸的性质与硫化氢的检验,氢硫酸的性质与硫化氢的检验,CONCEPT,化学必修第二册·第五章·硫氮及其化合物,定位：化学必修第二册 第五章。\n检验H2S要防止逸散，必须在通风橱中操作；不能用浓硫酸干燥H2S；制取H2S不能用强氧化性酸代替稀硫酸。,《2026/2027 一轮复习讲义·学生版 / 知识清单·学生版》文本判定
CHEMISTRY,二氧化硫的实验室制法与SO2和CO2的鉴别,二氧化硫的实验室制法与SO2和CO2的鉴别,CONCEPT,化学必修第二册·第五章·硫氮及其化合物,定位：化学必修第二册 第五章。\n不能用澄清石灰水鉴别SO2与CO2；检验共存时必须先除尽SO2再检验CO2，且要有确认SO2已除尽的现象；酸性KMnO4溶液也可用溴水替代。,《2026/2027 一轮复习讲义·学生版 / 知识清单·学生版》文本判定
CHEMISTRY,三类漂白剂的区别,三类漂白剂的区别,CONCEPT,化学必修第一册·第二章·氯及其化合物,定位：化学必修第一册 第二章。\nSO2不能漂白石蕊，只能使石蕊变红；三类漂白剂的褪色是否复原是最常见的鉴别依据，不能只凭“褪色”就判断漂白类型。,《2026/2027 一轮复习讲义·学生版 / 知识清单·学生版》文本判定
CHEMISTRY,硫酸根离子的检验,硫酸根离子的检验,CONCEPT,化学必修第二册·第五章·硫氮及其化合物,定位：化学必修第二册 第五章。\n不能用硝酸酸化，也不能用Ba(NO3)2溶液，因为酸性条件下NO3⁻会把SO3²⁻氧化成SO4²⁻造成假阳性；盐酸酸化后若出现沉淀，应先过滤除去AgCl再加BaCl2。,《2026/2027 一轮复习讲义·学生版 / 知识清单·学生版》文本判定
CHEMISTRY,硫代硫酸钠,硫代硫酸钠,CONCEPT,化学必修第一册·第二章·钠及其化合物,定位：化学必修第一册 第二章。\nNa2S2O3中硫的平均价态为＋2；与碘反应生成S4O6²⁻而不过度氧化，只有遇到强氧化剂才生成SO4²⁻；与酸反应属自身歧化，要写清产物是S与SO2。,《2026/2027 一轮复习讲义·学生版 / 知识清单·学生版》文本判定
CHEMISTRY,焦亚硫酸钠,焦亚硫酸钠,CONCEPT,化学必修第一册·第二章·钠及其化合物,定位：化学必修第一册 第二章。\n焦亚硫酸钠与过二硫酸钠的价态不同（＋4与＋6），不要混淆；使用与保存要避免与强氧化剂接触与受潮。,《2026/2027 一轮复习讲义·学生版 / 知识清单·学生版》文本判定
CHEMISTRY,过二硫酸钠,过二硫酸钠,CONCEPT,化学必修第一册·第二章·钠及其化合物,定位：化学必修第一册 第二章。\n不能按中心元素硫的价态（＋6价已是最高价）判断氧化性来源；硫元素反应前后价态不变是高频考点，容易误判成硫被还原。,《2026/2027 一轮复习讲义·学生版 / 知识清单·学生版》文本判定
CHEMISTRY,硒和碲及其化合物的性质,硒和碲及其化合物的性质,CONCEPT,化学必修第二册·第五章·硫氮及其化合物,定位：化学必修第二册 第五章。\n同族元素自上而下非金属性减弱，SeO2、TeO2的氧化性强于SO2；判断氧化物是否为两性氧化物要用“既溶于强酸又溶于强碱”的判据。,《2026/2027 一轮复习讲义·学生版 / 知识清单·学生版》文本判定
CHEMISTRY,臭氧,臭氧,CONCEPT,CHEMISTRY·综合·综合·综合,定位：CHEMISTRY·综合·综合。\n臭氧与氧气互为同素异形体，不能视为同一种物质；臭氧的漂白属氧化型，与SO2的化合型漂白区别明显。,《2026/2027 一轮复习讲义·学生版 / 知识清单·学生版》文本判定
CHEMISTRY,过氧化氢,过氧化氢,CONCEPT,化学必修第一册·第四章·物质结构元素周期律,定位：化学必修第一册 第四章。\nH2O2中氧为－1价，既具氧化性又具还原性；判断与另一物质反应时H2O2作氧化剂还是还原剂，要看对方氧化性强弱。,《2026/2027 一轮复习讲义·学生版 / 知识清单·学生版》文本判定
CHEMISTRY,传统文化类试题的解题方法,传统文化类试题的解题方法,CONCEPT,CHEMISTRY·综合·综合·综合,定位：CHEMISTRY·综合·综合。\n指南针的原理与化学无关；古籍中的碱多指K2CO3而不是NaOH；判断变化类型不能只凭烧、炼等字就断定是化学变化（沙里淘金属物理方法）。,《2026/2027 一轮复习讲义·学生版 / 知识清单·学生版》文本判定
CHEMISTRY,化学与营养及常见的食品添加剂,化学与营养及常见的食品添加剂,CONCEPT,CHEMISTRY·综合·综合·综合,定位：CHEMISTRY·综合·综合。\n功能与实例要一一对应（如膨松剂是碳酸氢钠而不是硫酸钙）；不能一概认为含添加剂就有害；除营养强化剂外的添加剂作用是改善色泽、风味、形态或延长保质期，不是补充营养。,《2026/2027 一轮复习讲义·学生版 / 知识清单·学生版》文本判定
CHEMISTRY,食品的保护与食品袋中的干燥剂,食品的保护与食品袋中的干燥剂,CONCEPT,CHEMISTRY·综合·综合·综合,定位：CHEMISTRY·综合·综合。\n干燥剂选择要同时考虑吸水性与安全性；葡萄酒中SO2的作用是抗氧化与抑菌而不是漂白；生石灰与熟石灰、石灰石不能混为一谈。,《2026/2027 一轮复习讲义·学生版 / 知识清单·学生版》文本判定
CHEMISTRY,化学与医药的常考常识,化学与医药的常考常识,CONCEPT,CHEMISTRY·综合·综合·综合,定位：CHEMISTRY·综合·综合。\nBaSO4与BaCO3的溶解性差异是常考陷阱；医用酒精使蛋白质变性属于蛋白质性质的变化但不是氧化还原反应；抗酸药不能选碱性强的NaOH、Na2CO3。,《2026/2027 一轮复习讲义·学生版 / 知识清单·学生版》文本判定
CHEMISTRY,水垢的成分与除水垢方法,水垢的成分与除水垢方法,CONCEPT,CHEMISTRY·综合·综合·综合,定位：CHEMISTRY·综合·综合。\n除水垢不用硫酸的原因是产物微溶并覆盖表面；硬水与软水的区别在于钙、镁离子含量，与水的酸碱性无关；水垢中既有碳酸盐又有氢氧化物。,《2026/2027 一轮复习讲义·学生版 / 知识清单·学生版》文本判定
CHEMISTRY,洗涤与去污中的化学原理,洗涤与去污中的化学原理,CONCEPT,CHEMISTRY·综合·实验与方案设计·实验分析,定位：CHEMISTRY 综合。\n去油污的实质是碱促进油脂水解而不是溶解油污；泡沫灭火器利用双水解反应，不能按复分解的形式书写；硬水去污能力差是因为生成了不溶性的高级脂肪酸盐。,《2026/2027 一轮复习讲义·学生版 / 知识清单·学生版》文本判定
CHEMISTRY,气体泄漏的检验与白烟白雾辨析,气体泄漏的检验与白烟白雾辨析,REASONING,CHEMISTRY·综合·实验与方案设计·实验分析,定位：CHEMISTRY 综合。\n白烟是固体小颗粒、白雾是小液滴，答题时不能混用；Cl2与NH3反应除生成NH4Cl外还有N2生成，注意配平与现象描述。,《2026/2027 一轮复习讲义·学生版 / 知识清单·学生版》文本判定
CHEMISTRY,干冰萤石与三类玻璃的成分,干冰萤石与三类玻璃的成分,CONCEPT,化学必修第二册·第五章第三节·无机非金属材料,定位：化学必修第二册 第五章第三节。\n三类玻璃的成分与材料类别不同，分类题中不能笼统称为玻璃；干冰是CO2的固态形式不是水冰；萤石的主要成分是CaF2，不要与石英(SiO2)混淆。,《2026/2027 一轮复习讲义·学生版 / 知识清单·学生版》文本判定
CHEMISTRY,为化学作出贡献的科学家与重大成就,为化学作出贡献的科学家与重大成就,CONCEPT,CHEMISTRY·综合·综合·综合,定位：CHEMISTRY·综合·综合。\n黑火药中硫黄燃烧只生成SO2；指南针虽涉及Fe3O4但工作原理与化学无关，判断时要看题干强调的是物理性质还是化学性质；青蒿素提取用的是乙醚萃取而不是水煮。,《2026/2027 一轮复习讲义·学生版 / 知识清单·学生版》文本判定
CHEMISTRY,中国古代的酿酒工艺,中国古代的酿酒工艺,CONCEPT,CHEMISTRY·综合·综合·综合,定位：CHEMISTRY·综合·综合。\n糖化是水解过程（大分子变小分子），发酵是产生酒精与CO2的过程；蒸馏属物理分离，判断变化类型时不要把它当作化学变化。,《2026/2027 一轮复习讲义·学生版 / 知识清单·学生版》文本判定
CHEMISTRY,玻璃纤维的性质与用途,玻璃纤维的性质与用途,CONCEPT,化学必修第二册·第五章第三节·无机非金属材料,定位：化学必修第二册 第五章第三节。\n玻璃纤维与玻璃钢不是同一种材料；分类题要先判成分再判是否复合，不要只凭名称中的玻璃二字归类。,《2026/2027 一轮复习讲义·学生版 / 知识清单·学生版》文本判定
CHEMISTRY,中国古代的冶金化学,中国古代的冶金化学,CONCEPT,CHEMISTRY·综合·综合·综合,定位：CHEMISTRY·综合·综合。\n湿法炼铜体现铁的活动性大于铜，书写方程式要配平；沙里淘金是物理变化，不要写成化学反应；不要把胆铜法与电解法混淆。,《2026/2027 一轮复习讲义·学生版 / 知识清单·学生版》文本判定
CHEMISTRY,常考经典史籍中的化学知识,常考经典史籍中的化学知识,CONCEPT,CHEMISTRY·综合·综合·综合,定位：CHEMISTRY·综合·综合。\n文言中的碱多指K2CO3而不是NaOH；石灰在古文语境中常指CaCO3；丹砂(HgS)是红色固体；判断时要以原文描述的现象与物质性质对应为准。,《2026/2027 一轮复习讲义·学生版 / 知识清单·学生版》文本判定
CHEMISTRY,传统文化类试题的解题三步曲,传统文化类试题的解题三步曲,CONCEPT,CHEMISTRY·综合·综合·综合,定位：CHEMISTRY·综合·综合。\n第二步最容易出错，须把熬、煎炼、渍等词与具体操作准确对应；不要把溶解、蒸发、结晶与蒸馏混淆；现象描述（白烟与白雾）也是常设陷阱。,《2026/2027 一轮复习讲义·学生版 / 知识清单·学生版》文本判定
CHEMISTRY,由性质与产物推断官能团的位置,由性质与产物推断官能团的位置,CONCEPT,化学必修第二册·第七章·有机化合物,定位：化学必修第二册 第七章。\n判断位置要同时使用性质与定量数据，单一现象不足以定位；一卤代物种类推断时要考虑对称性，避免漏算等效氢。,《2026/2027 一轮复习讲义·学生版 / 知识清单·学生版》文本判定
CHEMISTRY,常用计量仪器的使用与检漏,常用计量仪器的使用与检漏,CONCEPT,CHEMISTRY·综合·实验与方案设计·实验分析,定位：CHEMISTRY 综合。容量瓶不能用于溶解、稀释与长期贮存溶液；酸式滴定管不能装碱性溶液、碱式滴定管不能装酸性或强氧化性溶液，两条限制都是高频考点。,《2026/2027 一轮复习讲义·学生版 / 知识清单·学生版》文本判定
CHEMISTRY,分液漏斗的使用,分液漏斗的使用,CONCEPT,CHEMISTRY·综合·实验与方案设计·实验分析,定位：CHEMISTRY 综合。检漏时旋转塞子的目的是检验塞子在不同方向是否都密封；分液时若不放气会造成内部压强过大而漏液或塞子冲出。,《2026/2027 一轮复习讲义·学生版 / 知识清单·学生版》文本判定
CHEMISTRY,干燥管与洗气瓶的作用,干燥管与洗气瓶的作用,CONCEPT,CHEMISTRY·综合·实验与方案设计·实验分析,定位：CHEMISTRY 综合。判断干燥管作用要先看它在装置中的位置：中间位置多为干燥或检验，最后位置多为防污染与防干扰；定量实验中缺少最后的干燥管会使测定结果偏小，这是常考误差分析点。,《2026/2027 一轮复习讲义·学生版 / 知识清单·学生版》文本判定
CHEMISTRY,防倒吸装置,防倒吸装置,CONCEPT,CHEMISTRY·综合·实验与方案设计·实验分析,定位：CHEMISTRY 综合。\n三类装置的差别在于液体最终的去向：回流、被接收或始终不与导管接触；判断装置能否防倒吸要看导管口是否与液体直接连通。,《2026/2027 一轮复习讲义·学生版 / 知识清单·学生版》文本判定
CHEMISTRY,仪器的洗涤,仪器的洗涤,CONCEPT,CHEMISTRY·综合·实验与方案设计·实验分析,定位：CHEMISTRY 综合。不能用去污粉刷洗容量瓶、滴定管等精密量器（会磨损刻度）；不能根据“用水冲不掉”就乱用强碱或强酸，要先判断残留物的性质。,《2026/2027 一轮复习讲义·学生版 / 知识清单·学生版》文本判定
CHEMISTRY,常见试剂的保存方法,常见试剂的保存方法,CONCEPT,CHEMISTRY·综合·实验与方案设计·实验分析,定位：CHEMISTRY 综合。\n判断瓶塞材质：碱用橡胶塞、酸与氧化剂用玻璃塞；HF不能接触玻璃；检验保存方式的题目要落到试剂的具体性质上。,《2026/2027 一轮复习讲义·学生版 / 知识清单·学生版》文本判定
CHEMISTRY,物质的溶解与稀释操作,物质的溶解与稀释操作,CONCEPT,CHEMISTRY·综合·实验与方案设计·实验分析,定位：CHEMISTRY 综合。\n稀释顺序的依据是密度大小与放热：水入酸会因局部剧烈放热而飞溅；易水解的盐溶液不能直接加热浓缩，需在酸性条件下进行。,《2026/2027 一轮复习讲义·学生版 / 知识清单·学生版》文本判定
CHEMISTRY,多官能团有机物与试剂的定量关系,多官能团有机物与试剂的定量关系,CONCEPT,化学必修第二册·第七章·有机化合物,定位：化学必修第二册 第七章。\n苯酚与Na2CO3反应只生成NaHCO3；甲醛相当于含2个醛基，消耗试剂为普通醛的2倍；酯基耗碱量要判断水解产物中是否有酚羟基。,《2026/2027 一轮复习讲义·学生版 / 知识清单·学生版》文本判定
CHEMISTRY,有机物原子共线共面的判断,有机物原子共线共面的判断,CONCEPT,化学必修第二册·第七章·有机化合物,定位：化学必修第二册 第七章。判断“一定共面”只适用于刚性平面结构，凡涉及单键旋转的只能用“最多共面”；数原子时不要漏算氢原子，也不要重复计数。,《2026/2027 一轮复习讲义·学生版 / 知识清单·学生版》文本判定
CHEMISTRY,手性碳原子与手性分子,手性碳原子与手性分子,CONCEPT,化学选择性必修2·物质结构与性质·分子的空间结构,定位：化学选择性必修2 物质结构与性质。\n含手性碳的分子是手性分子，但手性分子不一定含手性碳（如某些具有手性轴的联苯类化合物）；判断取代基是否相同时要考虑整条链的结构而不是只比较第一个原子。,《2026/2027 一轮复习讲义·学生版 / 知识清单·学生版》文本判定
CHEMISTRY,卤素单质氧化性强弱的比较实验,卤素单质氧化性强弱的比较实验,CONCEPT,CHEMISTRY·综合·实验与方案设计·实验分析,定位：CHEMISTRY 综合。\n实验只需比较相邻两种卤素即可推出完整顺序；现象描述必须写清“由某色变为某色”与发生变化的装置；尾气要用碱液吸收。,《2026/2027 一轮复习讲义·学生版 / 知识清单·学生版》文本判定
CHEMISTRY,拟卤素与卤素互化物,拟卤素与卤素互化物,CONCEPT,CHEMISTRY·综合·综合·综合,定位：CHEMISTRY·综合·综合。\n(CN)2与NaOH的反应是歧化型氧化还原反应（碳元素化合价由＋3分别变为＋2与＋4）；而ICl与NaOH的反应中碘为＋1价、氯为－1价，反应前后价态不变，属非氧化还原反应。判断氧化还原不能只看“与碱反应”，要分析化合价变化。,《2026/2027 一轮复习讲义·学生版 / 知识清单·学生版》文本判定
BIOLOGY,遗传学基本概念与符号,遗传学基本概念与符号,CONCEPT,生物学必修2·第一章第二节·遗传的基本规律,定位：生物学必修2 第一章第二节。\n显隐性是对“F1表现的性状”而言，不能脱离杂交组合讨论；相对性状必须满足“同种生物、同一性状、不同表现类型”三个条件。,《2026/2027 一轮复习讲义·学生版 / 知识清单·学生版》文本判定
BIOLOGY,雄性不育的类型,雄性不育的类型,CONCEPT,BIOLOGY·综合·综合·综合,定位：BIOLOGY·综合·综合。\n细胞质雄性不育属于细胞质遗传，不遵循孟德尔遗传定律，与核不育的遗传方式要严格区分。,《2026/2027 一轮复习讲义·学生版 / 知识清单·学生版》文本判定
BIOLOGY,下丘脑在稳态调节中的作用,下丘脑在稳态调节中的作用,CONCEPT,生物学选择性必修1·第一章·内环境与稳态,定位：生物学选择性必修1 第一章。\n抗利尿激素的合成部位是下丘脑、释放部位是垂体，两者不能混答；下丘脑是调节中枢，渴觉等感觉在大脑皮层产生，也不能混答。,《2026/2027 一轮复习讲义·学生版 / 知识清单·学生版》文本判定
BIOLOGY,生命活动调节方式的三种模型,生命活动调节方式的三种模型,CONCEPT,BIOLOGY·综合·综合·综合,定位：BIOLOGY·综合·综合。\n举例时要把“刺激—感受器/内分泌腺—效应”的链条写完整；“神经—体液调节”中神经递质与激素的作用顺序不能颠倒。,《2026/2027 一轮复习讲义·学生版 / 知识清单·学生版》文本判定
BIOLOGY,生命活动调节实验的设计要点,生命活动调节实验的设计要点,CONCEPT,BIOLOGY·综合·综合·综合,定位：BIOLOGY·综合·综合。\n肽类激素必须注射，是常考的判断点；空白对照组注射生理盐水而不是蒸馏水，也是常设陷阱。,《2026/2027 一轮复习讲义·学生版 / 知识清单·学生版》文本判定
CHEMISTRY,常见危险化学品标志与实验事故处理,常见危险化学品标志与实验事故处理,CONCEPT,CHEMISTRY·综合·实验与方案设计·实验分析,定位：CHEMISTRY 综合。\n浓硫酸沾到皮肤必须先“用干布拭去”再用水冲（直接冲水会因溶解放热加重灼伤）；钠、钾着火不能用水或泡沫灭火器；金属钠、钾取用后须放回原试剂瓶。,《2026/2027 一轮复习讲义·学生版 / 知识清单·学生版》文本判定
CHEMISTRY,化学实验中的防火防爆与防暴沸,化学实验中的防火防爆与防暴沸,CONCEPT,CHEMISTRY·综合·实验与方案设计·实验分析,定位：CHEMISTRY 综合。\n判断安全性问题的常见设错点：是否验纯、是否先撤导管后停加热、是否用湿抹布而不是水灭火、加沸石与浓硫酸稀释的顺序与原因。,《2026/2027 一轮复习讲义·学生版 / 知识清单·学生版》文本判定
CHEMISTRY,装置气密性的检查方法,装置气密性的检查方法,CONCEPT,CHEMISTRY·综合·实验与方案设计·实验分析,定位：CHEMISTRY 综合。\n描述现象必须写清“是否形成稳定的液柱或液面差”与“能否恢复”；检查气密性必须在加入试剂之前进行，这是实验步骤题的常见失分点。,《2026/2027 一轮复习讲义·学生版 / 知识清单·学生版》文本判定
CHEMISTRY,氮氧化物与氧气混合溶于水的计算,氮氧化物与氧气混合溶于水的计算,CONCEPT,化学必修第二册·第五章·硫氮及其化合物,定位：化学必修第二册 第五章。该方法只适用于气体恰好被完全吸收的情形：O2 过量时会有 O2 剩余，NO 过量时会有一氧化氮放出；计算前要先判断哪种物质过量。,《2026/2027 一轮复习讲义·学生版 / 知识清单·学生版》文本判定
CHEMISTRY,物质的溶解与气体的吸收,物质的溶解与气体的吸收,CONCEPT,CHEMISTRY·综合·实验与方案设计·实验分析,定位：CHEMISTRY 综合。易错点：稀释浓硫酸时不能把水加入浓硫酸中，否则局部剧烈放热会使液体飞溅；易水解的盐溶解时要用少量对应的酸抑制水解，不能加热。,《2026/2027 一轮复习讲义·学生版 / 知识清单·学生版》文本判定
CHEMISTRY,物质的加热操作,物质的加热操作,CONCEPT,CHEMISTRY·综合·实验与方案设计·实验分析,定位：CHEMISTRY 综合。易错点：试管口向下倾斜只适用于给固体加热；液体加热时管口不能对着人；玻璃仪器外壁有水时直接加热容易炸裂。,《2026/2027 一轮复习讲义·学生版 / 知识清单·学生版》文本判定
CHEMISTRY,仪器的洗涤与洗净标准,仪器的洗涤与洗净标准,CONCEPT,CHEMISTRY·综合·实验与方案设计·实验分析,定位：CHEMISTRY 综合。易错点：判断仪器是否洗净看内壁水膜是否均匀，不能只看有没有污渍；所选洗涤剂必须能溶解残留物或与残留物反应，且不能腐蚀仪器。,《2026/2027 一轮复习讲义·学生版 / 知识清单·学生版》文本判定
CHEMISTRY,仪器的安装与连接顺序,仪器的安装与连接顺序,CONCEPT,CHEMISTRY·综合·实验与方案设计·实验分析,定位：CHEMISTRY 综合。易错点：洗气瓶和干燥管的进出口接反会使液体被压出或气体干燥不充分；干燥管必须大进小出，否则干燥剂会被气流冲散。,《2026/2027 一轮复习讲义·学生版 / 知识清单·学生版》文本判定
CHEMISTRY,化学实验安全与事故处理,化学实验安全与事故处理,CONCEPT,CHEMISTRY·综合·实验与方案设计·实验分析,定位：CHEMISTRY 综合。易错点：事故处理总原则是先切断危险源再处理，酸碱溅到皮肤上都先用大量水冲洗；活泼金属着火不能用水和含水的灭火剂扑救。,《2026/2027 一轮复习讲义·学生版 / 知识清单·学生版》文本判定
CHEMISTRY,化学试剂的保存方法,化学试剂的保存方法,CONCEPT,CHEMISTRY·综合·实验与方案设计·实验分析,定位：CHEMISTRY 综合。易错点：瓶塞选择取决于试剂性质——碱性溶液用橡胶塞、酸性或强氧化性溶液用玻璃塞；见光易分解的试剂必须用棕色瓶避光保存。,《2026/2027 一轮复习讲义·学生版 / 知识清单·学生版》文本判定
CHEMISTRY,氢氧化钠的性质与制取,氢氧化钠的性质与制取,CONCEPT,化学必修第一册·第二章·钠及其化合物,定位：化学必修第一册 第二章。易错点：NaOH 固体易潮解、易吸收空气中的 CO2 而变质，必须密封保存；盛放 NaOH 溶液的试剂瓶必须用橡胶塞而不能用玻璃塞。,《2026/2027 一轮复习讲义·学生版 / 知识清单·学生版》文本判定
CHEMISTRY,化学实验基本操作禁忌,化学实验基本操作禁忌,CONCEPT,CHEMISTRY·综合·实验与方案设计·实验分析,定位：CHEMISTRY 综合。易错点：这三条禁忌考查的是实验安全意识，判断时先看操作对象是否为气体或可燃物，再看操作顺序是否颠倒了必要的准备步骤。,《2026/2027 一轮复习讲义·学生版 / 知识清单·学生版》文本判定
CHEMISTRY,电解精炼铜,电解精炼铜,CONCEPT,化学选择性必修1·第四章·电化学,定位：化学选择性必修1 第四章。只适用于以粗铜为阳极的电解精炼；若阳极本身就是纯铜，则溶液中铜离子浓度基本不变，此时属于电镀或电解提纯的理想情况。,《2026/2027 一轮复习讲义·学生版 / 知识清单·学生版》文本判定
CHEMISTRY,氯及其化合物的转化关系,氯及其化合物的转化关系,CONCEPT,化学必修第一册·第二章·氯及其化合物,定位：化学必修第一册 第二章。酸性条件下ClO-具有强氧化性，与Cl-归中生成氯气，因此漂白粉不能与盐酸混用；氯气与铁反应生成FeCl3而不是FeCl2。,《2026/2027 一轮复习讲义·学生版 / 知识清单·学生版》文本判定
CHEMISTRY,相对原子质量,相对原子质量,CONCEPT,CHEMISTRY·综合·综合·综合,定位：CHEMISTRY·综合·综合。“元素的相对原子质量”是对该元素所有天然同位素而言的加权平均值，“原子的相对原子质量”只针对某一种核素；质量数只是近似值。,《2026/2027 一轮复习讲义·学生版 / 知识清单·学生版》文本判定
CHEMISTRY,核反应方程的分析,核反应方程的分析,CONCEPT,CHEMISTRY·综合·综合·综合,定位：CHEMISTRY·综合·综合。核反应方程的配平必须同时满足质量数守恒与电荷数守恒，两个方程缺一不可；不要用“配平化学方程式”的思路来处理核反应。,《2026/2027 一轮复习讲义·学生版 / 知识清单·学生版》文本判定
CHEMISTRY,电子云与原子轨道轮廓图,电子云与原子轨道轮廓图,CONCEPT,CHEMISTRY·综合·综合·综合,定位：CHEMISTRY·综合·综合。电子云的“密”与“疏”反映的是概率密度而不是电子个数；s轨道为球形无方向性，p轨道有3个互相垂直的伸展方向，两者不要混淆。,《2026/2027 一轮复习讲义·学生版 / 知识清单·学生版》文本判定
CHEMISTRY,原子光谱与电子跃迁,原子光谱与电子跃迁,CONCEPT,化学选择性必修2·物质结构与性质·原子结构与元素周期表,定位：化学选择性必修2 物质结构与性质。发射光谱是电子由高能级跃迁到低能级时放光形成的，吸收光谱则相反；不同元素的谱线不同，因此可用于元素鉴定，但不能用于测定相对分子质量。,《2026/2027 一轮复习讲义·学生版 / 知识清单·学生版》文本判定
BIOLOGY,血红蛋白的结构与功能,血红蛋白的结构与功能,CONCEPT,BIOLOGY·综合·综合·综合,定位：BIOLOGY·综合·综合。血红蛋白的分子病属于基因突变导致的蛋白质结构异常，不能等同于营养不良；杂合子一般无临床症状但具有抗疟优势，属于杂合子优势的典型例子。,《2026/2027 一轮复习讲义·学生版 / 知识清单·学生版》文本判定
BIOLOGY,DNA指纹技术,DNA指纹技术,CONCEPT,BIOLOGY·综合·综合·综合,定位：BIOLOGY·综合·综合。DNA指纹依据的是高度重复序列的个体特异性，检材（血、毛发等）都能提供DNA；条带完全一致才能认定为同一个体，部分一致时需要做统计分析。,《2026/2027 一轮复习讲义·学生版 / 知识清单·学生版》文本判定
CHEMISTRY,能源的分类与开发利用,能源的分类与开发利用,CONCEPT,化学选择性必修1·第一章·反应热与能量,定位：化学选择性必修1 第一章。能源分类的依据不同则结论不同，答题时要按题给分类标准作答；新能源目前受制取与储存成本限制，不能认为已经全面替代化石能源,《2026/2027 一轮复习讲义·学生版 / 知识清单·学生版》文本判定
CHEMISTRY,反应热的五种计算方法,反应热的五种计算方法,CONCEPT,化学选择性必修1·第一章·反应热与能量,定位：化学选择性必修1 第一章。各方法的适用前提不同：燃烧热法要求完全燃烧且产物为指定状态；键能法要求键能数据与物质的聚集状态一致并注意键数；盖斯定律法要求各反应的温度条件相同,《2026/2027 一轮复习讲义·学生版 / 知识清单·学生版》文本判定
BIOLOGY,λ曲线分析,λ曲线分析,CONCEPT,BIOLOGY·综合·综合·综合,定位：BIOLOGY·综合·综合。λ只表示相邻时段种群数量的倍数而不是增长率；分段判断只适用于按时间顺序给出的λ变化曲线，若曲线本身有波动，要逐段按λ与1的关系判断,《2026/2027 一轮复习讲义·学生版 / 知识清单·学生版》文本判定
BIOLOGY,种群研究的应用,种群研究的应用,CONCEPT,生物学选择性必修2·第一二章·种群与群落,定位：生物学选择性必修2 第一二章。保护与防治的目标不同，措施方向也不同：保护濒危物种要提高环境容纳量，防治有害生物要降低环境容纳量，不能把两类措施混用,《2026/2027 一轮复习讲义·学生版 / 知识清单·学生版》文本判定
CHEMISTRY,电离平衡常数,电离平衡常数,CONCEPT,化学选择性必修1·第二章·化学平衡,定位：化学选择性必修1 第二章。书写K表达式时只代入平衡时的离子与分子浓度，水的浓度与固体不写入；K只随温度改变，稀释或加同离子都不会改变K,《2026/2027 一轮复习讲义·学生版 / 知识清单·学生版》文本判定
CHEMISTRY,化学方程式中的定量关系,化学方程式中的定量关系,CONCEPT,CHEMISTRY·综合·综合·综合,定位：CHEMISTRY·综合·综合。计量数之比等于气体体积之比只在同温同压下成立；反应物或生成物为固体、液体时只能用物质的量之比，不能类比体积之比,《2026/2027 一轮复习讲义·学生版 / 知识清单·学生版》文本判定
CHEMISTRY,物质的量在化学方程式计算中的步骤,物质的量在化学方程式计算中的步骤,CONCEPT,化学必修第一册·第一章·物质分类与转化,定位：化学必修第一册 第一章。物质的量、质量与气体体积不能混用；只有同温同压下的气体才可用体积比代替物质的量之比，固体与溶液必须用质量或物质的量,《2026/2027 一轮复习讲义·学生版 / 知识清单·学生版》文本判定
CHEMISTRY,守恒法,守恒法,CONCEPT,CHEMISTRY·综合·综合·综合,定位：CHEMISTRY·综合·综合。守恒法适用于能确定前后不变的物理量；若过程有物质逸出或加入，须把逸出与加入的部分一并计入，否则等量关系不成立,《2026/2027 一轮复习讲义·学生版 / 知识清单·学生版》文本判定
CHEMISTRY,氯化铝的结构与性质,氯化铝的结构与性质,CONCEPT,化学必修第一册·第二章·氯及其化合物,定位：化学必修第一册 第二章。AlCl3是共价化合物而非离子化合物，其熔融态不导电，故工业上电解Al2O3而不电解AlCl3制铝；判断配离子时要指明配位键的存在,《2026/2027 一轮复习讲义·学生版 / 知识清单·学生版》文本判定
CHEMISTRY,滴加顺序不同现象不同,滴加顺序不同现象不同,CONCEPT,CHEMISTRY·综合·综合·综合,定位：CHEMISTRY·综合·综合。互滴现象差异只在两物质能连续反应（先生成中间产物再继续反应）时出现；若只发生一步反应，滴加顺序不影响现象,《2026/2027 一轮复习讲义·学生版 / 知识清单·学生版》文本判定
CHEMISTRY,卤素互化物与拟卤素,卤素互化物与拟卤素,CONCEPT,CHEMISTRY·综合·综合·综合,定位：CHEMISTRY·综合·综合。卤素互化物与拟卤素只是性质与卤素相似，其组成与化合价不同于卤素单质；书写方程式必须按实际价态分析，不能直接套用卤素单质的方程式,《2026/2027 一轮复习讲义·学生版 / 知识清单·学生版》文本判定
CHEMISTRY,离子放电顺序与电解产物判断,离子放电顺序与电解产物判断,CONCEPT,化学选择性必修1·第四章·电化学,定位：化学选择性必修1 第四章。放电顺序只在溶液中适用，电解熔融盐或氧化物时按离子本身的放电难易判断；活性电极作阳极时阳极不生成非金属单质，不能套用惰性电极的产物,《2026/2027 一轮复习讲义·学生版 / 知识清单·学生版》文本判定
CHEMISTRY,离子交换膜的种类与作用,离子交换膜的种类与作用,CONCEPT,CHEMISTRY·综合·综合·综合,定位：CHEMISTRY·综合·综合。交换膜只改变离子迁移的路径，不改变电极反应本身；判断某离子能否通过要看膜的种类，不能只按离子的电荷数判断,《2026/2027 一轮复习讲义·学生版 / 知识清单·学生版》文本判定
CHEMISTRY,元素推断的常用方法,元素推断的常用方法,CONCEPT,化学必修第一册·第四章·物质结构元素周期律,定位：化学必修第一册 第四章。周期表中相邻位置的原子序数差值关系只适用于主族元素，过渡元素处不成立；由共价键数目推断时要考虑H、B、Al等元素的特殊性以及配位键的存在,《2026/2027 一轮复习讲义·学生版 / 知识清单·学生版》文本判定
BIOLOGY,DNA分子中碱基数量关系,DNA分子中碱基数量关系,CONCEPT,BIOLOGY·综合·综合·综合,定位：BIOLOGY·综合·综合。上述比例只适用于双链DNA，单链DNA与RNA不满足A=T、G=C；求某碱基在双链中的比例时不能直接把单链比例搬用，要用两条链的平均值,《2026/2027 一轮复习讲义·学生版 / 知识清单·学生版》文本判定
BIOLOGY,DNA复制的数量关系,DNA复制的数量关系,CONCEPT,生物学必修2·第三四章·遗传的分子基础,定位：生物学必修2 第三四章。计算前要看碱基的单位是“对”还是“个”，并分清问的是“DNA分子数”还是“链数”、“含有”还是“只含有”；原核生物与真核生物复制起点数目不同，但数量关系式相同,《2026/2027 一轮复习讲义·学生版 / 知识清单·学生版》文本判定
BIOLOGY,DNA分子的多样性与特异性,DNA分子的多样性与特异性,CONCEPT,生物学必修2·第五六章·变异与进化,定位：生物学必修2 第五六章。多样性来自碱基对的排列顺序而不是碱基种类或数量；计算可能的排列数时以碱基对为基准，n个碱基对对应4^n种排列,《2026/2027 一轮复习讲义·学生版 / 知识清单·学生版》文本判定
BIOLOGY,DNA复制的拓展,DNA复制的拓展,CONCEPT,生物学必修2·第三四章·遗传的分子基础,定位：生物学必修2 第三四章。引物在细胞内是RNA、在PCR中是DNA，化学本质不同；冈崎片段只出现在后随链上，前导链是连续合成的,《2026/2027 一轮复习讲义·学生版 / 知识清单·学生版》文本判定
CHEMISTRY,离子反应先后顺序的判断,离子反应先后顺序的判断,CONCEPT,化学必修第一册·第一章·离子反应与氧化还原,定位：化学必修第一册 第一章。先后顺序与溶液的浓度、用量有关，题目给定物质的量之比不同则结论不同；氧化还原顺序与酸碱中和顺序要分别判断后再综合考虑。,《2026/2027 一轮复习讲义·学生版 / 知识清单·学生版》文本判定
CHEMISTRY,氢氧化铝沉淀量的计算,氢氧化铝沉淀量的计算,CONCEPT,化学必修第一册·第三章·铁与金属材料,定位：化学必修第一册 第三章。上述关系式只在向铝盐溶液中加强碱且体系中无其他消耗碱的离子时成立；若溶液中还有 H+、Mg2+、NH4+ 等，要先扣除它们消耗的碱。,《2026/2027 一轮复习讲义·学生版 / 知识清单·学生版》文本判定
CHEMISTRY,铝热反应,铝热反应,CONCEPT,化学必修第一册·第三章·铁与金属材料,定位：化学必修第一册 第三章。铝只能与活动性排在铝之后的金属氧化物反应，铝不能与 MgO 反应；铝热反应不用于大量冶炼铁、铜，因为要考虑冶炼成本。,《2026/2027 一轮复习讲义·学生版 / 知识清单·学生版》文本判定
CHEMISTRY,铝盐与碱反应的图像分析,铝盐与碱反应的图像分析,CONCEPT,化学必修第一册·第三章·铁与金属材料,定位：化学必修第一册 第三章。分析图像前先判断滴加顺序与溶液组成；出现“先无沉淀后沉淀”或“沉淀部分溶解”时，要按离子反应的先后顺序逐段写出对应方程式。,《2026/2027 一轮复习讲义·学生版 / 知识清单·学生版》文本判定
CHEMISTRY,四羟基合铝酸盐的性质,四羟基合铝酸盐的性质,CONCEPT,化学必修第一册·第三章·铁与金属材料,定位：化学必修第一册 第三章。把 [Al(OH)4]- 简写成 AlO2- 时容易漏写 H2O 而导致配平错误；与过量弱酸（CO2、H2S）反应只生成 Al(OH)3，不会生成 Al3+。,《2026/2027 一轮复习讲义·学生版 / 知识清单·学生版》文本判定
BIOLOGY,外源基因整合位置的判断,外源基因整合位置的判断,CONCEPT,生物学必修2·第一章第二节·遗传的基本规律,定位：生物学必修2 第一章第二节。判断整合位置前要确认外源基因能正常表达；出现偏离比例时还要考虑致死、拷贝数与表达沉默等因素，不能只归因于整合位置。,《2026/2027 一轮复习讲义·学生版 / 知识清单·学生版》文本判定
CHEMISTRY,实验室制取氯气的其他方法,实验室制取氯气的其他方法,CONCEPT,化学必修第一册·第二章·氯及其化合物,定位：化学必修第一册 第二章。不同氧化剂对应的盐酸浓度要求不同，判断“能否用稀盐酸”要看氧化剂的氧化性强弱；含氯尾气必须处理，不能直接排放。,《2026/2027 一轮复习讲义·学生版 / 知识清单·学生版》文本判定
CHEMISTRY,盐桥的作用,盐桥的作用,CONCEPT,CHEMISTRY·综合·综合·综合,定位：CHEMISTRY·综合·综合。盐桥只起导电与平衡电荷的作用，不参与电极反应；选择盐桥中的电解质时要避免与池中溶液发生沉淀等副反应。,《2026/2027 一轮复习讲义·学生版 / 知识清单·学生版》文本判定
CHEMISTRY,原子分数坐标,原子分数坐标,CONCEPT,CHEMISTRY·综合·综合·综合,定位：CHEMISTRY·综合·综合。坐标原点与坐标轴取向可以不同，答案会随坐标系的选取而变化，答题时必须与题目给定的已知坐标保持一致；晶胞内原子的分数坐标取值范围一般在0到1之间。,《2026/2027 一轮复习讲义·学生版 / 知识清单·学生版》文本判定
CHEMISTRY,晶体中配位数的确定,晶体中配位数的确定,CONCEPT,CHEMISTRY·综合·综合·综合,定位：CHEMISTRY·综合·综合。配位数只统计“最接近且等距离”的微粒，距离稍远的不计入；离子晶体中只数异种电性离子，同种离子之间不算配位数。,《2026/2027 一轮复习讲义·学生版 / 知识清单·学生版》文本判定
CHEMISTRY,晶胞密度的计算,晶胞密度的计算,CONCEPT,CHEMISTRY·综合·综合·综合,定位：CHEMISTRY·综合·综合。代入公式前必须把长度单位统一到厘米、密度统一到 g/cm³；Z 必须是均摊后的微粒数，直接使用顶点数等未均摊的数据会导致结果错误。,《2026/2027 一轮复习讲义·学生版 / 知识清单·学生版》文本判定
BIOLOGY,表观遗传,表观遗传,CONCEPT,生物学必修2·第一章第二节·遗传的基本规律,定位：生物学必修2 第一章第二节。与表型模拟的区别：两者都由环境改变引起且遗传信息都没有改变，但表观遗传引起的表型变化是可遗传的，表型模拟引起的性状改变不可遗传。,《2026/2027 一轮复习讲义·学生版 / 知识清单·学生版》文本判定
CHEMISTRY,多池串联装置,多池串联装置,CONCEPT,CHEMISTRY·综合·实验与方案设计·实验分析,定位：CHEMISTRY 综合。多池装置要逐池分析，不能把一个池的电极名称直接套用到另一个池上；判断电极时要看电流或电子的流向。,《2026/2027 一轮复习讲义·学生版 / 知识清单·学生版》文本判定
CHEMISTRY,键的极性对化学性质的影响,键的极性对化学性质的影响,CONCEPT,化学选择性必修2·物质结构与性质·分子的空间结构,定位：化学选择性必修2 物质结构与性质。**易错点**：吸电子基团使酸性增强，推电子基团（烃基）使酸性减弱，不要记反；比较无机含氧酸酸性时看非羟基氧原子数（即 $n$ 值），$n$ 相同再比较 R 的非金属性；本规律只适用于同类型含氧酸，不适合直接比较不同元素不同价态的酸。,《2026/2027 一轮复习讲义·学生版 / 知识清单·学生版》文本判定
CHEMISTRY,手性分子,手性分子,CONCEPT,化学选择性必修2·物质结构与性质·分子的空间结构,定位：化学选择性必修2 物质结构与性质。**“4 个不同基团”必须逐一核对**，如 $CH_2Cl_2$、$CH_3CHClCH_3$ 中碳原子所连基团有重复，不是手性碳原子；碳原子形成双键、三键或处于对称环境时不能作手性碳原子；手性异构体的化学性质并非完全相同，在酶或受体等手性,《2026/2027 一轮复习讲义·学生版 / 知识清单·学生版》文本判定
CHEMISTRY,物质的溶解与稀释,物质的溶解与稀释,CONCEPT,CHEMISTRY·综合·实验与方案设计·实验分析,定位：CHEMISTRY 综合。**稀释浓硫酸时绝不能把水注入浓硫酸**；易水解的盐（$FeCl_3$、$Al_2(SO_4)_3$ 等）配制时要用相应的酸抑制水解；溶解过程要注意仪器选择与散热，热的溶液不能立即转移到容量瓶。。,《2026/2027 一轮复习讲义·学生版 / 知识清单·学生版》文本判定
CHEMISTRY,装置气密性检查,装置气密性检查,CONCEPT,CHEMISTRY·综合·实验与方案设计·实验分析,定位：CHEMISTRY 综合。**必须在装药品之前检查气密性**；微热法中“松开手后形成稳定水柱”是关键现象，只写气泡不算完整；液差法必须夹紧弹簧夹并形成液面差后静置观察；抽气法要说明活塞能回到原位。。,《2026/2027 一轮复习讲义·学生版 / 知识清单·学生版》文本判定
CHEMISTRY,化学实验基本操作规范,化学实验基本操作规范,CONCEPT,CHEMISTRY·综合·实验与方案设计·实验分析,定位：CHEMISTRY 综合。**锥形瓶不能润洗，而滴定管要用待装液润洗**，两者不能混；容量瓶、滴定管、分液漏斗用前查漏，天平用前调零，不能张冠李戴；蒸馏温度计测的是蒸气温度，水银球在支管口而不是插入液面；碎瓷片必须冷却后补加。,《2026/2027 一轮复习讲义·学生版 / 知识清单·学生版》文本判定
CHEMISTRY,化学实验安全与试剂保存,化学实验安全与试剂保存,CONCEPT,CHEMISTRY·综合·实验与方案设计·实验分析,定位：CHEMISTRY 综合。**先撤导管再撤酒精灯**是防倒吸的关键顺序，写反即错；钠、钾、白磷用剩要放回原试剂瓶（白磷保存在水中）；CO 有毒不能直接排放；碱性溶液用橡胶塞、见光分解或强氧化性试剂用棕色瓶，瓶塞与瓶体的选择要匹配。。,《2026/2027 一轮复习讲义·学生版 / 知识清单·学生版》文本判定
BIOLOGY,核酸是遗传信息的携带者,核酸是遗传信息的携带者,CONCEPT,生物学必修1·第二章·细胞的分子组成,定位：生物学必修1 第二章。**DNA 碱基数与氨基酸数的 6∶3∶1 比例是在不考虑内含子与终止密码子的前提下成立**；双缩脲试剂检测的是肽键而不是蛋白质本身，二苯胺用于检测 DNA（需沸水浴）；DNA 主要分布在细胞核但线粒体、叶绿体中也有；病毒只含一种核酸，其遗,《2026/2027 一轮复习讲义·学生版 / 知识清单·学生版》文本判定
CHEMISTRY,极端假设法确定可逆反应的浓度范围,极端假设法确定可逆反应的浓度范围,CONCEPT,CHEMISTRY·综合·综合·综合,定位：CHEMISTRY·综合·综合。双向极值都要假设；平衡值落在区间内而不能取“完全转化”的端点；固体、纯液体不参与浓度区间判断,《2026/2027 一轮复习讲义·学生版 / 知识清单·学生版》文本判定
CHEMISTRY,分步法书写陌生非氧化还原方程式,分步法书写陌生非氧化还原方程式,CONCEPT,化学必修第一册·第一章·离子反应与氧化还原,定位：化学必修第一册 第一章。分步反应必须在同一条件下能够发生；加合后要检查两边原子与电荷是否守恒；不能凭印象直接写总反应而漏掉中间产物,《2026/2027 一轮复习讲义·学生版 / 知识清单·学生版》文本判定
CHEMISTRY,试剂的保存方法,试剂的保存方法,CONCEPT,CHEMISTRY·综合·实验与方案设计·实验分析,定位：CHEMISTRY 综合。碱性溶液不能用玻璃塞；液溴需水封且不能用橡胶塞；见光分解的物质要用棕色瓶并放在阴凉处；固体与液体分别用广口瓶与细口瓶,《2026/2027 一轮复习讲义·学生版 / 知识清单·学生版》文本判定
CHEMISTRY,工业制硫酸的流程与原理,工业制硫酸的流程与原理,CONCEPT,化学必修第二册·第五章·硫氮及其化合物,定位：化学必修第二册 第五章。吸收SO3用98.3%的硫酸而不是水，目的是防止酸雾并提高吸收率；接触室中未反应的SO2与O2需循环利用；黄铁矿中硫为-1价,《2026/2027 一轮复习讲义·学生版 / 知识清单·学生版》文本判定
CHEMISTRY,相对原子质量与近似相对原子质量,相对原子质量与近似相对原子质量,CONCEPT,CHEMISTRY·综合·综合·综合,定位：CHEMISTRY·综合·综合。元素相对原子质量必须按丰度加权，不能取算术平均；近似相对原子质量用质量数代替核素相对原子质量；核素相对原子质量与质量数是两个不同概念,《2026/2027 一轮复习讲义·学生版 / 知识清单·学生版》文本判定
CHEMISTRY,基态、激发态与原子光谱,基态、激发态与原子光谱,CONCEPT,化学选择性必修2·物质结构与性质·原子结构与元素周期表,定位：化学选择性必修2 物质结构与性质。基态到激发态吸收能量对应吸收光谱、激发态到基态释放能量对应发射光谱；焰色反应与霓虹灯发光属于物理变化而不是化学变化；光谱分析用于鉴定元素种类,《2026/2027 一轮复习讲义·学生版 / 知识清单·学生版》文本判定
CHEMISTRY,不另加试剂鉴别的两种方法,不另加试剂鉴别的两种方法,CONCEPT,CHEMISTRY·综合·实验与方案设计·实验分析,定位：CHEMISTRY 综合。两两混合法必须先建立现象对照表再锁定特殊物质；顺序滴加法只适用于互滴时现象不同的组合；不加试剂不等于不做任何操作,《2026/2027 一轮复习讲义·学生版 / 知识清单·学生版》文本判定
CHEMISTRY,纯碱中碳酸钠含量的测定方法,纯碱中碳酸钠含量的测定方法,CONCEPT,化学必修第一册·第二章·钠及其化合物,定位：化学必修第一册 第二章。气体法要除尽CO2中的水蒸气；沉淀法必须洗涤并干燥至恒重；由BaCO3的物质的量直接等于Na2CO3的物质的量,《2026/2027 一轮复习讲义·学生版 / 知识清单·学生版》文本判定
CHEMISTRY,反应热的规范表述,反应热的规范表述,CONCEPT,化学选择性必修1·第一章·反应热与能量,定位：化学选择性必修1 第一章。只给数值不给符号（把放热写成 ΔH ＝ 57.3 kJ·mol−1）会被判错；“中和热为 57.3 kJ·mol−1”与“ΔH ＝ －57.3 kJ·mol−1”两种写法中的符号含义不同，需按题目要求选择。,《2026/2027 一轮复习讲义·学生版 / 知识清单·学生版》文本判定
CHEMISTRY,化学反应方向的传统判断方法,化学反应方向的传统判断方法,CONCEPT,CHEMISTRY·综合·综合·综合,定位：CHEMISTRY·综合·综合。这些经验规律都是热力学判据的定性表述，只能判断反应方向的可能性，不能说明反应速率快慢或能否实际发生；复分解反应要求生成沉淀、气体或弱电解质。“高温下进行”的酸酐置换等反应需要具体温度条件。,《2026/2027 一轮复习讲义·学生版 / 知识清单·学生版》文本判定
CHEMISTRY,有机物制备实验的思路与操作要点,有机物制备实验的思路与操作要点,CONCEPT,化学必修第二册·第七章·有机化合物,定位：化学必修第二册 第七章。五步思路是答题的骨架而不是知识本身，具体作答时每一步都要落到题给物质的名称、状态与反应条件上；原子利用率与污染属于“绿色化学”要求，只作选择依据，不改变反应事实。,《2026/2027 一轮复习讲义·学生版 / 知识清单·学生版》文本判定
CHEMISTRY,乙酰水杨酸的实验室制备,乙酰水杨酸的实验室制备,CONCEPT,CHEMISTRY·综合·实验与方案设计·实验分析,定位：CHEMISTRY 综合。浓硫酸作催化剂且用量少；乙酸酐过量以提高水杨酸的转化率；饱和碳酸氢钠溶液的作用是中和硫酸、把未反应的水杨酸转化为可溶性盐而与产品分离；用冷水洗涤是为了减少产品溶解损失。,《2026/2027 一轮复习讲义·学生版 / 知识清单·学生版》文本判定
CHEMISTRY,有机物制备的装置设计与除杂,有机物制备的装置设计与除杂,CONCEPT,化学必修第二册·第七章·有机化合物,定位：化学必修第二册 第七章。除杂顺序要“先除杂后干燥”，且气体除杂要先除酸性气体再干燥；蒸馏分离互溶液体必须控制沸点差；饱和 Na2CO3 溶液不能用于除去乙酸乙酯中的水（会降低酯的溶解度属于优点，但不等于干燥）。,《2026/2027 一轮复习讲义·学生版 / 知识清单·学生版》文本判定
CHEMISTRY,产率计算与误差分析,产率计算与误差分析,CONCEPT,化学必修第二册·第六章·化学反应与能量,定位：化学必修第二册 第六章。产率与转化率不是同一个概念：转化率指某一反应物反应的百分数，产率是实际产量与理论产量的比值；有多种反应物时必须以不足量的那种物质计算理论产量，不能取平均值。,《2026/2027 一轮复习讲义·学生版 / 知识清单·学生版》文本判定
CHEMISTRY,溶质的质量分数,溶质的质量分数,CONCEPT,CHEMISTRY·综合·综合·综合,定位：CHEMISTRY·综合·综合。与物质的量浓度换算时需要通过密度作桥梁，换算式为 c ＝ 1000ρw÷M（ρ 单位 g·cm−3、M 单位 g·mol−1）；把 w 当作“每 100 g 溶液中的溶质克数”，不要与溶解度混淆。,《2026/2027 一轮复习讲义·学生版 / 知识清单·学生版》文本判定
CHEMISTRY,固体和气体的溶解度,固体和气体的溶解度,CONCEPT,CHEMISTRY·综合·实验与方案设计·实验分析,定位：CHEMISTRY 综合。固体溶解度必须指明温度、100 g 溶剂且溶液达到饱和三个前提；气体溶解度用体积表示而不用质量；氢氧化钙的溶解度随温度升高而减小，是常考的“反常”物质。,《2026/2027 一轮复习讲义·学生版 / 知识清单·学生版》文本判定
CHEMISTRY,溶解度曲线及其应用,溶解度曲线及其应用,CONCEPT,CHEMISTRY·综合·实验与方案设计·实验分析,定位：CHEMISTRY 综合。曲线上的点对应的溶液是饱和溶液，曲线上方的点表示过饱和或有溶质剩余的状态，曲线下方的点表示不饱和溶液；读数时必须对应温度，不能把不同温度下的溶解度直接比较大小。,《2026/2027 一轮复习讲义·学生版 / 知识清单·学生版》文本判定
CHEMISTRY,溶质判断与溶液体积的易错点,溶质判断与溶液体积的易错点,REASONING,CHEMISTRY·综合·综合·综合,定位：CHEMISTRY·综合·综合。把 Na2CO3·10H2O 的物质的量当作溶质 Na2CO3 的物质的量是正确的，但若用其质量除以 Na2CO3 的摩尔质量则错误；气体溶于水求浓度时，溶剂的体积不能当作溶液体积，必须加上溶解气体的质量再除以密度。,《2026/2027 一轮复习讲义·学生版 / 知识清单·学生版》文本判定
CHEMISTRY,容量瓶及其使用注意事项,容量瓶及其使用注意事项,REASONING,CHEMISTRY·综合·实验与方案设计·实验分析,定位：CHEMISTRY 综合。定容时必须用胶头滴管加水至凹液面最低处与刻度线相切；检漏要正倒各一次并旋转瓶塞 180°；“大而近”原则常与配制 480 mL 溶液必须按 500 mL 计算溶质质量一起考查。,《2026/2027 一轮复习讲义·学生版 / 知识清单·学生版》文本判定
BIOLOGY,生物模型的类型,生物模型的类型,CONCEPT,BIOLOGY·综合·综合·综合,定位：BIOLOGY·综合·综合。判断类型看呈现形式：实物、图画属于物理模型，文字框图、关系图解属于概念模型，公式、曲线、表格属于数学模型；DNA双螺旋结构模型是物理模型而不是数学模型；模型是简化的概括性描述，需要随研究深入不断修正。,《2026/2027 一轮复习讲义·学生版 / 知识清单·学生版》文本判定
BIOLOGY,干细胞,干细胞,CONCEPT,生物学必修1·第六章·细胞的生命历程,定位：生物学必修1 第六章。干细胞的特点在于“能分裂、能分化”，不是“能无限增殖”；成体干细胞的分化潜能通常小于胚胎干细胞；干细胞培养用于修复时还要考虑免疫排斥等问题。,《2026/2027 一轮复习讲义·学生版 / 知识清单·学生版》文本判定
BIOLOGY,细胞坏死与细胞自噬,细胞坏死与细胞自噬,CONCEPT,BIOLOGY·综合·综合·综合,定位：BIOLOGY·综合·综合。细胞坏死是被动的、由外界因素引起，细胞自噬与凋亡是主动的、由基因调控；激烈的自噬会导致凋亡，不能认为自噬一定有利于细胞存活；自噬依赖溶酶体中的水解酶，自噬异常与多种疾病相关。,《2026/2027 一轮复习讲义·学生版 / 知识清单·学生版》文本判定
BIOLOGY,端粒与端粒酶,端粒与端粒酶,CONCEPT,生物学必修1·第五章·酶与ATP,定位：生物学必修1 第五章。\n端粒酶是逆转录酶，以自身含有的 RNA 为模板，不是以 DNA 为模板；端粒缩短只是细胞衰老的机制之一；正常体细胞中端粒酶活性低，把端粒酶简单视为“抗衰老手段”会忽略其与癌变的关系。,《2026/2027 一轮复习讲义·学生版 / 知识清单·学生版》文本判定
CHEMISTRY,物质制备流程与条件控制,物质制备流程与条件控制,CONCEPT,CHEMISTRY·综合·综合·综合,定位：CHEMISTRY·综合·综合。易错点：排气与控温要针对具体物质选择而不能套用模板；排空气时要考虑气体是否可燃或有毒；控制低温并非温度越低越好,《2026/2027 一轮复习讲义·学生版 / 知识清单·学生版》文本判定
CHEMISTRY,有机制备实验的操作要点,有机制备实验的操作要点,CONCEPT,化学必修第二册·第七章·有机化合物,定位：化学必修第二册 第七章。易错点：温度计位置与控制反应温度、收集馏分两种目的对应不同位置，是最常考的细节；产率计算要用实际产量比理论产量，不能反过来,《2026/2027 一轮复习讲义·学生版 / 知识清单·学生版》文本判定
CHEMISTRY,产率的计算,产率的计算,CONCEPT,化学必修第二册·第六章·化学反应与能量,定位：化学必修第二册 第六章。产率以不足量反应物为计算基准，不能用过量反应物计算；有可逆反应或副反应时理论产量仍按完全转化的化学计量关系计算。,《2026/2027 一轮复习讲义·学生版 / 知识清单·学生版》文本判定
CHEMISTRY,有机物的制备实验,有机物的制备实验,CONCEPT,化学必修第二册·第七章·有机化合物,定位：化学必修第二册 第七章。易错点：只关注主反应而忽略副反应与杂质来源会导致分离方案设计错误；途径的选择要兼顾产率与环保，不能只看步骤多少,《2026/2027 一轮复习讲义·学生版 / 知识清单·学生版》文本判定
CHEMISTRY,有机物制备实验题的分析模型,有机物制备实验题的分析模型,CONCEPT,化学必修第二册·第七章·有机化合物,定位：化学必修第二册 第七章。分析必须有题给信息（熔点、沸点、溶解性、副反应）支撑；不能脱离题目给出的物质性质凭空设计提纯方案。,《2026/2027 一轮复习讲义·学生版 / 知识清单·学生版》文本判定
CHEMISTRY,水的电离平衡曲线,水的电离平衡曲线,CONCEPT,化学选择性必修1·第三章·水溶液中的离子平衡,定位：化学选择性必修1 第三章。加酸、加碱只能使点沿同一条曲线移动，不会改变 KW；只有改变温度才会跳到另一条曲线上。,《2026/2027 一轮复习讲义·学生版 / 知识清单·学生版》文本判定
CHEMISTRY,水电离出的离子浓度的计算,水电离出的离子浓度的计算,CONCEPT,化学选择性必修1·第三章·水溶液中的离子平衡,定位：化学选择性必修1 第三章。酸、碱溶液中不能把溶液中总 c(H+) 或总 c(OH-) 当作水电离出的浓度；同一溶液中水电离出的两种离子浓度永远相等，必须先判断哪种离子全部来自水再计算。,《2026/2027 一轮复习讲义·学生版 / 知识清单·学生版》文本判定
CHEMISTRY,氧化还原滴定,氧化还原滴定,CONCEPT,化学选择性必修1·第三章·水溶液中的离子平衡,定位：化学选择性必修1 第三章。氧化还原滴定的定量计算必须按电子守恒列式，不能想当然地用方程式中的物质的量之比；若滴定剂或待测物本身有颜色可作为自身指示剂，则不必另加指示剂；反应需要在适宜的条件下进行，条件不足时反应可能不完全。,《2026/2027 一轮复习讲义·学生版 / 知识清单·学生版》文本判定
BIOLOGY,果蝇作为遗传学实验材料的优点,果蝇作为遗传学实验材料的优点,CONCEPT,生物学必修2·第一章第二节·遗传的基本规律,定位：生物学必修2 第一章第二节。果蝇的优点要与豌豆区分：豌豆是自花传粉、闭花受粉且有多对易于区分的相对性状，果蝇是有性生殖、繁殖快、染色体数目少，两种材料作为遗传学材料的理由不同，不能混答。,《2026/2027 一轮复习讲义·学生版 / 知识清单·学生版》文本判定
BIOLOGY,性染色体的传递规律,性染色体的传递规律,CONCEPT,生物学必修2·第五六章·变异与进化,定位：生物学必修2 第五六章。该传递规律以性染色体决定性别为前提，雌雄同体的生物无性染色体，不能套用；母女之间传递的 X 不一定是同一条，只能说来自母方的任意一条。,《2026/2027 一轮复习讲义·学生版 / 知识清单·学生版》文本判定
BIOLOGY,调查人群中的遗传病,调查人群中的遗传病,CONCEPT,生物学必修2·第一章第二节·遗传的基本规律,定位：生物学必修2 第一章第二节。发病率必须在人群中随机取样，在患者家系中调查会使发病率偏高；调查遗传方式则必须在患者家系中进行，两种调查的对象与目的不能混淆。,《2026/2027 一轮复习讲义·学生版 / 知识清单·学生版》文本判定
BIOLOGY,遗传病的检测与预防,遗传病的检测与预防,CONCEPT,生物学必修2·第一章第二节·遗传的基本规律,定位：生物学必修2 第一章第二节。产前诊断只能判断胎儿是否患病或携带异常基因，不能改变胎儿的基因组成；B 超只观察外观和性别，不能检测基因或染色体异常，各类手段的适用范围不能张冠李戴。,《2026/2027 一轮复习讲义·学生版 / 知识清单·学生版》文本判定
BIOLOGY,遗传病的检测和预防,遗传病的检测和预防,CONCEPT,生物学必修2·第一章第二节·遗传的基本规律,定位：生物学必修2 第一章第二节。产前诊断不等同于基因检测，不同手段能检测的异常类型不同；基因治疗尚在研究阶段，不能随意用于临床；禁止近亲结婚只能降低隐性遗传病的发病率。,《2026/2027 一轮复习讲义·学生版 / 知识清单·学生版》文本判定
BIOLOGY,遗传系谱图的符号与书写规范,遗传系谱图的符号与书写规范,CONCEPT,生物学必修2·第一章第二节·遗传的基本规律,定位：生物学必修2 第一章第二节。系谱图必须附图例，否则无法独立读懂；同辈个体按出生顺序从左到右排列，世代用罗马数字标注。,《2026/2027 一轮复习讲义·学生版 / 知识清单·学生版》文本判定
BIOLOGY,遗传图解的书写规范,遗传图解的书写规范,CONCEPT,生物学必修2·第一章第二节·遗传的基本规律,定位：生物学必修2 第一章第二节。四行结构不能缺行（尤其是配子一行），世代符号与自交、杂交符号不能混用；涉及性染色体或性别决定时要补标性别，否则图解不完整。,《2026/2027 一轮复习讲义·学生版 / 知识清单·学生版》文本判定
CHEMISTRY,速率—压强(或温度)图像,速率—压强(或温度)图像,CONCEPT,化学选择性必修1·第二章·化学平衡,定位：化学选择性必修1 第二章。比较变化幅度时必须先确认改变的是温度还是压强，温度对应吸热方向变化大，压强对应气体体积之和大的一侧变化大，两者规律不能混用；只有交点处才表示正、逆速率相等。,《2026/2027 一轮复习讲义·学生版 / 知识清单·学生版》文本判定
CHEMISTRY,恒温线或恒压线图像,恒温线或恒压线图像,CONCEPT,CHEMISTRY·综合·综合·综合,定位：CHEMISTRY·综合·综合。讨论时必须先固定一个变量（温度或压强），不能同时比较两个变量；同一图像中不同曲线的条件顺序要由曲线高低结合平衡移动规律推断，不能凭直觉。,《2026/2027 一轮复习讲义·学生版 / 知识清单·学生版》文本判定
CHEMISTRY,组分含量（或浓度）与温度的关系图像,组分含量（或浓度）与温度的关系图像,CONCEPT,CHEMISTRY·综合·综合·综合,定位：CHEMISTRY·综合·综合。曲线外的点不是平衡状态，只有曲线（或平台）上的点才是平衡点；判断曲线外点的速率关系时，看该点含量高于还是低于同条件下的平衡值：含量偏高需正向移动、偏低需逆向移动。,《2026/2027 一轮复习讲义·学生版 / 知识清单·学生版》文本判定
CHEMISTRY,惰性气体对化学反应速率的影响,惰性气体对化学反应速率的影响,CONCEPT,化学选择性必修1·第二章·化学平衡,定位：化学选择性必修1 第二章。恒温恒容时总压增大只是“数字上的增大”，不能用勒夏特列原理或压强规律直接判断为速率加快；先看容器是否恒容，再看体积是否变化。,《2026/2027 一轮复习讲义·学生版 / 知识清单·学生版》文本判定
CHEMISTRY,钠与含羟基或羧基有机物的反应,钠与含羟基或羧基有机物的反应,CONCEPT,化学必修第一册·第二章·钠及其化合物,定位：化学必修第一册 第二章。钠与乙醇、苯酚反应时不能用水作溶剂比较（苯酚需先熔化或溶于有机溶剂）；生成物乙醇钠、苯酚钠遇水会水解，实验须在无水条件下进行。,《2026/2027 一轮复习讲义·学生版 / 知识清单·学生版》文本判定
CHEMISTRY,物质的溶解与加热操作,物质的溶解与加热操作,CONCEPT,CHEMISTRY·综合·实验与方案设计·实验分析,定位：CHEMISTRY 综合。易水解的固体（FeCl₃、AlCl₃ 等）溶解时不能加热，这是常考陷阱；加热液体时管口不能对着人，试管内液体不得超过容积的 1/3。,《2026/2027 一轮复习讲义·学生版 / 知识清单·学生版》文本判定
CHEMISTRY,化学反应方向判断的传统方法,化学反应方向判断的传统方法,CONCEPT,CHEMISTRY·综合·综合·综合,定位：CHEMISTRY·综合·综合。该判断方法只适用于复分解反应与分解反应等，不能用于氧化还原反应方向的一般判断；比较酸碱性时必须用同一标准（如相同条件下的电离常数或酸性强弱顺序）。,《2026/2027 一轮复习讲义·学生版 / 知识清单·学生版》文本判定
CHEMISTRY,一器多用与多器一用,一器多用与多器一用,CONCEPT,CHEMISTRY·综合·综合·综合,定位：CHEMISTRY·综合·综合。判断进出气口方向的原则是“看密度与要留下的物质”：洗气时长进短出，量气时短进长出；干燥管“大进小出”（气体由粗口进、细口出）以保证充分接触。,《2026/2027 一轮复习讲义·学生版 / 知识清单·学生版》文本判定
CHEMISTRY,控制反应发生与停止的装置,控制反应发生与停止的装置,CONCEPT,CHEMISTRY·综合·实验与方案设计·实验分析,定位：CHEMISTRY 综合。装置能否控制反应的关键是“能否让液体与固体接触或分离”，固体必须为块状、不被液体冲散；活塞（或弹簧夹）必须位于气体导出的通路上。,《2026/2027 一轮复习讲义·学生版 / 知识清单·学生版》文本判定
CHEMISTRY,实验装置中的安全与辅助装置,实验装置中的安全与辅助装置,CONCEPT,CHEMISTRY·综合·实验与方案设计·实验分析,定位：CHEMISTRY 综合。选择防倒吸隔离液必须同时满足与气体不反应、与水不互溶且密度大于水（如 CCl₄）；防倒吸靠“隔离”而不是“吸收”，答题时要说明哪一层起隔离作用。,《2026/2027 一轮复习讲义·学生版 / 知识清单·学生版》文本判定
CHEMISTRY,气体体积的测定方法,气体体积的测定方法,CONCEPT,CHEMISTRY·综合·综合·综合,定位：CHEMISTRY·综合·综合。读数前必须先恢复至室温并使两端液面相平，否则液面高度差造成的压强差会使读数不准；气体体积要在相同温度、压强下比较或换算成标准状况。,《2026/2027 一轮复习讲义·学生版 / 知识清单·学生版》文本判定
CHEMISTRY,装置气密性检查的方法,装置气密性检查的方法,CONCEPT,CHEMISTRY·综合·实验与方案设计·实验分析,定位：CHEMISTRY 综合。气密性检查必须在装入药品之前进行；微热法撤离热源后要观察到水柱或气泡的变化才能得出结论（只写“有气泡”不完整）。,《2026/2027 一轮复习讲义·学生版 / 知识清单·学生版》文本判定
BIOLOGY,差速离心法,差速离心法,CONCEPT,BIOLOGY·综合·综合·综合,定位：BIOLOGY·综合·综合。离心速率必须由低到高逐级提高，不能一开始就用高速离心；这样得到的沉淀中仍可能混有大小相近的其他颗粒，若要进一步纯化还需配合密度梯度离心等方法。,《2026/2027 一轮复习讲义·学生版 / 知识清单·学生版》文本判定
BIOLOGY,线粒体和叶绿体的内共生起源学说,线粒体和叶绿体的内共生起源学说,CONCEPT,生物学必修1·第三章·细胞结构,定位：生物学必修1 第三章。该学说解释的是线粒体与叶绿体的起源，不能据此认为它们是完全独立的生物（其多数蛋白质仍由细胞核基因编码）；四项证据要分别对应“遗传物质、蛋白质合成、增殖方式、膜结构”四个层面作答。,《2026/2027 一轮复习讲义·学生版 / 知识清单·学生版》文本判定
CHEMISTRY,硫代硫酸钠的性质,硫代硫酸钠的性质,CONCEPT,化学必修第一册·第二章·钠及其化合物,定位：化学必修第一册 第二章。硫代硫酸钠中硫为 +2 价，处于中间价态，遇酸发生的歧化反应既生成 $S$ 又生成 $SO_2$；做碘量法滴定时要用淀粉作指示剂。建议父级：硫氮及其化合物,《2026/2027 一轮复习讲义·学生版 / 知识清单·学生版》文本判定
CHEMISTRY,铜的冶炼,铜的冶炼,CONCEPT,化学必修第一册·第三章·铁与金属材料,定位：化学必修第一册 第三章。高温或热还原法得到的铜含杂质，必须经电解精炼才得到精铜；粗铜电解时比铜活泼的杂质会溶解进入溶液，不如铜活泼的杂质（$Ag$、$Au$、$Pt$）形成阳极泥。建议父级：铁与金属材料,《2026/2027 一轮复习讲义·学生版 / 知识清单·学生版》文本判定
CHEMISTRY,由图像确定化学方程式,由图像确定化学方程式,CONCEPT,CHEMISTRY·综合·综合·综合,定位：CHEMISTRY·综合·综合。曲线未降至零说明该物质未完全消耗（可能是可逆反应或该物质过量）；计量数要化简为最简整数比。建议父级：化学反应的速率与限度,《2026/2027 一轮复习讲义·学生版 / 知识清单·学生版》文本判定
CHEMISTRY,信息型氧化还原方程式的书写,信息型氧化还原方程式的书写,CONCEPT,化学必修第一册·第一章·离子反应与氧化还原,定位：化学必修第一册 第一章。顺序不能颠倒：必须先配平变价物质，再调电荷守恒，最后补水完成原子守恒；补项离子的选择由溶液的酸碱性决定。建议父级：氧化还原反应,《2026/2027 一轮复习讲义·学生版 / 知识清单·学生版》文本判定
CHEMISTRY,化学平衡计算的三段式法,化学平衡计算的三段式法,CONCEPT,化学选择性必修1·第二章·化学平衡,定位：化学选择性必修1 第二章。三段式适用于一切温度下的平衡计算，但要注意恒容与恒压的区别：恒压时体积可变，需先把体积表示出来；有固体或纯液体参与时，它们的量不列浓度行（可列为变化量）。,《2026/2027 一轮复习讲义·学生版 / 知识清单·学生版》文本判定
CHEMISTRY,根据性质确定官能团的位置,根据性质确定官能团的位置,CONCEPT,化学必修第二册·第七章·有机化合物,定位：化学必修第二册 第七章。定位判断依赖反应的选择性与完全程度：氧化定位要求羟基所在碳的氢原子数目明确；一卤代物数目还要考虑苯环侧链与环上取代的差异。结论要与分子式、不饱和度一起核对。,《2026/2027 一轮复习讲义·学生版 / 知识清单·学生版》文本判定
CHEMISTRY,工业流程中反应条件的控制,工业流程中反应条件的控制,CONCEPT,CHEMISTRY·综合·综合·综合,定位：CHEMISTRY·综合·综合。条件控制的作用要结合具体反应判断，同一个操作可能同时有多重作用（如升温既加快速率又使平衡移动）；答“目的”时要兼顾速率与平衡两个方面，不能只答速率。,《2026/2027 一轮复习讲义·学生版 / 知识清单·学生版》文本判定
BIOLOGY,蛋白质的盐析变性与水解的辨析,蛋白质的盐析变性与水解的辨析,REASONING,生物学必修1·第二章·细胞的分子组成,定位：生物学必修1 第二章。三者的判断落点不同：盐析看溶解度、变性看空间结构、水解看肽键。变性后仍能与双缩脲试剂发生紫色反应，说明肽键未被破坏；低温抑制酶活性但不属于变性。,《2026/2027 一轮复习讲义·学生版 / 知识清单·学生版》文本判定
BIOLOGY,核酸与蛋白质的关系,核酸与蛋白质的关系,CONCEPT,生物学必修1·第二章·细胞的分子组成,定位：生物学必修1 第二章。复合体中的核酸与蛋白质各有分工，不能据此认为核酸就是蛋白质；端粒、核糖体等结构同时含核酸与蛋白质，判断时要看题给信息而非名称。,《2026/2027 一轮复习讲义·学生版 / 知识清单·学生版》文本判定
BIOLOGY,细胞分裂图像的三看法判别,细胞分裂图像的三看法判别,CONCEPT,生物学必修1·第六章·细胞的生命历程,定位：生物学必修1 第六章。三看法的基础是准确数出染色体数目并判断同源染色体：着丝粒分裂后染色体数目暂时加倍，容易数错；减Ⅱ后期没有同源染色体但有 2n 条染色体，不能凭数目直接判为有丝分裂。,《2026/2027 一轮复习讲义·学生版 / 知识清单·学生版》文本判定
BIOLOGY,酶的两种抑制机理,酶的两种抑制机理,CONCEPT,生物学必修1·第五章·酶与ATP,定位：生物学必修1 第五章。两类抑制剂的差别在结合部位而不在抑制程度：非竞争性抑制剂改变酶构象，增加底物浓度无效，这是与竞争性抑制剂最关键的区分点。若曲线中最大反应速率不变而达到最大速率所需底物浓度增大，一般是竞争性抑制。,《2026/2027 一轮复习讲义·学生版 / 知识清单·学生版》文本判定
BIOLOGY,NTP与dNTP家族,NTP与dNTP家族,CONCEPT,BIOLOGY·综合·综合·综合,定位：BIOLOGY·综合·综合。NTP 与 dNTP 的区别只在五碳糖（核糖与脱氧核糖），碱基种类相同；NTP 是 RNA 的原料，dNTP 是 DNA 的原料，不能混用。三磷酸结构中只有离糖最近的磷酸基团进入核酸链，标记位置要看清。,《2026/2027 一轮复习讲义·学生版 / 知识清单·学生版》文本判定
CHEMISTRY,配制一定物质的量浓度溶液的仪器与容量瓶使用,配制一定物质的量浓度溶液的仪器与容量瓶使用,CONCEPT,化学必修第一册·第一章·物质分类与转化,定位：化学必修第一册 第一章。容量瓶只有一条刻度线，规格固定，所以“配制 450 mL”必须选 500 mL 容量瓶并按其体积计算所需溶质；托盘天平读数到 0.1 g，不能用于精确到 0.01 g 的称量。,《2026/2027 一轮复习讲义·学生版 / 知识清单·学生版》文本判定
CHEMISTRY,从溶液中获取晶体的方法,从溶液中获取晶体的方法,CONCEPT,CHEMISTRY·综合·综合·综合,定位：CHEMISTRY·综合·综合。蒸发结晶不能用于受热易分解或含结晶水的物质；冷却结晶前只需蒸发至出现晶膜，不能蒸干；洗涤剂的选择必须考虑晶体的溶解性与是否发生反应。,《2026/2027 一轮复习讲义·学生版 / 知识清单·学生版》文本判定
CHEMISTRY,调节pH分离提纯金属离子,调节pH分离提纯金属离子,CONCEPT,化学必修第一册·第三章·铁与金属材料,定位：化学必修第一册 第三章。pH范围必须由题给的沉淀开始与完全沉淀的pH数据确定，范围过大或过小都会导致杂质未除尽或目标离子损失；并非任意碱（如NaOH）都可用于调pH，要考虑是否引入新杂质。,《2026/2027 一轮复习讲义·学生版 / 知识清单·学生版》文本判定
CHEMISTRY,物质的量在化学方程式计算中的应用,物质的量在化学方程式计算中的应用,CONCEPT,化学必修第一册·第一章·物质分类与转化,定位：化学必修第一册 第一章。七步中的设与标最容易失分：设未知数不带单位、不注明物质，或标注关系时物理量与物质不对应，都会导致比例式错误；计算过程中单位不统一也是常见扣分点。,《2026/2027 一轮复习讲义·学生版 / 知识清单·学生版》文本判定
CHEMISTRY,硫酸亚铁铵的制备,硫酸亚铁铵的制备,CONCEPT,化学必修第一册·第三章·铁与金属材料,定位：化学必修第一册 第三章。铁屑过量针对Fe2+易被氧化，加酸针对Fe2+易水解，趁热过滤针对溶解度随温度变化，三者目的不能混淆；结晶时不能蒸干，否则晶体中会混入杂质。,《2026/2027 一轮复习讲义·学生版 / 知识清单·学生版》文本判定
CHEMISTRY,实验中的排空操作,实验中的排空操作,CONCEPT,CHEMISTRY·综合·实验与方案设计·实验分析,定位：CHEMISTRY 综合。答题时要区分“防爆炸”与“防变质”两种情况，并指明具体的气体或物质，不能笼统回答“防止空气干扰实验”。,《2026/2027 一轮复习讲义·学生版 / 知识清单·学生版》文本判定
CHEMISTRY,化学实验中的温度控制,化学实验中的温度控制,CONCEPT,CHEMISTRY·综合·实验与方案设计·实验分析,定位：CHEMISTRY 综合。控温方式要与目标温度匹配，沸水浴不能超过100 ℃，需要更高温度时应选油浴或沙浴；回答控温目的时要落到受热均匀、防止副反应、降低溶解度便于析出、减少热损失等具体作用上。,《2026/2027 一轮复习讲义·学生版 / 知识清单·学生版》文本判定
CHEMISTRY,新型无机非金属材料,新型无机非金属材料,CONCEPT,化学必修第一册·第三章·铁与金属材料,定位：化学必修第一册 第三章。碳纳米材料属于碳单质而非有机高分子材料；碳化硅、氮化硅属于共价晶体，不是硅酸盐材料，判断材料类别时不能只看是否含硅。,《2026/2027 一轮复习讲义·学生版 / 知识清单·学生版》文本判定
BIOLOGY,密度制约因素与非密度制约因素,密度制约因素与非密度制约因素,CONCEPT,生物学选择性必修2·第一二章·种群与群落,定位：生物学选择性必修2 第一二章。判断的关键是“作用强度是否随种群密度变化”：食物、天敌、传染病属于密度制约因素；气温、干旱、地震、火灾属于非密度制约因素，不能只看是不是生物因素。,《2026/2027 一轮复习讲义·学生版 / 知识清单·学生版》文本判定
BIOLOGY,血细胞计数板,血细胞计数板,CONCEPT,BIOLOGY·综合·综合·综合,定位：BIOLOGY·综合·综合。计数室只是中央的大方格，不能把9个大方格都当作计数区域；容积由长、宽、深三个数据共同决定，换算成毫升时注意单位（0.1 mm3＝10−4 mL）。,《2026/2027 一轮复习讲义·学生版 / 知识清单·学生版》文本判定
CHEMISTRY,常见物质的溶解性规律,常见物质的溶解性规律,CONCEPT,CHEMISTRY·综合·实验与方案设计·实验分析,定位：CHEMISTRY 综合。记忆时要抓住“钾钠铵硝酸盐皆可溶”与少数例外（AgCl、BaSO4、PbSO4、CaSO4微溶、Ag2SO4微溶）；微溶物的处理还要结合它是反应物还是生成物、是稀溶液还是悬浊液来判断。,《2026/2027 一轮复习讲义·学生版 / 知识清单·学生版》文本判定
CHEMISTRY,实验室实验安全,实验室实验安全,CONCEPT,CHEMISTRY·综合·实验与方案设计·实验分析,定位：CHEMISTRY 综合。识记安全标志与事故处理方法时不能只记结论：酸、碱沾到皮肤都强调“先用大量水冲洗”，活泼金属着火不能用水或CO2灭火，电器起火必须先切断电源。,《2026/2027 一轮复习讲义·学生版 / 知识清单·学生版》文本判定
CHEMISTRY,核素的相对原子质量与元素的相对原子质量,核素的相对原子质量与元素的相对原子质量,CONCEPT,化学选择性必修2·物质结构与性质·原子结构与元素周期表,定位：化学选择性必修2 物质结构与性质。质量数只适用于核素，不能说“元素的质量数”；求元素的相对原子质量必须按丰度加权，不能把某一种核素的质量数当作元素的相对原子质量。,《2026/2027 一轮复习讲义·学生版 / 知识清单·学生版》文本判定
CHEMISTRY,核反应方程的质量数守恒与电荷数守恒,核反应方程的质量数守恒与电荷数守恒,CONCEPT,CHEMISTRY·综合·综合·综合,定位：CHEMISTRY·综合·综合。守恒式中的电荷数要带正负号（电子为 $-1$、正电子为 $+1$）；核反应不能用化学方程式的配平方法处理，参与反应的微粒数由守恒式确定后还需核对元素与质量数。,《2026/2027 一轮复习讲义·学生版 / 知识清单·学生版》文本判定
CHEMISTRY,电化学回路中电子流向与离子迁移,电化学回路中电子流向与离子迁移,CONCEPT,化学选择性必修1·第四章·电化学,定位：化学选择性必修1 第四章。电子不能通过电解质溶液，只能在外电路中移动；离子移动方向要按“原电池”与“电解池”分别判断，两类装置的方向恰好相反，不可混用一套判断。,《2026/2027 一轮复习讲义·学生版 / 知识清单·学生版》文本判定
CHEMISTRY,电解过程中溶液性质的变化与溶液复原,电解过程中溶液性质的变化与溶液复原,CONCEPT,化学选择性必修1·第四章·电化学,定位：化学选择性必修1 第四章。复原时加入的物质必须与被电解消耗的元素组成一致，如电解 $CuSO_4$ 溶液应加 $CuO$ 而不能只加水或加铜单质；判断某极区 pH 变化要结合该极区消耗或生成 $H^+$、$OH^-$ 的情况。,《2026/2027 一轮复习讲义·学生版 / 知识清单·学生版》文本判定
CHEMISTRY,分阶段电解的计算与溶液复原,分阶段电解的计算与溶液复原,CONCEPT,化学选择性必修1·第四章·电化学,定位：化学选择性必修1 第四章。分阶段计算的前提是离子浓度相近、可按放电顺序近似处理；复原溶液不能用加水代替，加入的物质必须与消耗的元素组成一致，否则浓度无法恢复。,《2026/2027 一轮复习讲义·学生版 / 知识清单·学生版》文本判定
CHEMISTRY,三段式法,三段式法,CONCEPT,CHEMISTRY·综合·综合·综合,定位：CHEMISTRY·综合·综合。三段式必须按同一物质、同一单位（物质的量或物质的量浓度）对应列出，不能混用物质的量与浓度；固体与纯液体的量不进入浓度项，增减量不计入平衡常数表达式。,《2026/2027 一轮复习讲义·学生版 / 知识清单·学生版》文本判定
CHEMISTRY,循环物质的确定方法,循环物质的确定方法,CONCEPT,CHEMISTRY·综合·综合·综合,定位：CHEMISTRY·综合·综合。判断循环物质必须同时满足“前面工序需要”与“后面工序生成”两个条件；只满足其一的物质属于新加入的原料或最终产品，不能认定为循环物质。,《2026/2027 一轮复习讲义·学生版 / 知识清单·学生版》文本判定
CHEMISTRY,沉淀的洗涤与检验,沉淀的洗涤与检验,CONCEPT,CHEMISTRY·综合·实验与方案设计·实验分析,定位：CHEMISTRY 综合。检验“沉淀完全”取的是上层清液，检验“洗涤干净”取的是最后一次洗涤液，取样对象不同，不可混淆；洗涤时不能用玻璃棒搅拌以免弄破滤纸，也不能用热水洗易溶或易分解的目标产物。,《2026/2027 一轮复习讲义·学生版 / 知识清单·学生版》文本判定
BIOLOGY,测定光合速率与呼吸速率的常用方法,测定光合速率与呼吸速率的常用方法,CONCEPT,生物学必修1·第五章第三节·细胞呼吸,定位：生物学必修1 第五章第三节。装置图法中 NaOH 吸收 $CO_2$，因此液滴移动量反映 $O_2$ 变化而不是 $CO_2$ 变化；黑白瓶法有初始值时可分别求出呼吸量与净光合量，无初始值时只能求总光合量，不能凭一组数据推出呼吸速率。,《2026/2027 一轮复习讲义·学生版 / 知识清单·学生版》文本判定
BIOLOGY,光合作用与细胞呼吸“关键点”的移动,光合作用与细胞呼吸“关键点”的移动,CONCEPT,生物学必修1·第五章第三节·细胞呼吸,定位：生物学必修1 第五章第三节。半叶法必须阻止两部分之间的物质与能量转移，否则称重结果不能代表真实光合产物；讨论关键点移动时须限定“在饱和点之前”，超出该前提的结论不成立。,《2026/2027 一轮复习讲义·学生版 / 知识清单·学生版》文本判定
BIOLOGY,一昼夜CO2浓度变化曲线,一昼夜CO2浓度变化曲线,CONCEPT,BIOLOGY·综合·综合·综合,定位：BIOLOGY·综合·综合。“光合午休”由高温导致气孔关闭、$CO_2$ 供应不足引起，不能理解为光照过强直接抑制光合作用；判断一天是否积累有机物要看首尾 $CO_2$ 浓度差而不是某一段曲线的升降。,《2026/2027 一轮复习讲义·学生版 / 知识清单·学生版》文本判定
BIOLOGY,环境条件突变时C3与C5的变化,环境条件突变时C3与C5的变化,CONCEPT,生物学必修2·第五六章·变异与进化,定位：生物学必修2 第五六章。判断突变量时不能只看一个方向：停止光照使 ATP、NADPH 的生成停止而消耗继续，停止 $CO_2$ 使 $C_3$ 的生成停止而消耗继续；$C_3$ 与 $C_5$ 的变化方向恰好相反。,《2026/2027 一轮复习讲义·学生版 / 知识清单·学生版》文本判定
BIOLOGY,气孔开闭的调节因素,气孔开闭的调节因素,CONCEPT,BIOLOGY·综合·综合·综合,定位：BIOLOGY·综合·综合。高浓度 $CO_2$ 与缺水都会导致气孔关闭，但二者原因不同：前者是“原料过多不再需要”，后者是“保水需要”；叶面积系数过大导致减产的原因是群体光合速率下降与呼吸消耗增加共同作用。,《2026/2027 一轮复习讲义·学生版 / 知识清单·学生版》文本判定
CHEMISTRY,氯及其化合物的价类二维图,氯及其化合物的价类二维图,CONCEPT,化学必修第一册·第二章·氯及其化合物,定位：化学必修第一册 第二章。用二维图分析转化时先看价态是否变化：价态不变按复分解处理，价态变化必须按得失电子守恒配平；$Cl_2$ 在歧化反应中既是氧化剂又是还原剂，不能只按一个方向分析。,《2026/2027 一轮复习讲义·学生版 / 知识清单·学生版》文本判定
CHEMISTRY,多池串联装置类型的判断,多池串联装置类型的判断,CONCEPT,CHEMISTRY·综合·实验与方案设计·实验分析,定位：CHEMISTRY 综合。**判断的关键是先找出能自发进行氧化还原反应的那一池；串联电路中各电极转移电子数相等，但不同池中产物的物质的量不一定相等，必须按各自的电极反应换算。**,《2026/2027 一轮复习讲义·学生版 / 知识清单·学生版》文本判定
BIOLOGY,内环境的理化性质,内环境的理化性质,CONCEPT,生物学选择性必修1·第一章·内环境与稳态,定位：生物学选择性必修1 第一章。**渗透压只与单位体积溶质微粒的数目有关而与溶质种类无关；血浆渗透压下降会导致组织水肿，但不是所有水肿都由渗透压引起；缓冲对只能减弱 pH 的变化，不能使 pH 绝对不变。**,《2026/2027 一轮复习讲义·学生版 / 知识清单·学生版》文本判定
BIOLOGY,组织水肿的成因,组织水肿的成因,CONCEPT,生物学必修1·第二章·细胞的分子组成,定位：生物学必修1 第二章。**判断组织水肿的原因必须落脚到渗透压的变化方向，不能只写“水分增多”；淋巴回流受阻使组织液渗透压升高，属于“组织液侧”升高的情形，与血浆蛋白减少的机制不同。**,《2026/2027 一轮复习讲义·学生版 / 知识清单·学生版》文本判定
BIOLOGY,内环境失衡与人体健康,内环境失衡与人体健康,CONCEPT,生物学选择性必修1·第一章·内环境与稳态,定位：生物学选择性必修1 第一章。**分析症状时必须落到具体的理化性质上，不能笼统地说“内环境被破坏”；肠胃炎时丢失的是水分与无机盐（电解质），因此输液要补充电解质溶液而不只是水；发烧影响的是酶的活性。**,《2026/2027 一轮复习讲义·学生版 / 知识清单·学生版》文本判定
CHEMISTRY,守恒法在化学计算中的应用,守恒法在化学计算中的应用,CONCEPT,CHEMISTRY·综合·综合·综合,定位：CHEMISTRY·综合·综合。**每种守恒都有明确的适用对象：电荷守恒只适用于离子方程式或电解质溶液，得失电子守恒只适用于氧化还原反应；只列出守恒式往往不足以求解，需要与另一个数量关系联立。**,《2026/2027 一轮复习讲义·学生版 / 知识清单·学生版》文本判定
CHEMISTRY,平均值法,平均值法,CONCEPT,CHEMISTRY·综合·综合·综合,定位：CHEMISTRY·综合·综合。**平均值法要求各组分取值的极值方向明确且已知，若某组分可能取 0（即完全不存在）则区间判断失效；判断组成时还要结合其他条件（如气体体积、反应转移电子数）交叉验证。**,《2026/2027 一轮复习讲义·学生版 / 知识清单·学生版》文本判定
CHEMISTRY,常见元素及其化合物的特性,常见元素及其化合物的特性,CONCEPT,化学必修第一册·第四章·物质结构元素周期律,定位：化学必修第一册 第四章。特征信息只用于初步锁定元素，最终必须用原子结构与题给数据验证。,《2026/2027 一轮复习讲义·学生版 / 知识清单·学生版》文本判定
CHEMISTRY,惰性电极电解的四种类型,惰性电极电解的四种类型,CONCEPT,化学选择性必修1·第四章·电化学,定位：化学选择性必修1 第四章。溶液复原遵循“缺什么补什么”，只能加入被电解掉的元素对应的纯净物；写电解方程式要保证两极转移电子数相同并注明“电解”条件，弱电解质在电极反应式中写化学式。,《2026/2027 一轮复习讲义·学生版 / 知识清单·学生版》文本判定
CHEMISTRY,电镀与电解精炼,电镀与电解精炼,CONCEPT,化学选择性必修1·第四章·电化学,定位：化学选择性必修1 第四章。电解精炼时溶液中 Cu2+ 浓度会因活泼杂质溶解而略有变化，电镀液中离子浓度基本不变。,《2026/2027 一轮复习讲义·学生版 / 知识清单·学生版》文本判定
CHEMISTRY,串联电化学装置,串联电化学装置,CONCEPT,化学选择性必修1·第四章·电化学,定位：化学选择性必修1 第四章。串联系列中电子只能在电极上转移，导线中电子数处处相等，因此各装置转移电子数必然相同。,《2026/2027 一轮复习讲义·学生版 / 知识清单·学生版》文本判定
CHEMISTRY,极端假设法确定各物质浓度范围,极端假设法确定各物质浓度范围,CONCEPT,CHEMISTRY·综合·综合·综合,定位：CHEMISTRY·综合·综合。两个极端值都不能取等号，因为可逆反应不能进行到底；某个物质完全由反应生成时其浓度下限为 0。,《2026/2027 一轮复习讲义·学生版 / 知识清单·学生版》文本判定
CHEMISTRY,化学实验装置的连接与操作顺序,化学实验装置的连接与操作顺序,CONCEPT,CHEMISTRY·综合·实验与方案设计·实验分析,定位：CHEMISTRY 综合。顺序颠倒会破坏除杂、干燥或防倒吸的效果，凡涉及气体流向的题目都要先画出气流路径再判断。,《2026/2027 一轮复习讲义·学生版 / 知识清单·学生版》文本判定
CHEMISTRY,常见性质比较与检验实验的设计范式,常见性质比较与检验实验的设计范式,CONCEPT,CHEMISTRY·综合·实验与方案设计·实验分析,定位：CHEMISTRY 综合。检验混合体系中的某一成分必须先排除其他成分的干扰，否则现象无法唯一指向结论。,《2026/2027 一轮复习讲义·学生版 / 知识清单·学生版》文本判定
BIOLOGY,研究土壤中小动物类群的丰富度,研究土壤中小动物类群的丰富度,CONCEPT,BIOLOGY·综合·综合·综合,定位：BIOLOGY·综合·综合。调查丰富度必须同时统计物种数目与各物种相对数量，不能只统计物种数目。,《2026/2027 一轮复习讲义·学生版 / 知识清单·学生版》文本判定
CHEMISTRY,晶胞中粒子配位数的计算,晶胞中粒子配位数的计算,CONCEPT,CHEMISTRY·综合·综合·综合,定位：CHEMISTRY·综合·综合。离子晶体的配位数只统计异种电荷的紧邻离子；数配位数要区分最近与次近，不能把同一晶胞内的粒子简单相加。,《2026/2027 一轮复习讲义·学生版 / 知识清单·学生版》文本判定
CHEMISTRY,结晶方法的选择与操作,结晶方法的选择与操作,CONCEPT,CHEMISTRY·综合·实验与方案设计·实验分析,定位：CHEMISTRY 综合。选择依据是两者溶解度随温度变化幅度的差异，不是含量多少；趁热过滤是为防止溶质在滤纸上提前析出损失。,《2026/2027 一轮复习讲义·学生版 / 知识清单·学生版》文本判定
CHEMISTRY,电化学中电子流向与离子迁移方向的判断,电化学中电子流向与离子迁移方向的判断,CONCEPT,化学选择性必修1·第四章·电化学,定位：化学选择性必修1 第四章。该规律只解决移动方向，不解决哪种离子优先移动；装置中有离子交换膜时以膜的选择透过性为准，未获准通过的离子即使按规律应迁移也不能过膜；固体电解质中迁移的往往是特定离子（如Li⁺）。,《2026/2027 一轮复习讲义·学生版 / 知识清单·学生版》文本判定
CHEMISTRY,分阶段电解的计算技巧,分阶段电解的计算技巧,CONCEPT,化学选择性必修1·第四章·电化学,定位：化学选择性必修1 第四章。放电顺序是一般规律，离子浓度较大时顺序可能改变；复原只能加入含有离开溶液那种元素的物质，加水或加入无关物质都不算复原；分段计算要明确每一段的起始与终点时刻。,《2026/2027 一轮复习讲义·学生版 / 知识清单·学生版》文本判定
CHEMISTRY,氢氧化钠的性质与应用,氢氧化钠的性质与应用,CONCEPT,化学必修第一册·第二章·钠及其化合物,定位：化学必修第一册 第二章。氢氧化钠溶液不能用磨口玻璃塞（与玻璃中的SiO₂反应生成硅酸钠而粘结）；固体氢氧化钠易潮解且腐蚀性强，称量时要放在小烧杯或表面皿中。,《2026/2027 一轮复习讲义·学生版 / 知识清单·学生版》文本判定
CHEMISTRY,物质的性质与变化的关系,物质的性质与变化的关系,CONCEPT,CHEMISTRY·综合·综合·综合,定位：CHEMISTRY·综合·综合。描述性质常使用“能、会、易、可以”等词语，描述变化则用“变成了、生成了”等表述，判断时要按表述形式区分；不能把变化现象直接当作性质，也不能把性质当作变化。,《2026/2027 一轮复习讲义·学生版 / 知识清单·学生版》文本判定
CHEMISTRY,离子推断的方法与原则,离子推断的方法与原则,CONCEPT,CHEMISTRY·综合·综合·综合,定位：CHEMISTRY·综合·综合。电中性原则只适用于溶液中离子的电荷加和，计算时不能漏掉任何已确定存在的离子；每一步操作都要检查新引入的离子（如 Cl-、Ba2+）是否干扰后续检验。,《2026/2027 一轮复习讲义·学生版 / 知识清单·学生版》文本判定
CHEMISTRY,过氧化氢的性质,过氧化氢的性质,CONCEPT,化学必修第一册·第四章·物质结构元素周期律,定位：化学必修第一册 第四章。H2O2 中氧为 -1 价，既有氧化性又有还原性但以氧化性为主；除去溶液中过量的 H2O2 用加热分解法而不是加入还原剂；H2O2 与酸性 KMnO4 反应时 H2O2 作还原剂被氧化为 O2。,《2026/2027 一轮复习讲义·学生版 / 知识清单·学生版》文本判定
CHEMISTRY,臭氧与硫代硫酸盐的性质,臭氧与硫代硫酸盐的性质,CONCEPT,化学必修第二册·第五章·硫氮及其化合物,定位：化学必修第二册 第五章。O3 的氧化性强于 O2，可用于杀菌消毒；硫代硫酸盐遇酸不稳定会分解生成硫和二氧化硫；被氧化的产物与氧化剂强弱有关（I2 只氧化到 S4O62-，Cl2 可氧化到 SO42-）。,《2026/2027 一轮复习讲义·学生版 / 知识清单·学生版》文本判定
CHEMISTRY,气体体积的测定,气体体积的测定,CONCEPT,CHEMISTRY·综合·综合·综合,定位：CHEMISTRY·综合·综合。读数前不冷却、液面不调平都会造成明显误差；气体体积必须换算成标准状况才能用于计算；装置漏气或导管中残留液体都会使测定结果不准。,《2026/2027 一轮复习讲义·学生版 / 知识清单·学生版》文本判定
CHEMISTRY,盐桥的作用与双液原电池,盐桥的作用与双液原电池,CONCEPT,化学选择性必修1·第四章·电化学,定位：化学选择性必修1 第四章。盐桥只起导电与隔绝作用，不改变反应实质与总反应；当两个半反应均在溶液中进行时才必须使用。,《2026/2027 一轮复习讲义·学生版 / 知识清单·学生版》文本判定
CHEMISTRY,离子推断的常见特殊现象,离子推断的常见特殊现象,CONCEPT,CHEMISTRY·综合·综合·综合,定位：CHEMISTRY·综合·综合。同一现象可能对应多种离子，推断时要用互斥性原则排除不能共存的组合；注意气体、沉淀的颜色与溶解性差异。,《2026/2027 一轮复习讲义·学生版 / 知识清单·学生版》文本判定
CHEMISTRY,中和滴定的误差分析方法,中和滴定的误差分析方法,CONCEPT,化学选择性必修1·第三章·水溶液中的离子平衡,定位：化学选择性必修1 第三章。锥形瓶只用蒸馏水洗、不能润洗；判断误差的方向时始终抓住「$V(标准)$ 偏大则结果偏高」这一条主线。,《2026/2027 一轮复习讲义·学生版 / 知识清单·学生版》文本判定
CHEMISTRY,氧化还原滴定法,氧化还原滴定法,CONCEPT,化学选择性必修1·第三章·水溶液中的离子平衡,定位：化学选择性必修1 第三章。高锰酸钾法不能用盐酸酸化（$Cl^-$ 会被氧化）；自身指示剂类滴定要靠最后半分钟内颜色不恢复来判断终点。,《2026/2027 一轮复习讲义·学生版 / 知识清单·学生版》文本判定
CHEMISTRY,利用平衡移动原理解释问题的思维模板,利用平衡移动原理解释问题的思维模板,CONCEPT,化学选择性必修1·第二章·化学平衡,定位：化学选择性必修1 第二章。答题时必须写清「平衡体系—条件变化—移动方向—结论」四个要素，缺一不可；不能只说「移动了」而不说明方向与结果。,《2026/2027 一轮复习讲义·学生版 / 知识清单·学生版》文本判定
CHEMISTRY,循环转化关系图中物质变化的分析思路,循环转化关系图中物质变化的分析思路,CONCEPT,CHEMISTRY·综合·综合·综合,定位：CHEMISTRY·综合·综合。只在一张图中出现一次的物质往往是反应物或产物，只有反复出现于「生成—消耗」两端的才是中间产物；催化剂则在循环中「先消耗后生成」。,《2026/2027 一轮复习讲义·学生版 / 知识清单·学生版》文本判定
BIOLOGY,荧光标记技术与原位杂交定位技术,荧光标记技术与原位杂交定位技术,CONCEPT,BIOLOGY·综合·综合·综合,定位：BIOLOGY·综合·综合。荧光标记技术重在「显示位置与表达量」，原位杂交定位技术重在「利用碱基互补配对把探针定位到染色体上」，两者原理不同。,《2026/2027 一轮复习讲义·学生版 / 知识清单·学生版》文本判定
CHEMISTRY,沉淀溶解平衡实验设计与评价题的解题思路,沉淀溶解平衡实验设计与评价题的解题思路,CONCEPT,化学选择性必修1·第三章·水溶液中的离子平衡,定位：化学选择性必修1 第三章。测定Ksp时必须保证溶液达到饱和，未饱和或过饱和都会使结果偏小或偏大；验证Ksp大小关系时若两种离子浓度不同，观察到的沉淀先后不能直接说明Ksp的大小顺序；误差分析要落到具体的测量量上。,《2026/2027 一轮复习讲义·学生版 / 知识清单·学生版》文本判定
CHEMISTRY,电化学装置的回路分析与离子迁移,电化学装置的回路分析与离子迁移,CONCEPT,化学选择性必修1·第四章·电化学,定位：化学选择性必修1 第四章。电子只能在导线中移动，不能在溶液中移动；离子只能在溶液中（或通过离子交换膜）移动，不能穿过导线；不能把“电流方向”与“电子方向”混为一谈。,《2026/2027 一轮复习讲义·学生版 / 知识清单·学生版》文本判定
CHEMISTRY,根据化学方程式计算的步骤,根据化学方程式计算的步骤,CONCEPT,CHEMISTRY·综合·综合·综合,定位：CHEMISTRY·综合·综合。设未知数时带单位会使比例式书写混乱，答题时应规范；化学方程式未配平就列比例式会得到错误结果；“标”的量必须是化学式下面同一行的对应量，不能张冠李戴。,《2026/2027 一轮复习讲义·学生版 / 知识清单·学生版》文本判定
CHEMISTRY,化学计算中的守恒法,化学计算中的守恒法,CONCEPT,CHEMISTRY·综合·综合·综合,定位：CHEMISTRY·综合·综合。使用守恒法时要准确确定守恒的“对象”与范围（哪一种元素、哪一类电子），只看反应物与生成物而不必纠缠中间步骤；不同守恒关系不能混用在同一等式中。,《2026/2027 一轮复习讲义·学生版 / 知识清单·学生版》文本判定
CHEMISTRY,化学计算中的关系式法,化学计算中的关系式法,CONCEPT,CHEMISTRY·综合·综合·综合,定位：CHEMISTRY·综合·综合。建立关系式必须保证各步反应完全进行且元素守恒关系清晰；中间步骤若有副反应或损失，要按题给条件修正关系式中的系数；关系式两边的单位要统一。,《2026/2027 一轮复习讲义·学生版 / 知识清单·学生版》文本判定
CHEMISTRY,串联类电化学装置的分析,串联类电化学装置的分析,CONCEPT,化学选择性必修1·第四章·电化学,定位：化学选择性必修1 第四章。无外接电源时，各装置中只有一个是原电池，其余都是电解池；串联电路各电极转移电子数相同，但不同电极上每摩尔物质对应的电子数不同，不能直接用物质的量相等替换；惰性电极与活性电极的产物判断不同。,《2026/2027 一轮复习讲义·学生版 / 知识清单·学生版》文本判定
CHEMISTRY,键的极性与羧酸酸性,键的极性与羧酸酸性,CONCEPT,化学选择性必修2·物质结构与性质·分子的空间结构,定位：化学选择性必修2 物质结构与性质。该规律用于比较结构相似的羧酸；不能只看分子中氢原子数目判断酸性强弱（如 H2CO3 酸性强于 HClO 与氢原子数无关）。,《2026/2027 一轮复习讲义·学生版 / 知识清单·学生版》文本判定
CHEMISTRY,无机含氧酸酸性强弱的判断,无机含氧酸酸性强弱的判断,CONCEPT,化学必修第一册·第四章·物质结构元素周期律,定位：化学必修第一册 第四章。判断酸性必须先看是否为同种成酸元素、非羟基氧原子数是否相同，再选择对应规律；酸中直接与成酸元素相连的氢不能电离，不能计入酸的元数。,《2026/2027 一轮复习讲义·学生版 / 知识清单·学生版》文本判定
CHEMISTRY,分子的手性与手性碳原子,分子的手性与手性碳原子,CONCEPT,化学选择性必修2·物质结构与性质·分子的空间结构,定位：化学选择性必修2 物质结构与性质。手性碳原子必须同时连接 4 个互不相同的原子或基团，连有 2 个相同基团的碳不是手性碳；判断时须逐一检查每个碳原子的取代基。,《2026/2027 一轮复习讲义·学生版 / 知识清单·学生版》文本判定
CHEMISTRY,实验方案设计中的操作与安全要点,实验方案设计中的操作与安全要点,CONCEPT,CHEMISTRY·综合·实验与方案设计·实验分析,定位：CHEMISTRY 综合。该要点针对气体参与或生成的实验；防倒吸装置的选择须与吸收液的溶解性配合，易溶气体吸收时更要注意，且不能因加装防倒吸装置而改变气体的净化顺序。,《2026/2027 一轮复习讲义·学生版 / 知识清单·学生版》文本判定
CHEMISTRY,含氯物质的制备与转化路径,含氯物质的制备与转化路径,CONCEPT,化学必修第一册·第二章·氯及其化合物,定位：化学必修第一册 第二章。该路径适用于含氯物质的制备与转化类综合题；分析时须注意 ClO2 浓度较高时易分解爆炸（一般用空气稀释到体积分数 10% 以下），且不同价态之间的转化需在对应酸碱性条件下进行。,《2026/2027 一轮复习讲义·学生版 / 知识清单·学生版》文本判定
CHEMISTRY,常见硫酸盐的性质与用途,常见硫酸盐的性质与用途,CONCEPT,化学必修第二册·第五章·硫氮及其化合物,定位：化学必修第二册 第五章。硫酸钡作钡餐的前提是既不溶于水也不溶于酸；碳酸钡可溶于酸，不能用作钡餐。CuSO4 能使蛋白质变性，使用时须注意其毒性。无水硫酸铜只能检验水，不能用作干燥剂。,《2026/2027 一轮复习讲义·学生版 / 知识清单·学生版》文本判定
CHEMISTRY,气体溶于水后溶液浓度的计算,气体溶于水后溶液浓度的计算,CONCEPT,CHEMISTRY·综合·综合·综合,定位：CHEMISTRY·综合·综合。该类计算中溶液体积不能用水与气体的体积直接相加，必须用溶液质量除以溶液密度；气体体积只有在标准状况下才能除以 22.4，非标准状况须另作处理。,《2026/2027 一轮复习讲义·学生版 / 知识清单·学生版》文本判定
CHEMISTRY,溶液稀释与混合的计算,溶液稀释与混合的计算,CONCEPT,CHEMISTRY·综合·综合·综合,定位：CHEMISTRY·综合·综合。等体积混合时不能把两个体积简单相加求浓度，须结合密度判断混合后质量分数的偏向；只有在等质量混合时质量分数才等于平均值；稀释时体积守恒的说法是错误的前提。,《2026/2027 一轮复习讲义·学生版 / 知识清单·学生版》文本判定
CHEMISTRY,有机实验中官能团与水解产物的检验,有机实验中官能团与水解产物的检验,CONCEPT,化学选择性必修1·第三章·水溶液中的离子平衡,定位：化学选择性必修1 第三章。检验水解产物前必须先中和催化剂（硫酸），这是有机检验实验最常见的失分点；证明双键用溴的四氯化碳溶液比用酸性 KMnO4 溶液更可靠（后者可能被醇羟基等还原性基团干扰）。,《2026/2027 一轮复习讲义·学生版 / 知识清单·学生版》文本判定
CHEMISTRY,比较物质酸性强弱的方法,比较物质酸性强弱的方法,CONCEPT,化学必修第一册·第四章·物质结构元素周期律,定位：化学必修第一册 第四章。使用强酸制弱酸判断酸性时须排除非酸性因素驱动的反应（如生成难溶物 CuS、高温下 SiO2 置换 CO2）；比较盐溶液碱性必须在同浓度条件下进行，不能用饱和溶液；同浓度是各种比较方法的前提。,《2026/2027 一轮复习讲义·学生版 / 知识清单·学生版》文本判定
CHEMISTRY,有机物制备的基本操作,有机物制备的基本操作,CONCEPT,化学必修第二册·第七章·有机化合物,定位：化学必修第二册 第七章。易错点：冷凝回流必须下进上出，否则冷凝效果差甚至炸裂；忘加沸石不能中途直接补加；蒸馏时温度计位置错误会使读数不是馏分沸点；洗涤时要防止产物溶于水或碱液造成损失。,《2026/2027 一轮复习讲义·学生版 / 知识清单·学生版》文本判定
CHEMISTRY,物质间不能一步实现的转化,物质间不能一步实现的转化,CONCEPT,CHEMISTRY·综合·综合·综合,定位：CHEMISTRY·综合·综合。易错点：硫燃烧只生成SO2，不能直接得到SO3；铁与氯气反应生成三价铁，与硫、碘反应生成二价铁；活泼金属的冶炼必须电解熔融的化合物，氯化铝是共价化合物不能电解；氧化物与水反应与否要看溶解性和反应规律。,《2026/2027 一轮复习讲义·学生版 / 知识清单·学生版》文本判定
BIOLOGY,细胞呼吸的易错辨析,细胞呼吸的易错辨析,REASONING,生物学必修1·第五章第三节·细胞呼吸,定位：生物学必修1 第五章第三节。①必须区分“释放能量”与“生成ATP”；②必须区分消耗O2与生成CO2各自所在的阶段；③原核细胞没有线粒体，不能套用“在线粒体内膜上生成水”的说法。,《2026/2027 一轮复习讲义·学生版 / 知识清单·学生版》文本判定
CHEMISTRY,氯的常见氧化物,氯的常见氧化物,CONCEPT,化学必修第一册·第二章·氯及其化合物,定位：化学必修第一册 第二章。①Cl2O是次氯酸的酸酐而不是盐酸的酸酐；②ClO2中氯的化合价为+4价，不是氧化物中的“-2价氯”；③ClO2消毒时被还原成Cl-，故相同物质的量的ClO2得电子数多于Cl2，消毒效率更高。,《2026/2027 一轮复习讲义·学生版 / 知识清单·学生版》文本判定
CHEMISTRY,氯胺,氯胺,CONCEPT,化学必修第一册·第二章·氯及其化合物,定位：化学必修第一册 第二章。①氯胺是共价化合物，不能当作离子型的铵盐理解；②起消毒作用的活性微粒是水解释放出的HClO而不是氯胺本身；③比较消毒效果时要同时考虑单位质量的得电子数与释放HClO的速率。,《2026/2027 一轮复习讲义·学生版 / 知识清单·学生版》文本判定
BIOLOGY,影响物质跨膜运输的因素,影响物质跨膜运输的因素,CONCEPT,生物学必修1·第四章·物质的输入与输出,定位：生物学必修1 第四章。不能把速率曲线“不再上升”一律归因于载体饱和：自由扩散的速率随浓度差持续增大；缺氧、低温对主动运输的影响分别通过供能和酶活性起作用；无氧时主动运输仍可由无氧呼吸供能。,《2026/2027 一轮复习讲义·学生版 / 知识清单·学生版》文本判定
CHEMISTRY,极端假设法确定浓度范围,极端假设法确定浓度范围,CONCEPT,CHEMISTRY·综合·综合·综合,定位：CHEMISTRY·综合·综合。假设“进行到底”只是为了求极限，可逆反应实际不可能进行到底，所以区间端点一般取不到；若某物质起始浓度为0（只有一边投料），则该物质的平衡浓度大于0且小于其完全转化时的值。,《2026/2027 一轮复习讲义·学生版 / 知识清单·学生版》文本判定
CHEMISTRY,溶解性与溶解度的关系,溶解性与溶解度的关系,CONCEPT,CHEMISTRY·综合·实验与方案设计·实验分析,定位：CHEMISTRY 综合。溶解性的等级界限只是习惯划分；微溶物在浓溶液中也会析出沉淀；判断“难溶”与“不溶”时不能说成绝对不溶，也不能由难溶推断其一定是弱电解质。,《2026/2027 一轮复习讲义·学生版 / 知识清单·学生版》文本判定
CHEMISTRY,温度计的使用规范,温度计的使用规范,CONCEPT,CHEMISTRY·综合·实验与方案设计·实验分析,定位：CHEMISTRY 综合。蒸馏测的是蒸气温度，故水银球必须在支管口；若把水银球插入液面，测到的是液体的温度，不能反映馏分的沸点；温度计也不能当搅拌棒用。,《2026/2027 一轮复习讲义·学生版 / 知识清单·学生版》文本判定
CHEMISTRY,仪器的连接与组装原则,仪器的连接与组装原则,CONCEPT,CHEMISTRY·综合·实验与方案设计·实验分析,定位：CHEMISTRY 综合。气密性检查必须在装药品之前进行；洗气装置一般“长进短出”，干燥管“大进小出”；连接顺序由实验目的决定，不能只凭仪器外形拼接。,《2026/2027 一轮复习讲义·学生版 / 知识清单·学生版》文本判定
CHEMISTRY,试纸的类型与使用方法,试纸的类型与使用方法,CONCEPT,CHEMISTRY·综合·综合·综合,定位：CHEMISTRY·综合·综合。检验气体必须先润湿试纸（气体需溶解后才能与试纸反应），检验溶液时pH试纸则不能润湿；pH试纸只能读到整数；试纸不能直接浸入待测液。,《2026/2027 一轮复习讲义·学生版 / 知识清单·学生版》文本判定
CHEMISTRY,化学实验基本操作中的八个不能,化学实验基本操作中的八个不能,CONCEPT,CHEMISTRY·综合·实验与方案设计·实验分析,定位：CHEMISTRY 综合。“不能”针对的是安全与操作规范；例外情形（如金属钠、钾可放回原试剂瓶）要单独记忆；读数类器具的视线要求与容量瓶定容要求一致。,《2026/2027 一轮复习讲义·学生版 / 知识清单·学生版》文本判定
CHEMISTRY,化学实验中的先后顺序规则,化学实验中的先后顺序规则,CONCEPT,CHEMISTRY·综合·实验与方案设计·实验分析,定位：CHEMISTRY 综合。顺序颠倒会导致实验失败或事故，如先撤酒精灯后移导管会引起倒吸；先装药品后查气密性则无法确认装置是否漏气；检查漏液必须在洗涤之前。,《2026/2027 一轮复习讲义·学生版 / 知识清单·学生版》文本判定
CHEMISTRY,化学试剂的存放规则,化学试剂的存放规则,CONCEPT,CHEMISTRY·综合·实验与方案设计·实验分析,定位：CHEMISTRY 综合。瓶塞的选择依据是药品的酸碱性（碱用橡胶塞、酸和氧化剂用玻璃塞）；只有见光易分解的药品才需要棕色瓶；钠、白磷等要按各自特性选择煤油封或水封。,《2026/2027 一轮复习讲义·学生版 / 知识清单·学生版》文本判定
CHEMISTRY,电解精炼,电解精炼,CONCEPT,化学选择性必修1·第四章·电化学,定位：化学选择性必修1 第四章。阳极必须先溶解后沉积，故粗铜必须作阳极；Ag、Au等不如铜活泼的金属不溶解，形成阳极泥而不是进入溶液；电解精炼的电解液与电镀液不同，其浓度会发生变化。,《2026/2027 一轮复习讲义·学生版 / 知识清单·学生版》文本判定
CHEMISTRY,锂电池与锂离子电池,锂电池与锂离子电池,CONCEPT,化学选择性必修1·第四章·电化学,定位：化学选择性必修1 第四章。锂电池使用非水电解质，不能用水溶液作电解液；放电时 $Li^+$ 移向正极、充电时移向阴极；充放电时电极材料的“嵌入/脱嵌”属于物理过程，正负极材料的结构基本保持；废旧电池回收时可通过放电处理使 $Li^+$ 进入负极材料。,《2026/2027 一轮复习讲义·学生版 / 知识清单·学生版》文本判定
BIOLOGY,分子标记与基因定位流程,分子标记与基因定位流程,CONCEPT,生物学必修2·第一章第二节·遗传的基本规律,定位：生物学必修2 第一章第二节。分子标记必须与目标基因连锁或共分离才能用于定位；群体规模与标记密度决定定位精度，连锁分析通常要求LOD≥3。,《2026/2027 一轮复习讲义·学生版 / 知识清单·学生版》文本判定
BIOLOGY,分子标记辅助育种,分子标记辅助育种,CONCEPT,生物学选择性必修3·生物技术与工程·基因工程的基本操作程序,定位：生物学选择性必修3 生物技术与工程。完美标记要求标记与功能位点紧密连锁；分子标记辅助选择依据基因型而非表型，结果仍需结合表型验证。,《2026/2027 一轮复习讲义·学生版 / 知识清单·学生版》文本判定
CHEMISTRY,分子的手性,分子的手性,CONCEPT,化学选择性必修2·物质结构与性质·分子的空间结构,定位：化学选择性必修2 物质结构与性质。手性碳原子必须是饱和碳原子（sp3杂化）；判断时必须逐一核对所连四个基团是否互不相同，双键碳原子不能成为手性碳。,《2026/2027 一轮复习讲义·学生版 / 知识清单·学生版》文本判定
CHEMISTRY,阴、阳极的判断方法,阴、阳极的判断方法,CONCEPT,CHEMISTRY·综合·综合·综合,定位：CHEMISTRY·综合·综合。命名规则只适用于电解池：原电池中失电子的一极叫负极，得电子的一极叫正极，不能把阳极与正极等同。,《2026/2027 一轮复习讲义·学生版 / 知识清单·学生版》文本判定
CHEMISTRY,惰性电极电解规律,惰性电极电解规律,CONCEPT,化学选择性必修1·第四章·电化学,定位：化学选择性必修1 第四章。溶液复原时不能直接加水，应按“出什么加什么”的原则补加对应物质（如电解CuSO4溶液后应加CuO而不能加Cu(OH)2），因为要保证补回的元素种类与析出物一致。,《2026/2027 一轮复习讲义·学生版 / 知识清单·学生版》文本判定
CHEMISTRY,电冶金,电冶金,CONCEPT,CHEMISTRY·综合·综合·综合,定位：CHEMISTRY·综合·综合。原料选择要同时考虑熔点（能耗）与熔融态能否导电（是否离子化合物）；冰晶石只起助熔作用，不参与电极反应。,《2026/2027 一轮复习讲义·学生版 / 知识清单·学生版》文本判定
CHEMISTRY,AlCl3的结构与性质,AlCl3的结构与性质,CONCEPT,CHEMISTRY·综合·综合·综合,定位：CHEMISTRY·综合·综合。AlCl3虽由金属元素和非金属元素组成，却是共价化合物，不能按金属氯化物的一般规律判断其晶体类型。,《2026/2027 一轮复习讲义·学生版 / 知识清单·学生版》文本判定
CHEMISTRY,离子反应顺序的判断,离子反应顺序的判断,CONCEPT,化学必修第一册·第一章·离子反应与氧化还原,定位：化学必修第一册 第一章。判断顺序不能只看酸碱性强弱，还要检查“先发生的反应所生成的微粒是否会与后加入的离子反应”，否则顺序会自相矛盾。,《2026/2027 一轮复习讲义·学生版 / 知识清单·学生版》文本判定
CHEMISTRY,氢氧化铝沉淀的图像与计算,氢氧化铝沉淀的图像与计算,CONCEPT,化学必修第一册·第三章·铁与金属材料,定位：化学必修第一册 第三章。图像题必须先判断曲线拐点对应的反应阶段，再进行计算；同一沉淀量可能对应两个不同的碱用量，题目未限定“碱不足”时须讨论两种情况。,《2026/2027 一轮复习讲义·学生版 / 知识清单·学生版》文本判定
CHEMISTRY,工业制铝的酸溶法流程,工业制铝的酸溶法流程,CONCEPT,化学必修第一册·第三章·铁与金属材料,定位：化学必修第一册 第三章。该流程分离成功的条件是碱必须过量且为强碱：只有强碱才能使Al(OH)3溶解为[Al(OH)4]⁻而Fe(OH)3留作沉淀。,《2026/2027 一轮复习讲义·学生版 / 知识清单·学生版》文本判定
CHEMISTRY,酸或碱溶液中水电离程度的计算,酸或碱溶液中水电离程度的计算,CONCEPT,化学选择性必修1·第三章·水溶液中的离子平衡,定位：化学选择性必修1 第三章。不能把溶液中总c(H+)当作水电离产生的c(H+)；酸溶液中H+主要来自酸，碱溶液中OH-主要来自碱，水电离的贡献可以忽略。,《2026/2027 一轮复习讲义·学生版 / 知识清单·学生版》文本判定
CHEMISTRY,化学反应条件的控制,化学反应条件的控制,CONCEPT,CHEMISTRY·综合·综合·综合,定位：CHEMISTRY·综合·综合。速率与转化率可能相互矛盾（放热反应升温加快速率但降低平衡转化率），生产条件必须权衡多个指标，不能只追求单一因素最优；催化剂只改变速率不改变平衡转化率。,《2026/2027 一轮复习讲义·学生版 / 知识清单·学生版》文本判定
CHEMISTRY,常见净水剂、消毒剂与漂白剂,常见净水剂、消毒剂与漂白剂,CONCEPT,化学必修第一册·第二章·氯及其化合物,定位：化学必修第一册 第二章。净水剂只吸附沉降悬浮杂质、不能杀菌消毒；含氯消毒剂的消毒本质是生成HClO；SO2的漂白是与有色物质结合生成不稳定的无色物质，与含氯漂白剂的氧化性漂白原理不同。,《2026/2027 一轮复习讲义·学生版 / 知识清单·学生版》文本判定
CHEMISTRY,常见干燥剂及其使用限制,常见干燥剂及其使用限制,CONCEPT,CHEMISTRY·综合·综合·综合,定位：CHEMISTRY·综合·综合。选择干燥剂要同时考虑吸水能力与是否与被干燥的物质反应：酸性干燥剂不能干燥碱性气体，能与氨气形成配合物的无水氯化钙不能用于干燥氨气。,《2026/2027 一轮复习讲义·学生版 / 知识清单·学生版》文本判定
CHEMISTRY,化学用语中的六式,化学用语中的六式,CONCEPT,CHEMISTRY·综合·综合·综合,定位：CHEMISTRY·综合·综合。只有分子晶体才有分子式，离子晶体、共价晶体等只能写化学式；结构式与结构简式、键线式的省略程度依次增大，但官能团在任何一种表示中都不能省略。,《2026/2027 一轮复习讲义·学生版 / 知识清单·学生版》文本判定
CHEMISTRY,离子推断解题技法,离子推断解题技法,CONCEPT,CHEMISTRY·综合·综合·综合,定位：CHEMISTRY·综合·综合。推断结果必须回代检验（电荷守恒、离子能否共存、现象是否唯一可解释），只满足部分实验现象的结论不能采纳；题目未给出的离子可以存在，不能凭“没提到”就断定不存在。,《2026/2027 一轮复习讲义·学生版 / 知识清单·学生版》文本判定
BIOLOGY,物质跨膜运输方式的判断,物质跨膜运输方式的判断,CONCEPT,生物学必修1·第四章·物质的输入与输出,定位：生物学必修1 第四章。通道蛋白只参与协助扩散而不能进行主动运输；胞吞、胞吐依靠膜的流动性完成，物质并未穿过膜结构，不属于跨膜运输方式。,《2026/2027 一轮复习讲义·学生版 / 知识清单·学生版》文本判定
CHEMISTRY,利用平衡移动原理解释问题的答题模板,利用平衡移动原理解释问题的答题模板,CONCEPT,化学选择性必修1·第二章·化学平衡,定位：化学选择性必修1 第二章。必须写出具体的平衡体系与条件变化，只写结论不得分；涉及多个平衡时要指明讨论的是哪一个，避免答非所问。,《2026/2027 一轮复习讲义·学生版 / 知识清单·学生版》文本判定
BIOLOGY,遗传系谱图与遗传图解的书写规范,遗传系谱图与遗传图解的书写规范,CONCEPT,生物学必修2·第一章第二节·遗传的基本规律,定位：生物学必修2 第一章第二节。系谱图用于表示家族成员之间的亲缘关系，遗传图解用于表示亲本的杂交过程，两者符号体系与用途不同，不能混用；缺少图例或世代标记会被扣分。,《2026/2027 一轮复习讲义·学生版 / 知识清单·学生版》文本判定
CHEMISTRY,定性探究题的形式与基本环节,定性探究题的形式与基本环节,CONCEPT,CHEMISTRY·综合·综合·综合,定位：CHEMISTRY·综合·综合。定性探究只作定性判断，不能给出含量或浓度的定量结论；凡是结论依赖精确数据的探究要改用定量实验的思路。,《2026/2027 一轮复习讲义·学生版 / 知识清单·学生版》文本判定
CHEMISTRY,定性探究的方法与分析推理,定性探究的方法与分析推理,CONCEPT,CHEMISTRY·综合·综合·综合,定位：CHEMISTRY·综合·综合。条件对照只改变非自变量、保持自变量相同，用于排除环境干扰；若同时改变多个条件，就无法判断是哪个因素造成现象差异。,《2026/2027 一轮复习讲义·学生版 / 知识清单·学生版》文本判定
CHEMISTRY,定性探究实验的依据与验证方案,定性探究实验的依据与验证方案,CONCEPT,CHEMISTRY·综合·实验与方案设计·实验分析,定位：CHEMISTRY 综合。验证酸性强弱时必须排除 SO₂ 等干扰气体的影响；判断弱酸要看稀释后 pH 的变化或用正盐溶液的 pH，不能只看是否产生气泡。,《2026/2027 一轮复习讲义·学生版 / 知识清单·学生版》文本判定
CHEMISTRY,定性探究实验题的解题策略,定性探究实验题的解题策略,CONCEPT,CHEMISTRY·综合·实验与方案设计·实验分析,定位：CHEMISTRY 综合。审题阶段必须先确定探究目标与变量，否则后续设计会偏离问题；设计步骤时缺少取样、试剂用量等细节会失分。,《2026/2027 一轮复习讲义·学生版 / 知识清单·学生版》文本判定
CHEMISTRY,分子的手性与对映异构体,分子的手性与对映异构体,CONCEPT,化学选择性必修2·物质结构与性质·分子的空间结构,定位：化学选择性必修2 物质结构与性质。手性分子与对映异构体描述的是空间结构关系，与分子的极性、键的极性没有直接对应；有不对称碳原子是常见判据但不是唯一情形。,《2026/2027 一轮复习讲义·学生版 / 知识清单·学生版》文本判定
CHEMISTRY,金属氢化物,金属氢化物,CONCEPT,化学必修第一册·第三章·铁与金属材料,定位：化学必修第一册 第三章。金属氢化物中氢为－1 价而不是＋1 价，分析氧化还原时要把 H⁻ 作为还原剂判断；NaH 与水反应时水中的氢为＋1 价，被还原为 H₂。,《2026/2027 一轮复习讲义·学生版 / 知识清单·学生版》文本判定
BIOLOGY,RNA的结构、种类与功能,RNA的结构、种类与功能,CONCEPT,BIOLOGY·综合·综合·综合,定位：BIOLOGY·综合·综合。三类RNA的功能不可混淆：只有mRNA是翻译模板，tRNA只转运氨基酸，rRNA是核糖体成分；tRNA虽为单链却含氢键（局部折叠配对），据此可判断关于tRNA结构的正误说法。,《2026/2027 一轮复习讲义·学生版 / 知识清单·学生版》文本判定
CHEMISTRY,探究型实验的类型与程序,探究型实验的类型与程序,CONCEPT,CHEMISTRY·综合·实验与方案设计·实验分析,定位：CHEMISTRY 综合。类型判断决定答题方向：未知产物探究侧重检验方案与干扰排除，性质探究侧重对比实验与变量控制；脱离元素化合物知识凭空设计实验不成立。,《2026/2027 一轮复习讲义·学生版 / 知识清单·学生版》文本判定
CHEMISTRY,定量实验数据的采集与处理,定量实验数据的采集与处理,CONCEPT,CHEMISTRY·综合·实验与方案设计·实验分析,定位：CHEMISTRY 综合。有效数字位数要与仪器精度匹配；平行实验取平均值前要先剔除离群数据；气体体积数据必须注明温度与压强。,《2026/2027 一轮复习讲义·学生版 / 知识清单·学生版》文本判定
CHEMISTRY,含氯化合物制备原料转化路径,含氯化合物制备原料转化路径,CONCEPT,化学必修第一册·第二章·氯及其化合物,定位：化学必修第一册 第二章。实验室法制得的 Cl2 含 HCl 和水蒸气，必须净化；工业电解时要防止产物 NaOH 与 Cl2 反应而降低产率。,《2026/2027 一轮复习讲义·学生版 / 知识清单·学生版》文本判定
CHEMISTRY,卤素互化物与拟卤素解题模板,卤素互化物与拟卤素解题模板,CONCEPT,CHEMISTRY·综合·综合·综合,定位：CHEMISTRY·综合·综合。关键是先定价态、再判反应类型；不要凭含卤素就一定是氧化还原反应的直觉判断。,《2026/2027 一轮复习讲义·学生版 / 知识清单·学生版》文本判定
BIOLOGY,交配类型的辨析及应用,交配类型的辨析及应用,REASONING,BIOLOGY·综合·综合·综合,定位：BIOLOGY·综合·综合。测交只能与隐性纯合子杂交；正交与反交没有固定哪个是正交，须由题目设定判断。,《2026/2027 一轮复习讲义·学生版 / 知识清单·学生版》文本判定
BIOLOGY,从性遗传与限性遗传,从性遗传与限性遗传,CONCEPT,生物学必修2·第一章第二节·遗传的基本规律,定位：生物学必修2 第一章第二节。从性遗传与伴性遗传不同：从性遗传的基因位于常染色体上，只是表型受性别影响；不能误认为基因位于性染色体。,《2026/2027 一轮复习讲义·学生版 / 知识清单·学生版》文本判定
BIOLOGY,母性效应与表型模拟,母性效应与表型模拟,CONCEPT,BIOLOGY·综合·综合·综合,定位：BIOLOGY·综合·综合。母性效应与细胞质遗传不同，其基因位于细胞核中；表型模拟个体基因型可能含显性基因，不能只凭表型判断基因型。,《2026/2027 一轮复习讲义·学生版 / 知识清单·学生版》文本判定
BIOLOGY,雄性不育与自交不亲和,雄性不育与自交不亲和,CONCEPT,BIOLOGY·综合·综合·综合,定位：BIOLOGY·综合·综合。细胞质雄性不育表现为母体遗传，与核基因控制的不育遗传方式不同；自交不亲和的植株雌雄配子均正常，只是不能自体结实。,《2026/2027 一轮复习讲义·学生版 / 知识清单·学生版》文本判定
CHEMISTRY,Al(OH)3沉淀量的计算,Al(OH)3沉淀量的计算,CONCEPT,CHEMISTRY·综合·综合·综合,定位：CHEMISTRY·综合·综合。第三段（碱过量）沉淀量为零，是第一段的相反情形；计算时要先判断碱是否过量，不能直接用一条公式。,《2026/2027 一轮复习讲义·学生版 / 知识清单·学生版》文本判定
CHEMISTRY,氢氧化铝沉淀图像分析,氢氧化铝沉淀图像分析,CONCEPT,化学必修第一册·第三章·铁与金属材料,定位：化学必修第一册 第三章。图像中平台段对应的沉淀量最大，之后下降说明 Al(OH)3 溶解；若曲线上升前有一段消耗碱但无沉淀，必须先扣掉 H+ 消耗的碱量。,《2026/2027 一轮复习讲义·学生版 / 知识清单·学生版》文本判定
CHEMISTRY,常见酸碱盐的溶解性,常见酸碱盐的溶解性,CONCEPT,CHEMISTRY·综合·实验与方案设计·实验分析,定位：CHEMISTRY 综合。溶解性表是书写离子方程式与判断离子共存的基础；注意 Ca(OH)2 微溶（作生成物写化学式，作反应物时澄清溶液写离子）。,《2026/2027 一轮复习讲义·学生版 / 知识清单·学生版》文本判定
CHEMISTRY,含氧酸及其酸性比较,含氧酸及其酸性比较,CONCEPT,化学必修第一册·第四章·物质结构元素周期律,定位：化学必修第一册 第四章。同种元素含氧酸的酸性比较看化合价，不同元素看非金属性；H3BO3 的元数由电离方式决定，不能按氢原子数判断。,《2026/2027 一轮复习讲义·学生版 / 知识清单·学生版》文本判定
CHEMISTRY,化学计算的常用方法,化学计算的常用方法,CONCEPT,CHEMISTRY·综合·综合·综合,定位：CHEMISTRY·综合·综合。守恒法的前提是正确判断元素去向与电子得失；电荷守恒适用于溶液与离子化合物，使用时注意离子的电荷数。,《2026/2027 一轮复习讲义·学生版 / 知识清单·学生版》文本判定
CHEMISTRY,水溶液中多曲线图像题的分析方法,水溶液中多曲线图像题的分析方法,CONCEPT,CHEMISTRY·综合·综合·综合,定位：CHEMISTRY·综合·综合。图像题的结论要由点、线、守恒共同支撑；分布系数相同的点只能说明两微粒浓度相等，不能直接判定溶液显中性。,《2026/2027 一轮复习讲义·学生版 / 知识清单·学生版》文本判定
BIOLOGY,生物变异的类型,生物变异的类型,CONCEPT,生物学必修2·第五六章·变异与进化,定位：生物学必修2 第五六章。可遗传的三类划分依据是变异来源而不是能否观察到；生殖细胞中的变异一般可遗传，体细胞中的变异一般不能遗传（有些植物可通过无性繁殖传递）。,《2026/2027 一轮复习讲义·学生版 / 知识清单·学生版》文本判定
BIOLOGY,姐妹染色单体上等位基因来源的判断,姐妹染色单体上等位基因来源的判断,CONCEPT,生物学必修2·第一章第二节·遗传的基本规律,定位：生物学必修2 第一章第二节。有丝分裂过程中不会发生交叉互换，出现的差异只能来自基因突变；减数分裂中的差异要结合两条子染色体的颜色来源判断。,《2026/2027 一轮复习讲义·学生版 / 知识清单·学生版》文本判定
CHEMISTRY,离子方程式书写应注意的问题,离子方程式书写应注意的问题,REASONING,化学必修第一册·第一章·离子反应与氧化还原,定位：化学必修第一册 第一章。微溶物作反应物还是作生成物决定其写法，澄清溶液与浊液的处理相反；固体之间的反应一般不能写离子方程式。,《2026/2027 一轮复习讲义·学生版 / 知识清单·学生版》文本判定
CHEMISTRY,过渡金属的多价态与氧化性规律,过渡金属的多价态与氧化性规律,CONCEPT,化学必修第一册·第三章·铁与金属材料,定位：化学必修第一册 第三章。高价态不一定都能氧化浓盐酸（需具体看电极电势与条件）；低价化合物在空气中灼烧常被氧化，产物价态往往升高而不是保持原价态。,《2026/2027 一轮复习讲义·学生版 / 知识清单·学生版》文本判定
CHEMISTRY,锰及其化合物的性质,锰及其化合物的性质,CONCEPT,化学必修第一册·第三章·铁与金属材料,定位：化学必修第一册 第三章。Mn(Ⅱ)在酸性条件下难氧化、碱性条件下易氧化，判断氧化产物时必须先看介质；$Mn(OH)_2$ 易被空气氧化，实验操作要隔绝空气。,《2026/2027 一轮复习讲义·学生版 / 知识清单·学生版》文本判定
CHEMISTRY,锰酸盐与高锰酸钾的氧化性规律,锰酸盐与高锰酸钾的氧化性规律,CONCEPT,化学必修第一册·第三章·铁与金属材料,定位：化学必修第一册 第三章。高锰酸根的还原产物随介质不同而不同（酸性为 $Mn^{2+}$、中性或弱碱性为 $MnO_2$、强碱性为 $MnO_4^{2-}$），这是书写与配平相关方程式时的关键；$KMnO_4$ 见光受热易分解，需避光保存。,《2026/2027 一轮复习讲义·学生版 / 知识清单·学生版》文本判定
CHEMISTRY,铬及其重要化合物的性质,铬及其重要化合物的性质,CONCEPT,化学必修第一册·第三章·铁与金属材料,定位：化学必修第一册 第三章。Cr(Ⅲ) 在酸性条件下难被氧化、碱性条件下易被氧化，判断产物要结合介质；$Cr_2O_3$ 与 $Cr(OH)_3$ 都具两性，与酸、碱反应分别生成 $Cr^{3+}$ 与亚铬酸盐。,《2026/2027 一轮复习讲义·学生版 / 知识清单·学生版》文本判定
CHEMISTRY,重铬酸盐的强氧化性,重铬酸盐的强氧化性,CONCEPT,化学必修第一册·第三章·铁与金属材料,定位：化学必修第一册 第三章。比较含铬物质的氧化性强弱时必须指明溶液的酸碱性（酸性条件下 $Cr_2O_7^{2-}$ 的氧化性远强于碱性条件下的 $CrO_4^{2-}$）；重铬酸盐与铬酸盐在溶液中随 pH 相互转化。,《2026/2027 一轮复习讲义·学生版 / 知识清单·学生版》文本判定
CHEMISTRY,钒及其重要化合物的性质,钒及其重要化合物的性质,CONCEPT,化学必修第一册·第三章·铁与金属材料,定位：化学必修第一册 第三章。$V_2O_5$ 以酸性为主但具有两性，既能溶于碱也能溶于强酸并被还原；钒不同价态的化合物颜色不同，判断时要结合价态与介质酸碱性。,《2026/2027 一轮复习讲义·学生版 / 知识清单·学生版》文本判定
CHEMISTRY,钴及其化合物的性质,钴及其化合物的性质,CONCEPT,化学必修第一册·第三章·铁与金属材料,定位：化学必修第一册 第三章。钴与稀酸反应比铁缓慢、在冷浓硝酸中易钝化，注意钝化是化学变化而不是不反应；钴的氧化物与氢氧化物的具体制备条件需结合题意信息判断。,《2026/2027 一轮复习讲义·学生版 / 知识清单·学生版》文本判定
CHEMISTRY,由水电离的c(H＋)或c(OH－)的计算,由水电离的c(H＋)或c(OH－)的计算,CONCEPT,化学选择性必修1·第三章·水溶液中的离子平衡,定位：化学选择性必修1 第三章。酸、碱抑制水的电离，可水解的盐促进水的电离，两类情形中水电离出的离子浓度与溶液中该离子浓度的关系正好相反，不可混用；Kw 必须取该温度下的数值。,《2026/2027 一轮复习讲义·学生版 / 知识清单·学生版》文本判定
CHEMISTRY,酸碱中和滴定指示剂的选择,酸碱中和滴定指示剂的选择,CONCEPT,化学选择性必修1·第三章·水溶液中的离子平衡,定位：化学选择性必修1 第三章。石蕊不适用于酸碱中和滴定；强酸滴定强碱时甲基橙与酚酞的终点 pH 不同，测得的体积会有微小差异；指示剂本身也要消耗极少量标准液。,《2026/2027 一轮复习讲义·学生版 / 知识清单·学生版》文本判定
CHEMISTRY,用稀有气体元素确定主族元素位置,用稀有气体元素确定主族元素位置,CONCEPT,化学必修第一册·第四章·物质结构元素周期律,定位：化学必修第一册 第四章。该方法只适用于主族元素（含氢），不适用于副族、Ⅷ族和镧系锕系元素；判断出的族序数还要结合周期数核对，避免把 0 族写成ⅧA族。,《2026/2027 一轮复习讲义·学生版 / 知识清单·学生版》文本判定
CHEMISTRY,铝土矿提纯的酸溶法,铝土矿提纯的酸溶法,CONCEPT,化学必修第一册·第三章·铁与金属材料,定位：化学必修第一册 第三章。沉铝只能用氨水等弱碱，用强碱会使 Al(OH)3 溶解而不能与 Fe(OH)3 分离；SiO2 不溶于强酸是酸溶法除硅的依据，这与碱溶法中 SiO2 会溶于 NaOH 的情形正好相反；两种方法最终都经灼烧得 Al2O3 再电解制铝。,《2026/2027 一轮复习讲义·学生版 / 知识清单·学生版》文本判定
CHEMISTRY,氢氧化铝的制备方法,氢氧化铝的制备方法,CONCEPT,化学必修第一册·第三章·铁与金属材料,定位：化学必修第一册 第三章。制备时不能用 NaOH 等强碱作沉淀剂，用量不易控制且过量会使 Al(OH)3 溶解；Al3＋ 与 OH－、AlO2－、CO3^2-、S2－、HCO3－ 等不能大量共存，AlO2－ 与 H＋、HCO3－、Al3＋、Fe3＋ 等也不能大量共存,《2026/2027 一轮复习讲义·学生版 / 知识清单·学生版》文本判定
CHEMISTRY,物质性质验证类实验,物质性质验证类实验,CONCEPT,CHEMISTRY·综合·实验与方案设计·实验分析,定位：CHEMISTRY 综合。不能一见“褪色”就归结为漂白性，SO2 使溴水、酸性 KMnO4 褪色都是还原性；蛋白质的浓硝酸显色反应只适用于含苯环的蛋白质；品红褪色后加热恢复红色才是 SO2 漂白性的特征。,《2026/2027 一轮复习讲义·学生版 / 知识清单·学生版》文本判定
CHEMISTRY,实验结论辨析的常见陷阱,实验结论辨析的常见陷阱,REASONING,CHEMISTRY·综合·实验与方案设计·实验分析,定位：CHEMISTRY 综合。判断结论是否成立的标准是“该现象是否只能由结论中的物质或性质引起”；现象有多个可能来源时必须补充实验排除干扰，否则结论不唯一。,《2026/2027 一轮复习讲义·学生版 / 知识清单·学生版》文本判定
CHEMISTRY,实验类试题的三类错误,实验类试题的三类错误,CONCEPT,CHEMISTRY·综合·实验与方案设计·实验分析,定位：CHEMISTRY 综合。三类错误要在同一个选项中逐层检查：操作是否规范、现象描述是否准确、结论是否由现象唯一推出；任何一层不成立，该选项即为错误。,《2026/2027 一轮复习讲义·学生版 / 知识清单·学生版》文本判定
CHEMISTRY,实验类试题的解题策略,实验类试题的解题策略,CONCEPT,CHEMISTRY·综合·实验与方案设计·实验分析,定位：CHEMISTRY 综合。解题时先判断操作与现象，再判断结论，顺序不能颠倒；判断“结论是否唯一”是这类题的核心，涉及干扰离子时必须先排除干扰。,《2026/2027 一轮复习讲义·学生版 / 知识清单·学生版》文本判定
CHEMISTRY,二氧化碳与盐溶液的反应,二氧化碳与盐溶液的反应,CONCEPT,CHEMISTRY·综合·综合·综合,定位：CHEMISTRY·综合·综合。CO2 通入 CaCl2 或 BaCl2 溶液不会产生白色沉淀，因为碳酸的酸性弱于盐酸；CO2 与 NaClO 溶液反应的产物与 CO2 的量无关，只能生成 NaHCO3 不能生成 Na2CO3，因为酸性 H2CO3＞HClO＞HCO3－；,《2026/2027 一轮复习讲义·学生版 / 知识清单·学生版》文本判定
CHEMISTRY,二氧化碳与碱反应的产物判断,二氧化碳与碱反应的产物判断,CONCEPT,CHEMISTRY·综合·综合·综合,定位：CHEMISTRY·综合·综合。产物的判断依据是物质的量之比而不是气体的体积大小；判断反应顺序时必须检验假设的产物能否继续与另一组分反应；离子方程式的书写要与确定的产物对应。,《2026/2027 一轮复习讲义·学生版 / 知识清单·学生版》文本判定
CHEMISTRY,硫酸的工业制备（接触法）,硫酸的工业制备（接触法）,CONCEPT,化学必修第二册·第五章·硫氮及其化合物,定位：化学必修第二册 第五章。SO3 不能用水吸收（会形成酸雾），要用浓硫酸；SO2 必须净化否则催化剂中毒；尾气用碱液或氨水吸收，不能直接排放。,《2026/2027 一轮复习讲义·学生版 / 知识清单·学生版》文本判定
CHEMISTRY,亚硫酸及亚硫酸盐的性质,亚硫酸及亚硫酸盐的性质,CONCEPT,化学必修第二册·第五章·硫氮及其化合物,定位：化学必修第二册 第五章。亚硫酸氢盐溶液显酸性（HSO3－ 的电离程度大于水解程度），不要误判为碱性；亚硫酸的漂白是与有机色素结合生成无色物质，属于非氧化还原过程；H2SO3 与 SO2 溶液是同一体系，不能分开书写。,《2026/2027 一轮复习讲义·学生版 / 知识清单·学生版》文本判定
CHEMISTRY,常见金属硫化物的溶解性,常见金属硫化物的溶解性,CONCEPT,化学必修第二册·第五章·硫氮及其化合物,定位：化学必修第二册 第五章。FeS、ZnS、MnS 溶于稀酸而 CuS、PbS 不溶，是区分它们的关键；不能用稀硫酸与 FeS 反应制取 H2S 时混入的酸雾问题要另作处理（检验 H2S 用醋酸铅试纸）；判断沉淀能否生成要结合溶液的酸碱性。,《2026/2027 一轮复习讲义·学生版 / 知识清单·学生版》文本判定
BIOLOGY,囊泡运输与蛋白质分选,囊泡运输与蛋白质分选,CONCEPT,生物学必修1·第二章·细胞的分子组成,定位：生物学必修1 第二章。囊泡运输的方向是定向的（内质网→高尔基体→细胞膜，以及高尔基体→内质网的回收），不能认为囊泡随机移动；囊泡运输消耗能量；胞吐体现流动性而非选择透过性。,《2026/2027 一轮复习讲义·学生版 / 知识清单·学生版》文本判定
CHEMISTRY,高铁酸盐的制备与性质,高铁酸盐的制备与性质,CONCEPT,化学必修第一册·第三章·铁与金属材料,定位：化学必修第一册 第三章。高铁酸盐中 Fe 为＋6 价而不是＋3 价，判断氧化还原时不能按 Fe3＋ 处理；杀菌消毒靠强氧化性、净水靠还原产物 Fe(OH)3 胶体的吸附，两种作用不能混为一谈；Na2FeO4 转化为 K2FeO4 依据的是溶解度差异。,《2026/2027 一轮复习讲义·学生版 / 知识清单·学生版》文本判定
CHEMISTRY,水电离出的c(H+)（或c(OH-)）的计算,水电离出的c(H+)（或c(OH-)）的计算,CONCEPT,化学选择性必修1·第三章·水溶液中的离子平衡,定位：化学选择性必修1 第三章。必须先判断溶液类型再决定取大值还是小值；把溶液中的 $c(H^+)$ 直接当成水电离出的浓度是最常见的错误，酸碱溶液中两者可相差多个数量级。,《2026/2027 一轮复习讲义·学生版 / 知识清单·学生版》文本判定
CHEMISTRY,依据化学方程式的计算,依据化学方程式的计算,CONCEPT,CHEMISTRY·综合·综合·综合,定位：CHEMISTRY·综合·综合。气体体积必须注明状况并先换算成物质的量；含杂质的样品要先由纯度求出实际参与反应的量，否则结果会随杂质含量产生系统性偏差。,《2026/2027 一轮复习讲义·学生版 / 知识清单·学生版》文本判定
CHEMISTRY,混合物计算的方法,混合物计算的方法,CONCEPT,CHEMISTRY·综合·综合·综合,定位：CHEMISTRY·综合·综合。平均值法必须已知两种纯物质的对应量才能确定范围；极值法只能给出区间判断，不能代替精确计算；建立方程组时方程个数要与未知数个数匹配。,《2026/2027 一轮复习讲义·学生版 / 知识清单·学生版》文本判定
CHEMISTRY,纯度、转化率与产率的计算,纯度、转化率与产率的计算,CONCEPT,化学选择性必修1·第二章·化学平衡,定位：化学选择性必修1 第二章。产率的分母是理论产量而不是投料量；转化率针对反应物、产率针对生成物，二者不能互换；样品为混合物时不能直接把总质量代入纯度公式。,《2026/2027 一轮复习讲义·学生版 / 知识清单·学生版》文本判定
CHEMISTRY,多重反应离子方程式的书写,多重反应离子方程式的书写,CONCEPT,化学必修第一册·第一章·离子反应与氧化还原,定位：化学必修第一册 第一章。多重反应最容易丢失其中的一组反应；书写前应先列出所有离子并逐一匹配，最后用“反应物配比”核对系数是否符合题意。,《2026/2027 一轮复习讲义·学生版 / 知识清单·学生版》文本判定
CHEMISTRY,常见净水剂消毒剂漂白剂与干燥剂,常见净水剂消毒剂漂白剂与干燥剂,CONCEPT,化学必修第一册·第二章·氯及其化合物,定位：化学必修第一册 第二章。干燥剂的选择要同时考虑吸水性与是否与被干燥气体反应；活性炭、SO2 的漂白原理分别属于吸附与化合，与 HClO 的氧化性漂白不同。,《2026/2027 一轮复习讲义·学生版 / 知识清单·学生版》文本判定
BIOLOGY,细胞不能无限长大的原因,细胞不能无限长大的原因,CONCEPT,BIOLOGY·综合·综合·综合,定位：BIOLOGY·综合·综合。因变量是扩散体积与总体积之比而不是扩散速度（各模型扩散速度相同）；不能由“细胞越小越有利于物质运输”推出“细胞越小越好”。,《2026/2027 一轮复习讲义·学生版 / 知识清单·学生版》文本判定
BIOLOGY,细胞周期检验点与同步化,细胞周期检验点与同步化,CONCEPT,生物学必修1·第六章·细胞的生命历程,定位：生物学必修1 第六章。秋水仙素使细胞停滞在中期，但着丝粒仍会分裂，故染色体数目加倍；血清饥饿法使细胞停滞在 G0/G1 期，与抑制 DNA 合成所阻滞的时期不同。,《2026/2027 一轮复习讲义·学生版 / 知识清单·学生版》文本判定
CHEMISTRY,水电离出的c水(H＋)与c水(OH－)的计算,水电离出的c水(H＋)与c水(OH－)的计算,CONCEPT,化学选择性必修1·第三章·水溶液中的离子平衡,定位：化学选择性必修1 第三章。必须先判断“哪种离子只来自水”，再取该离子在溶液中的浓度；酸碱抑制水电离使 c水 小于 1×10⁻⁷ mol·L⁻¹，水解盐促进使 c水 大于 1×10⁻⁷ mol·L⁻¹；酸式盐要先判断电离与水解谁为主。,《2026/2027 一轮复习讲义·学生版 / 知识清单·学生版》文本判定
CHEMISTRY,氧化还原滴定的原理与指示剂,氧化还原滴定的原理与指示剂,CONCEPT,化学选择性必修1·第三章·水溶液中的离子平衡,定位：化学选择性必修1 第三章。氧化还原滴定须在合适介质中进行（如高锰酸钾法要酸性条件），否则产物与计量关系改变；淀粉指示剂只能在碘量法中使用，且要在接近终点时加入，避免碘被淀粉吸附导致终点拖后。,《2026/2027 一轮复习讲义·学生版 / 知识清单·学生版》文本判定
CHEMISTRY,核反应方程的分析思路,核反应方程的分析思路,CONCEPT,CHEMISTRY·综合·综合·综合,定位：CHEMISTRY·综合·综合。守恒的对象是质量数与电荷数，不是质量与物质的量；判断元素种类只看质子数，中子数变化会改变核素种类。,《2026/2027 一轮复习讲义·学生版 / 知识清单·学生版》文本判定
CHEMISTRY,原子分数坐标与晶胞投影图,原子分数坐标与晶胞投影图,CONCEPT,CHEMISTRY·综合·综合·综合,定位：CHEMISTRY·综合·综合。分数坐标必须建立在统一的坐标系（原点与坐标轴方向一致）上；投影图中重叠的位置可能对应多个微粒，计数时要还原到三维结构。,《2026/2027 一轮复习讲义·学生版 / 知识清单·学生版》文本判定
CHEMISTRY,晶胞空间利用率的计算,晶胞空间利用率的计算,CONCEPT,CHEMISTRY·综合·综合·综合,定位：CHEMISTRY·综合·综合。微粒体积按球模型计算，不考虑实际电子云形状；必须先把微粒半径 r 与晶胞棱长的关系找对（体心立方 $4r=\sqrt{3}a$、面心立方 $4r=\sqrt{2}a$），否则百分率会明显失真。,《2026/2027 一轮复习讲义·学生版 / 知识清单·学生版》文本判定
CHEMISTRY,晶胞晶体密度的计算,晶胞晶体密度的计算,CONCEPT,CHEMISTRY·综合·综合·综合,定位：CHEMISTRY·综合·综合。单位换算是最常见错误（1 pm=10⁻¹⁰ cm，体积要取三次方）；n 要用均摊法算出的化学式单元数而不是微粒总数；密度公式中 M 必须与 n 的计量单位对应。,《2026/2027 一轮复习讲义·学生版 / 知识清单·学生版》文本判定
CHEMISTRY,键的极性对羧酸酸性的影响,键的极性对羧酸酸性的影响,CONCEPT,化学选择性必修2·物质结构与性质·分子的空间结构,定位：化学选择性必修2 物质结构与性质。该规律基于诱导效应，只适用于同类有机酸之间的比较；不能把“键的极性越大酸性越强”随意推广到酚、醇等其它类型的物质。,《2026/2027 一轮复习讲义·学生版 / 知识清单·学生版》文本判定
CHEMISTRY,手性分子与手性碳原子,手性分子与手性碳原子,CONCEPT,化学选择性必修2·物质结构与性质·分子的空间结构,定位：化学选择性必修2 物质结构与性质。连有相同基团（如两个氢、两个相同的烃基）的碳原子不是手性碳；有手性碳的分子通常具有手性，但分子整体是否具有手性还要看是否存在对称面，有对称面的分子与其镜像可以重叠。,《2026/2027 一轮复习讲义·学生版 / 知识清单·学生版》文本判定
CHEMISTRY,装置气密性检查方法,装置气密性检查方法,CONCEPT,CHEMISTRY·综合·实验与方案设计·实验分析,定位：CHEMISTRY 综合。检查气密性必须在装入药品之前进行；液差法适用于带长颈漏斗或两端开口的装置，微热法适用于简单的试管装置；静置观察液面或活塞位置是否变化是各类方法的共同关键。,《2026/2027 一轮复习讲义·学生版 / 知识清单·学生版》文本判定
CHEMISTRY,有机物分子结构的鉴定方法,有机物分子结构的鉴定方法,CONCEPT,化学选择性必修2·物质结构与性质·分子的空间结构,定位：化学选择性必修2 物质结构与性质。红外光谱只能给出官能团或化学键的种类，不能给出数目与位置；氢谱只反映氢原子的化学环境；结构测定的最终确认常需X射线衍射。,《2026/2027 一轮复习讲义·学生版 / 知识清单·学生版》文本判定
CHEMISTRY,能源的分类与利用,能源的分类与利用,CONCEPT,化学选择性必修1·第一章·反应热与能量,定位：化学选择性必修1 第一章。能量转化方向不可颠倒；燃烧的能量转化同时包含热能与光能，只答一种不完整。,《2026/2027 一轮复习讲义·学生版 / 知识清单·学生版》文本判定
CHEMISTRY,依据元素及其化合物性质推断元素,依据元素及其化合物性质推断元素,CONCEPT,CHEMISTRY·综合·综合·综合,定位：CHEMISTRY·综合·综合。特征性质要与元素一一对应后再往下推，不能凭猜测跳过检验环节；推断出的元素必须能解释题干给出的全部现象。,《2026/2027 一轮复习讲义·学生版 / 知识清单·学生版》文本判定
CHEMISTRY,相对原子质量(核素与元素),相对原子质量(核素与元素),CONCEPT,化学选择性必修2·物质结构与性质·原子结构与元素周期表,定位：化学选择性必修2 物质结构与性质。元素的相对原子质量是丰度加权平均值，通常不等于质量数，也不能用某一种核素的相对原子质量代替；计算时各同位素丰度之和为100%。,《2026/2027 一轮复习讲义·学生版 / 知识清单·学生版》文本判定
CHEMISTRY,粗盐提纯的试剂加入顺序,粗盐提纯的试剂加入顺序,CONCEPT,CHEMISTRY·综合·实验与方案设计·实验分析,定位：CHEMISTRY 综合。Na2CO3既除Ca²⁺又除过量Ba²⁺，因此必须排在BaCl2之后；盐酸必须放在过滤之后；判断顺序是否可行，看每一步过量的试剂是否被后续试剂除去。,《2026/2027 一轮复习讲义·学生版 / 知识清单·学生版》文本判定
BIOLOGY,常见遗传实验材料及其优点,常见遗传实验材料及其优点,CONCEPT,生物学必修2·第一章第二节·遗传的基本规律,定位：生物学必修2 第一章第二节。材料优劣要结合实验目的判断：玉米等雌雄同株异花植物无需去雄，而豌豆必须去雄；大肠杆菌、噬菌体结构简单，只适合分子水平的遗传研究，不能用于个体性状的遗传分析。,《2026/2027 一轮复习讲义·学生版 / 知识清单·学生版》文本判定
BIOLOGY,人工异花传粉的操作流程,人工异花传粉的操作流程,CONCEPT,BIOLOGY·综合·综合·综合,定位：BIOLOGY·综合·综合。去雄必须早于花蕊成熟，否则可能已发生自花传粉；套袋要做两次；玉米虽为雌雄同株异花，仍需套袋以防外来花粉。,《2026/2027 一轮复习讲义·学生版 / 知识清单·学生版》文本判定
BIOLOGY,从性遗传,从性遗传,CONCEPT,生物学必修2·第一章第二节·遗传的基本规律,定位：生物学必修2 第一章第二节。不能仅凭性状在雌雄中比例不同就判断为伴性遗传，从性遗传同样会出现性别差异，判断关键看基因位于常染色体还是性染色体上；书写基因型时要结合性别讨论表型。,《2026/2027 一轮复习讲义·学生版 / 知识清单·学生版》文本判定
CHEMISTRY,有机物制备实验的常用操作与仪器,有机物制备实验的常用操作与仪器,CONCEPT,CHEMISTRY·综合·实验与方案设计·实验分析,定位：CHEMISTRY 综合。温度计位置是高频易错点，控温与收集馏分的要求不同；冷凝管选型与进出水方向必须与用途一致；发生暴沸后再补加沸石会引发危险，必须先冷却。,《2026/2027 一轮复习讲义·学生版 / 知识清单·学生版》文本判定
