subject,pdf_page,content_page,locator,point_name
MATH,0006,2,第一章 集合、常用逻辑用语与不等式 / 1.1 集合,集合中元素的三个特性
MATH,0006,2,第一章 集合、常用逻辑用语与不等式 / 1.1 集合,元素与集合的关系
MATH,0006,2,第一章 集合、常用逻辑用语与不等式 / 1.1 集合,常用数集的符号表示
MATH,0006,2,第一章 集合、常用逻辑用语与不等式 / 1.1 集合,集合的三种表示方法
MATH,0006,2,第一章 集合、常用逻辑用语与不等式 / 1.1 集合,集合相等的定义
MATH,0006,2,第一章 集合、常用逻辑用语与不等式 / 1.1 集合,子集与真子集的定义与记法
MATH,0006,2,第一章 集合、常用逻辑用语与不等式 / 1.1 集合,空集是任何集合的子集、是任何非空集合的真子集
MATH,0006,2,第一章 集合、常用逻辑用语与不等式 / 1.1 集合,"集合关系问题中""空集情形""的易错点"
MATH,0006,2,第一章 集合、常用逻辑用语与不等式 / 1.1 集合,点集与数集的属性区别
MATH,0006,2,第一章 集合、常用逻辑用语与不等式 / 1.1 集合,含有 $n$ 个元素的集合的子集、真子集、非空子集、非空真子集个数
MATH,0006,2,第一章 集合、常用逻辑用语与不等式 / 1.1 集合,并集的定义与性质
MATH,0006,2,第一章 集合、常用逻辑用语与不等式 / 1.1 集合,交集的定义与性质
MATH,0006,2,第一章 集合、常用逻辑用语与不等式 / 1.1 集合,补集的定义与性质
MATH,0006,2,第一章 集合、常用逻辑用语与不等式 / 1.1 集合,德·摩根定律
MATH,0007,3,第一章 集合、常用逻辑用语与不等式 / 考点清单：集合及其运算,判断集合间基本关系的三种方法
MATH,0007,3,第一章 集合、常用逻辑用语与不等式 / 考点清单：集合及其运算,由 $A\cup B=A$ 或 $A\cap B=B$ 推出 $B\subseteq A$ 的解题路径
MATH,0007,3,第一章 集合、常用逻辑用语与不等式 / 考点清单：集合及其运算,含参集合关系问题必须分 $B=\varnothing$ 与 $B\ne\varnothing$ 讨论
MATH,0007,3,第一章 集合、常用逻辑用语与不等式 / 考点清单：集合及其运算,集合运算的三种方法
MATH,0007,3,第一章 集合、常用逻辑用语与不等式 / 考点清单：集合及其运算,两个集合的容斥原理 $\mathrm{card}(A\cup B)=\mathrm{card}(A)+\mathrm{card}(B)-\mathrm{card}(A\cap B)$
MATH,0007,3,第一章 集合、常用逻辑用语与不等式 / 考点清单：集合及其运算,三个集合的容斥原理
MATH,0007,3,第一章 集合、常用逻辑用语与不等式 / 考点清单：集合及其运算,集合创新题的三类形态
MATH,0007,3,第一章 集合、常用逻辑用语与不等式 / 考点清单：集合及其运算,集合创新题的解题着手点
MATH,0008,4,"第一章 集合与常用逻辑用语 / 1.1 集合（页面含""角度 3 容斥原理""""角度 4 创新题""两个栏目）",两个集合的容斥原理
MATH,0008,4,"第一章 集合与常用逻辑用语 / 1.1 集合（页面含""角度 3 容斥原理""""角度 4 创新题""两个栏目）",三个集合的容斥原理
MATH,0008,4,"第一章 集合与常用逻辑用语 / 1.1 集合（页面含""角度 3 容斥原理""""角度 4 创新题""两个栏目）",容斥原理的 Venn 图表示
MATH,0008,4,"第一章 集合与常用逻辑用语 / 1.1 集合（页面含""角度 3 容斥原理""""角度 4 创新题""两个栏目）",由集合运算结果求参数
MATH,0008,4,"第一章 集合与常用逻辑用语 / 1.1 集合（页面含""角度 3 容斥原理""""角度 4 创新题""两个栏目）",集合的创新题解法
MATH,0008,4,"第一章 集合与常用逻辑用语 / 1.1 集合（页面含""角度 3 容斥原理""""角度 4 创新题""两个栏目）",集合中的新定义问题
MATH,0008,4,"第一章 集合与常用逻辑用语 / 1.1 集合（页面含""角度 3 容斥原理""""角度 4 创新题""两个栏目）",集合中的新运算问题
MATH,0008,4,"第一章 集合与常用逻辑用语 / 1.1 集合（页面含""角度 3 容斥原理""""角度 4 创新题""两个栏目）",集合中的新性质问题
MATH,0008,4,"第一章 集合与常用逻辑用语 / 1.1 集合（页面含""角度 3 容斥原理""""角度 4 创新题""两个栏目）",选择题中的验证排除法与特值法
MATH,0008,4,"第一章 集合与常用逻辑用语 / 1.1 集合（页面含""角度 3 容斥原理""""角度 4 创新题""两个栏目）",集合相等求元素和
MATH,0008,4,"第一章 集合与常用逻辑用语 / 1.1 集合（页面含""角度 3 容斥原理""""角度 4 创新题""两个栏目）",由交集结果反求待定元素
MATH,0008,4,"第一章 集合与常用逻辑用语 / 1.1 集合（页面含""角度 3 容斥原理""""角度 4 创新题""两个栏目）",子集与真子集个数
MATH,0009,5,第一章 / 1.2 常用逻辑用语,充分条件、必要条件、充要条件的符号语言与集合语言对应
MATH,0009,5,第一章 / 1.2 常用逻辑用语,充分不必要、必要不充分、既不充分也不必要条件的判据
MATH,0009,5,第一章 / 1.2 常用逻辑用语,"""小充分、大必要""的集合判据"
MATH,0009,5,第一章 / 1.2 常用逻辑用语,全称量词命题与存在量词命题的结构与简记
MATH,0009,5,第一章 / 1.2 常用逻辑用语,全称量词命题的否定是存在量词命题
MATH,0009,5,第一章 / 1.2 常用逻辑用语,存在量词命题的否定是全称量词命题
MATH,0009,5,第一章 / 1.2 常用逻辑用语,全称量词命题为真的判据（所有元素都满足）与为假的判据
MATH,0009,5,第一章 / 1.2 常用逻辑用语,存在量词命题为真的判据（存在一个满足）与为假的判据
MATH,0009,5,第一章 / 1.2 常用逻辑用语,命题与其否定的真假相反
MATH,0010,6,第一章 / 1.2 常用逻辑用语（考点清单）,充分、必要条件判断的两种方法
MATH,0010,6,第一章 / 1.2 常用逻辑用语（考点清单）,集合法适用的情形
MATH,0010,6,第一章 / 1.2 常用逻辑用语（考点清单）,求参数范围的两个关键
MATH,0010,6,第一章 / 1.2 常用逻辑用语（考点清单）,全称量词命题为真的证明方法
MATH,0010,6,第一章 / 1.2 常用逻辑用语（考点清单）,存在量词命题为真的证明方法
MATH,0010,6,第一章 / 1.2 常用逻辑用语（考点清单）,利用命题与否定的真假相反关系间接判断
MATH,0010,6,第一章 / 1.2 常用逻辑用语（考点清单）,将命题真假转化为不等式恒成立、有解、方程解的存在性、函数最值问题
MATH,0010,6,第一章 / 1.2 常用逻辑用语（考点清单）,全称命题恒成立与最值的关系、存在命题有解与最值的关系
MATH,0011,7,第一章 / 1.3 不等式的性质与解法,不等式的八条基本性质
MATH,0011,7,第一章 / 1.3 不等式的性质与解法,可乘性中对乘数符号的讨论要求
MATH,0011,7,第一章 / 1.3 不等式的性质与解法,倒数性质
MATH,0011,7,第一章 / 1.3 不等式的性质与解法,分数性质
MATH,0011,7,第一章 / 1.3 不等式的性质与解法,一元二次不等式与二次函数图象、二次方程根的三者对应关系
MATH,0011,7,第一章 / 1.3 不等式的性质与解法,二次项系数为负时先化为正数再求解
MATH,0011,7,第一章 / 1.3 不等式的性质与解法,一元二次不等式解集的三种情形
MATH,0011,7,第一章 / 1.3 不等式的性质与解法,分式不等式的等价转化
MATH,0011,7,第一章 / 1.3 不等式的性质与解法,绝对值不等式的解法
MATH,0012,8,第一章 / 1.3 不等式的性质与解法（考点清单）,不等式性质的四条易错条件
MATH,0012,8,第一章 / 1.3 不等式的性质与解法（考点清单）,比较两个数（式）大小的四种方法
MATH,0012,8,第一章 / 1.3 不等式的性质与解法（考点清单）,作差法与作商法的步骤及含根号式子的处理
MATH,0012,8,第一章 / 1.3 不等式的性质与解法（考点清单）,利用不等式性质求取值范围的方法
MATH,0012,8,第一章 / 1.3 不等式的性质与解法（考点清单）,解二次项系数含参数的一元二次不等式的步骤
MATH,0013,9,第一章 / 1.3（续）/ 一元二次不等式恒成立问题,一元二次不等式在 $\mathbf{R}$ 上恒成立的等价条件
MATH,0013,9,第一章 / 1.3（续）/ 一元二次不等式恒成立问题,一元二次不等式在 $\mathbf{R}$ 上恒小于零的等价条件
MATH,0013,9,第一章 / 1.3（续）/ 一元二次不等式恒成立问题,"恒成立问题中""二次项系数为 0""的讨论必要性"
MATH,0013,9,第一章 / 1.3（续）/ 一元二次不等式恒成立问题,给定区间上恒成立的解题策略
MATH,0013,9,第一章 / 1.3（续）/ 一元二次不等式恒成立问题,分离参数法求恒成立的原理
MATH,0013,9,第一章 / 1.3（续）/ 一元二次不等式恒成立问题,"给定参数范围求变元范围的""主元法"""
MATH,0014,10,第一章 / 1.4 基本不等式,"基本不等式 $\sqrt{ab}\le\frac{a+b}{2}$ 及其成立条件（$a,b>0$）与等号条件"
MATH,0014,10,第一章 / 1.4 基本不等式,算术平均数与几何平均数的定义及基本不等式的文字叙述
MATH,0014,10,第一章 / 1.4 基本不等式,重要不等式 $a^2+b^2\ge2ab$
MATH,0014,10,第一章 / 1.4 基本不等式,重要不等式 $\frac{a}{b}+\frac{b}{a}\ge2$
MATH,0014,10,第一章 / 1.4 基本不等式,重要不等式 $ab\le\left(\frac{a+b}{2}\right)^2$
MATH,0014,10,第一章 / 1.4 基本不等式,均值不等式链 $\sqrt{\frac{a^2+b^2}{2}}\ge\frac{a+b}{2}\ge\sqrt{ab}\ge\frac{2}{1/a+1/b}$
MATH,0014,10,第一章 / 1.4 基本不等式,基本不等式求最值的两条结论
MATH,0014,10,第一章 / 1.4 基本不等式,多次使用基本不等式时等号条件的相容性与不等号方向一致性
MATH,0014,10,第一章 / 1.4 基本不等式,配凑法的思想
MATH,0015,11,第一章 / 1.4（续）/ 常数代换法、消元法、恒成立与有解问题,"常数代换法（""1""的代换）的四个步骤"
MATH,0015,11,第一章 / 1.4（续）/ 常数代换法、消元法、恒成立与有解问题,常数代换法的典型构造 $(ax+by)(\frac{m}{x}+\frac{n}{y})$ 及其最小值 $am+bn+2\sqrt{abmn}$
MATH,0015,11,第一章 / 1.4（续）/ 常数代换法、消元法、恒成立与有解问题,常数代换法的取等条件 $\frac{bmy}{x}=\frac{anx}{y}$
MATH,0015,11,第一章 / 1.4（续）/ 常数代换法、消元法、恒成立与有解问题,消元法的思路
MATH,0015,11,第一章 / 1.4（续）/ 常数代换法、消元法、恒成立与有解问题,配凑法、常数代换法、消元法的适用结构对照
MATH,0015,11,第一章 / 1.4（续）/ 常数代换法、消元法、恒成立与有解问题,不等式恒成立的等价条件
MATH,0015,11,第一章 / 1.4（续）/ 常数代换法、消元法、恒成立与有解问题,不等式有解的等价条件
MATH,0015,11,第一章 / 1.4（续）/ 常数代换法、消元法、恒成立与有解问题,不等式无解的等价条件
MATH,0016,12,第一章 / 1.4（续）/ 基本不等式的实际应用、与其他知识的交汇,应用基本不等式解决实际问题的四个步骤
MATH,0016,12,第一章 / 1.4（续）/ 基本不等式的实际应用、与其他知识的交汇,基本不等式与概率统计的交汇
MATH,0016,12,第一章 / 1.4（续）/ 基本不等式的实际应用、与其他知识的交汇,基本不等式与平面向量的交汇
MATH,0016,12,第一章 / 1.4（续）/ 基本不等式的实际应用、与其他知识的交汇,基本不等式与函数导数的交汇
MATH,0016,12,第一章 / 1.4（续）/ 基本不等式的实际应用、与其他知识的交汇,交汇类最值问题的通用套路
MATH,0018,14,第二章 函数及其性质 / 2.1 函数的概念及表示,函数的概念
MATH,0018,14,第二章 函数及其性质 / 2.1 函数的概念及表示,自变量、函数值、定义域、值域的定义
MATH,0018,14,第二章 函数及其性质 / 2.1 函数的概念及表示,函数图象与竖直直线的交点个数
MATH,0018,14,第二章 函数及其性质 / 2.1 函数的概念及表示,判断两个函数是否为同一函数的两个要件
MATH,0018,14,第二章 函数及其性质 / 2.1 函数的概念及表示,函数的三种表示法
MATH,0018,14,第二章 函数及其性质 / 2.1 函数的概念及表示,分段函数的定义
MATH,0018,14,第二章 函数及其性质 / 2.1 函数的概念及表示,分段函数是一个函数而非几个函数；定义域与值域均为各段的并集
MATH,0019,15,第二章 / 2.1（续）/ 复合函数定义域、解析式求法、分段函数,已知 $f(x)$ 定义域求 $f(g(x))$ 定义域的方法
MATH,0019,15,第二章 / 2.1（续）/ 复合函数定义域、解析式求法、分段函数,已知 $f(g(x))$ 定义域求 $f(x)$ 定义域的方法
MATH,0019,15,第二章 / 2.1（续）/ 复合函数定义域、解析式求法、分段函数,$f(\ )$ 括号内整体取值范围决定 $f$ 的定义域
MATH,0019,15,第二章 / 2.1（续）/ 复合函数定义域、解析式求法、分段函数,求函数解析式的五种方法
MATH,0019,15,第二章 / 2.1（续）/ 复合函数定义域、解析式求法、分段函数,换元法的三个步骤与新元取值范围的必要性
MATH,0019,15,第二章 / 2.1（续）/ 复合函数定义域、解析式求法、分段函数,构造法解含 $f(x)$ 与 $f(1/x)$（或 $f(-x)$）的方程组
MATH,0019,15,第二章 / 2.1（续）/ 复合函数定义域、解析式求法、分段函数,求分段函数函数值的方法
MATH,0019,15,第二章 / 2.1（续）/ 复合函数定义域、解析式求法、分段函数,分段函数的方程与不等式解法
MATH,0019,15,第二章 / 2.1（续）/ 复合函数定义域、解析式求法、分段函数,分段函数求值域的两种方法
MATH,0020,16,第二章 / 2.2 函数的单调性和最值,函数在区间上单调递增、单调递减的定义
MATH,0020,16,第二章 / 2.2 函数的单调性和最值,增函数与减函数的定义
MATH,0020,16,第二章 / 2.2 函数的单调性和最值,单调性的图象描述
MATH,0020,16,第二章 / 2.2 函数的单调性和最值,单调性的两种等价形式
MATH,0020,16,第二章 / 2.2 函数的单调性和最值,单调区间的定义
MATH,0020,16,第二章 / 2.2 函数的单调性和最值,复合函数的单调性判据
MATH,0020,16,第二章 / 2.2 函数的单调性和最值,函数最大值的定义
MATH,0020,16,第二章 / 2.2 函数的单调性和最值,函数最小值的定义
MATH,0020,16,第二章 / 2.2 函数的单调性和最值,闭区间上连续函数必有最值
MATH,0020,16,第二章 / 2.2 函数的单调性和最值,"开区间上""单峰""连续函数必有最大值或最小值"
MATH,0021,17,第二章 / 2.2（续）/ 单调性的判断、比较大小、解不等式,判断函数单调性的六种方法
MATH,0021,17,第二章 / 2.2（续）/ 单调性的判断、比较大小、解不等式,公共定义域内单调函数的运算性质
MATH,0021,17,第二章 / 2.2（续）/ 单调性的判断、比较大小、解不等式,数乘对单调性的影响
MATH,0021,17,第二章 / 2.2（续）/ 单调性的判断、比较大小、解不等式,"复合函数单调性的""同增异减""判据"
MATH,0021,17,第二章 / 2.2（续）/ 单调性的判断、比较大小、解不等式,定义法证明单调性的四步
MATH,0021,17,第二章 / 2.2（续）/ 单调性的判断、比较大小、解不等式,导数法判断单调性
MATH,0021,17,第二章 / 2.2（续）/ 单调性的判断、比较大小、解不等式,赋值法处理抽象函数的单调性
MATH,0021,17,第二章 / 2.2（续）/ 单调性的判断、比较大小、解不等式,利用单调性比较大小的步骤
MATH,0021,17,第二章 / 2.2（续）/ 单调性的判断、比较大小、解不等式,利用单调性解函数不等式的框架
MATH,0022,18,第二章 / 2.2（续）/ 利用单调性求参数、函数的最值（值域）,求解函数不等式的本质
MATH,0022,18,第二章 / 2.2（续）/ 利用单调性求参数、函数的最值（值域）,利用单调性求参数的策略
MATH,0022,18,第二章 / 2.2（续）/ 利用单调性求参数、函数的最值（值域）,分段函数单调性的两个必要条件
MATH,0022,18,第二章 / 2.2（续）/ 利用单调性求参数、函数的最值（值域）,求函数最值的五种常用方法
MATH,0022,18,第二章 / 2.2（续）/ 利用单调性求参数、函数的最值（值域）,换元法求最值时需注意新元的取值范围
MATH,0022,18,第二章 / 2.2（续）/ 利用单调性求参数、函数的最值（值域）,导数法求最值的步骤
MATH,0022,18,第二章 / 2.2（续）/ 利用单调性求参数、函数的最值（值域）,分离常数法处理分子分母同次的公式形式
MATH,0022,18,第二章 / 2.2（续）/ 利用单调性求参数、函数的最值（值域）,各类函数形式与推荐求值域方法的对应关系
MATH,0023,19,第二章 / 2.3 函数的奇偶性、周期性和对称性,奇函数与偶函数的定义
MATH,0023,19,第二章 / 2.3 函数的奇偶性、周期性和对称性,奇偶函数的图象特征
MATH,0023,19,第二章 / 2.3 函数的奇偶性、周期性和对称性,函数具有奇偶性的前提条件
MATH,0023,19,第二章 / 2.3 函数的奇偶性、周期性和对称性,奇偶性的等价形式
MATH,0023,19,第二章 / 2.3 函数的奇偶性、周期性和对称性,奇函数在 $x=0$ 处有定义则 $f(0)=0$
MATH,0023,19,第二章 / 2.3 函数的奇偶性、周期性和对称性,偶函数满足 $f(x)=f(|x|)$
MATH,0023,19,第二章 / 2.3 函数的奇偶性、周期性和对称性,奇偶性与单调性的关系
MATH,0023,19,第二章 / 2.3 函数的奇偶性、周期性和对称性,函数平移后的奇偶性表达式
MATH,0023,19,第二章 / 2.3 函数的奇偶性、周期性和对称性,周期函数与最小正周期的定义
MATH,0023,19,第二章 / 2.3 函数的奇偶性、周期性和对称性,周期性结论
MATH,0023,19,第二章 / 2.3 函数的奇偶性、周期性和对称性,图象自对称性
MATH,0023,19,第二章 / 2.3 函数的奇偶性、周期性和对称性,两个函数图象的相互对称性
MATH,0023,19,第二章 / 2.3 函数的奇偶性、周期性和对称性,由 $f(a+x)=f(b-x)$、$f(a+x)=-f(b-x)$、$f(a+x)+f(b-x)=c$ 判断对称轴或对称中心
MATH,0023,19,第二章 / 2.3 函数的奇偶性、周期性和对称性,对称性与周期性的三条关系
MATH,0024,20,第二章 / 2.3（续）/ 函数奇偶性的判断与应用,判断函数奇偶性的三种方法
MATH,0024,20,第二章 / 2.3（续）/ 函数奇偶性的判断与应用,定义法的流程
MATH,0024,20,第二章 / 2.3（续）/ 函数奇偶性的判断与应用,图象法判据
MATH,0024,20,第二章 / 2.3（续）/ 函数奇偶性的判断与应用,奇偶函数的运算性质
MATH,0024,20,第二章 / 2.3（续）/ 函数奇偶性的判断与应用,奇偶性应用的两个方向
MATH,0024,20,第二章 / 2.3（续）/ 函数奇偶性的判断与应用,求函数值时用奇偶性把自变量转化到已知解析式的区间
MATH,0024,20,第二章 / 2.3（续）/ 函数奇偶性的判断与应用,求参数时用定义等价式得恒等式、由系数相等构造方程组
MATH,0024,20,第二章 / 2.3（续）/ 函数奇偶性的判断与应用,取特殊值求参数只提供必要条件，需验证
MATH,0025,21,第二章 / 2.3（续）/ 奇偶性与单调性、周期性与对称性,运用奇偶性与单调性解不等式的策略
MATH,0025,21,第二章 / 2.3（续）/ 奇偶性与单调性、周期性与对称性,奇函数在对称区间上单调性相同、偶函数相反
MATH,0025,21,第二章 / 2.3（续）/ 奇偶性与单调性、周期性与对称性,"偶函数用 $f(x)=f(|x|)$ 把问题转化到 $[0,+\infty)$ 上求解"
MATH,0025,21,第二章 / 2.3（续）/ 奇偶性与单调性、周期性与对称性,函数周期性的判定方法
MATH,0025,21,第二章 / 2.3（续）/ 奇偶性与单调性、周期性与对称性,周期的整数倍也是周期
MATH,0025,21,第二章 / 2.3（续）/ 奇偶性与单调性、周期性与对称性,由局部性质推整体性质
MATH,0025,21,第二章 / 2.3（续）/ 奇偶性与单调性、周期性与对称性,单调性与对称性结合问题的解题技巧
MATH,0025,21,第二章 / 2.3（续）/ 奇偶性与单调性、周期性与对称性,奇偶性与对称性的互化
MATH,0026,22,第二章 / 2.3（续）/ 对称性与周期性、函数性质综合,解决奇偶性与对称性综合问题的两种思路
MATH,0026,22,第二章 / 2.3（续）/ 对称性与周期性、函数性质综合,由双对称（两轴、两中心、一轴一中心）得到周期结论
MATH,0026,22,第二章 / 2.3（续）/ 对称性与周期性、函数性质综合,奇偶性与周期性综合问题的处理流程
MATH,0026,22,第二章 / 2.3（续）/ 对称性与周期性、函数性质综合,函数四大性质（奇偶性、对称性、周期性、单调性）综合命题的处理方法
MATH,0026,22,第二章 / 2.3（续）/ 对称性与周期性、函数性质综合,借助奇偶性、对称性、周期性实现区间转换，再用单调性解决问题
MATH,0027,23,第二章 / 2.4 二次函数与幂函数,二次函数解析式的三种形式
MATH,0027,23,第二章 / 2.4 二次函数与幂函数,二次函数的定义域、值域、单调区间与对称轴
MATH,0027,23,第二章 / 2.4 二次函数与幂函数,二次函数值域公式
MATH,0027,23,第二章 / 2.4 二次函数与幂函数,二次函数在闭区间上的最值讨论
MATH,0027,23,第二章 / 2.4 二次函数与幂函数,二次函数最值的判据
MATH,0027,23,第二章 / 2.4 二次函数与幂函数,幂函数的概念 $y=x^\alpha$
MATH,0027,23,第二章 / 2.4 二次函数与幂函数,五个常用幂函数的定义域、值域、奇偶性与单调性
MATH,0027,23,第二章 / 2.4 二次函数与幂函数,函数 $y=ax+b/x$（$ab\ne0$）的图象、定义域、值域、奇偶性与单调性
MATH,0027,23,第二章 / 2.4 二次函数与幂函数,对勾函数的最小值
MATH,0028,24,第二章 / 2.4（续）/ 二次函数的图象、解析式与性质,研究二次函数图象的三个关键点
MATH,0028,24,第二章 / 2.4（续）/ 二次函数的图象、解析式与性质,求二次函数解析式的待定系数法
MATH,0028,24,第二章 / 2.4（续）/ 二次函数的图象、解析式与性质,二次函数三种解析式形式的适用情形
MATH,0028,24,第二章 / 2.4（续）/ 二次函数的图象、解析式与性质,一元二次方程根的分布问题的解法
MATH,0028,24,第二章 / 2.4（续）/ 二次函数的图象、解析式与性质,二次函数在区间上的单调性判据
MATH,0028,24,第二章 / 2.4（续）/ 二次函数的图象、解析式与性质,含参二次函数问题的分类讨论原则
MATH,0029,25,第二章 / 2.4（续）/ 幂函数的图象与性质,作幂函数图象的三个注意点
MATH,0029,25,第二章 / 2.4（续）/ 幂函数的图象与性质,幂函数图象的分布规律
MATH,0029,25,第二章 / 2.4（续）/ 幂函数的图象与性质,幂函数 $y=x^\alpha$ 在第一象限的单调性与 $\alpha$ 符号的关系
MATH,0029,25,第二章 / 2.4（续）/ 幂函数的图象与性质,形如 $x^{m/n}$ 的幂函数奇偶性的三条判据
MATH,0029,25,第二章 / 2.4（续）/ 幂函数的图象与性质,各常用幂函数的定义域、奇偶性、单调性与所过定点
MATH,0029,25,第二章 / 2.4（续）/ 幂函数的图象与性质,"所有幂函数在第一象限都过点 $(1,1)$"
MATH,0030,26,第二章 / 2.5 指数函数与对数函数,根式的概念与性质
MATH,0030,26,第二章 / 2.5 指数函数与对数函数,正、负分数指数幂的定义与 $0$ 的指数幂的意义
MATH,0030,26,第二章 / 2.5 指数函数与对数函数,指数幂的三条运算性质
MATH,0030,26,第二章 / 2.5 指数函数与对数函数,对数的四条性质
MATH,0030,26,第二章 / 2.5 指数函数与对数函数,对数的换底公式 $\log_aN=\frac{\log_cN}{\log_ca}$ 及推论
MATH,0030,26,第二章 / 2.5 指数函数与对数函数,对数的三条运算性质
MATH,0030,26,第二章 / 2.5 指数函数与对数函数,指数函数的概念
MATH,0030,26,第二章 / 2.5 指数函数与对数函数,指数型函数与指数函数的区别
MATH,0030,26,第二章 / 2.5 指数函数与对数函数,指数函数的图象与性质
MATH,0030,26,第二章 / 2.5 指数函数与对数函数,指数函数图象恒过的三个点
MATH,0030,26,第二章 / 2.5 指数函数与对数函数,$y=a^x$ 与 $y=(1/a)^x$ 的图象关于 $y$ 轴对称
MATH,0030,26,第二章 / 2.5 指数函数与对数函数,$y$ 轴右侧指数函数图象越高底数越大
MATH,0030,26,第二章 / 2.5 指数函数与对数函数,"对数函数的概念（$y=\log_ax$，定义域 $(0,+\infty)$）与三个特征"
MATH,0031,27,第二章 / 2.5（续）/ 对数函数的图象与性质、反函数、指数幂的化简,对数函数的定义域、值域、过定点与函数值符号规律
MATH,0031,27,第二章 / 2.5（续）/ 对数函数的图象与性质、反函数、指数幂的化简,对数函数的单调性与底数的关系
MATH,0031,27,第二章 / 2.5（续）/ 对数函数的图象与性质、反函数、指数幂的化简,由直线 $y=1$ 与对数函数图象的交点横坐标比较底数大小
MATH,0031,27,第二章 / 2.5（续）/ 对数函数的图象与性质、反函数、指数幂的化简,第一象限内对数函数图象从左到右底数逐渐增大
MATH,0031,27,第二章 / 2.5（续）/ 对数函数的图象与性质、反函数、指数幂的化简,指数函数与对数函数互为反函数
MATH,0031,27,第二章 / 2.5（续）/ 对数函数的图象与性质、反函数、指数幂的化简,指数幂化简与求值的三条技巧
MATH,0031,27,第二章 / 2.5（续）/ 对数函数的图象与性质、反函数、指数幂的化简,指数幂运算结果的规范性要求
MATH,0032,28,第二章 / 2.5（续）/ 对数运算、指数函数的图象与性质,解决对数运算问题的四种常用方法
MATH,0032,28,第二章 / 2.5（续）/ 对数运算、指数函数的图象与性质,由解析式判断指数函数图象的策略
MATH,0032,28,第二章 / 2.5（续）/ 对数运算、指数函数的图象与性质,指数型函数图象的变换方法
MATH,0032,28,第二章 / 2.5（续）/ 对数运算、指数函数的图象与性质,由直线 $x=1$ 与指数函数图象的交点判断底数大小
MATH,0032,28,第二章 / 2.5（续）/ 对数运算、指数函数的图象与性质,比较指数式大小的三种情形与方法
MATH,0032,28,第二章 / 2.5（续）/ 对数运算、指数函数的图象与性质,与指数函数有关的复合函数的处理
MATH,0033,29,第二章 / 2.5（续）/ 对数式与幂指对大小比较,比较对数式大小的三种类型与方法
MATH,0033,29,第二章 / 2.5（续）/ 对数式与幂指对大小比较,处理对数型复合函数必须弄清的三点
MATH,0033,29,第二章 / 2.5（续）/ 对数式与幂指对大小比较,对数型复合函数必须先求定义域的纪律
MATH,0033,29,第二章 / 2.5（续）/ 对数式与幂指对大小比较,"""同增异减""在复合函数单调性中的应用"
MATH,0033,29,第二章 / 2.5（续）/ 对数式与幂指对大小比较,比较幂、指、对大小的基本思路
MATH,0033,29,第二章 / 2.5（续）/ 对数式与幂指对大小比较,中间量法
MATH,0033,29,第二章 / 2.5（续）/ 对数式与幂指对大小比较,构造法
MATH,0034,30,第二章 / 2.6 函数的图象,函数图象的平移变换规律（左加右减、上加下减）及其对 $x$ 系数不为 1 时的处理
MATH,0034,30,第二章 / 2.6 函数的图象,函数图象的对称变换
MATH,0034,30,第二章 / 2.6 函数的图象,指数函数与对数函数图象关于 $y=x$ 对称
MATH,0034,30,第二章 / 2.6 函数的图象,函数图象的伸缩变换
MATH,0034,30,第二章 / 2.6 函数的图象,函数图象的翻折变换
MATH,0034,30,第二章 / 2.6 函数的图象,$y=f(|x|)$ 必为偶函数
MATH,0035,31,第二章 / 2.6（续）/ 作函数图象、识辨图象,画函数图象的三种一般方法
MATH,0035,31,第二章 / 2.6（续）/ 作函数图象、识辨图象,含绝对值符号的函数用分段函数法作图
MATH,0035,31,第二章 / 2.6（续）/ 作函数图象、识辨图象,作图必须注意定义域
MATH,0035,31,第二章 / 2.6（续）/ 作函数图象、识辨图象,图象变换要注意变换顺序与先变形
MATH,0035,31,第二章 / 2.6（续）/ 作函数图象、识辨图象,函数图象识别的六个观察角度
MATH,0035,31,第二章 / 2.6（续）/ 作函数图象、识辨图象,由定义域判断图象的左右位置、由值域判断上下位置
MATH,0035,31,第二章 / 2.6（续）/ 作函数图象、识辨图象,由奇偶性判断对称性、由单调性判断变化趋势、由周期性判断循环往复
MATH,0035,31,第二章 / 2.6（续）/ 作函数图象、识辨图象,用特殊点与极限位置排除错误选项
MATH,0035,31,第二章 / 2.6（续）/ 作函数图象、识辨图象,函数图象在方程根、不等式、含参问题中的应用
MATH,0036,32,第二章 / 2.7 函数的零点与方程的根,函数零点的定义
MATH,0036,32,第二章 / 2.7 函数的零点与方程的根,零点的三个等价关系
MATH,0036,32,第二章 / 2.7 函数的零点与方程的根,函数零点存在定理
MATH,0036,32,第二章 / 2.7 函数的零点与方程的根,二分法的定义与操作
MATH,0036,32,第二章 / 2.7 函数的零点与方程的根,零点存在定理的逆向不成立（有零点不能推出端点异号），故 $f(a)f(b)<0$ 是充分不必要条件
MATH,0036,32,第二章 / 2.7 函数的零点与方程的根,零点唯一性的判据
MATH,0036,32,第二章 / 2.7 函数的零点与方程的根,函数零点与两函数图象交点的等价转化
MATH,0036,32,第二章 / 2.7 函数的零点与方程的根,函数图象的三个应用角度
MATH,0036,32,第二章 / 2.7 函数的零点与方程的根,图象应用问题的四个步骤
MATH,0037,33,第二章 / 2.7（续）/ 零点所在区间、零点个数、含参零点,判断函数零点所在区间的两种方法
MATH,0037,33,第二章 / 2.7（续）/ 零点所在区间、零点个数、含参零点,判断零点个数的三种方法
MATH,0037,33,第二章 / 2.7（续）/ 零点所在区间、零点个数、含参零点,"零点存在定理只能判断""存在""而不能判断""个数""的局限性"
MATH,0037,33,第二章 / 2.7（续）/ 零点所在区间、零点个数、含参零点,用单调性、奇偶性、周期性、对称性确定零点个数
MATH,0037,33,第二章 / 2.7（续）/ 零点所在区间、零点个数、含参零点,已知函数零点求参数的三种方法
MATH,0037,33,第二章 / 2.7（续）/ 零点所在区间、零点个数、含参零点,含参零点问题中分离参数法的原理
MATH,0038,34,第二章 / 2.8 函数的模型及应用,六种常见函数模型及其解析式
MATH,0038,34,第二章 / 2.8 函数的模型及应用,指数、对数、幂函数模型在增长速度上的比较
MATH,0038,34,第二章 / 2.8 函数的模型及应用,三类函数的图象变化趋势
MATH,0038,34,第二章 / 2.8 函数的模型及应用,三类函数值的大小关系
MATH,0038,34,第二章 / 2.8 函数的模型及应用,"""直线上升""""指数爆炸""""对数增长""的含义与增长量特征"
MATH,0038,34,第二章 / 2.8 函数的模型及应用,由增长特征选择合适函数模型的方法
MATH,0039,35,第二章 / 2.8（续）/ 函数模型的建立与应用,已知函数模型解决实际问题的三个关键
MATH,0039,35,第二章 / 2.8（续）/ 函数模型的建立与应用,用待定系数法确定函数模型中的参数
MATH,0039,35,第二章 / 2.8（续）/ 函数模型的建立与应用,解函数应用问题的四个步骤
MATH,0039,35,第二章 / 2.8（续）/ 函数模型的建立与应用,建模的实质
MATH,0039,35,第二章 / 2.8（续）/ 函数模型的建立与应用,还原环节的必要性
MATH,0039,35,第二章 / 2.8（续）/ 函数模型的建立与应用,常见实际问题与函数模型的对应
MATH,0041,37,第三章 / 3.1 导数的概念及运算,函数在某点处的导数的定义
MATH,0041,37,第三章 / 3.1 导数的概念及运算,导函数的定义
MATH,0041,37,第三章 / 3.1 导数的概念及运算,$f'(x)$ 与 $f'(x_0)$ 的区别与联系
MATH,0041,37,第三章 / 3.1 导数的概念及运算,导数的几何意义
MATH,0041,37,第三章 / 3.1 导数的概念及运算,切线方程 $y-y_0=f'(x_0)(x-x_0)$
MATH,0041,37,第三章 / 3.1 导数的概念及运算,导数的绝对值反映图象变化的快慢与切线的陡峭程度
MATH,0041,37,第三章 / 3.1 导数的概念及运算,八个基本初等函数的导数公式
MATH,0041,37,第三章 / 3.1 导数的概念及运算,导数的四则运算法则
MATH,0041,37,第三章 / 3.1 导数的概念及运算,复合函数的求导法则
MATH,0041,37,第三章 / 3.1 导数的概念及运算,函数倒数的导数与根式的导数公式
MATH,0042,38,第三章 / 3.1（续）/ 导数的运算、曲线的切线,求函数导数的原则（先化简解析式再求导）与抽象函数、复合函数的求导策略
MATH,0042,38,第三章 / 3.1（续）/ 导数的运算、曲线的切线,解决切线问题的三个等式
MATH,0042,38,第三章 / 3.1（续）/ 导数的运算、曲线的切线,"""在某点处的切线""与""过某点的切线""的区别与联系"
MATH,0042,38,第三章 / 3.1（续）/ 导数的运算、曲线的切线,"求""过某点""切线方程的四步法"
MATH,0042,38,第三章 / 3.1（续）/ 导数的运算、曲线的切线,求两曲线公切线的两种情形
MATH,0043,39,第三章 / 3.2 导数与函数的单调性、极值和最值,导数符号与函数单调性的对应关系
MATH,0043,39,第三章 / 3.2 导数与函数的单调性、极值和最值,极小值点与极小值的定义
MATH,0043,39,第三章 / 3.2 导数与函数的单调性、极值和最值,极大值点与极大值的定义
MATH,0043,39,第三章 / 3.2 导数与函数的单调性、极值和最值,极值与极值点的概念
MATH,0043,39,第三章 / 3.2 导数与函数的单调性、极值和最值,极值不唯一、极大值可能小于极小值
MATH,0043,39,第三章 / 3.2 导数与函数的单调性、极值和最值,导数为零的点不一定是极值点
MATH,0043,39,第三章 / 3.2 导数与函数的单调性、极值和最值,处处可导函数的极值点处导数必为零
MATH,0043,39,第三章 / 3.2 导数与函数的单调性、极值和最值,闭区间上连续函数必有最值，最值在极值点或端点处取得
MATH,0043,39,第三章 / 3.2 导数与函数的单调性、极值和最值,有极值未必有最值、有最值未必有极值
MATH,0043,39,第三章 / 3.2 导数与函数的单调性、极值和最值,极值不一定是最值，不在端点处的最值必是极值
MATH,0043,39,第三章 / 3.2 导数与函数的单调性、极值和最值,单调函数的最值取在区间端点
MATH,0044,40,第三章 / 3.2（续）/ 利用导数求单调区间,利用导数求函数单调区间的四个步骤
MATH,0044,40,第三章 / 3.2（续）/ 利用导数求单调区间,单调区间必须是定义域的子集
MATH,0044,40,第三章 / 3.2（续）/ 利用导数求单调区间,$f'(x)\ge0$ 且仅在有限个点为零时函数仍单调递增
MATH,0044,40,第三章 / 3.2（续）/ 利用导数求单调区间,"""函数在某区间上单调递增""与""函数的单调递增区间是某区间""的区别"
MATH,0044,40,第三章 / 3.2（续）/ 利用导数求单调区间,由 $y=f'(x)$ 的图象读取 $f(x)$ 的单调区间
MATH,0045,41,第三章 / 3.2（续）/ 含参函数单调性讨论、已知单调性求参数,讨论含参函数单调性的本质
MATH,0045,41,第三章 / 3.2（续）/ 含参函数单调性讨论、已知单调性求参数,含参单调性讨论的四个分类层次
MATH,0045,41,第三章 / 3.2（续）/ 含参函数单调性讨论、已知单调性求参数,已知单调性求参数范围的策略
MATH,0045,41,第三章 / 3.2（续）/ 含参函数单调性讨论、已知单调性求参数,单调性与导数符号的等价转化
MATH,0045,41,第三章 / 3.2（续）/ 含参函数单调性讨论、已知单调性求参数,"""单调递增""对应 $f'(x)\ge0$ 而非 $f'(x)>0$"
MATH,0046,42,第三章 / 3.2（续）/ 极值、最值问题的一般思路,解决函数极值问题的一般思路
MATH,0046,42,第三章 / 3.2（续）/ 极值、最值问题的一般思路,判断极值必须验证根两侧导数变号
MATH,0046,42,第三章 / 3.2（续）/ 极值、最值问题的一般思路,"求闭区间 $[a,b]$ 上最值的两步"
MATH,0046,42,第三章 / 3.2（续）/ 极值、最值问题的一般思路,开区间/无穷区间上最值的判断
MATH,0046,42,第三章 / 3.2（续）/ 极值、最值问题的一般思路,含参最值问题的分类讨论
MATH,0047,43,第三章 / 3.3 导数的综合应用 / 考点1 利用导数证明不等式,直接构造法证明不等式
MATH,0047,43,第三章 / 3.3 导数的综合应用 / 考点1 利用导数证明不等式,参变分离构造法
MATH,0047,43,第三章 / 3.3 导数的综合应用 / 考点1 利用导数证明不等式,构造双函数法
MATH,0047,43,第三章 / 3.3 导数的综合应用 / 考点1 利用导数证明不等式,凹凸反转法中两侧取最值的条件不必相同
MATH,0047,43,第三章 / 3.3 导数的综合应用 / 考点1 利用导数证明不等式,两个经典切线放缩不等式
MATH,0047,43,第三章 / 3.3 导数的综合应用 / 考点1 利用导数证明不等式,直接构造求导困难时改用双函数构造的判据
MATH,0048,44,第三章 / 3.3（续）/ 不等式恒（能）成立问题,不等式恒成立问题转化为最值的四种基本形式
MATH,0048,44,第三章 / 3.3（续）/ 不等式恒（能）成立问题,不等式能成立（有解）问题转化为最值的四种形式
MATH,0048,44,第三章 / 3.3（续）/ 不等式恒（能）成立问题,恒成立与能成立在最值取向上相反
MATH,0048,44,第三章 / 3.3（续）/ 不等式恒（能）成立问题,双变量恒（能）成立问题的四种量词组合与最值对应关系
MATH,0048,44,第三章 / 3.3（续）/ 不等式恒（能）成立问题,"全称量词对应""最不利""侧、存在量词对应""最有利""侧的记忆规则"
MATH,0048,44,第三章 / 3.3（续）/ 不等式恒（能）成立问题,利用导数解决不等式恒成立问题的四种转化策略
MATH,0049,45,第三章 / 3.3（续）/ 放缩公式、函数零点,指数型放缩公式
MATH,0049,45,第三章 / 3.3（续）/ 放缩公式、函数零点,对数型放缩公式
MATH,0049,45,第三章 / 3.3（续）/ 放缩公式、函数零点,二次加强型放缩（$\mathrm{e}^x\ge1+x+\frac{1}{2}x^2$（$x\ge0$）；$\mathrm{e}^x\le1+x+\frac{1}{2}x^2$（$x\le0$）；$\ln x\le\frac{1}{\mathrm{e}}x$）
MATH,0049,45,第三章 / 3.3（续）/ 放缩公式、函数零点,切线放缩的几何含义
MATH,0049,45,第三章 / 3.3（续）/ 放缩公式、函数零点,函数零点问题的三条解题思路
MATH,0050,46,第三章 / 3.3（续）/ 隐零点问题,隐零点的定义
MATH,0050,46,第三章 / 3.3（续）/ 隐零点问题,解决隐零点问题的六条基本思路
MATH,0050,46,第三章 / 3.3（续）/ 隐零点问题,隐零点问题中利用 $f'(x_0)=0$ 的恒等式变形并代入其他式子以消去超越项
MATH,0050,46,第三章 / 3.3（续）/ 隐零点问题,隐零点所在区间的估算方法
MATH,0050,46,第三章 / 3.3（续）/ 隐零点问题,把零点作为主变量、其他变量作为参变量的处理技巧
MATH,0051,47,第三章 / 高考热点 1 三次函数的性质综合,三次函数 $f(x)=ax^3+bx^2+cx+d$ 的导数 $f'(x)=3ax^2+2bx+c$ 与判别式 $\Delta=4(b^2-3ac)$
MATH,0051,47,第三章 / 高考热点 1 三次函数的性质综合,三次函数的单调区间与极值
MATH,0051,47,第三章 / 高考热点 1 三次函数的性质综合,三次函数极值点的个数特征
MATH,0051,47,第三章 / 高考热点 1 三次函数的性质综合,三次函数只有 2 个零点时必有一个零点与极值点重合
MATH,0051,47,第三章 / 高考热点 1 三次函数的性质综合,三次函数图象的中心对称性
MATH,0051,47,第三章 / 高考热点 1 三次函数的性质综合,三次函数图象的轴对称性与 $f'(x)$ 的最值点
MATH,0051,47,第三章 / 高考热点 1 三次函数的性质综合,一元三次方程根的个数判据
MATH,0052,48,第三章 / 高考热点 1（续）/ 三次函数的四类问题,三次函数四类问题的划分（图象与性质、极（最）值、零点、切线）
MATH,0052,48,第三章 / 高考热点 1（续）/ 三次函数的四类问题,三次函数中心对称性的应用
MATH,0052,48,第三章 / 高考热点 1（续）/ 三次函数的四类问题,三次函数两个极值点关于对称中心对称
MATH,0052,48,第三章 / 高考热点 1（续）/ 三次函数的四类问题,"""过某点作三条切线""与三次方程有三个实根的等价转化"
MATH,0052,48,第三章 / 高考热点 1（续）/ 三次函数的四类问题,三次函数零点个数的判据
MATH,0053,49,第三章 / 高考热点 2 导数中的构造问题 / 类型1 导数中原函数与导函数的混合构造,导数中构造函数解不等式的关键
MATH,0053,49,第三章 / 高考热点 2 导数中的构造问题 / 类型1 导数中原函数与导函数的混合构造,"十种常见""原函数与导函数混合结构""的构造函数对照表"
MATH,0053,49,第三章 / 高考热点 2 导数中的构造问题 / 类型1 导数中原函数与导函数的混合构造,$xf'(x)\pm nf(x)$ 型构造幂函数
MATH,0053,49,第三章 / 高考热点 2 导数中的构造问题 / 类型1 导数中原函数与导函数的混合构造,$f\pm f'$ 型构造指数函数
MATH,0053,49,第三章 / 高考热点 2 导数中的构造问题 / 类型1 导数中原函数与导函数的混合构造,含三角函数的构造
MATH,0053,49,第三章 / 高考热点 2 导数中的构造问题 / 类型1 导数中原函数与导函数的混合构造,$f'/f$ 型构造对数函数 $\ln f(x)$
MATH,0053,49,第三章 / 高考热点 2 导数中的构造问题 / 类型1 导数中原函数与导函数的混合构造,构造函数的核心思想
MATH,0053,49,第三章 / 高考热点 2 导数中的构造问题 / 类型1 导数中原函数与导函数的混合构造,构造问题按结合初等函数的四种角度划分
MATH,0054,50,第三章 / 高考热点 2（续）/ 类型2 导数中的指对同构问题,四个常见的指对同构模型
MATH,0054,50,第三章 / 高考热点 2（续）/ 类型2 导数中的指对同构问题,同构的核心原理
MATH,0054,50,第三章 / 高考热点 2（续）/ 类型2 导数中的指对同构问题,利用 $x\mathrm{e}^x=\mathrm{e}^{x+\ln x}$ 得到的不等式 $\mathrm{e}^{x+\ln x}\ge x+\ln x+1$ 与 $\ln(x\mathrm{e}^x)\le x\mathrm{e}^x-1$
MATH,0054,50,第三章 / 高考热点 2（续）/ 类型2 导数中的指对同构问题,凑常数、凑参数、凑变量的同构手法
MATH,0054,50,第三章 / 高考热点 2（续）/ 类型2 导数中的指对同构问题,三类典型的同构变形
MATH,0054,50,第三章 / 高考热点 2（续）/ 类型2 导数中的指对同构问题,用 $f(t)=t\mathrm{e}^t$ 或 $f(t)=t+\ln t$ 的单调性脱去函数符号
MATH,0054,50,第三章 / 高考热点 2（续）/ 类型2 导数中的指对同构问题,指对同构问题的三个角度
MATH,0056,52,第三章 / 高考热点 3（续）/ 根与系数关系代换、变量比值代换,根与系数关系代换的思路
MATH,0056,52,第三章 / 高考热点 3（续）/ 根与系数关系代换、变量比值代换,双变量问题的核心思想
MATH,0056,52,第三章 / 高考热点 3（续）/ 根与系数关系代换、变量比值代换,变量比值代换的方法
MATH,0056,52,第三章 / 高考热点 3（续）/ 根与系数关系代换、变量比值代换,令 $t=x_2/x_1$ 或 $x_1/x_2$ 把双变量函数化为关于 $t$ 的单变量函数
MATH,0056,52,第三章 / 高考热点 3（续）/ 根与系数关系代换、变量比值代换,比值代换中新元 $t$ 的取值范围要求
MATH,0056,52,第三章 / 高考热点 3（续）/ 根与系数关系代换、变量比值代换,通过对数平均不等式型结构 $\frac{x_1-x_2}{\ln x_1-\ln x_2}$ 的比值换元
MATH,0056,52,第三章 / 高考热点 3（续）/ 根与系数关系代换、变量比值代换,双变量问题四种类型的处理主线
MATH,0057,53,第三章 / 高考热点 3（续）/ 类型3 极值点偏移,极值点偏移的识别
MATH,0057,53,第三章 / 高考热点 3（续）/ 类型3 极值点偏移,极值点偏移问题的解题核心
MATH,0057,53,第三章 / 高考热点 3（续）/ 类型3 极值点偏移,"""把 $x_1$ 换成 $f$ 值相等的 $x_2$""的转化技巧"
MATH,0057,53,第三章 / 高考热点 3（续）/ 类型3 极值点偏移,两种常见构造形式
MATH,0057,53,第三章 / 高考热点 3（续）/ 类型3 极值点偏移,极值点左偏与右偏的判别与结论形式
MATH,0057,53,第三章 / 高考热点 3（续）/ 类型3 极值点偏移,极值点偏移问题也可用比值代换法证明
MATH,0057,53,第三章 / 高考热点 3（续）/ 类型3 极值点偏移,极值点偏移问题的解题三步
MATH,0059,55,第四章 / 4.1 三角函数的概念、同角三角函数的基本关系及诱导公式,终边相同的角的集合表示
MATH,0059,55,第四章 / 4.1 三角函数的概念、同角三角函数的基本关系及诱导公式,终边关于 $x$ 轴、$y$ 轴对称的两角关系
MATH,0059,55,第四章 / 4.1 三角函数的概念、同角三角函数的基本关系及诱导公式,弧长公式 $l=|\alpha|r$ 与扇形面积公式 $S=\frac{1}{2}lr=\frac{1}{2}|\alpha|r^2$
MATH,0059,55,第四章 / 4.1 三角函数的概念、同角三角函数的基本关系及诱导公式,用单位圆定义三角函数
MATH,0059,55,第四章 / 4.1 三角函数的概念、同角三角函数的基本关系及诱导公式,用终边上任意点的坐标定义三角函数
MATH,0059,55,第四章 / 4.1 三角函数的概念、同角三角函数的基本关系及诱导公式,三角函数值在各象限的符号规律
MATH,0059,55,第四章 / 4.1 三角函数的概念、同角三角函数的基本关系及诱导公式,同角三角函数的平方关系 $\sin^2\alpha+\cos^2\alpha=1$
MATH,0059,55,第四章 / 4.1 三角函数的概念、同角三角函数的基本关系及诱导公式,同角三角函数的商数关系 $\tan\alpha=\sin\alpha/\cos\alpha$
MATH,0059,55,第四章 / 4.1 三角函数的概念、同角三角函数的基本关系及诱导公式,八组诱导公式
MATH,0059,55,第四章 / 4.1 三角函数的概念、同角三角函数的基本关系及诱导公式,诱导公式的总口诀
MATH,0060,56,第四章 / 4.1（续）/ 三角函数定义、同角关系、诱导公式,求角的终边经过某一点的三角函数值的方法
MATH,0060,56,第四章 / 4.1（续）/ 三角函数定义、同角关系、诱导公式,弦切互化的技巧
MATH,0060,56,第四章 / 4.1（续）/ 三角函数定义、同角关系、诱导公式,和（差）积转换公式 $(\sin\alpha\pm\cos\alpha)^2=1\pm2\sin\alpha\cos\alpha$
MATH,0060,56,第四章 / 4.1（续）/ 三角函数定义、同角关系、诱导公式,由 $\sin\alpha\pm\cos\alpha$、$\sin\alpha\cos\alpha$ 等知一求二的方程思想
MATH,0060,56,第四章 / 4.1（续）/ 三角函数定义、同角关系、诱导公式,"""1""的两种三角变换"
MATH,0060,56,第四章 / 4.1（续）/ 三角函数定义、同角关系、诱导公式,利用诱导公式求任意角三角函数值的四步流程
MATH,0061,57,第四章 / 4.2 三角恒等变换,两角和与差的正弦、余弦、正切公式
MATH,0061,57,第四章 / 4.2 三角恒等变换,二倍角公式
MATH,0061,57,第四章 / 4.2 三角恒等变换,半角公式
MATH,0061,57,第四章 / 4.2 三角恒等变换,辅助角公式 $a\sin\alpha+b\cos\alpha=\sqrt{a^2+b^2}\sin(\alpha+\varphi)$ 及 $\varphi$ 的确定
MATH,0061,57,第四章 / 4.2 三角恒等变换,降幂公式
MATH,0061,57,第四章 / 4.2 三角恒等变换,升幂公式
MATH,0061,57,第四章 / 4.2 三角恒等变换,公式的常用变形
MATH,0061,57,第四章 / 4.2 三角恒等变换,万能公式
MATH,0061,57,第四章 / 4.2 三角恒等变换,半角正切的另一种形式
MATH,0062,58,第四章 / 4.2（续）/ 三角函数式的化简、求值,"三角函数式化简的""三看原则"""
MATH,0062,58,第四章 / 4.2（续）/ 三角函数式的化简、求值,化简的具体方法
MATH,0062,58,第四章 / 4.2（续）/ 三角函数式的化简、求值,给角求值的三种常用方法
MATH,0062,58,第四章 / 4.2（续）/ 三角函数式的化简、求值,"给值求值的""变角""技巧（$\alpha=(\alpha+\beta)-\beta$ 等）与角的范围讨论"
MATH,0062,58,第四章 / 4.2（续）/ 三角函数式的化简、求值,给值求角的转化思路
MATH,0063,59,第四章 / 4.3 三角函数的图象与性质,正弦函数、余弦函数图象的五个关键点
MATH,0063,59,第四章 / 4.3 三角函数的图象与性质,用五点法画 $y=A\sin(\omega x+\varphi)$ 简图的五点坐标
MATH,0063,59,第四章 / 4.3 三角函数的图象与性质,振动量的振幅、周期、频率、相位、初相的定义
MATH,0063,59,第四章 / 4.3 三角函数的图象与性质,由 $y=\sin x$ 变换到 $y=A\sin(\omega x+\varphi)$ 的两种途径
MATH,0063,59,第四章 / 4.3 三角函数的图象与性质,两种途径中平移量的差异
MATH,0063,59,第四章 / 4.3 三角函数的图象与性质,正弦、余弦、正切函数的定义域、值域、对称轴、对称中心、周期、单调区间与奇偶性
MATH,0063,59,第四章 / 4.3 三角函数的图象与性质,对称性与周期的三条关系
MATH,0063,59,第四章 / 4.3 三角函数的图象与性质,正切函数在定义域上不单调
MATH,0064,60,第四章 / 4.3（续）/ 三角函数最值的常见形式、由图象求解析式,求三角函数最值的五种常见函数形式
MATH,0064,60,第四章 / 4.3（续）/ 三角函数最值的常见形式、由图象求解析式,一次齐次型用辅助角公式求最值
MATH,0064,60,第四章 / 4.3（续）/ 三角函数最值的常见形式、由图象求解析式,二次齐次型降次整理后用辅助角公式
MATH,0064,60,第四章 / 4.3（续）/ 三角函数最值的常见形式、由图象求解析式,含 $\sin^2x$ 与 $\cos x$ 的函数转化为关于 $\cos x$ 的二次函数
MATH,0064,60,第四章 / 4.3（续）/ 三角函数最值的常见形式、由图象求解析式,对称型用换元 $t=\sin x+\cos x$ 转化为代数问题
MATH,0064,60,第四章 / 4.3（续）/ 三角函数最值的常见形式、由图象求解析式,分式与三角混合型换元后结合图象求最值
MATH,0064,60,第四章 / 4.3（续）/ 三角函数最值的常见形式、由图象求解析式,由 $y=A\sin(\omega x+\varphi)+B$ 的图象求解析式的三步
MATH,0064,60,第四章 / 4.3（续）/ 三角函数最值的常见形式、由图象求解析式,$A=(M-m)/2$、$B=(M+m)/2$ 的求法
MATH,0064,60,第四章 / 4.3（续）/ 三角函数最值的常见形式、由图象求解析式,求 $\varphi$ 时优先选最高点或最低点代入以避免多解
MATH,0065,61,第四章 / 4.3（续）/ 图象变换步骤、三角函数的单调性,三角函数图象变换的三个解题要点
MATH,0065,61,第四章 / 4.3（续）/ 图象变换步骤、三角函数的单调性,求 $y=A\sin(\omega x+\varphi)$ 单调区间的方法
MATH,0065,61,第四章 / 4.3（续）/ 图象变换步骤、三角函数的单调性,$\omega<0$ 时先用诱导公式化为正数的必要性
MATH,0065,61,第四章 / 4.3（续）/ 图象变换步骤、三角函数的单调性,求 $y=A|\sin(\omega x+\varphi)|$ 单调区间用数形结合法
MATH,0065,61,第四章 / 4.3（续）/ 图象变换步骤、三角函数的单调性,根据单调区间求参数的思路
MATH,0065,61,第四章 / 4.3（续）/ 图象变换步骤、三角函数的单调性,正弦型与余弦型函数的递增、递减条件对照
MATH,0066,62,第四章 / 4.3（续）/ 奇偶性、周期性、对称性,正弦型函数为奇函数、偶函数时相位 $\varphi$ 的取值判据
MATH,0066,62,第四章 / 4.3（续）/ 奇偶性、周期性、对称性,余弦型函数为奇函数、偶函数时相位 $\varphi$ 的取值判据
MATH,0066,62,第四章 / 4.3（续）/ 奇偶性、周期性、对称性,"正弦型与余弦型的奇偶性判据互为""对调""的本质"
MATH,0066,62,第四章 / 4.3（续）/ 奇偶性、周期性、对称性,求三角函数周期的步骤
MATH,0066,62,第四章 / 4.3（续）/ 奇偶性、周期性、对称性,正弦型函数图象的对称轴必过最高点或最低点
MATH,0066,62,第四章 / 4.3（续）/ 奇偶性、周期性、对称性,正弦型函数图象的对称中心横坐标必为零点
MATH,0066,62,第四章 / 4.3（续）/ 奇偶性、周期性、对称性,用代入验证 $f(x_0)$ 判断对称轴与对称中心的方法
MATH,0067,63,第四章 / 高考热点 4 三角函数中 $\omega$ 的范围问题,求 $\omega$ 范围的特值法
MATH,0067,63,第四章 / 高考热点 4 三角函数中 $\omega$ 的范围问题,子集法的两种思路
MATH,0067,63,第四章 / 高考热点 4 三角函数中 $\omega$ 的范围问题,用区间包含关系列不等式求 $\omega$ 的方法
MATH,0067,63,第四章 / 高考热点 4 三角函数中 $\omega$ 的范围问题,由对称轴或对称中心建立关于 $\omega$ 的方程
MATH,0067,63,第四章 / 高考热点 4 三角函数中 $\omega$ 的范围问题,相邻对称轴、相邻对称中心、对称轴与对称中心间距与周期（及 $\omega$）的关系
MATH,0067,63,第四章 / 高考热点 4 三角函数中 $\omega$ 的范围问题,两函数图象关于直线对称的条件
MATH,0067,63,第四章 / 高考热点 4 三角函数中 $\omega$ 的范围问题,$\omega$ 范围问题的两条主线
MATH,0068,64,第四章 / 高考热点 4（续）/ 利用零点、极值求 $\omega$ 的范围,用排除法处理 $\omega$ 范围选择题
MATH,0068,64,第四章 / 高考热点 4（续）/ 利用零点、极值求 $\omega$ 的范围,用方程转化法处理零点问题
MATH,0068,64,第四章 / 高考热点 4（续）/ 利用零点、极值求 $\omega$ 的范围,区间限制法的三个步骤
MATH,0068,64,第四章 / 高考热点 4（续）/ 利用零点、极值求 $\omega$ 的范围,"零点个数问题中""是否包含端点""的讨论要求"
MATH,0068,64,第四章 / 高考热点 4（续）/ 利用零点、极值求 $\omega$ 的范围,用数形结合法验证零点与 $\omega$ 的关系
MATH,0068,64,第四章 / 高考热点 4（续）/ 利用零点、极值求 $\omega$ 的范围,正弦、余弦函数最值在对称轴处取得
MATH,0068,64,第四章 / 高考热点 4（续）/ 利用零点、极值求 $\omega$ 的范围,零点与极值点间的水平距离为 $\frac{(2n-1)T}{4}$
MATH,0068,64,第四章 / 高考热点 4（续）/ 利用零点、极值求 $\omega$ 的范围,区间上只有一个最值则该区间比一个周期小；无最值则比半个周期小
MATH,0068,64,第四章 / 高考热点 4（续）/ 利用零点、极值求 $\omega$ 的范围,$\omega$ 范围问题的四种类型与对应的建模方式
MATH,0069,65,第四章 / 4.4 解三角形,正弦定理的表达式 $\frac{a}{\sin A}=\frac{b}{\sin B}=\frac{c}{\sin C}=2R$
MATH,0069,65,第四章 / 4.4 解三角形,正弦定理的变形
MATH,0069,65,第四章 / 4.4 解三角形,余弦定理的三种形式与余弦的求法
MATH,0069,65,第四章 / 4.4 解三角形,已知两边及其中一边的对角（SSA）解三角形的六种情形与解的个数
MATH,0069,65,第四章 / 4.4 解三角形,三角形中大边对大角、大角对大边及 $a>b\iff A>B\iff\sin A>\sin B$
MATH,0069,65,第四章 / 4.4 解三角形,三角形内角的三角恒等式
MATH,0069,65,第四章 / 4.4 解三角形,斜三角形的正切恒等式 $\tan A+\tan B+\tan C=\tan A\tan B\tan C$
MATH,0069,65,第四章 / 4.4 解三角形,三角形中的射影定理
MATH,0069,65,第四章 / 4.4 解三角形,三角形的四种面积公式
MATH,0070,66,第四章 / 4.4（续）/ 实际问题中的常用角、正弦余弦定理求基本量、判断三角形形状,仰角与俯角的定义
MATH,0070,66,第四章 / 4.4（续）/ 实际问题中的常用角、正弦余弦定理求基本量、判断三角形形状,方位角的定义
MATH,0070,66,第四章 / 4.4（续）/ 实际问题中的常用角、正弦余弦定理求基本量、判断三角形形状,坡角的定义
MATH,0070,66,第四章 / 4.4（续）/ 实际问题中的常用角、正弦余弦定理求基本量、判断三角形形状,余弦定理可解的两类问题（两边夹一角；三边）及其解的唯一性
MATH,0070,66,第四章 / 4.4（续）/ 实际问题中的常用角、正弦余弦定理求基本量、判断三角形形状,正弦定理可解的两类问题（两角一边；两边及一边的对角）及解的不唯一性
MATH,0070,66,第四章 / 4.4（续）/ 实际问题中的常用角、正弦余弦定理求基本量、判断三角形形状,解三角形时两定理的分工
MATH,0070,66,第四章 / 4.4（续）/ 实际问题中的常用角、正弦余弦定理求基本量、判断三角形形状,判断三角形形状的两种转化（化边为角；化角为边）与常见结论
MATH,0071,67,第四章 / 4.4（续）/ 三角形形状判断的易错点、解的个数,判断三角形形状的易错点
MATH,0071,67,第四章 / 4.4（续）/ 三角形形状判断的易错点、解的个数,判断形状时需检验解的唯一性并挖掘隐含条件
MATH,0071,67,第四章 / 4.4（续）/ 三角形形状判断的易错点、解的个数,变形中角 $A$、$B$、$C$ 的范围对三角函数值的影响
MATH,0071,67,第四章 / 4.4（续）/ 三角形形状判断的易错点、解的个数,已知两边及一边对角时解的个数判断
MATH,0071,67,第四章 / 4.4（续）/ 三角形形状判断的易错点、解的个数,$\sin B>1$ 无解、$\sin B=1$ 一解、$\sin B<1$ 需讨论
MATH,0071,67,第四章 / 4.4（续）/ 三角形形状判断的易错点、解的个数,"""大边对大角""与""内角和为 180°""在解的多解性判断中的应用"
MATH,0071,67,第四章 / 4.4（续）/ 三角形形状判断的易错点、解的个数,判断解的个数的两种视角（代数法与几何法）及二者的一致性
MATH,0072,68,第四章 / 4.4（续）/ 最值与范围问题、实际应用,三角形最值与范围问题的解题策略
MATH,0072,68,第四章 / 4.4（续）/ 最值与范围问题、实际应用,求解三角形范围问题的注意点
MATH,0072,68,第四章 / 4.4（续）/ 最值与范围问题、实际应用,三角形中的隐含条件
MATH,0072,68,第四章 / 4.4（续）/ 最值与范围问题、实际应用,实际测量问题中求距离与高度的方法
MATH,0072,68,第四章 / 4.4（续）/ 最值与范围问题、实际应用,实际测量问题中求角度的方法
MATH,0072,68,第四章 / 4.4（续）/ 最值与范围问题、实际应用,将实际问题转化为数学问题后综合运用正余弦定理
MATH,0073,69,"第四章 / 高考热点 5 三角形中的""爪型""模型 / 类型1 角平分线模型",角平分线长度公式 $AD=\dfrac{2bc\cos\angle BAD}{b+c}$
MATH,0073,69,"第四章 / 高考热点 5 三角形中的""爪型""模型 / 类型1 角平分线模型",角平分线长度公式的面积法证明
MATH,0073,69,"第四章 / 高考热点 5 三角形中的""爪型""模型 / 类型1 角平分线模型",角平分线定理 $\dfrac{AB}{AC}=\dfrac{BD}{DC}$ 及其证明思路
MATH,0073,69,"第四章 / 高考热点 5 三角形中的""爪型""模型 / 类型1 角平分线模型",角平分线分对边成两段之比等于两邻边之比
MATH,0073,69,"第四章 / 高考热点 5 三角形中的""爪型""模型 / 类型1 角平分线模型","""爪型""三角形按分割线类型（角平分线、中线、高线、任意比值分割）的四种处理方式"
MATH,0073,69,"第四章 / 高考热点 5 三角形中的""爪型""模型 / 类型1 角平分线模型","""爪型""问题的统一思想"
MATH,0074,70,第四章 / 高考热点 5（续）/ 中线模型、高线模型,中线长定理 $AB^2+AC^2=2(BD^2+AD^2)$ 及其推导
MATH,0074,70,第四章 / 高考热点 5（续）/ 中线模型、高线模型,中线长公式 $AD=\frac{1}{2}\sqrt{2b^2+2c^2-a^2}$
MATH,0074,70,第四章 / 高考热点 5（续）/ 中线模型、高线模型,用向量法求中线长
MATH,0074,70,第四章 / 高考热点 5（续）/ 中线模型、高线模型,向量法推广到任意分点
MATH,0074,70,第四章 / 高考热点 5（续）/ 中线模型、高线模型,任意分点情形下 $|\vec{AD}|^2$ 的展开式
MATH,0074,70,第四章 / 高考热点 5（续）/ 中线模型、高线模型,高线模型的两种方法
MATH,0074,70,第四章 / 高考热点 5（续）/ 中线模型、高线模型,"""爪型""三角形三种模型（角平分线、中线、高线）的核心公式对照"
MATH,0076,72,第五章 / 5.1 平面向量的概念、线性运算、基本定理及坐标表示,向量的定义（既有大小又有方向的量）与模
MATH,0076,72,第五章 / 5.1 平面向量的概念、线性运算、基本定理及坐标表示,零向量的定义
MATH,0076,72,第五章 / 5.1 平面向量的概念、线性运算、基本定理及坐标表示,单位向量的定义
MATH,0076,72,第五章 / 5.1 平面向量的概念、线性运算、基本定理及坐标表示,平行向量（共线向量）的定义与规定
MATH,0076,72,第五章 / 5.1 平面向量的概念、线性运算、基本定理及坐标表示,相等向量与相反向量的定义
MATH,0076,72,第五章 / 5.1 平面向量的概念、线性运算、基本定理及坐标表示,向量加法（三角形法则、平行四边形法则）及交换律、结合律
MATH,0076,72,第五章 / 5.1 平面向量的概念、线性运算、基本定理及坐标表示,向量减法的定义（加相反向量）与三角形法则
MATH,0076,72,第五章 / 5.1 平面向量的概念、线性运算、基本定理及坐标表示,数乘的定义、方向规定与三条运算律
MATH,0076,72,第五章 / 5.1 平面向量的概念、线性运算、基本定理及坐标表示,共线向量定理
MATH,0076,72,第五章 / 5.1 平面向量的概念、线性运算、基本定理及坐标表示,平面向量基本定理
MATH,0076,72,第五章 / 5.1 平面向量的概念、线性运算、基本定理及坐标表示,向量的坐标运算
MATH,0076,72,第五章 / 5.1 平面向量的概念、线性运算、基本定理及坐标表示,向量共线的坐标判据 $x_1y_2=x_2y_1$
MATH,0076,72,第五章 / 5.1 平面向量的概念、线性运算、基本定理及坐标表示,相反向量与共线单位向量的坐标表示
MATH,0077,73,第五章 / 5.1（续）/ 向量概念、共线向量定理,解决向量概念问题的两个要点
MATH,0077,73,第五章 / 5.1（续）/ 向量概念、共线向量定理,向量共线的含义
MATH,0077,73,第五章 / 5.1（续）/ 向量概念、共线向量定理,共线向量定理的应用策略
MATH,0077,73,第五章 / 5.1（续）/ 向量概念、共线向量定理,三点共线的四种等价条件
MATH,0077,73,第五章 / 5.1（续）/ 向量概念、共线向量定理,"""系数之和为 1""作为三点共线的判据"
MATH,0077,73,第五章 / 5.1（续）/ 向量概念、共线向量定理,用一组基底表示其他向量的四步方法
MATH,0078,74,第五章 / 5.1（续）/ 平面向量基本定理、坐标运算,应用平面向量基本定理的实质
MATH,0078,74,第五章 / 5.1（续）/ 平面向量基本定理、坐标运算,用基本定理解决问题的一般思路
MATH,0078,74,第五章 / 5.1（续）/ 平面向量基本定理、坐标运算,基底的选择要点
MATH,0078,74,第五章 / 5.1（续）/ 平面向量基本定理、坐标运算,两直线交点型向量表示的解法
MATH,0078,74,第五章 / 5.1（续）/ 平面向量基本定理、坐标运算,求解向量坐标运算问题的三条思路
MATH,0078,74,第五章 / 5.1（续）/ 平面向量基本定理、坐标运算,向量坐标化把几何问题转化为数量运算问题的意义
MATH,0079,75,第五章 / 5.2 平面向量的数量积,平面向量夹角的定义与范围
MATH,0079,75,第五章 / 5.2 平面向量的数量积,夹角为锐角的条件（$\vec a\cdot\vec b>0$ 且不共线）；夹角为钝角的条件
MATH,0079,75,第五章 / 5.2 平面向量的数量积,数量积的定义 $\vec a\cdot\vec b=|\vec a||\vec b|\cos\theta$ 与规定 $\mathbf{0}\cdot\vec a=0$
MATH,0079,75,第五章 / 5.2 平面向量的数量积,数量积的坐标表示 $\vec a\cdot\vec b=x_1x_2+y_1y_2$
MATH,0079,75,第五章 / 5.2 平面向量的数量积,数量积的三条运算律
MATH,0079,75,第五章 / 5.2 平面向量的数量积,数量积的五条性质
MATH,0079,75,第五章 / 5.2 平面向量的数量积,模、垂直、夹角的坐标公式
MATH,0079,75,第五章 / 5.2 平面向量的数量积,极化恒等式 $\vec a\cdot\vec b=\frac{1}{4}[(\vec a+\vec b)^2-(\vec a-\vec b)^2]$ 及其中线形式 $\vec{AB}\cdot\vec{AC}=|\vec{AD}|^2-|\vec{BD}|^2$
MATH,0079,75,第五章 / 5.2 平面向量的数量积,"三角形""四心""的向量条件"
MATH,0079,75,第五章 / 5.2 平面向量的数量积,三角形面积的向量形式 $S=\frac{1}{2}\sqrt{|\vec{AB}|^2|\vec{AC}|^2-(\vec{AB}\cdot\vec{AC})^2}$
MATH,0079,75,第五章 / 5.2 平面向量的数量积,投影向量的定义与计算公式 $\vec{A_1B_1}=|\vec a|\cos\theta\cdot\vec e=\frac{\vec a\cdot\vec b}{|\vec b|}\vec e$
MATH,0080,76,第五章 / 5.2（续）/ 数量积运算、模、夹角、投影向量,解决向量数量积运算问题的三种方法
MATH,0080,76,第五章 / 5.2（续）/ 数量积运算、模、夹角、投影向量,求向量模的公式法
MATH,0080,76,第五章 / 5.2（续）/ 数量积运算、模、夹角、投影向量,求向量模的几何法
MATH,0080,76,第五章 / 5.2（续）/ 数量积运算、模、夹角、投影向量,求向量夹角的定义法与坐标法
MATH,0080,76,第五章 / 5.2（续）/ 数量积运算、模、夹角、投影向量,投影向量的两种表达
MATH,0080,76,第五章 / 5.2（续）/ 数量积运算、模、夹角、投影向量,"""$\vec X$ 在 $\vec Y$ 上的投影向量""公式 $\dfrac{\vec X\cdot\vec Y}{|\vec Y|^2}\vec Y$"
MATH,0080,76,第五章 / 5.2（续）/ 数量积运算、模、夹角、投影向量,投影向量的方向由数量积正负决定
MATH,0081,77,第五章 / 5.3 复数,复数的概念
MATH,0081,77,第五章 / 5.3 复数,复数的分类
MATH,0081,77,第五章 / 5.3 复数,复数相等的充要条件
MATH,0081,77,第五章 / 5.3 复数,复数的模 $|a+bi|=\sqrt{a^2+b^2}$
MATH,0081,77,第五章 / 5.3 复数,共轭复数的概念 $\bar z=a-bi$
MATH,0081,77,第五章 / 5.3 复数,复数的几何意义
MATH,0081,77,第五章 / 5.3 复数,复数的四则运算法则
MATH,0081,77,第五章 / 5.3 复数,复数加减法的几何意义
MATH,0081,77,第五章 / 5.3 复数,常用运算结论
MATH,0081,77,第五章 / 5.3 复数,虚数单位的幂的周期性与求和为零
MATH,0081,77,第五章 / 5.3 复数,模与共轭的性质
MATH,0082,78,第五章 / 5.3（续）/ 复数运算的技巧与几何意义,复数模的平行四边形恒等式 $|z_1+z_2|^2+|z_1-z_2|^2=2|z_1|^2+2|z_2|^2$
MATH,0082,78,第五章 / 5.3（续）/ 复数运算的技巧与几何意义,复数不等式表示的图形
MATH,0082,78,第五章 / 5.3（续）/ 复数运算的技巧与几何意义,复数模的几何意义
MATH,0082,78,第五章 / 5.3（续）/ 复数运算的技巧与几何意义,由模的几何意义识别轨迹
MATH,0082,78,第五章 / 5.3（续）/ 复数运算的技巧与几何意义,复数运算的两条要点
MATH,0082,78,第五章 / 5.3（续）/ 复数运算的技巧与几何意义,复数综合题的第一步
MATH,0082,78,第五章 / 5.3（续）/ 复数运算的技巧与几何意义,由标准形式回答各类问题
MATH,0084,80,第六章 / 6.1 数列的概念及表示,数列与项的定义
MATH,0084,80,第六章 / 6.1 数列的概念及表示,通项公式的定义与两点注意
MATH,0084,80,第六章 / 6.1 数列的概念及表示,递推公式的定义
MATH,0084,80,第六章 / 6.1 数列的概念及表示,前 $n$ 项和 $S_n$ 的定义
MATH,0084,80,第六章 / 6.1 数列的概念及表示,$a_n$ 与 $S_n$ 的分段关系
MATH,0084,80,第六章 / 6.1 数列的概念及表示,数列最大项与最小项的判据
MATH,0084,80,第六章 / 6.1 数列的概念及表示,数列按项的大小关系分类
MATH,0084,80,第六章 / 6.1 数列的概念及表示,数列按项数分类
MATH,0084,80,第六章 / 6.1 数列的概念及表示,数列与函数的关系
MATH,0085,81,第六章 / 6.1（续）/ 数列单调性、最值、通项公式,解决数列单调性问题的三种方法
MATH,0085,81,第六章 / 6.1（续）/ 数列单调性、最值、通项公式,求数列最大项与最小项的两种方法
MATH,0085,81,第六章 / 6.1（续）/ 数列单调性、最值、通项公式,由 $a_n$ 与 $S_n$ 关系求通项的三类题型及其处理
MATH,0085,81,第六章 / 6.1（续）/ 数列单调性、最值、通项公式,由递推关系求通项的五种方法
MATH,0085,81,第六章 / 6.1（续）/ 数列单调性、最值、通项公式,由 $S_n$ 求 $a_n$ 时必须验证 $n=1$ 的纪律
MATH,0086,82,第六章 / 6.1（续）/ 累加法、累乘法、构造法求通项,累加法的原理与适用条件
MATH,0086,82,第六章 / 6.1（续）/ 累加法、累乘法、构造法求通项,累乘法的原理与适用条件
MATH,0086,82,第六章 / 6.1（续）/ 累加法、累乘法、构造法求通项,$a_{n+1}=pa_n+q$ 型用构造法转化为等比数列
MATH,0086,82,第六章 / 6.1（续）/ 累加法、累乘法、构造法求通项,$a_{n+1}=pa_n+q^n$ 型两边同除以 $q^{n+1}$ 化为 $b_{n+1}=\frac{p}{q}b_n+\frac{1}{q}$
MATH,0086,82,第六章 / 6.1（续）/ 累加法、累乘法、构造法求通项,$a_{n+1}=ka_n+pn+q$ 型构造 ${a_n+cn+d}$ 为等比数列
MATH,0086,82,第六章 / 6.1（续）/ 累加法、累乘法、构造法求通项,分式型递推 $a_n=\frac{ma_{n-1}}{k(a_{n-1}+b)}$ 用取倒数法化为 $b_{n+1}=pb_n+q$ 型
MATH,0086,82,第六章 / 6.1（续）/ 累加法、累乘法、构造法求通项,递推公式求通项的六种形式与方法对照
MATH,0087,83,第六章 / 6.2 等差数列,等差数列的定义
MATH,0087,83,第六章 / 6.2 等差数列,公差 $d$ 的符号表示
MATH,0087,83,第六章 / 6.2 等差数列,等差中项的定义 $A=\frac{a+b}{2}$
MATH,0087,83,第六章 / 6.2 等差数列,通项公式 $a_n=a_1+(n-1)d$ 与推广式 $a_n=a_m+(n-m)d$
MATH,0087,83,第六章 / 6.2 等差数列,前 $n$ 项和的两个公式
MATH,0087,83,第六章 / 6.2 等差数列,等差数列项的性质
MATH,0087,83,第六章 / 6.2 等差数列,前 $n$ 项和的性质
MATH,0087,83,第六章 / 6.2 等差数列,奇偶项性质
MATH,0087,83,第六章 / 6.2 等差数列,等差数列的函数特性
MATH,0088,84,第六章 / 6.2（续）/ 基本量运算、等差数列的判定与证明,等差数列基本量运算的四种常见类型
MATH,0088,84,第六章 / 6.2（续）/ 基本量运算、等差数列的判定与证明,$a_1$ 与 $d$ 作为等差数列的两个基本元素
MATH,0088,84,第六章 / 6.2（续）/ 基本量运算、等差数列的判定与证明,基本量运算中的方程思想
MATH,0088,84,第六章 / 6.2（续）/ 基本量运算、等差数列的判定与证明,等差数列判定的定义法
MATH,0088,84,第六章 / 6.2（续）/ 基本量运算、等差数列的判定与证明,等差数列判定的等差中项法
MATH,0088,84,第六章 / 6.2（续）/ 基本量运算、等差数列的判定与证明,等差数列判定的通项公式法
MATH,0088,84,第六章 / 6.2（续）/ 基本量运算、等差数列的判定与证明,等差数列判定的前 $n$ 项和公式法
MATH,0088,84,第六章 / 6.2（续）/ 基本量运算、等差数列的判定与证明,四种判定方法的适用情形与选择
MATH,0089,85,第六章 / 6.2（续）/ 前 $n$ 项和最值、等差数列的性质,求等差数列前 $n$ 项和最值的函数法
MATH,0089,85,第六章 / 6.2（续）/ 前 $n$ 项和最值、等差数列的性质,求等差数列前 $n$ 项和最值的通项公式法
MATH,0089,85,第六章 / 6.2（续）/ 前 $n$ 项和最值、等差数列的性质,等差数列下标和相等的性质
MATH,0089,85,第六章 / 6.2（续）/ 前 $n$ 项和最值、等差数列的性质,等差中项与下标二倍关系的应用
MATH,0089,85,第六章 / 6.2（续）/ 前 $n$ 项和最值、等差数列的性质,等差数列前 $n$ 项和的分段等差性
MATH,0089,85,第六章 / 6.2（续）/ 前 $n$ 项和最值、等差数列的性质,$\{S_n/n\}$ 是公差为 $d/2$ 的等差数列
MATH,0089,85,第六章 / 6.2（续）/ 前 $n$ 项和最值、等差数列的性质,两项之比与前 $2n-1$ 项和之比的关系 $\frac{a_n}{b_n}=\frac{S_{2n-1}}{T_{2n-1}}$
MATH,0090,86,第六章 / 6.3 等比数列,等比数列的定义
MATH,0090,86,第六章 / 6.3 等比数列,公比 $q$ 的符号表示（$q\ne0$）与 $a_{n+1}/a_n=q$
MATH,0090,86,第六章 / 6.3 等比数列,等比中项的定义 $G^2=ab$
MATH,0090,86,第六章 / 6.3 等比数列,通项公式 $a_n=a_1q^{n-1}$ 与推广式 $a_n=a_mq^{n-m}$
MATH,0090,86,第六章 / 6.3 等比数列,前 $n$ 项和公式
MATH,0090,86,第六章 / 6.3 等比数列,等比数列项的性质
MATH,0090,86,第六章 / 6.3 等比数列,等间隔抽取的子数列仍成等比数列
MATH,0090,86,第六章 / 6.3 等比数列,前 $n$ 项和的分段等比性
MATH,0090,86,第六章 / 6.3 等比数列,前 $n$ 项积的等比性质
MATH,0090,86,第六章 / 6.3 等比数列,奇偶项和之比与公比的关系
MATH,0090,86,第六章 / 6.3 等比数列,等比数列的单调性判据
MATH,0090,86,第六章 / 6.3 等比数列,前 $n$ 项和形如 $k-kq^n$ 是等比数列的充要条件
MATH,0091,87,第六章 / 6.3（续）/ 基本量运算、等比数列的判定与证明,等比数列基本量运算的方程思想
MATH,0091,87,第六章 / 6.3（续）/ 基本量运算、等比数列的判定与证明,等比数列求和需对公比 $q=1$ 与 $q\ne1$ 分类讨论
MATH,0091,87,第六章 / 6.3（续）/ 基本量运算、等比数列的判定与证明,等比数列判定的定义法
MATH,0091,87,第六章 / 6.3（续）/ 基本量运算、等比数列的判定与证明,等比数列判定的等比中项法
MATH,0091,87,第六章 / 6.3（续）/ 基本量运算、等比数列的判定与证明,等比数列判定的通项公式法
MATH,0091,87,第六章 / 6.3（续）/ 基本量运算、等比数列的判定与证明,等比数列判定的前 $n$ 项和公式法
MATH,0091,87,第六章 / 6.3（续）/ 基本量运算、等比数列的判定与证明,"四种判定方法在""证明""与""判定""上的适用区别"
MATH,0091,87,第六章 / 6.3（续）/ 基本量运算、等比数列的判定与证明,证明数列不是等比数列的方法
MATH,0091,87,第六章 / 6.3（续）/ 基本量运算、等比数列的判定与证明,等差与等比数列四种判定方法的对照
MATH,0092,88,第六章 / 6.3（续）/ 等比数列的性质应用,等比数列下标和相等的性质
MATH,0092,88,第六章 / 6.3（续）/ 等比数列的性质应用,用下标和性质减少运算量的方法
MATH,0092,88,第六章 / 6.3（续）/ 等比数列的性质应用,等差与等比数列在下标和性质上的对照
MATH,0092,88,第六章 / 6.3（续）/ 等比数列的性质应用,等比数列隐含条件的挖掘
MATH,0092,88,第六章 / 6.3（续）/ 等比数列的性质应用,由奇数项和与偶数项和求公比的方法
MATH,0092,88,第六章 / 6.3（续）/ 等比数列的性质应用,由前 $n$ 项和的分段关系求值的方法
MATH,0093,89,第六章 / 6.4 数列求和 / 考点1 错位相减法求和,错位相减法求和的五步流程
MATH,0093,89,第六章 / 6.4 数列求和 / 考点1 错位相减法求和,等差乘等比型数列前 $n$ 项和的通式结构 $S_n=(An+B)q^n-B$
MATH,0093,89,第六章 / 6.4 数列求和 / 考点1 错位相减法求和,"错位相减中""错项对齐""的操作要求"
MATH,0093,89,第六章 / 6.4 数列求和 / 考点1 错位相减法求和,错位相减后中间部分为等比数列（共 $n-1$ 项）的求和注意点
MATH,0093,89,第六章 / 6.4 数列求和 / 考点1 错位相减法求和,裂项相消法的基本思想
MATH,0093,89,第六章 / 6.4 数列求和 / 考点1 错位相减法求和,常见裂项形式
MATH,0093,89,第六章 / 6.4 数列求和 / 考点1 错位相减法求和,裂项时按分母两因式之差的倒数配系数的规则
MATH,0094,90,第六章 / 6.4（续）/ 裂项相消法,裂项相消法求和的三个基本步骤
MATH,0094,90,第六章 / 6.4（续）/ 裂项相消法,等差型裂项的四条公式
MATH,0094,90,第六章 / 6.4（续）/ 裂项相消法,根式型裂项的三条公式
MATH,0094,90,第六章 / 6.4（续）/ 裂项相消法,指数型裂项的三条公式
MATH,0094,90,第六章 / 6.4（续）/ 裂项相消法,裂项相加型的两条公式
MATH,0094,90,第六章 / 6.4（续）/ 裂项相消法,其他裂项形式
MATH,0094,90,第六章 / 6.4（续）/ 裂项相消法,"裂项相消中""配系数 = 分母两因式之差的倒数""的规则"
MATH,0095,91,第六章 / 6.4（续）/ 考点3 分组、并项法求和,分组转化法求和的适用类型
MATH,0095,91,第六章 / 6.4（续）/ 考点3 分组、并项法求和,分组转化法求和的实现
MATH,0095,91,第六章 / 6.4（续）/ 考点3 分组、并项法求和,并项法求和的适用类型
MATH,0095,91,第六章 / 6.4（续）/ 考点3 分组、并项法求和,并项法的操作
MATH,0095,91,第六章 / 6.4（续）/ 考点3 分组、并项法求和,并项法中对 $n$ 的奇偶分类讨论的必要性
MATH,0095,91,第六章 / 6.4（续）/ 考点3 分组、并项法求和,数列求和的六种方法体系
MATH,0095,91,第六章 / 6.4（续）/ 考点3 分组、并项法求和,由通项结构选择求和方法的决策流程
MATH,0096,92,第六章 / 高考热点 6 数列的综合 / 类型1 数列与不等式的综合,判断数列中不等关系的三种方法
MATH,0096,92,第六章 / 高考热点 6 数列的综合 / 类型1 数列与不等式的综合,数列中不等式恒成立问题的转化
MATH,0096,92,第六章 / 高考热点 6 数列的综合 / 类型1 数列与不等式的综合,数列不等式的证明方法
MATH,0096,92,第六章 / 高考热点 6 数列的综合 / 类型1 数列与不等式的综合,六条常见放缩公式
MATH,0096,92,第六章 / 高考热点 6 数列的综合 / 类型1 数列与不等式的综合,放缩方向的确定
MATH,0096,92,第六章 / 高考热点 6 数列的综合 / 类型1 数列与不等式的综合,放缩后需可求和
MATH,0096,92,第六章 / 高考热点 6 数列的综合 / 类型1 数列与不等式的综合,数列与函数的内在联系（通项与前 $n$ 项和都是关于 $n$ 的函数）与函数思想的应用
MATH,0096,92,第六章 / 高考热点 6 数列的综合 / 类型1 数列与不等式的综合,数列单调性与对应函数单调性的区别
MATH,0097,93,第六章 / 高考热点 6（续）/ 类型3 数列的创新题,数列新定义题的解题要点
MATH,0097,93,第六章 / 高考热点 6（续）/ 类型3 数列的创新题,数列与其他板块的交汇类型
MATH,0097,93,第六章 / 高考热点 6（续）/ 类型3 数列的创新题,新定义数列题的通用解法四步
MATH,0097,93,第六章 / 高考热点 6（续）/ 类型3 数列的创新题,"""(i,j)-可分数列""类问题的处理思路"
MATH,0097,93,第六章 / 高考热点 6（续）/ 类型3 数列的创新题,数列综合题的答题规范
MATH,0099,95,第七章 / 7.1 空间几何体的结构特征、表面积与体积,棱柱、棱锥、棱台的底面、侧棱、侧面形状的结构特征
MATH,0099,95,第七章 / 7.1 空间几何体的结构特征、表面积与体积,台体是由锥体截得的
MATH,0099,95,第七章 / 7.1 空间几何体的结构特征、表面积与体积,圆柱、圆锥、圆台、球的母线、轴截面、侧面展开图特征
MATH,0099,95,第七章 / 7.1 空间几何体的结构特征、表面积与体积,球面不能展开；球的截面是圆面
MATH,0099,95,第七章 / 7.1 空间几何体的结构特征、表面积与体积,球心与不过球心的截面圆心的连线垂直于截面
MATH,0099,95,第七章 / 7.1 空间几何体的结构特征、表面积与体积,球心到截面的距离、球的半径与截面半径的关系 $r=\sqrt{R^2-d^2}$
MATH,0099,95,第七章 / 7.1 空间几何体的结构特征、表面积与体积,"斜二测画法的""三变""（坐标轴夹角改变、$y$ 轴平行线段减半、图形改变）与""三不变"""
MATH,0099,95,第七章 / 7.1 空间几何体的结构特征、表面积与体积,斜二测画法中直观图与原图形的面积比 $\frac{\sqrt2}{4}$
MATH,0099,95,第七章 / 7.1 空间几何体的结构特征、表面积与体积,圆柱、圆锥、圆台的侧面积公式
MATH,0099,95,第七章 / 7.1 空间几何体的结构特征、表面积与体积,柱体、锥体、台体、球的表面积与体积公式
MATH,0099,95,第七章 / 7.1 空间几何体的结构特征、表面积与体积,体积公式的统一性
MATH,0100,96,第七章 / 7.1（续）/ 结构特征识辨、直观图、展开图,斜二测画法的关键点处理
MATH,0100,96,第七章 / 7.1（续）/ 结构特征识辨、直观图、展开图,空间曲线（段）最短问题的解法
MATH,0100,96,第七章 / 7.1（续）/ 结构特征识辨、直观图、展开图,最短路径问题的三步
MATH,0100,96,第七章 / 7.1（续）/ 结构特征识辨、直观图、展开图,棱台判定的完整条件
MATH,0100,96,第七章 / 7.1（续）/ 结构特征识辨、直观图、展开图,锥体截得台体的前提
MATH,0100,96,第七章 / 7.1（续）/ 结构特征识辨、直观图、展开图,圆锥形成的条件
MATH,0100,96,第七章 / 7.1（续）/ 结构特征识辨、直观图、展开图,棱锥判定的完整条件
MATH,0100,96,第七章 / 7.1（续）/ 结构特征识辨、直观图、展开图,球由不共线三点唯一确定的条件
MATH,0101,97,第七章 / 7.1（续）/ 表面积与体积,求空间几何体表面积的三种方法
MATH,0101,97,第七章 / 7.1（续）/ 表面积与体积,"组合体表面积计算的""不重不漏""原则"
MATH,0101,97,第七章 / 7.1（续）/ 表面积与体积,求空间几何体体积的三种方法
MATH,0101,97,第七章 / 7.1（续）/ 表面积与体积,等体积法求点到平面的距离
MATH,0101,97,第七章 / 7.1（续）/ 表面积与体积,割补法处理不规则多面体体积的思路
MATH,0101,97,第七章 / 7.1（续）/ 表面积与体积,各常见几何体的侧面积、表面积与体积公式
MATH,0102,98,第七章 / 高考热点 7 球的接、切问题 / 类型1 几何体的外接球,正方体外接球与棱长的关系
MATH,0102,98,第七章 / 高考热点 7 球的接、切问题 / 类型1 几何体的外接球,长方体外接球与长宽高的关系
MATH,0102,98,第七章 / 高考热点 7 球的接、切问题 / 类型1 几何体的外接球,补形法的三种模型
MATH,0102,98,第七章 / 高考热点 7 球的接、切问题 / 类型1 几何体的外接球,双面定球心法
MATH,0102,98,第七章 / 高考热点 7 球的接、切问题 / 类型1 几何体的外接球,"球心到各顶点距离相等与""垂线交点定球心""的原理"
MATH,0102,98,第七章 / 高考热点 7 球的接、切问题 / 类型1 几何体的外接球,内切球的等体积法
MATH,0102,98,第七章 / 高考热点 7 球的接、切问题 / 类型1 几何体的外接球,内切球的轴截面法
MATH,0103,99,第七章 / 高考热点 7（续）/ 棱切球、叠切球,棱切球的定义（与几何体每条棱都相切）与存在条件
MATH,0103,99,第七章 / 高考热点 7（续）/ 棱切球、叠切球,正四面体棱切球半径 $r=\frac{\sqrt2}{4}a$
MATH,0103,99,第七章 / 高考热点 7（续）/ 棱切球、叠切球,正方体棱切球半径 $r=\frac{a}{\sqrt2}$
MATH,0103,99,第七章 / 高考热点 7（续）/ 棱切球、叠切球,直棱柱棱切球的球心位置与半径公式 $r^2=r_底^2+(h/2)^2$
MATH,0103,99,第七章 / 高考热点 7（续）/ 棱切球、叠切球,外接球、内切球、棱切球三者的区别
MATH,0103,99,第七章 / 高考热点 7（续）/ 棱切球、叠切球,叠切球问题的两种思路
MATH,0103,99,第七章 / 高考热点 7（续）/ 棱切球、叠切球,4 个相同球两两外切可构造正四面体
MATH,0103,99,第七章 / 高考热点 7（续）/ 棱切球、叠切球,球的接切问题的方法体系
MATH,0104,100,第七章 / 7.2 空间点、线、面的位置关系,基本事实 1（不共线三点确定一个平面）及其符号语言
MATH,0104,100,第七章 / 7.2 空间点、线、面的位置关系,基本事实 2
MATH,0104,100,第七章 / 7.2 空间点、线、面的位置关系,基本事实 3
MATH,0104,100,第七章 / 7.2 空间点、线、面的位置关系,三点共线时不能确定平面的原因
MATH,0104,100,第七章 / 7.2 空间点、线、面的位置关系,确定平面的三个推论
MATH,0104,100,第七章 / 7.2 空间点、线、面的位置关系,空间直线与直线的三种位置关系
MATH,0104,100,第七章 / 7.2 空间点、线、面的位置关系,空间直线与平面的三种位置关系
MATH,0104,100,第七章 / 7.2 空间点、线、面的位置关系,空间平面与平面的两种位置关系
MATH,0104,100,第七章 / 7.2 空间点、线、面的位置关系,基本事实 4
MATH,0104,100,第七章 / 7.2 空间点、线、面的位置关系,"等角定理（两组对应边分别平行的两角相等或互补）及""相等或互补""的判别"
MATH,0104,100,第七章 / 7.2 空间点、线、面的位置关系,"异面直线所成角的定义（过任一点作平行线所成的角）与取值范围 $(0,\frac{\pi}{2}]$"
MATH,0105,101,第七章 / 7.2（续）/ 位置关系判定、异面直线所成角,空间点、线、面位置关系判定的四种方法
MATH,0105,101,第七章 / 7.2（续）/ 位置关系判定、异面直线所成角,长方体模型在位置关系命题真假判断中的作用
MATH,0105,101,第七章 / 7.2（续）/ 位置关系判定、异面直线所成角,用平移法求异面直线所成角的三步
MATH,0105,101,第七章 / 7.2（续）/ 位置关系判定、异面直线所成角,平移时常用的作平行线位置
MATH,0105,101,第七章 / 7.2（续）/ 位置关系判定、异面直线所成角,解三角形求角后必须检验是所成角还是其补角
MATH,0105,101,第七章 / 7.2（续）/ 位置关系判定、异面直线所成角,异面直线所成角的其他求法
MATH,0105,101,第七章 / 7.2（续）/ 位置关系判定、异面直线所成角,向量法求异面直线所成角的公式 $\cos\theta=\frac{|\vec a\cdot\vec b|}{|\vec a||\vec b|}$
MATH,0106,102,第七章 / 7.3 直线、平面平行的判定与性质,线面平行的判定定理
MATH,0106,102,第七章 / 7.3 直线、平面平行的判定与性质,线面平行的性质定理
MATH,0106,102,第七章 / 7.3 直线、平面平行的判定与性质,面面平行的判定定理
MATH,0106,102,第七章 / 7.3 直线、平面平行的判定与性质,面面平行的性质定理
MATH,0106,102,第七章 / 7.3 直线、平面平行的判定与性质,面面平行判定定理的推论
MATH,0106,102,第七章 / 7.3 直线、平面平行的判定与性质,平行关系的判定与性质链条
MATH,0107,103,第七章 / 7.3（续）/ 线面平行与面面平行的证明方法,证明线面平行的三种方法
MATH,0107,103,第七章 / 7.3（续）/ 线面平行与面面平行的证明方法,在平面内找平行线的三种常用手段
MATH,0107,103,第七章 / 7.3（续）/ 线面平行与面面平行的证明方法,证明面面平行的四种方法
MATH,0107,103,第七章 / 7.3（续）/ 线面平行与面面平行的证明方法,"""垂直于同一直线的两个平面平行""的运用"
MATH,0107,103,第七章 / 7.3（续）/ 线面平行与面面平行的证明方法,三种平行关系（线线、线面、面面）的证明策略对照
MATH,0108,104,第七章 / 7.4 直线、平面垂直的判定与性质,线面垂直的判定定理
MATH,0108,104,第七章 / 7.4 直线、平面垂直的判定与性质,线面垂直判定的平行推论
MATH,0108,104,第七章 / 7.4 直线、平面垂直的判定与性质,线面垂直的性质定理
MATH,0108,104,第七章 / 7.4 直线、平面垂直的判定与性质,线面垂直性质定理的推论
MATH,0108,104,第七章 / 7.4 直线、平面垂直的判定与性质,直线与平面所成的角
MATH,0108,104,第七章 / 7.4 直线、平面垂直的判定与性质,直线与平面所成角的取值范围
MATH,0108,104,第七章 / 7.4 直线、平面垂直的判定与性质,最小角定理
MATH,0108,104,第七章 / 7.4 直线、平面垂直的判定与性质,二面角
MATH,0108,104,第七章 / 7.4 直线、平面垂直的判定与性质,二面角的平面角
MATH,0108,104,第七章 / 7.4 直线、平面垂直的判定与性质,直二面角
MATH,0108,104,第七章 / 7.4 直线、平面垂直的判定与性质,二面角的取值范围
MATH,0108,104,第七章 / 7.4 直线、平面垂直的判定与性质,面面垂直的判定定理
MATH,0108,104,第七章 / 7.4 直线、平面垂直的判定与性质,面面垂直的判定
MATH,0108,104,第七章 / 7.4 直线、平面垂直的判定与性质,面面垂直的性质定理
MATH,0108,104,第七章 / 7.4 直线、平面垂直的判定与性质,面面垂直性质的推论
MATH,0108,104,第七章 / 7.4 直线、平面垂直的判定与性质,三垂线定理
MATH,0108,104,第七章 / 7.4 直线、平面垂直的判定与性质,三垂线定理的逆定理
MATH,0108,104,第七章 / 7.4 直线、平面垂直的判定与性质,空间平行与垂直关系的转化
MATH,0109,105,第七章 / 7.4 直线、平面垂直的判定与性质,判定直线与平面垂直的五条路径
MATH,0110,106,第七章 / 7.4 直线、平面垂直的判定与性质,判定平面与平面垂直的三条路径
MATH,0111,107,第七章 / 高考热点 8 截面与翻折问题,多面体中寻找截面的四种方法
MATH,0111,107,第七章 / 高考热点 8 截面与翻折问题,正方体中常见的截面模型
MATH,0111,107,第七章 / 高考热点 8 截面与翻折问题,翻折问题的不变量
MATH,0111,107,第七章 / 高考热点 8 截面与翻折问题,翻折问题的不变量
MATH,0111,107,第七章 / 高考热点 8 截面与翻折问题,翻折问题的不变量
MATH,0112,108,第七章 / 高考热点 8 截面与翻折问题,翻折问题的处理策略
MATH,0113,109,第七章 / 7.5 空间角与空间距离、空间向量及其应用,共线向量（平行向量）的概念
MATH,0113,109,第七章 / 7.5 空间角与空间距离、空间向量及其应用,共面向量的概念
MATH,0113,109,第七章 / 7.5 空间角与空间距离、空间向量及其应用,共线向量定理
MATH,0113,109,第七章 / 7.5 空间角与空间距离、空间向量及其应用,共面向量定理
MATH,0113,109,第七章 / 7.5 空间角与空间距离、空间向量及其应用,空间向量基本定理
MATH,0113,109,第七章 / 7.5 空间角与空间距离、空间向量及其应用,空间向量基本定理的推论
MATH,0113,109,第七章 / 7.5 空间角与空间距离、空间向量及其应用,空间向量数量积的定义与模长公式
MATH,0113,109,第七章 / 7.5 空间角与空间距离、空间向量及其应用,空间向量垂直的充要条件
MATH,0113,109,第七章 / 7.5 空间角与空间距离、空间向量及其应用,空间向量坐标运算
MATH,0113,109,第七章 / 7.5 空间角与空间距离、空间向量及其应用,空间向量共线的坐标判据
MATH,0113,109,第七章 / 7.5 空间角与空间距离、空间向量及其应用,空间向量垂直的坐标判据
MATH,0113,109,第七章 / 7.5 空间角与空间距离、空间向量及其应用,空间向量夹角的坐标公式
MATH,0113,109,第七章 / 7.5 空间角与空间距离、空间向量及其应用,用向量法判断线线、线面、面面的平行关系
MATH,0113,109,第七章 / 7.5 空间角与空间距离、空间向量及其应用,用向量法判断线线、线面、面面的垂直关系
MATH,0113,109,第七章 / 7.5 空间角与空间距离、空间向量及其应用,异面直线所成角的向量公式与取值范围
MATH,0113,109,第七章 / 7.5 空间角与空间距离、空间向量及其应用,直线与平面所成角的向量公式与取值范围
MATH,0113,109,第七章 / 7.5 空间角与空间距离、空间向量及其应用,平面与平面夹角的向量公式与取值范围
MATH,0113,109,第七章 / 7.5 空间角与空间距离、空间向量及其应用,二面角的平面角的向量公式与取值范围
MATH,0113,109,第七章 / 7.5 空间角与空间距离、空间向量及其应用,二面角余弦值的正负需由图形实际确定
MATH,0114,110,第七章 / 7.5 空间角与空间距离、空间向量及其应用,点到直线的距离公式
MATH,0114,110,第七章 / 7.5 空间角与空间距离、空间向量及其应用,点到平面的距离公式
MATH,0114,110,第七章 / 7.5 空间角与空间距离、空间向量及其应用,空间距离的转化原则
MATH,0114,110,第七章 / 7.5 空间角与空间距离、空间向量及其应用,用向量法求异面直线所成角的步骤
MATH,0114,110,第七章 / 7.5 空间角与空间距离、空间向量及其应用,异面直线所成角的余弦等于方向向量夹角余弦的绝对值
MATH,0115,111,第七章 / 7.5 空间角与空间距离、空间向量及其应用,求直线与平面所成角的定义法
MATH,0115,111,第七章 / 7.5 空间角与空间距离、空间向量及其应用,求直线与平面所成角的向量公式
MATH,0115,111,第七章 / 7.5 空间角与空间距离、空间向量及其应用,求二面角或平面与平面所成角的定义法
MATH,0115,111,第七章 / 7.5 空间角与空间距离、空间向量及其应用,求二面角或平面与平面所成角的向量法步骤
MATH,0115,111,第七章 / 7.5 空间角与空间距离、空间向量及其应用,二面角余弦值的正负须由图形判断
MATH,0116,112,第七章 / 7.5 空间角与空间距离、空间向量及其应用 · 考点 2 空间距离,求点到直线距离的三种方法
MATH,0117,113,第七章 / 7.5 空间角与空间距离、空间向量及其应用 · 考点 2 空间距离,求点到平面距离的向量法
MATH,0117,113,第七章 / 7.5 空间角与空间距离、空间向量及其应用 · 考点 2 空间距离,点到平面距离公式兼作异面直线间距离的求法
MATH,0117,113,第七章 / 7.5 空间角与空间距离、空间向量及其应用 · 考点 2 空间距离,求点到平面距离的等体积转换法
MATH,0118,114,第七章 / 高考热点 9 立体几何中的存在和动态问题 · 类型 1 存在性问题的探索,立体几何存在性问题的解题范式
MATH,0118,114,第七章 / 高考热点 9 立体几何中的存在和动态问题 · 类型 1 存在性问题的探索,存在性问题的几何法
MATH,0118,114,第七章 / 高考热点 9 立体几何中的存在和动态问题 · 类型 1 存在性问题的探索,存在性问题的代数法四步骤
MATH,0118,114,第七章 / 高考热点 9 立体几何中的存在和动态问题 · 类型 1 存在性问题的探索,用向量夹角余弦公式建立含参方程判定点是否存在
MATH,0118,114,第七章 / 高考热点 9 立体几何中的存在和动态问题 · 类型 1 存在性问题的探索,"参数范围（如 $t\in[0,1]$）与""点在线段上""的对应关系"
MATH,0119,115,第七章 / 高考热点 9 立体几何中的存在和动态问题 · 类型 2 动态问题的探索,立体几何动态问题的处理思路
MATH,0119,115,第七章 / 高考热点 9 立体几何中的存在和动态问题 · 类型 2 动态问题的探索,动点轨迹的三个分析角度
MATH,0119,115,第七章 / 高考热点 9 立体几何中的存在和动态问题 · 类型 2 动态问题的探索,动态平行模型求轨迹
MATH,0119,115,第七章 / 高考热点 9 立体几何中的存在和动态问题 · 类型 2 动态问题的探索,动态垂直模型求轨迹
MATH,0119,115,第七章 / 高考热点 9 立体几何中的存在和动态问题 · 类型 2 动态问题的探索,到定点距离等于定长的点的轨迹是球面
MATH,0119,115,第七章 / 高考热点 9 立体几何中的存在和动态问题 · 类型 2 动态问题的探索,球面被平面所截得截面圆
MATH,0119,115,第七章 / 高考热点 9 立体几何中的存在和动态问题 · 类型 2 动态问题的探索,以定线段为直径的球面
MATH,0119,115,第七章 / 高考热点 9 立体几何中的存在和动态问题 · 类型 2 动态问题的探索,定直线上的动点用 $\overrightarrow{AP}=\lambda\overrightarrow{AB}$ 参数化后化为代数问题
MATH,0122,118,第八章 平面解析几何 / 8.1 直线和圆,直线倾斜角的定义与规定
MATH,0122,118,第八章 平面解析几何 / 8.1 直线和圆,直线倾斜角的取值范围
MATH,0122,118,第八章 平面解析几何 / 8.1 直线和圆,直线斜率的定义
MATH,0122,118,第八章 平面解析几何 / 8.1 直线和圆,直线斜率的取值范围
MATH,0122,118,第八章 平面解析几何 / 8.1 直线和圆,经过两点的斜率公式
MATH,0122,118,第八章 平面解析几何 / 8.1 直线和圆,直线的方向向量
MATH,0122,118,第八章 平面解析几何 / 8.1 直线和圆,斜率与方向向量坐标的关系
MATH,0122,118,第八章 平面解析几何 / 8.1 直线和圆,直线方程的点斜式、斜截式、两点式、截距式、一般式及其适用范围
MATH,0122,118,第八章 平面解析几何 / 8.1 直线和圆,直线系方程
MATH,0122,118,第八章 平面解析几何 / 8.1 直线和圆,与已知直线平行、垂直的直线系方程
MATH,0122,118,第八章 平面解析几何 / 8.1 直线和圆,过两直线交点的直线系方程
MATH,0122,118,第八章 平面解析几何 / 8.1 直线和圆,直线的参数方程
MATH,0122,118,第八章 平面解析几何 / 8.1 直线和圆,两直线相交、垂直、平行的判定
MATH,0122,118,第八章 平面解析几何 / 8.1 直线和圆,两点间距离公式
MATH,0122,118,第八章 平面解析几何 / 8.1 直线和圆,点到直线的距离公式
MATH,0122,118,第八章 平面解析几何 / 8.1 直线和圆,两平行线间的距离公式
MATH,0123,119,第八章 平面解析几何 / 8.1 直线和圆,圆的标准方程
MATH,0123,119,第八章 平面解析几何 / 8.1 直线和圆,圆的一般方程及其成圆充要条件
MATH,0123,119,第八章 平面解析几何 / 8.1 直线和圆,由一般方程求圆心坐标与半径
MATH,0123,119,第八章 平面解析几何 / 8.1 直线和圆,同心圆系方程
MATH,0123,119,第八章 平面解析几何 / 8.1 直线和圆,阿波罗尼斯圆
MATH,0123,119,第八章 平面解析几何 / 8.1 直线和圆,圆的参数方程
MATH,0123,119,第八章 平面解析几何 / 8.1 直线和圆,直线与圆位置关系的代数判据
MATH,0123,119,第八章 平面解析几何 / 8.1 直线和圆,直线与圆位置关系的几何判据
MATH,0123,119,第八章 平面解析几何 / 8.1 直线和圆,过圆上一点的切线方程
MATH,0123,119,第八章 平面解析几何 / 8.1 直线和圆,过圆外一点的切点弦方程与切线长公式
MATH,0123,119,第八章 平面解析几何 / 8.1 直线和圆,一般式圆外一点的切线长公式
MATH,0123,119,第八章 平面解析几何 / 8.1 直线和圆,直线与圆相交的弦长公式
MATH,0123,119,第八章 平面解析几何 / 8.1 直线和圆,圆与圆五种位置关系的判据与公切线条数
MATH,0123,119,第八章 平面解析几何 / 8.1 直线和圆,两圆相交时公共弦所在直线的方程
MATH,0124,120,第八章 平面解析几何 / 8.1 直线和圆,由斜率范围求倾斜角范围时须分两段讨论
MATH,0124,120,第八章 平面解析几何 / 8.1 直线和圆,求直线方程的两种方法
MATH,0124,120,第八章 平面解析几何 / 8.1 直线和圆,求直线方程时须先讨论斜率不存在与截距为零的情形
MATH,0124,120,第八章 平面解析几何 / 8.1 直线和圆,求圆的方程的两种方法
MATH,0124,120,第八章 平面解析几何 / 8.1 直线和圆,已知圆心半径信息时设标准方程、已知圆上点坐标时设一般方程
MATH,0125,121,第八章 平面解析几何 / 8.1 直线和圆 · 考点 2 直线和圆、圆和圆的位置关系,判断直线与圆位置关系的几何法优先原则
MATH,0125,121,第八章 平面解析几何 / 8.1 直线和圆 · 考点 2 直线和圆、圆和圆的位置关系,含参直线过定点时可转化为点与圆的位置关系判断
MATH,0125,121,第八章 平面解析几何 / 8.1 直线和圆 · 考点 2 直线和圆、圆和圆的位置关系,判断两圆位置关系用圆心距与半径和差比较
MATH,0125,121,第八章 平面解析几何 / 8.1 直线和圆 · 考点 2 直线和圆、圆和圆的位置关系,两圆公共弦所在直线方程由两圆方程作差得到
MATH,0125,121,第八章 平面解析几何 / 8.1 直线和圆 · 考点 2 直线和圆、圆和圆的位置关系,两圆公共弦长的求法
MATH,0125,121,第八章 平面解析几何 / 8.1 直线和圆 · 考点 2 直线和圆、圆和圆的位置关系,过圆上一点的切线斜率求法
MATH,0125,121,第八章 平面解析几何 / 8.1 直线和圆 · 考点 2 直线和圆、圆和圆的位置关系,过圆外一点求切线方程的两步法及遗漏斜率不存在情形的补全
MATH,0125,121,第八章 平面解析几何 / 8.1 直线和圆 · 考点 2 直线和圆、圆和圆的位置关系,过圆外一点的切线有两条
MATH,0126,122,第八章 平面解析几何 / 8.1 直线和圆 · 角度 4~6,直线被圆截得弦长的两种求法
MATH,0126,122,第八章 平面解析几何 / 8.1 直线和圆 · 角度 4~6,中点坐标公式在中心对称中的应用
MATH,0126,122,第八章 平面解析几何 / 8.1 直线和圆 · 角度 4~6,直线关于点对称转化为点关于点对称
MATH,0126,122,第八章 平面解析几何 / 8.1 直线和圆 · 角度 4~6,求点关于直线对称点的方程组
MATH,0126,122,第八章 平面解析几何 / 8.1 直线和圆 · 角度 4~6,直线关于直线对称转化为点关于直线对称
MATH,0126,122,第八章 平面解析几何 / 8.1 直线和圆 · 角度 4~6,点关于四类特殊直线（$x=a$、$y=b$、$y=x+c$、$y=-x+c$）的对称点坐标公式
MATH,0127,123,第八章 平面解析几何 / 8.2 椭圆,与圆有关的最值问题的几何性质转化
MATH,0127,123,第八章 平面解析几何 / 8.2 椭圆,用函数关系式求最值的常用方法
MATH,0127,123,第八章 平面解析几何 / 8.2 椭圆,"与圆有关的折线段最值问题的""动化定、曲化直""思路"
MATH,0127,123,第八章 平面解析几何 / 8.2 椭圆,椭圆的定义
MATH,0127,123,第八章 平面解析几何 / 8.2 椭圆,由 $2a$ 与 $2c$ 大小关系判定轨迹形态
MATH,0127,123,第八章 平面解析几何 / 8.2 椭圆,椭圆的标准方程
MATH,0127,123,第八章 平面解析几何 / 8.2 椭圆,椭圆的焦点坐标与顶点坐标
MATH,0127,123,第八章 平面解析几何 / 8.2 椭圆,"椭圆的长轴、短轴、焦距及其与 $a,b,c$ 的对应"
MATH,0127,123,第八章 平面解析几何 / 8.2 椭圆,椭圆的范围
MATH,0127,123,第八章 平面解析几何 / 8.2 椭圆,椭圆的离心率公式及其对扁平程度的刻画
MATH,0127,123,第八章 平面解析几何 / 8.2 椭圆,"椭圆中 $a,b,c$ 的关系 $c^2=a^2-b^2$"
MATH,0128,124,第八章 平面解析几何 / 8.2 椭圆,椭圆的焦半径
MATH,0128,124,第八章 平面解析几何 / 8.2 椭圆,焦半径公式
MATH,0128,124,第八章 平面解析几何 / 8.2 椭圆,椭圆的通径
MATH,0128,124,第八章 平面解析几何 / 8.2 椭圆,焦点弦
MATH,0128,124,第八章 平面解析几何 / 8.2 椭圆,中点弦的斜率关系
MATH,0128,124,第八章 平面解析几何 / 8.2 椭圆,椭圆的两点斜率之积关系
MATH,0128,124,第八章 平面解析几何 / 8.2 椭圆,求椭圆标准方程的定义法
MATH,0128,124,第八章 平面解析几何 / 8.2 椭圆,求椭圆标准方程的待定系数法
MATH,0128,124,第八章 平面解析几何 / 8.2 椭圆,椭圆标准方程的统一设法
MATH,0128,124,第八章 平面解析几何 / 8.2 椭圆,椭圆的离心率与扁平程度
MATH,0128,124,第八章 平面解析几何 / 8.2 椭圆,椭圆的定义
MATH,0129,125,第八章 平面解析几何 / 8.2 椭圆（考点 1 椭圆的定义和标准方程 · 考点 2 椭圆的几何性质）,焦点三角形
MATH,0129,125,第八章 平面解析几何 / 8.2 椭圆（考点 1 椭圆的定义和标准方程 · 考点 2 椭圆的几何性质）,焦点三角形的面积公式
MATH,0129,125,第八章 平面解析几何 / 8.2 椭圆（考点 1 椭圆的定义和标准方程 · 考点 2 椭圆的几何性质）,焦点三角形中顶角的最大值
MATH,0129,125,第八章 平面解析几何 / 8.2 椭圆（考点 1 椭圆的定义和标准方程 · 考点 2 椭圆的几何性质）,焦点三角形的周长
MATH,0129,125,第八章 平面解析几何 / 8.2 椭圆（考点 1 椭圆的定义和标准方程 · 考点 2 椭圆的几何性质）,过焦点的弦与另一焦点构成的三角形周长
MATH,0129,125,第八章 平面解析几何 / 8.2 椭圆（考点 1 椭圆的定义和标准方程 · 考点 2 椭圆的几何性质）,椭圆离心率
MATH,0129,125,第八章 平面解析几何 / 8.2 椭圆（考点 1 椭圆的定义和标准方程 · 考点 2 椭圆的几何性质）,数形结合求最值
MATH,0129,125,第八章 平面解析几何 / 8.2 椭圆（考点 1 椭圆的定义和标准方程 · 考点 2 椭圆的几何性质）,利用函数求取值范围
MATH,0129,125,第八章 平面解析几何 / 8.2 椭圆（考点 1 椭圆的定义和标准方程 · 考点 2 椭圆的几何性质）,利用基本不等式求最值
MATH,0129,125,第八章 平面解析几何 / 8.2 椭圆（考点 1 椭圆的定义和标准方程 · 考点 2 椭圆的几何性质）,椭圆中的向量数量积范围
MATH,0130,126,第八章 平面解析几何 / 8.2 椭圆（考点 2 椭圆的几何性质 · 角度 1 求椭圆的离心率 · 角度 2 求离心率的最值（范围））,求椭圆离心率的直接法
MATH,0130,126,第八章 平面解析几何 / 8.2 椭圆（考点 2 椭圆的几何性质 · 角度 1 求椭圆的离心率 · 角度 2 求离心率的最值（范围））,求椭圆离心率的方程法
MATH,0130,126,第八章 平面解析几何 / 8.2 椭圆（考点 2 椭圆的几何性质 · 角度 1 求椭圆的离心率 · 角度 2 求离心率的最值（范围））,椭圆离心率的取值范围与根的取舍
MATH,0130,126,第八章 平面解析几何 / 8.2 椭圆（考点 2 椭圆的几何性质 · 角度 1 求椭圆的离心率 · 角度 2 求离心率的最值（范围））,求椭圆离心率范围的齐次式法
MATH,0130,126,第八章 平面解析几何 / 8.2 椭圆（考点 2 椭圆的几何性质 · 角度 1 求椭圆的离心率 · 角度 2 求离心率的最值（范围））,求椭圆离心率范围的函数法
MATH,0130,126,第八章 平面解析几何 / 8.2 椭圆（考点 2 椭圆的几何性质 · 角度 1 求椭圆的离心率 · 角度 2 求离心率的最值（范围））,椭圆离心率
MATH,0130,126,第八章 平面解析几何 / 8.2 椭圆（考点 2 椭圆的几何性质 · 角度 1 求椭圆的离心率 · 角度 2 求离心率的最值（范围））,椭圆的焦半径关系
MATH,0130,126,第八章 平面解析几何 / 8.2 椭圆（考点 2 椭圆的几何性质 · 角度 1 求椭圆的离心率 · 角度 2 求离心率的最值（范围））,椭圆与圆的综合应用
MATH,0131,127,第八章 平面解析几何 / 8.3 双曲线（知识清单 · 知识点 1 双曲线的定义 · 知识点 2 双曲线的标准方程及几何性质）,双曲线的定义
MATH,0131,127,第八章 平面解析几何 / 8.3 双曲线（知识清单 · 知识点 1 双曲线的定义 · 知识点 2 双曲线的标准方程及几何性质）,双曲线定义的三种情形
MATH,0131,127,第八章 平面解析几何 / 8.3 双曲线（知识清单 · 知识点 1 双曲线的定义 · 知识点 2 双曲线的标准方程及几何性质）,双曲线的焦点三角形
MATH,0131,127,第八章 平面解析几何 / 8.3 双曲线（知识清单 · 知识点 1 双曲线的定义 · 知识点 2 双曲线的标准方程及几何性质）,双曲线焦点三角形的面积公式
MATH,0131,127,第八章 平面解析几何 / 8.3 双曲线（知识清单 · 知识点 1 双曲线的定义 · 知识点 2 双曲线的标准方程及几何性质）,双曲线焦点弦与另一焦点构成的三角形周长
MATH,0131,127,第八章 平面解析几何 / 8.3 双曲线（知识清单 · 知识点 1 双曲线的定义 · 知识点 2 双曲线的标准方程及几何性质）,双曲线焦半径的最小值
MATH,0131,127,第八章 平面解析几何 / 8.3 双曲线（知识清单 · 知识点 1 双曲线的定义 · 知识点 2 双曲线的标准方程及几何性质）,双曲线焦点三角形内切圆圆心的横坐标
MATH,0131,127,第八章 平面解析几何 / 8.3 双曲线（知识清单 · 知识点 1 双曲线的定义 · 知识点 2 双曲线的标准方程及几何性质）,双曲线的标准方程
MATH,0131,127,第八章 平面解析几何 / 8.3 双曲线（知识清单 · 知识点 1 双曲线的定义 · 知识点 2 双曲线的标准方程及几何性质）,双曲线的范围与顶点
MATH,0131,127,第八章 平面解析几何 / 8.3 双曲线（知识清单 · 知识点 1 双曲线的定义 · 知识点 2 双曲线的标准方程及几何性质）,双曲线的对称性
MATH,0131,127,第八章 平面解析几何 / 8.3 双曲线（知识清单 · 知识点 1 双曲线的定义 · 知识点 2 双曲线的标准方程及几何性质）,双曲线的实轴与虚轴
MATH,0131,127,第八章 平面解析几何 / 8.3 双曲线（知识清单 · 知识点 1 双曲线的定义 · 知识点 2 双曲线的标准方程及几何性质）,双曲线的离心率
MATH,0131,127,第八章 平面解析几何 / 8.3 双曲线（知识清单 · 知识点 1 双曲线的定义 · 知识点 2 双曲线的标准方程及几何性质）,双曲线的渐近线方程
MATH,0131,127,第八章 平面解析几何 / 8.3 双曲线（知识清单 · 知识点 1 双曲线的定义 · 知识点 2 双曲线的标准方程及几何性质）,"双曲线中 $a,b,c$ 的关系"
MATH,0131,127,第八章 平面解析几何 / 8.3 双曲线（知识清单 · 知识点 1 双曲线的定义 · 知识点 2 双曲线的标准方程及几何性质）,双曲线的通径
MATH,0131,127,第八章 平面解析几何 / 8.3 双曲线（知识清单 · 知识点 1 双曲线的定义 · 知识点 2 双曲线的标准方程及几何性质）,双曲线的焦点到渐近线的距离
MATH,0131,127,第八章 平面解析几何 / 8.3 双曲线（知识清单 · 知识点 1 双曲线的定义 · 知识点 2 双曲线的标准方程及几何性质）,双曲线焦点弦的最短情形
MATH,0131,127,第八章 平面解析几何 / 8.3 双曲线（知识清单 · 知识点 1 双曲线的定义 · 知识点 2 双曲线的标准方程及几何性质）,双曲线中点弦的斜率之积
MATH,0132,128,第八章 平面解析几何 / 8.3 双曲线（考点 1 双曲线的定义和标准方程 · 角度 1 求双曲线的方程 · 角度 2 焦点三角形问题）,求双曲线方程的定义法
MATH,0132,128,第八章 平面解析几何 / 8.3 双曲线（考点 1 双曲线的定义和标准方程 · 角度 1 求双曲线的方程 · 角度 2 焦点三角形问题）,求双曲线方程的待定系数法
MATH,0132,128,第八章 平面解析几何 / 8.3 双曲线（考点 1 双曲线的定义和标准方程 · 角度 1 求双曲线的方程 · 角度 2 焦点三角形问题）,共渐近线的双曲线系方程
MATH,0132,128,第八章 平面解析几何 / 8.3 双曲线（考点 1 双曲线的定义和标准方程 · 角度 1 求双曲线的方程 · 角度 2 焦点三角形问题）,共焦点的双曲线系方程
MATH,0132,128,第八章 平面解析几何 / 8.3 双曲线（考点 1 双曲线的定义和标准方程 · 角度 1 求双曲线的方程 · 角度 2 焦点三角形问题）,等轴双曲线
MATH,0132,128,第八章 平面解析几何 / 8.3 双曲线（考点 1 双曲线的定义和标准方程 · 角度 1 求双曲线的方程 · 角度 2 焦点三角形问题）,双曲线的渐近线方程
MATH,0132,128,第八章 平面解析几何 / 8.3 双曲线（考点 1 双曲线的定义和标准方程 · 角度 1 求双曲线的方程 · 角度 2 焦点三角形问题）,双曲线的焦点三角形
MATH,0132,128,第八章 平面解析几何 / 8.3 双曲线（考点 1 双曲线的定义和标准方程 · 角度 1 求双曲线的方程 · 角度 2 焦点三角形问题）,双曲线焦点三角形中的余弦定理
MATH,0132,128,第八章 平面解析几何 / 8.3 双曲线（考点 1 双曲线的定义和标准方程 · 角度 1 求双曲线的方程 · 角度 2 焦点三角形问题）,双曲线焦点三角形中的正弦定理
MATH,0132,128,第八章 平面解析几何 / 8.3 双曲线（考点 1 双曲线的定义和标准方程 · 角度 1 求双曲线的方程 · 角度 2 焦点三角形问题）,双曲线的焦半径
MATH,0133,129,第八章 平面解析几何 / 8.3 双曲线（考点 2 双曲线的几何性质 · 角度 1 渐近线 · 角度 2 离心率）,求双曲线渐近线方程的方法
MATH,0133,129,第八章 平面解析几何 / 8.3 双曲线（考点 2 双曲线的几何性质 · 角度 1 渐近线 · 角度 2 离心率）,由双曲线方程直接写出渐近线的方法
MATH,0133,129,第八章 平面解析几何 / 8.3 双曲线（考点 2 双曲线的几何性质 · 角度 1 渐近线 · 角度 2 离心率）,求双曲线离心率的方法
MATH,0133,129,第八章 平面解析几何 / 8.3 双曲线（考点 2 双曲线的几何性质 · 角度 1 渐近线 · 角度 2 离心率）,双曲线离心率的平方关系
MATH,0133,129,第八章 平面解析几何 / 8.3 双曲线（考点 2 双曲线的几何性质 · 角度 1 渐近线 · 角度 2 离心率）,双曲线离心率的齐次式求法
MATH,0133,129,第八章 平面解析几何 / 8.3 双曲线（考点 2 双曲线的几何性质 · 角度 1 渐近线 · 角度 2 离心率）,双曲线的渐近线
MATH,0133,129,第八章 平面解析几何 / 8.3 双曲线（考点 2 双曲线的几何性质 · 角度 1 渐近线 · 角度 2 离心率）,双曲线的离心率
MATH,0134,130,第八章 平面解析几何 / 8.4 抛物线（知识清单 · 知识点 1 抛物线的定义 · 知识点 2 抛物线的标准方程与几何性质）,抛物线的定义
MATH,0134,130,第八章 平面解析几何 / 8.4 抛物线（知识清单 · 知识点 1 抛物线的定义 · 知识点 2 抛物线的标准方程与几何性质）,抛物线的焦点
MATH,0134,130,第八章 平面解析几何 / 8.4 抛物线（知识清单 · 知识点 1 抛物线的定义 · 知识点 2 抛物线的标准方程与几何性质）,抛物线的准线
MATH,0134,130,第八章 平面解析几何 / 8.4 抛物线（知识清单 · 知识点 1 抛物线的定义 · 知识点 2 抛物线的标准方程与几何性质）,抛物线的标准方程
MATH,0134,130,第八章 平面解析几何 / 8.4 抛物线（知识清单 · 知识点 1 抛物线的定义 · 知识点 2 抛物线的标准方程与几何性质）,抛物线的范围
MATH,0134,130,第八章 平面解析几何 / 8.4 抛物线（知识清单 · 知识点 1 抛物线的定义 · 知识点 2 抛物线的标准方程与几何性质）,抛物线的对称性
MATH,0134,130,第八章 平面解析几何 / 8.4 抛物线（知识清单 · 知识点 1 抛物线的定义 · 知识点 2 抛物线的标准方程与几何性质）,抛物线的顶点
MATH,0134,130,第八章 平面解析几何 / 8.4 抛物线（知识清单 · 知识点 1 抛物线的定义 · 知识点 2 抛物线的标准方程与几何性质）,抛物线的离心率
MATH,0134,130,第八章 平面解析几何 / 8.4 抛物线（知识清单 · 知识点 1 抛物线的定义 · 知识点 2 抛物线的标准方程与几何性质）,抛物线的焦半径
MATH,0134,130,第八章 平面解析几何 / 8.4 抛物线（知识清单 · 知识点 1 抛物线的定义 · 知识点 2 抛物线的标准方程与几何性质）,抛物线的焦点弦
MATH,0134,130,第八章 平面解析几何 / 8.4 抛物线（知识清单 · 知识点 1 抛物线的定义 · 知识点 2 抛物线的标准方程与几何性质）,抛物线焦点弦的坐标乘积关系
MATH,0134,130,第八章 平面解析几何 / 8.4 抛物线（知识清单 · 知识点 1 抛物线的定义 · 知识点 2 抛物线的标准方程与几何性质）,抛物线焦点弦的焦半径公式
MATH,0134,130,第八章 平面解析几何 / 8.4 抛物线（知识清单 · 知识点 1 抛物线的定义 · 知识点 2 抛物线的标准方程与几何性质）,抛物线焦点弦的弦长公式
MATH,0134,130,第八章 平面解析几何 / 8.4 抛物线（知识清单 · 知识点 1 抛物线的定义 · 知识点 2 抛物线的标准方程与几何性质）,抛物线的通径
MATH,0134,130,第八章 平面解析几何 / 8.4 抛物线（知识清单 · 知识点 1 抛物线的定义 · 知识点 2 抛物线的标准方程与几何性质）,抛物线焦点弦构成的三角形面积
MATH,0134,130,第八章 平面解析几何 / 8.4 抛物线（知识清单 · 知识点 1 抛物线的定义 · 知识点 2 抛物线的标准方程与几何性质）,以抛物线焦点弦为直径的圆与准线相切
MATH,0134,130,第八章 平面解析几何 / 8.4 抛物线（知识清单 · 知识点 1 抛物线的定义 · 知识点 2 抛物线的标准方程与几何性质）,抛物线焦点弦端点的切线性质
MATH,0134,130,第八章 平面解析几何 / 8.4 抛物线（知识清单 · 知识点 1 抛物线的定义 · 知识点 2 抛物线的标准方程与几何性质）,抛物线顶点处互相垂直的弦过定点
MATH,0135,131,第八章 平面解析几何 / 8.4 抛物线（考点 1 抛物线的定义和标准方程 · 考点 2 抛物线的几何性质）,抛物线的定义及应用
MATH,0135,131,第八章 平面解析几何 / 8.4 抛物线（考点 1 抛物线的定义和标准方程 · 考点 2 抛物线的几何性质）,抛物线中距离的焦点与准线互化
MATH,0135,131,第八章 平面解析几何 / 8.4 抛物线（考点 1 抛物线的定义和标准方程 · 考点 2 抛物线的几何性质）,求抛物线标准方程的定义法
MATH,0135,131,第八章 平面解析几何 / 8.4 抛物线（考点 1 抛物线的定义和标准方程 · 考点 2 抛物线的几何性质）,求抛物线标准方程的待定系数法
MATH,0135,131,第八章 平面解析几何 / 8.4 抛物线（考点 1 抛物线的定义和标准方程 · 考点 2 抛物线的几何性质）,抛物线标准方程的统一设法
MATH,0135,131,第八章 平面解析几何 / 8.4 抛物线（考点 1 抛物线的定义和标准方程 · 考点 2 抛物线的几何性质）,抛物线的准线方程
MATH,0135,131,第八章 平面解析几何 / 8.4 抛物线（考点 1 抛物线的定义和标准方程 · 考点 2 抛物线的几何性质）,抛物线的焦点坐标
MATH,0135,131,第八章 平面解析几何 / 8.4 抛物线（考点 1 抛物线的定义和标准方程 · 考点 2 抛物线的几何性质）,抛物线的焦半径
MATH,0135,131,第八章 平面解析几何 / 8.4 抛物线（考点 1 抛物线的定义和标准方程 · 考点 2 抛物线的几何性质）,抛物线的几何性质应用
MATH,0136,132,第八章 平面解析几何 / 8.5 直线与圆锥曲线的位置关系（考点 1 直线与圆锥曲线的位置关系 · 考点 2 弦长与面积问题）,直线与圆锥曲线的位置关系
MATH,0136,132,第八章 平面解析几何 / 8.5 直线与圆锥曲线的位置关系（考点 1 直线与圆锥曲线的位置关系 · 考点 2 弦长与面积问题）,直线与椭圆的位置关系判定
MATH,0136,132,第八章 平面解析几何 / 8.5 直线与圆锥曲线的位置关系（考点 1 直线与圆锥曲线的位置关系 · 考点 2 弦长与面积问题）,直线与双曲线的位置关系判定
MATH,0136,132,第八章 平面解析几何 / 8.5 直线与圆锥曲线的位置关系（考点 1 直线与圆锥曲线的位置关系 · 考点 2 弦长与面积问题）,直线与双曲线只有一个公共点的情形
MATH,0136,132,第八章 平面解析几何 / 8.5 直线与圆锥曲线的位置关系（考点 1 直线与圆锥曲线的位置关系 · 考点 2 弦长与面积问题）,直线与抛物线的位置关系判定
MATH,0136,132,第八章 平面解析几何 / 8.5 直线与圆锥曲线的位置关系（考点 1 直线与圆锥曲线的位置关系 · 考点 2 弦长与面积问题）,直线与抛物线只有一个公共点的情形
MATH,0136,132,第八章 平面解析几何 / 8.5 直线与圆锥曲线的位置关系（考点 1 直线与圆锥曲线的位置关系 · 考点 2 弦长与面积问题）,中点弦问题
MATH,0136,132,第八章 平面解析几何 / 8.5 直线与圆锥曲线的位置关系（考点 1 直线与圆锥曲线的位置关系 · 考点 2 弦长与面积问题）,解中点弦问题的方程组法
MATH,0136,132,第八章 平面解析几何 / 8.5 直线与圆锥曲线的位置关系（考点 1 直线与圆锥曲线的位置关系 · 考点 2 弦长与面积问题）,解中点弦问题的点差法
MATH,0136,132,第八章 平面解析几何 / 8.5 直线与圆锥曲线的位置关系（考点 1 直线与圆锥曲线的位置关系 · 考点 2 弦长与面积问题）,点差法的常见题型
MATH,0136,132,第八章 平面解析几何 / 8.5 直线与圆锥曲线的位置关系（考点 1 直线与圆锥曲线的位置关系 · 考点 2 弦长与面积问题）,弦长问题
MATH,0136,132,第八章 平面解析几何 / 8.5 直线与圆锥曲线的位置关系（考点 1 直线与圆锥曲线的位置关系 · 考点 2 弦长与面积问题）,焦点三角形的面积问题
MATH,0137,133,第八章 平面解析几何 / 8.5 直线与圆锥曲线的位置关系（考点 2 弦长与面积问题 · 考点 3 定点、定值与定线问题）,弦长问题
MATH,0137,133,第八章 平面解析几何 / 8.5 直线与圆锥曲线的位置关系（考点 2 弦长与面积问题 · 考点 3 定点、定值与定线问题）,弦长公式的两点间距离形式
MATH,0137,133,第八章 平面解析几何 / 8.5 直线与圆锥曲线的位置关系（考点 2 弦长与面积问题 · 考点 3 定点、定值与定线问题）,弦长公式的斜率形式
MATH,0137,133,第八章 平面解析几何 / 8.5 直线与圆锥曲线的位置关系（考点 2 弦长与面积问题 · 考点 3 定点、定值与定线问题）,抛物线焦点弦公式求弦长
MATH,0137,133,第八章 平面解析几何 / 8.5 直线与圆锥曲线的位置关系（考点 2 弦长与面积问题 · 考点 3 定点、定值与定线问题）,面积问题
MATH,0137,133,第八章 平面解析几何 / 8.5 直线与圆锥曲线的位置关系（考点 2 弦长与面积问题 · 考点 3 定点、定值与定线问题）,三角形面积的弦长与点线距形式
MATH,0137,133,第八章 平面解析几何 / 8.5 直线与圆锥曲线的位置关系（考点 2 弦长与面积问题 · 考点 3 定点、定值与定线问题）,三角形面积的坐标差形式
MATH,0137,133,第八章 平面解析几何 / 8.5 直线与圆锥曲线的位置关系（考点 2 弦长与面积问题 · 考点 3 定点、定值与定线问题）,对角线互相垂直的四边形的面积
MATH,0137,133,第八章 平面解析几何 / 8.5 直线与圆锥曲线的位置关系（考点 2 弦长与面积问题 · 考点 3 定点、定值与定线问题）,定点、定值与定线问题
MATH,0137,133,第八章 平面解析几何 / 8.5 直线与圆锥曲线的位置关系（考点 2 弦长与面积问题 · 考点 3 定点、定值与定线问题）,圆锥曲线中的定值问题
MATH,0138,134,第八章 平面解析几何 / 8.5 直线与圆锥曲线的位置关系（考点 3 定点、定值与定线问题）,求解定点问题的特殊探路法
MATH,0138,134,第八章 平面解析几何 / 8.5 直线与圆锥曲线的位置关系（考点 3 定点、定值与定线问题）,求解定点问题的一般推理法
MATH,0138,134,第八章 平面解析几何 / 8.5 直线与圆锥曲线的位置关系（考点 3 定点、定值与定线问题）,直线过定点的点斜式证明
MATH,0138,134,第八章 平面解析几何 / 8.5 直线与圆锥曲线的位置关系（考点 3 定点、定值与定线问题）,求解定值问题的引入变量法
MATH,0138,134,第八章 平面解析几何 / 8.5 直线与圆锥曲线的位置关系（考点 3 定点、定值与定线问题）,求解定值问题的特例法
MATH,0138,134,第八章 平面解析几何 / 8.5 直线与圆锥曲线的位置关系（考点 3 定点、定值与定线问题）,动点在定直线上的解题策略
MATH,0138,134,第八章 平面解析几何 / 8.5 直线与圆锥曲线的位置关系（考点 3 定点、定值与定线问题）,圆锥曲线中的定点问题
MATH,0138,134,第八章 平面解析几何 / 8.5 直线与圆锥曲线的位置关系（考点 3 定点、定值与定线问题）,圆锥曲线中的定值问题
MATH,0138,134,第八章 平面解析几何 / 8.5 直线与圆锥曲线的位置关系（考点 3 定点、定值与定线问题）,圆锥曲线中的定直线问题
MATH,0139,135,第八章 平面解析几何 / 高考热点 10 轨迹问题（类型 1 常规曲线的轨迹问题 · 类型 2 非常规曲线的轨迹问题）,动点轨迹问题的定义法
MATH,0139,135,第八章 平面解析几何 / 高考热点 10 轨迹问题（类型 1 常规曲线的轨迹问题 · 类型 2 非常规曲线的轨迹问题）,动点轨迹问题的相关点法
MATH,0139,135,第八章 平面解析几何 / 高考热点 10 轨迹问题（类型 1 常规曲线的轨迹问题 · 类型 2 非常规曲线的轨迹问题）,常规曲线的轨迹问题
MATH,0139,135,第八章 平面解析几何 / 高考热点 10 轨迹问题（类型 1 常规曲线的轨迹问题 · 类型 2 非常规曲线的轨迹问题）,非常规曲线的轨迹问题
MATH,0139,135,第八章 平面解析几何 / 高考热点 10 轨迹问题（类型 1 常规曲线的轨迹问题 · 类型 2 非常规曲线的轨迹问题）,非常规曲线性质的研究方法
MATH,0139,135,第八章 平面解析几何 / 高考热点 10 轨迹问题（类型 1 常规曲线的轨迹问题 · 类型 2 非常规曲线的轨迹问题）,曲线的对称性
MATH,0139,135,第八章 平面解析几何 / 高考热点 10 轨迹问题（类型 1 常规曲线的轨迹问题 · 类型 2 非常规曲线的轨迹问题）,轨迹方程
MATH,0140,136,第八章 平面解析几何 / 高考热点 11 圆锥曲线中的最值与范围问题（类型 1 圆锥曲线中的最值问题）,圆锥曲线中最值问题的代数法
MATH,0140,136,第八章 平面解析几何 / 高考热点 11 圆锥曲线中的最值与范围问题（类型 1 圆锥曲线中的最值问题）,圆锥曲线中最值问题的几何法
MATH,0140,136,第八章 平面解析几何 / 高考热点 11 圆锥曲线中的最值与范围问题（类型 1 圆锥曲线中的最值问题）,圆锥曲线中的最值问题
MATH,0140,136,第八章 平面解析几何 / 高考热点 11 圆锥曲线中的最值与范围问题（类型 1 圆锥曲线中的最值问题）,直线斜率的最值
MATH,0140,136,第八章 平面解析几何 / 高考热点 11 圆锥曲线中的最值与范围问题（类型 1 圆锥曲线中的最值问题）,三角形面积的最值
MATH,0141,137,第八章 平面解析几何 / 高考热点 11 圆锥曲线中的最值与范围问题（类型 2 圆锥曲线中的范围问题）,建立不等关系解决圆锥曲线中的范围问题
MATH,0141,137,第八章 平面解析几何 / 高考热点 11 圆锥曲线中的最值与范围问题（类型 2 圆锥曲线中的范围问题）,利用判别式构造不等关系
MATH,0141,137,第八章 平面解析几何 / 高考热点 11 圆锥曲线中的最值与范围问题（类型 2 圆锥曲线中的范围问题）,利用基本不等式构造不等关系
MATH,0141,137,第八章 平面解析几何 / 高考热点 11 圆锥曲线中的最值与范围问题（类型 2 圆锥曲线中的范围问题）,利用隐含不等关系建立不等式组
MATH,0141,137,第八章 平面解析几何 / 高考热点 11 圆锥曲线中的最值与范围问题（类型 2 圆锥曲线中的范围问题）,利用圆锥曲线的几何特征构造不等关系
MATH,0141,137,第八章 平面解析几何 / 高考热点 11 圆锥曲线中的最值与范围问题（类型 2 圆锥曲线中的范围问题）,建立目标函数解决圆锥曲线中的范围问题
MATH,0141,137,第八章 平面解析几何 / 高考热点 11 圆锥曲线中的最值与范围问题（类型 2 圆锥曲线中的范围问题）,圆锥曲线中的范围问题
MATH,0141,137,第八章 平面解析几何 / 高考热点 11 圆锥曲线中的最值与范围问题（类型 2 圆锥曲线中的范围问题）,参数之间的等量关系
MATH,0142,138,第八章 平面解析几何 / 高考热点 12 圆锥曲线中的存在性（探索性）问题,解决存在性问题的特殊值法
MATH,0142,138,第八章 平面解析几何 / 高考热点 12 圆锥曲线中的存在性（探索性）问题,存在性问题中核心变量的选取
MATH,0142,138,第八章 平面解析几何 / 高考热点 12 圆锥曲线中的存在性（探索性）问题,核心变量的直接法
MATH,0142,138,第八章 平面解析几何 / 高考热点 12 圆锥曲线中的存在性（探索性）问题,核心变量的间接法与方程思想
MATH,0142,138,第八章 平面解析几何 / 高考热点 12 圆锥曲线中的存在性（探索性）问题,圆锥曲线中的存在性问题
MATH,0142,138,第八章 平面解析几何 / 高考热点 12 圆锥曲线中的存在性（探索性）问题,圆锥曲线中的垂直关系存在问题
MATH,0142,138,第八章 平面解析几何 / 高考热点 12 圆锥曲线中的存在性（探索性）问题,圆锥曲线中的平行或共线关系存在问题
MATH,0142,138,第八章 平面解析几何 / 高考热点 12 圆锥曲线中的存在性（探索性）问题,圆锥曲线中的定点问题
MATH,0144,140,第九章 计数原理 / 9.1 计数原理、排列与组合（知识清单 · 知识点 1 两个计数原理 · 知识点 2 排列与组合）,分类加法计数原理
MATH,0144,140,第九章 计数原理 / 9.1 计数原理、排列与组合（知识清单 · 知识点 1 两个计数原理 · 知识点 2 排列与组合）,分步乘法计数原理
MATH,0144,140,第九章 计数原理 / 9.1 计数原理、排列与组合（知识清单 · 知识点 1 两个计数原理 · 知识点 2 排列与组合）,两个计数原理的联系与区别
MATH,0144,140,第九章 计数原理 / 9.1 计数原理、排列与组合（知识清单 · 知识点 1 两个计数原理 · 知识点 2 排列与组合）,排列的概念
MATH,0144,140,第九章 计数原理 / 9.1 计数原理、排列与组合（知识清单 · 知识点 1 两个计数原理 · 知识点 2 排列与组合）,组合的概念
MATH,0144,140,第九章 计数原理 / 9.1 计数原理、排列与组合（知识清单 · 知识点 1 两个计数原理 · 知识点 2 排列与组合）,排列数的定义
MATH,0144,140,第九章 计数原理 / 9.1 计数原理、排列与组合（知识清单 · 知识点 1 两个计数原理 · 知识点 2 排列与组合）,组合数的定义
MATH,0144,140,第九章 计数原理 / 9.1 计数原理、排列与组合（知识清单 · 知识点 1 两个计数原理 · 知识点 2 排列与组合）,排列数公式
MATH,0144,140,第九章 计数原理 / 9.1 计数原理、排列与组合（知识清单 · 知识点 1 两个计数原理 · 知识点 2 排列与组合）,组合数公式
MATH,0144,140,第九章 计数原理 / 9.1 计数原理、排列与组合（知识清单 · 知识点 1 两个计数原理 · 知识点 2 排列与组合）,阶乘
MATH,0144,140,第九章 计数原理 / 9.1 计数原理、排列与组合（知识清单 · 知识点 1 两个计数原理 · 知识点 2 排列与组合）,组合数的性质
MATH,0146,141,第九章 计数原理 / 9.1 计数原理、排列与组合（考点 1 两个计数原理的应用 · 考点 2 排列组合问题）,分类加法计数原理的应用
MATH,0146,141,第九章 计数原理 / 9.1 计数原理、排列与组合（考点 1 两个计数原理的应用 · 考点 2 排列组合问题）,分步乘法计数原理的应用
MATH,0146,141,第九章 计数原理 / 9.1 计数原理、排列与组合（考点 1 两个计数原理的应用 · 考点 2 排列组合问题）,分类要做到不重不漏
MATH,0146,141,第九章 计数原理 / 9.1 计数原理、排列与组合（考点 1 两个计数原理的应用 · 考点 2 排列组合问题）,分步要做到步骤完整
MATH,0146,141,第九章 计数原理 / 9.1 计数原理、排列与组合（考点 1 两个计数原理的应用 · 考点 2 排列组合问题）,排列的常见模型
MATH,0146,141,第九章 计数原理 / 9.1 计数原理、排列与组合（考点 1 两个计数原理的应用 · 考点 2 排列组合问题）,排列数公式
MATH,0146,141,第九章 计数原理 / 9.1 计数原理、排列与组合（考点 1 两个计数原理的应用 · 考点 2 排列组合问题）,组合数公式
MATH,0147,142,第九章 计数原理 / 9.1 计数原理、排列与组合（角度 1 排列的常见模型 · 角度 2 组合的常见模型 · 角度 3 分组与分配问题）,常见排列问题的直接法
MATH,0147,142,第九章 计数原理 / 9.1 计数原理、排列与组合（角度 1 排列的常见模型 · 角度 2 组合的常见模型 · 角度 3 分组与分配问题）,排列问题中的间接法
MATH,0147,142,第九章 计数原理 / 9.1 计数原理、排列与组合（角度 1 排列的常见模型 · 角度 2 组合的常见模型 · 角度 3 分组与分配问题）,排列问题中的优先法
MATH,0147,142,第九章 计数原理 / 9.1 计数原理、排列与组合（角度 1 排列的常见模型 · 角度 2 组合的常见模型 · 角度 3 分组与分配问题）,排列问题中的捆绑法
MATH,0147,142,第九章 计数原理 / 9.1 计数原理、排列与组合（角度 1 排列的常见模型 · 角度 2 组合的常见模型 · 角度 3 分组与分配问题）,排列问题中的插空法
MATH,0147,142,第九章 计数原理 / 9.1 计数原理、排列与组合（角度 1 排列的常见模型 · 角度 2 组合的常见模型 · 角度 3 分组与分配问题）,排列问题中的先整体后局部
MATH,0147,142,第九章 计数原理 / 9.1 计数原理、排列与组合（角度 1 排列的常见模型 · 角度 2 组合的常见模型 · 角度 3 分组与分配问题）,定序问题的除法处理
MATH,0147,142,第九章 计数原理 / 9.1 计数原理、排列与组合（角度 1 排列的常见模型 · 角度 2 组合的常见模型 · 角度 3 分组与分配问题）,组合问题的含与不含处理
MATH,0147,142,第九章 计数原理 / 9.1 计数原理、排列与组合（角度 1 排列的常见模型 · 角度 2 组合的常见模型 · 角度 3 分组与分配问题）,组合问题中至少至多的分类处理
MATH,0147,142,第九章 计数原理 / 9.1 计数原理、排列与组合（角度 1 排列的常见模型 · 角度 2 组合的常见模型 · 角度 3 分组与分配问题）,分组与分配问题
MATH,0147,142,第九章 计数原理 / 9.1 计数原理、排列与组合（角度 1 排列的常见模型 · 角度 2 组合的常见模型 · 角度 3 分组与分配问题）,整体均分
MATH,0147,142,第九章 计数原理 / 9.1 计数原理、排列与组合（角度 1 排列的常见模型 · 角度 2 组合的常见模型 · 角度 3 分组与分配问题）,部分均分
MATH,0147,142,第九章 计数原理 / 9.1 计数原理、排列与组合（角度 1 排列的常见模型 · 角度 2 组合的常见模型 · 角度 3 分组与分配问题）,不等分组
MATH,0147,142,第九章 计数原理 / 9.1 计数原理、排列与组合（角度 1 排列的常见模型 · 角度 2 组合的常见模型 · 角度 3 分组与分配问题）,均匀分组的除序
MATH,0148,143,第九章 计数原理 / 9.2 二项式定理（知识清单 · 知识点 1 二项式定理 · 知识点 2 二项式系数的性质）,二项式定理
MATH,0148,143,第九章 计数原理 / 9.2 二项式定理（知识清单 · 知识点 1 二项式定理 · 知识点 2 二项式系数的性质）,二项式系数
MATH,0148,143,第九章 计数原理 / 9.2 二项式定理（知识清单 · 知识点 1 二项式定理 · 知识点 2 二项式系数的性质）,二项展开式的通项
MATH,0148,143,第九章 计数原理 / 9.2 二项式定理（知识清单 · 知识点 1 二项式定理 · 知识点 2 二项式系数的性质）,二项式系数与项的系数的区别
MATH,0148,143,第九章 计数原理 / 9.2 二项式定理（知识清单 · 知识点 1 二项式定理 · 知识点 2 二项式系数的性质）,二项式系数的对称性
MATH,0148,143,第九章 计数原理 / 9.2 二项式定理（知识清单 · 知识点 1 二项式定理 · 知识点 2 二项式系数的性质）,二项式系数的增减性
MATH,0148,143,第九章 计数原理 / 9.2 二项式定理（知识清单 · 知识点 1 二项式定理 · 知识点 2 二项式系数的性质）,二项式系数的最大值
MATH,0148,143,第九章 计数原理 / 9.2 二项式定理（知识清单 · 知识点 1 二项式定理 · 知识点 2 二项式系数的性质）,各二项式系数的和
MATH,0148,143,第九章 计数原理 / 9.2 二项式定理（知识清单 · 知识点 1 二项式定理 · 知识点 2 二项式系数的性质）,奇数项与偶数项的二项式系数和
MATH,0148,143,第九章 计数原理 / 9.2 二项式定理（知识清单 · 知识点 1 二项式定理 · 知识点 2 二项式系数的性质）,求二项展开式中的特定项
MATH,0149,144,第九章 计数原理 / 9.2 二项式定理（角度 1 二项展开式中的特定项和特定项的系数 · 角度 2 二项式系数和与各项系数和）,求几个多项式积的展开式中特定项的方法
MATH,0149,144,第九章 计数原理 / 9.2 二项式定理（角度 1 二项展开式中的特定项和特定项的系数 · 角度 2 二项式系数和与各项系数和）,三项式展开式中特定项的因式分解法
MATH,0149,144,第九章 计数原理 / 9.2 二项式定理（角度 1 二项展开式中的特定项和特定项的系数 · 角度 2 二项式系数和与各项系数和）,三项式展开式中特定项的分组展开法
MATH,0149,144,第九章 计数原理 / 9.2 二项式定理（角度 1 二项展开式中的特定项和特定项的系数 · 角度 2 二项式系数和与各项系数和）,三项式展开式中特定项的组合分析法
MATH,0149,144,第九章 计数原理 / 9.2 二项式定理（角度 1 二项展开式中的特定项和特定项的系数 · 角度 2 二项式系数和与各项系数和）,二项式系数和
MATH,0149,144,第九章 计数原理 / 9.2 二项式定理（角度 1 二项展开式中的特定项和特定项的系数 · 角度 2 二项式系数和与各项系数和）,赋值法求各项系数和
MATH,0149,144,第九章 计数原理 / 9.2 二项式定理（角度 1 二项展开式中的特定项和特定项的系数 · 角度 2 二项式系数和与各项系数和）,奇数项的系数和
MATH,0149,144,第九章 计数原理 / 9.2 二项式定理（角度 1 二项展开式中的特定项和特定项的系数 · 角度 2 二项式系数和与各项系数和）,偶数项的系数和
MATH,0149,144,第九章 计数原理 / 9.2 二项式定理（角度 1 二项展开式中的特定项和特定项的系数 · 角度 2 二项式系数和与各项系数和）,用二项展开式处理整除余数问题
MATH,0151,146,第十章 概率 / 10.1 随机事件、古典概型、条件概率与全概率公式,频数与频率
MATH,0151,146,第十章 概率 / 10.1 随机事件、古典概型、条件概率与全概率公式,随机事件的概率
MATH,0151,146,第十章 概率 / 10.1 随机事件、古典概型、条件概率与全概率公式,互斥事件
MATH,0151,146,第十章 概率 / 10.1 随机事件、古典概型、条件概率与全概率公式,对立事件
MATH,0151,146,第十章 概率 / 10.1 随机事件、古典概型、条件概率与全概率公式,概率的基本性质
MATH,0151,146,第十章 概率 / 10.1 随机事件、古典概型、条件概率与全概率公式,古典概型
MATH,0151,146,第十章 概率 / 10.1 随机事件、古典概型、条件概率与全概率公式,古典概型的概率公式
MATH,0151,146,第十章 概率 / 10.1 随机事件、古典概型、条件概率与全概率公式,事件的相互独立性
MATH,0151,146,第十章 概率 / 10.1 随机事件、古典概型、条件概率与全概率公式,相互独立事件的性质
MATH,0151,146,第十章 概率 / 10.1 随机事件、古典概型、条件概率与全概率公式,条件概率
MATH,0151,146,第十章 概率 / 10.1 随机事件、古典概型、条件概率与全概率公式,条件概率的性质
MATH,0152,147,第十章 概率 / 10.1 随机事件、古典概型、条件概率与全概率公式,条件概率的加法性质
MATH,0152,147,第十章 概率 / 10.1 随机事件、古典概型、条件概率与全概率公式,条件概率的对立事件性质
MATH,0152,147,第十章 概率 / 10.1 随机事件、古典概型、条件概率与全概率公式,概率的乘法公式
MATH,0152,147,第十章 概率 / 10.1 随机事件、古典概型、条件概率与全概率公式,全概率公式
MATH,0152,147,第十章 概率 / 10.1 随机事件、古典概型、条件概率与全概率公式,贝叶斯公式
MATH,0152,147,第十章 概率 / 10.1 随机事件、古典概型、条件概率与全概率公式,古典概型概率的列举法
MATH,0152,147,第十章 概率 / 10.1 随机事件、古典概型、条件概率与全概率公式,古典概型概率的列表法
MATH,0152,147,第十章 概率 / 10.1 随机事件、古典概型、条件概率与全概率公式,古典概型概率的树状图法
MATH,0152,147,第十章 概率 / 10.1 随机事件、古典概型、条件概率与全概率公式,"""至少""""至多""型概率的对立事件转化"
MATH,0153,148,第十章 概率 / 10.1 随机事件、古典概型、条件概率与全概率公式（考点清单）,相互独立事件的判定
MATH,0153,148,第十章 概率 / 10.1 随机事件、古典概型、条件概率与全概率公式（考点清单）,相互独立事件同时发生的概率
MATH,0153,148,第十章 概率 / 10.1 随机事件、古典概型、条件概率与全概率公式（考点清单）,概率的基本性质
MATH,0153,148,第十章 概率 / 10.1 随机事件、古典概型、条件概率与全概率公式（考点清单）,赛制类概率模型的分支分解法
MATH,0154,149,第十章 概率 / 10.1 随机事件、古典概型、条件概率与全概率公式（考点清单）,条件概率的定义法
MATH,0154,149,第十章 概率 / 10.1 随机事件、古典概型、条件概率与全概率公式（考点清单）,条件概率的样本点个数法
MATH,0154,149,第十章 概率 / 10.1 随机事件、古典概型、条件概率与全概率公式（考点清单）,全概率公式的应用
MATH,0154,149,第十章 概率 / 10.1 随机事件、古典概型、条件概率与全概率公式（考点清单）,完备事件组
MATH,0154,149,第十章 概率 / 10.1 随机事件、古典概型、条件概率与全概率公式（考点清单）,互斥事件分割法
MATH,0154,149,第十章 概率 / 10.1 随机事件、古典概型、条件概率与全概率公式（考点清单）,独立元件电路的连接模型
MATH,0155,150,第十章 概率 / 10.2 离散型随机变量及其分布列、均值、方差,离散型随机变量
MATH,0155,150,第十章 概率 / 10.2 离散型随机变量及其分布列、均值、方差,离散型随机变量的分布列
MATH,0155,150,第十章 概率 / 10.2 离散型随机变量及其分布列、均值、方差,分布列的性质
MATH,0155,150,第十章 概率 / 10.2 离散型随机变量及其分布列、均值、方差,两点分布
MATH,0155,150,第十章 概率 / 10.2 离散型随机变量及其分布列、均值、方差,离散型随机变量的均值
MATH,0155,150,第十章 概率 / 10.2 离散型随机变量及其分布列、均值、方差,离散型随机变量的方差
MATH,0155,150,第十章 概率 / 10.2 离散型随机变量及其分布列、均值、方差,随机变量的标准差
MATH,0155,150,第十章 概率 / 10.2 离散型随机变量及其分布列、均值、方差,均值与方差的性质
MATH,0155,150,第十章 概率 / 10.2 离散型随机变量及其分布列、均值、方差,均值与方差的关系
MATH,0155,150,第十章 概率 / 10.2 离散型随机变量及其分布列、均值、方差,两点分布的均值与方差
MATH,0156,151,第十章 概率 / 10.2 离散型随机变量及其分布列、均值、方差（考点清单）,分布列性质求参数
MATH,0156,151,第十章 概率 / 10.2 离散型随机变量及其分布列、均值、方差（考点清单）,分布列的概率求和法
MATH,0156,151,第十章 概率 / 10.2 离散型随机变量及其分布列、均值、方差（考点清单）,分布列的验证方法
MATH,0156,151,第十章 概率 / 10.2 离散型随机变量及其分布列、均值、方差（考点清单）,离散型随机变量分布列的求法
MATH,0156,151,第十章 概率 / 10.2 离散型随机变量及其分布列、均值、方差（考点清单）,离散型随机变量均值的求法
MATH,0156,151,第十章 概率 / 10.2 离散型随机变量及其分布列、均值、方差（考点清单）,离散型随机变量方差的求法
MATH,0156,151,第十章 概率 / 10.2 离散型随机变量及其分布列、均值、方差（考点清单）,等差数列与分布列的综合
MATH,0157,152,第十章 概率 / 10.2 离散型随机变量及其分布列、均值、方差（考点清单）,均值与方差在决策中的应用
MATH,0157,152,第十章 概率 / 10.2 离散型随机变量及其分布列、均值、方差（考点清单）,用均值比较随机变量取值的平均水平
MATH,0157,152,第十章 概率 / 10.2 离散型随机变量及其分布列、均值、方差（考点清单）,用方差比较随机变量的稳定性
MATH,0157,152,第十章 概率 / 10.2 离散型随机变量及其分布列、均值、方差（考点清单）,得分型随机变量的分布列与期望
MATH,0158,153,第十章 概率 / 10.3 二项分布、超几何分布及正态分布,$n$ 重伯努利试验
MATH,0158,153,第十章 概率 / 10.3 二项分布、超几何分布及正态分布,二项分布
MATH,0158,153,第十章 概率 / 10.3 二项分布、超几何分布及正态分布,二项分布的分布列
MATH,0158,153,第十章 概率 / 10.3 二项分布、超几何分布及正态分布,二项分布的均值与方差
MATH,0158,153,第十章 概率 / 10.3 二项分布、超几何分布及正态分布,超几何分布
MATH,0158,153,第十章 概率 / 10.3 二项分布、超几何分布及正态分布,超几何分布的分布列
MATH,0158,153,第十章 概率 / 10.3 二项分布、超几何分布及正态分布,超几何分布的均值
MATH,0158,153,第十章 概率 / 10.3 二项分布、超几何分布及正态分布,二项分布与超几何分布的区别
MATH,0158,153,第十章 概率 / 10.3 二项分布、超几何分布及正态分布,正态密度函数
MATH,0158,153,第十章 概率 / 10.3 二项分布、超几何分布及正态分布,正态曲线
MATH,0158,153,第十章 概率 / 10.3 二项分布、超几何分布及正态分布,正态分布
MATH,0158,153,第十章 概率 / 10.3 二项分布、超几何分布及正态分布,标准正态分布
MATH,0158,153,第十章 概率 / 10.3 二项分布、超几何分布及正态分布,正态曲线的对称性
MATH,0158,153,第十章 概率 / 10.3 二项分布、超几何分布及正态分布,正态曲线的峰值
MATH,0158,153,第十章 概率 / 10.3 二项分布、超几何分布及正态分布,正态曲线的面积性质
MATH,0158,153,第十章 概率 / 10.3 二项分布、超几何分布及正态分布,参数 $\mu$ 对正态曲线位置的影响
MATH,0158,153,第十章 概率 / 10.3 二项分布、超几何分布及正态分布,参数 $\sigma$ 对正态曲线形状的影响
MATH,0158,153,第十章 概率 / 10.3 二项分布、超几何分布及正态分布,正态分布的均值与方差
MATH,0159,154,第十章 概率 / 10.3 二项分布、超几何分布及正态分布,$3\sigma$ 原则
MATH,0159,154,第十章 概率 / 10.3 二项分布、超几何分布及正态分布,正态分布在 $\mu\pm k\sigma$ 内的概率
MATH,0159,154,第十章 概率 / 10.3 二项分布、超几何分布及正态分布,二项分布的应用
MATH,0159,154,第十章 概率 / 10.3 二项分布、超几何分布及正态分布,二项分布中概率最大的成功次数
MATH,0160,155,第十章 概率 / 10.3 二项分布、超几何分布及正态分布（考点清单）,超几何分布的判断
MATH,0160,155,第十章 概率 / 10.3 二项分布、超几何分布及正态分布（考点清单）,超几何分布的分布列的求法
MATH,0160,155,第十章 概率 / 10.3 二项分布、超几何分布及正态分布（考点清单）,$\chi^2$ 独立性检验统计量
MATH,0160,155,第十章 概率 / 10.3 二项分布、超几何分布及正态分布（考点清单）,列联表
MATH,0160,155,第十章 概率 / 10.3 二项分布、超几何分布及正态分布（考点清单）,分层抽样
MATH,0160,155,第十章 概率 / 10.3 二项分布、超几何分布及正态分布（考点清单）,不可放回抽样与可放回抽样的期望比较
MATH,0161,156,第十章 概率 / 10.3 二项分布、超几何分布及正态分布（考点清单）,正态分布的 $3\sigma$ 原则应用
MATH,0161,156,第十章 概率 / 10.3 二项分布、超几何分布及正态分布（考点清单）,正态曲线的对称性
MATH,0161,156,第十章 概率 / 10.3 二项分布、超几何分布及正态分布（考点清单）,正态分布概率的区间转化
MATH,0161,156,第十章 概率 / 10.3 二项分布、超几何分布及正态分布（考点清单）,独立性检验的临界值表
MATH,0161,156,第十章 概率 / 10.3 二项分布、超几何分布及正态分布（考点清单）,正态分布的实际估计
MATH,0162,157,第十章 概率 / 高考热点13 概率创新题,信息传输的译码概率模型
MATH,0162,157,第十章 概率 / 高考热点13 概率创新题,独立重复试验的概率
MATH,0162,157,第十章 概率 / 高考热点13 概率创新题,新定义型概率问题
MATH,0162,157,第十章 概率 / 高考热点13 概率创新题,进位制的转换
MATH,0162,157,第十章 概率 / 高考热点13 概率创新题,随机游走模型
MATH,0162,157,第十章 概率 / 高考热点13 概率创新题,概率与函数的综合
MATH,0163,158,第十章 概率 / 高考热点13 概率创新题,概率与函数的综合问题
MATH,0163,158,第十章 概率 / 高考热点13 概率创新题,概率与导数的综合问题
MATH,0163,158,第十章 概率 / 高考热点13 概率创新题,随机游走模型
MATH,0163,158,第十章 概率 / 高考热点13 概率创新题,分层随机抽样
MATH,0163,158,第十章 概率 / 高考热点13 概率创新题,超几何分布的应用
MATH,0163,158,第十章 概率 / 高考热点13 概率创新题,二项分布的最值问题
MATH,0163,158,第十章 概率 / 高考热点13 概率创新题,概率与数列的综合问题
MATH,0164,159,第十章 概率 / 高考热点13 概率创新题,概率与数列的综合问题
MATH,0164,159,第十章 概率 / 高考热点13 概率创新题,概率递推关系的建立
MATH,0164,159,第十章 概率 / 高考热点13 概率创新题,二项分布的期望
MATH,0164,159,第十章 概率 / 高考热点13 概率创新题,全概率公式的加权求法
MATH,0164,159,第十章 概率 / 高考热点13 概率创新题,独立重复试验的分布列
MATH,0165,160,第十一章 统计 / 11.1 用样本估计总体（章首考情清单 + 知识清单）,简单随机抽样
MATH,0165,160,第十一章 统计 / 11.1 用样本估计总体（章首考情清单 + 知识清单）,分层随机抽样
MATH,0165,160,第十一章 统计 / 11.1 用样本估计总体（章首考情清单 + 知识清单）,统计图表
MATH,0165,160,第十一章 统计 / 11.1 用样本估计总体（章首考情清单 + 知识清单）,频率分布直方图的画法
MATH,0165,160,第十一章 统计 / 11.1 用样本估计总体（章首考情清单 + 知识清单）,极差
MATH,0165,160,第十一章 统计 / 11.1 用样本估计总体（章首考情清单 + 知识清单）,组距与组数
MATH,0165,160,第十一章 统计 / 11.1 用样本估计总体（章首考情清单 + 知识清单）,百分位数
MATH,0166,161,第十一章 统计 / 11.1 用样本估计总体,百分位数的计算
MATH,0166,161,第十一章 统计 / 11.1 用样本估计总体,中位数是第 50 百分位数
MATH,0166,161,第十一章 统计 / 11.1 用样本估计总体,众数
MATH,0166,161,第十一章 统计 / 11.1 用样本估计总体,中位数
MATH,0166,161,第十一章 统计 / 11.1 用样本估计总体,平均数
MATH,0166,161,第十一章 统计 / 11.1 用样本估计总体,由频率分布直方图估计众数
MATH,0166,161,第十一章 统计 / 11.1 用样本估计总体,由频率分布直方图估计中位数
MATH,0166,161,第十一章 统计 / 11.1 用样本估计总体,由频率分布直方图估计平均数
MATH,0166,161,第十一章 统计 / 11.1 用样本估计总体,方差
MATH,0166,161,第十一章 统计 / 11.1 用样本估计总体,标准差
MATH,0166,161,第十一章 统计 / 11.1 用样本估计总体,分层随机抽样的总样本平均数
MATH,0166,161,第十一章 统计 / 11.1 用样本估计总体,分层随机抽样的总样本方差
MATH,0167,162,第十一章 统计 / 11.1 用样本估计总体（考点清单）,抽签法
MATH,0167,162,第十一章 统计 / 11.1 用样本估计总体（考点清单）,随机数法
MATH,0167,162,第十一章 统计 / 11.1 用样本估计总体（考点清单）,分层随机抽样的抽样比
MATH,0167,162,第十一章 统计 / 11.1 用样本估计总体（考点清单）,分层随机抽样的比例分配
MATH,0167,162,第十一章 统计 / 11.1 用样本估计总体（考点清单）,条形图
MATH,0167,162,第十一章 统计 / 11.1 用样本估计总体（考点清单）,扇形图
MATH,0167,162,第十一章 统计 / 11.1 用样本估计总体（考点清单）,统计图的读取与比较
MATH,0168,163,第十一章 统计 / 11.1 用样本估计总体（考点清单）,扇形图的应用
MATH,0168,163,第十一章 统计 / 11.1 用样本估计总体（考点清单）,折线图的应用
MATH,0168,163,第十一章 统计 / 11.1 用样本估计总体（考点清单）,条形图与直方图的应用
MATH,0168,163,第十一章 统计 / 11.1 用样本估计总体（考点清单）,组合统计图
MATH,0168,163,第十一章 统计 / 11.1 用样本估计总体（考点清单）,频率分布直方图的纵轴含义
MATH,0168,163,第十一章 统计 / 11.1 用样本估计总体（考点清单）,频率分布直方图中小矩形面积等于频率
MATH,0168,163,第十一章 统计 / 11.1 用样本估计总体（考点清单）,由频率分布直方图估计概率
MATH,0168,163,第十一章 统计 / 11.1 用样本估计总体（考点清单）,由频率分布直方图估计平均数
MATH,0169,164,第十一章 统计 / 11.1 用样本估计总体（考点清单）,由频率分布直方图估计平均数
MATH,0169,164,第十一章 统计 / 11.1 用样本估计总体（考点清单）,由频率分布直方图估计方差
MATH,0169,164,第十一章 统计 / 11.1 用样本估计总体（考点清单）,由频率分布直方图估计众数
MATH,0169,164,第十一章 统计 / 11.1 用样本估计总体（考点清单）,由频率分布直方图估计中位数
MATH,0169,164,第十一章 统计 / 11.1 用样本估计总体（考点清单）,由频率分布直方图估计百分位数
MATH,0169,164,第十一章 统计 / 11.1 用样本估计总体（考点清单）,百分位数的线性插值求法
MATH,0169,164,第十一章 统计 / 11.1 用样本估计总体（考点清单）,频率分布表与直方图的相互转化
MATH,0169,164,第十一章 统计 / 11.1 用样本估计总体（考点清单）,用样本估计总体的人数估算
MATH,0171,166,第十一章 统计 / 11.2 成对数据的统计分析,相关关系
MATH,0171,166,第十一章 统计 / 11.2 成对数据的统计分析,散点图
MATH,0171,166,第十一章 统计 / 11.2 成对数据的统计分析,正相关
MATH,0171,166,第十一章 统计 / 11.2 成对数据的统计分析,负相关
MATH,0171,166,第十一章 统计 / 11.2 成对数据的统计分析,线性相关
MATH,0171,166,第十一章 统计 / 11.2 成对数据的统计分析,非线性相关
MATH,0171,166,第十一章 统计 / 11.2 成对数据的统计分析,样本相关系数
MATH,0171,166,第十一章 统计 / 11.2 成对数据的统计分析,样本相关系数的取值范围与意义
MATH,0171,166,第十一章 统计 / 11.2 成对数据的统计分析,经验回归方程
MATH,0171,166,第十一章 统计 / 11.2 成对数据的统计分析,最小二乘估计公式
MATH,0171,166,第十一章 统计 / 11.2 成对数据的统计分析,残差平方和
MATH,0171,166,第十一章 统计 / 11.2 成对数据的统计分析,残差图
MATH,0172,167,第十一章 统计 / 11.2 成对数据的统计分析,决定系数 $R^2$
MATH,0172,167,第十一章 统计 / 11.2 成对数据的统计分析,残差
MATH,0172,167,第十一章 统计 / 11.2 成对数据的统计分析,残差图
MATH,0172,167,第十一章 统计 / 11.2 成对数据的统计分析,$2\times2$ 列联表
MATH,0172,167,第十一章 统计 / 11.2 成对数据的统计分析,独立性检验
MATH,0172,167,第十一章 统计 / 11.2 成对数据的统计分析,$\chi^2$ 的计算公式
MATH,0172,167,第十一章 统计 / 11.2 成对数据的统计分析,小概率值 $\alpha$ 的临界值
MATH,0172,167,第十一章 统计 / 11.2 成对数据的统计分析,独立性检验的检验规则
MATH,0172,167,第十一章 统计 / 11.2 成对数据的统计分析,零假设 $H_0$
MATH,0173,168,第十一章 统计 / 11.2 成对数据的统计分析（考点清单）,判断相关关系的方法
MATH,0173,168,第十一章 统计 / 11.2 成对数据的统计分析（考点清单）,散点图判断相关关系
MATH,0173,168,第十一章 统计 / 11.2 成对数据的统计分析（考点清单）,样本相关系数判断相关程度
MATH,0173,168,第十一章 统计 / 11.2 成对数据的统计分析（考点清单）,经验回归方程斜率与相关性的关系
MATH,0173,168,第十一章 统计 / 11.2 成对数据的统计分析（考点清单）,决定系数与拟合效果
MATH,0173,168,第十一章 统计 / 11.2 成对数据的统计分析（考点清单）,异常样本点对回归的影响
MATH,0173,168,第十一章 统计 / 11.2 成对数据的统计分析（考点清单）,线性回归模型
MATH,0173,168,第十一章 统计 / 11.2 成对数据的统计分析（考点清单）,用经验回归方程进行预测
MATH,0174,169,第十一章 统计 / 11.2 成对数据的统计分析（考点清单）,求经验回归方程的步骤
MATH,0174,169,第十一章 统计 / 11.2 成对数据的统计分析（考点清单）,最小二乘估计的斜率和截距公式
MATH,0174,169,第十一章 统计 / 11.2 成对数据的统计分析（考点清单）,求非线性经验回归方程的步骤
MATH,0174,169,第十一章 统计 / 11.2 成对数据的统计分析（考点清单）,散点图选择拟合函数
MATH,0174,169,第十一章 统计 / 11.2 成对数据的统计分析（考点清单）,非线性回归的线性化变换
MATH,0174,169,第十一章 统计 / 11.2 成对数据的统计分析（考点清单）,指数型衰减模型的识别
MATH,0175,170,第十一章 统计 / 11.2 成对数据的统计分析（考点清单）,独立性检验的零假设
MATH,0175,170,第十一章 统计 / 11.2 成对数据的统计分析（考点清单）,独立性检验的基本步骤
MATH,0175,170,第十一章 统计 / 11.2 成对数据的统计分析（考点清单）,等高条形图
MATH,0175,170,第十一章 统计 / 11.2 成对数据的统计分析（考点清单）,由等高条形图判断分类变量的关联
MATH,0175,170,第十一章 统计 / 11.2 成对数据的统计分析（考点清单）,条件概率的求法
PHYSICS,0018,12,第二章 相互作用 / 第1节 重力 弹力 摩擦力,重力的产生、公式与方向；g 随海拔与纬度的变化规律
PHYSICS,0018,12,第二章 相互作用 / 第1节 重力 弹力 摩擦力,重心的概念与悬挂法
PHYSICS,0018,12,第二章 相互作用 / 第1节 重力 弹力 摩擦力,弹力的定义、产生条件与方向
PHYSICS,0018,12,第二章 相互作用 / 第1节 重力 弹力 摩擦力,常见模型（面面/点面/点点/轻绳/轻杆）的弹力方向
PHYSICS,0018,12,第二章 相互作用 / 第1节 重力 弹力 摩擦力,弹力有无的四类判断方法
PHYSICS,0019,13,第二章 相互作用 / 第1节 重力 弹力 摩擦力,弹簧串联与并联的等效劲度系数公式及变化方向
PHYSICS,0019,13,第二章 相互作用 / 第1节 重力 弹力 摩擦力,静摩擦力与滑动摩擦力的产生条件、方向、大小对比
PHYSICS,0019,13,第二章 相互作用 / 第1节 重力 弹力 摩擦力,摩擦力大小的计算依据
PHYSICS,0019,13,第二章 相互作用 / 第1节 重力 弹力 摩擦力,"""有摩擦力一定有弹力，有弹力不一定有摩擦力"""
PHYSICS,0020,14,第二章 相互作用 / 第1节 重力 弹力 摩擦力,静摩擦力有无及方向的四类判断方法
PHYSICS,0020,14,第二章 相互作用 / 第1节 重力 弹力 摩擦力,用假设光滑法判断静摩擦力的有无
PHYSICS,0020,14,第二章 相互作用 / 第1节 重力 弹力 摩擦力,用转换对象 + 牛顿第三定律判断静摩擦力方向
PHYSICS,0020,14,第二章 相互作用 / 第1节 重力 弹力 摩擦力,摩擦力的四类突变（静→动、动→静、静→静、动→动）各自的方向与大小变化
PHYSICS,0021,15,第二章 相互作用 / 第2节 力的合成与分解（考点1）,合力与分力的等效替代关系
PHYSICS,0021,15,第二章 相互作用 / 第2节 力的合成与分解（考点1）,力的合成法则
PHYSICS,0021,15,第二章 相互作用 / 第2节 力的合成与分解（考点1）,两个共点力的合力范围与最值条件
PHYSICS,0021,15,第二章 相互作用 / 第2节 力的合成与分解（考点1）,三个共点力的合力最小值判据
PHYSICS,0021,15,第二章 相互作用 / 第2节 力的合成与分解（考点1）,计算法求合力
PHYSICS,0021,15,第二章 相互作用 / 第2节 力的合成与分解（考点1）,效果分解法与正交分解法的区别、实例结果与适用场合
PHYSICS,0021,15,第二章 相互作用 / 第2节 力的合成与分解（考点1）,正交分解法的坐标轴选取原则
PHYSICS,0022,16,第二章 相互作用 / 第2节 力的合成与分解（考点2 死结与活结 定杆与动杆）,死结与活结的区别以及两侧张力是否相等
PHYSICS,0022,16,第二章 相互作用 / 第2节 力的合成与分解（考点2 死结与活结 定杆与动杆）,定杆与动杆的区别以及弹力方向是否沿杆
PHYSICS,0023,17,第二章 相互作用 / 第3节 牛顿第三定律 共点力的平衡（考点1）,牛顿第三定律的内容与表达式
PHYSICS,0023,17,第二章 相互作用 / 第3节 牛顿第三定律 共点力的平衡（考点1）,一对作用力与反作用力 vs 一对平衡力的四点区别
PHYSICS,0023,17,第二章 相互作用 / 第3节 牛顿第三定律 共点力的平衡（考点1）,受力分析的一般步骤
PHYSICS,0023,17,第二章 相互作用 / 第3节 牛顿第三定律 共点力的平衡（考点1）,整体法与隔离法的研究对象与选用原则
PHYSICS,0023,17,第二章 相互作用 / 第3节 牛顿第三定律 共点力的平衡（考点1）,"整体法与隔离法交替使用及""先整体后隔离""的优先顺序"
PHYSICS,0024,18,第二章 相互作用 / 第3节 牛顿第三定律 共点力的平衡（考点2）,平衡状态的定义与平衡条件
PHYSICS,0024,18,第二章 相互作用 / 第3节 牛顿第三定律 共点力的平衡（考点2）,处理共点力平衡的三类方法
PHYSICS,0024,18,第二章 相互作用 / 第3节 牛顿第三定律 共点力的平衡（考点2）,定滑轮只改变力的方向不改变力的大小
PHYSICS,0024,18,第二章 相互作用 / 第3节 牛顿第三定律 共点力的平衡（考点2）,"多研究对象时""先整体求外力、再隔离求内力""的求解次序"
PHYSICS,0025,19,第二章 相互作用 / 微专题3 动态平衡 平衡中的临界极值问题（题型1）,动态平衡的定义与核心思想
PHYSICS,0025,19,第二章 相互作用 / 微专题3 动态平衡 平衡中的临界极值问题（题型1）,图解法的适用特点（一力恒定、一力方向不变、第三力大小方向均变）与判断依据
PHYSICS,0025,19,第二章 相互作用 / 微专题3 动态平衡 平衡中的临界极值问题（题型1）,相似三角形法的适用特点与解法
PHYSICS,0025,19,第二章 相互作用 / 微专题3 动态平衡 平衡中的临界极值问题（题型1）,辅助圆法的适用特点（两变力夹角不变）与解法
PHYSICS,0026,20,第二章 相互作用 / 微专题3 动态平衡 平衡中的临界极值问题（题型2）,用正弦定理处理动态平衡的三步思路
PHYSICS,0026,20,第二章 相互作用 / 微专题3 动态平衡 平衡中的临界极值问题（题型2）,"临界问题的判据词（""刚好""""恰能""""恰好""）及其含义"
PHYSICS,0026,20,第二章 相互作用 / 微专题3 动态平衡 平衡中的临界极值问题（题型2）,三类常见临界条件
PHYSICS,0026,20,第二章 相互作用 / 微专题3 动态平衡 平衡中的临界极值问题（题型2）,平衡中极值问题的三类解法
PHYSICS,0026,20,第二章 相互作用 / 微专题3 动态平衡 平衡中的临界极值问题（题型2）,极限分析法的要害：临界条件必须在变化过程中寻找，不能停留于单一状态
PHYSICS,0027,21,第二章 相互作用 / 实验2 探究弹簧弹力与形变量的关系,探究弹簧弹力与形变量关系的实验原理
PHYSICS,0027,21,第二章 相互作用 / 实验2 探究弹簧弹力与形变量的关系,测弹簧原长必须竖直悬挂
PHYSICS,0027,21,第二章 相互作用 / 实验2 探究弹簧弹力与形变量的关系,测量弹簧长度须在竖直悬挂且稳定时进行，刻度尺竖直靠近弹簧
PHYSICS,0027,21,第二章 相互作用 / 实验2 探究弹簧弹力与形变量的关系,作图规范：横坐标是形变量而非长度；描点均匀分布在直线两侧
PHYSICS,0027,21,第二章 相互作用 / 实验2 探究弹簧弹力与形变量的关系,三类数据处理方法
PHYSICS,0027,21,第二章 相互作用 / 实验2 探究弹簧弹力与形变量的关系,形变超出弹性限度时 $F$-$x$ 图像弯曲
PHYSICS,0027,21,第二章 相互作用 / 实验2 探究弹簧弹力与形变量的关系,三类误差来源（标值/测量/作图不准）及两项改进方案
PHYSICS,0029,22,第二章 相互作用 / 实验3 探究两个互成角度的力的合成规律,验证力的平行四边形定则的实验原理
PHYSICS,0029,22,第二章 相互作用 / 实验3 探究两个互成角度的力的合成规律,"操作步骤中的""等效""要求"
PHYSICS,0029,22,第二章 相互作用 / 实验3 探究两个互成角度的力的合成规律,两分力夹角与拉力方向的操作规范
PHYSICS,0029,22,第二章 相互作用 / 实验3 探究两个互成角度的力的合成规律,记录力方向时标记点应离 $O$ 点尽量远
PHYSICS,0029,22,第二章 相互作用 / 实验3 探究两个互成角度的力的合成规律,数据处理：同标度作图，比较合成的 $F$ 与实测的 $F'$
PHYSICS,0029,22,第二章 相互作用 / 实验3 探究两个互成角度的力的合成规律,六条注意事项
PHYSICS,0029,22,第二章 相互作用 / 实验3 探究两个互成角度的力的合成规律,五类误差来源
PHYSICS,0029,22,第二章 相互作用 / 实验3 探究两个互成角度的力的合成规律,两项改进方案
PHYSICS,0030,23,第三章 牛顿运动定律 / 第1节 牛顿第一定律 牛顿第二定律,牛顿第一定律的内容
PHYSICS,0030,23,第三章 牛顿运动定律 / 第1节 牛顿第一定律 牛顿第二定律,牛顿第一定律的两点意义
PHYSICS,0030,23,第三章 牛顿运动定律 / 第1节 牛顿第一定律 牛顿第二定律,惯性的定义、量度（质量是唯一量度）与普遍性
PHYSICS,0030,23,第三章 牛顿运动定律 / 第1节 牛顿第一定律 牛顿第二定律,牛顿第二定律的内容与表达式 $F=ma$
PHYSICS,0030,23,第三章 牛顿运动定律 / 第1节 牛顿第一定律 牛顿第二定律,"牛顿第二定律的""六性"""
PHYSICS,0030,23,第三章 牛顿运动定律 / 第1节 牛顿第一定律 牛顿第二定律,加速度定义式 $a=\Delta v/\Delta t$ 与决定式 $a=F/m$ 的区别
PHYSICS,0031,24,第三章 牛顿运动定律 / 第1节 牛顿第一定律 牛顿第二定律（续）,用牛顿第二定律解决瞬时性问题的三步思维流程
PHYSICS,0031,24,第三章 牛顿运动定律 / 第1节 牛顿第一定律 牛顿第二定律（续）,细线/弹簧的弹力在状态突变时的差异
PHYSICS,0031,24,第三章 牛顿运动定律 / 第1节 牛顿第一定律 牛顿第二定律（续）,被烧断的细线、剪断的弹簧弹力、被抽出木板对物体的弹力会立即消失
PHYSICS,0031,24,第三章 牛顿运动定律 / 第1节 牛顿第一定律 牛顿第二定律（续）,单位制与基本量/导出量、基本单位/导出单位的构成关系
PHYSICS,0031,24,第三章 牛顿运动定律 / 第1节 牛顿第一定律 牛顿第二定律（续）,国际单位制七个基本物理量及其基本单位
PHYSICS,0031,24,第三章 牛顿运动定律 / 第1节 牛顿第一定律 牛顿第二定律（续）,转动惯量 $J=\sum m_i r_i^2$ 的物理意义
PHYSICS,0031,24,第三章 牛顿运动定律 / 第1节 牛顿第一定律 牛顿第二定律（续）,复摆的定义（绕固定水平轴、形状大小不变、重力作用下的微小摆动）及其与单摆的类比
PHYSICS,0031,24,第三章 牛顿运动定律 / 第1节 牛顿第一定律 牛顿第二定律（续）,量纲法判断物理表达式是否可能成立
PHYSICS,0032,25,第三章 牛顿运动定律 / 第2节 牛顿第二定律的应用,动力学两类基本问题及其转化关系
PHYSICS,0032,25,第三章 牛顿运动定律 / 第2节 牛顿第二定律的应用,"解决动力学两类基本问题的""两个分析、一个桥梁"""
PHYSICS,0032,25,第三章 牛顿运动定律 / 第2节 牛顿第二定律的应用,运动分析要找出相邻过程的联系点
PHYSICS,0032,25,第三章 牛顿运动定律 / 第2节 牛顿第二定律的应用,受力分析须逐个过程进行，注意摩擦力与弹力可能变化
PHYSICS,0032,25,第三章 牛顿运动定律 / 第2节 牛顿第二定律的应用,牛顿第二定律在多过程问题中的应用三要点
PHYSICS,0032,25,第三章 牛顿运动定律 / 第2节 牛顿第二定律的应用,动力学图像问题的分析四步法
PHYSICS,0032,25,第三章 牛顿运动定律 / 第2节 牛顿第二定律的应用,图像中斜率、面积、截距对应的物理意义
PHYSICS,0032,25,第三章 牛顿运动定律 / 第2节 牛顿第二定律的应用,临界点处物体运动形式往往发生变化
PHYSICS,0033,26,第三章 牛顿运动定律 / 第2节（续）/ 考点3 超重和失重问题,$v$-$t$ 图像的斜率表示加速度、面积表示位移
PHYSICS,0033,26,第三章 牛顿运动定律 / 第2节（续）/ 考点3 超重和失重问题,$a$-$t$ 图像的面积表示速度的变化量
PHYSICS,0033,26,第三章 牛顿运动定律 / 第2节（续）/ 考点3 超重和失重问题,$v^2$-$x$ 图像的斜率表示加速度的 2 倍
PHYSICS,0033,26,第三章 牛顿运动定律 / 第2节（续）/ 考点3 超重和失重问题,$F$-$a$ 图像的斜率表示物体的质量
PHYSICS,0033,26,第三章 牛顿运动定律 / 第2节（续）/ 考点3 超重和失重问题,$F$-$t$ 图像的面积表示力的冲量或动量的变化量
PHYSICS,0033,26,第三章 牛顿运动定律 / 第2节（续）/ 考点3 超重和失重问题,$F$-$x$ 图像的面积表示力做的功或动能的变化量
PHYSICS,0033,26,第三章 牛顿运动定律 / 第2节（续）/ 考点3 超重和失重问题,超重、失重、完全失重的现象判据
PHYSICS,0033,26,第三章 牛顿运动定律 / 第2节（续）/ 考点3 超重和失重问题,超重与失重的加速度方向判据
PHYSICS,0033,26,第三章 牛顿运动定律 / 第2节（续）/ 考点3 超重和失重问题,超重失重的动力学原理式
PHYSICS,0033,26,第三章 牛顿运动定律 / 第2节（续）/ 考点3 超重和失重问题,超重失重与速度方向无关、重力本身不变
PHYSICS,0034,27,第三章 牛顿运动定律 / 微专题4 牛顿第二定律的综合应用 / 题型1 动力学中的连接体问题,共速连接体的两类形态
PHYSICS,0034,27,第三章 牛顿运动定律 / 微专题4 牛顿第二定律的综合应用 / 题型1 动力学中的连接体问题,关联速度连接体：绳关联（速度大小相等、方向不同）与杆关联
PHYSICS,0034,27,第三章 牛顿运动定律 / 微专题4 牛顿第二定律的综合应用 / 题型1 动力学中的连接体问题,处理连接体问题的整体法与隔离法
PHYSICS,0034,27,第三章 牛顿运动定律 / 微专题4 牛顿第二定律的综合应用 / 题型1 动力学中的连接体问题,整体法的选取原则
PHYSICS,0034,27,第三章 牛顿运动定律 / 微专题4 牛顿第二定律的综合应用 / 题型1 动力学中的连接体问题,隔离法的选取原则
PHYSICS,0034,27,第三章 牛顿运动定律 / 微专题4 牛顿第二定律的综合应用 / 题型1 动力学中的连接体问题,整体法与隔离法的交替运用
PHYSICS,0034,27,第三章 牛顿运动定律 / 微专题4 牛顿第二定律的综合应用 / 题型1 动力学中的连接体问题,连接体中力的分配规律 $F_{12}=\frac{m_2}{m_1+m_2}F$ 及其适用条件
PHYSICS,0035,28,第三章 牛顿运动定律 / 微专题4（续）/ 题型2 动力学中的临界极值问题,临界极值问题的题干用语识别
PHYSICS,0035,28,第三章 牛顿运动定律 / 微专题4（续）/ 题型2 动力学中的临界极值问题,接触与脱离的临界条件 $F_N=0$
PHYSICS,0035,28,第三章 牛顿运动定律 / 微专题4（续）/ 题型2 动力学中的临界极值问题,相对滑动的临界条件为静摩擦力达到最大值
PHYSICS,0035,28,第三章 牛顿运动定律 / 微专题4（续）/ 题型2 动力学中的临界极值问题,绳断裂的临界条件为张力等于最大承受张力；绳松弛的临界条件为 $F_T=0$
PHYSICS,0035,28,第三章 牛顿运动定律 / 微专题4（续）/ 题型2 动力学中的临界极值问题,收尾速度（最终速度）的临界条件为合力为零
PHYSICS,0035,28,第三章 牛顿运动定律 / 微专题4（续）/ 题型2 动力学中的临界极值问题,解决临界极值问题的三种方法
PHYSICS,0036,29,第三章 牛顿运动定律 / 微专题5 动力学中的传送带模型,传送带模型的实质是物体与传送带间的相对运动
PHYSICS,0036,29,第三章 牛顿运动定律 / 微专题5 动力学中的传送带模型,传送带模型的两类
PHYSICS,0036,29,第三章 牛顿运动定律 / 微专题5 动力学中的传送带模型,处理传送带问题的一般思路
PHYSICS,0036,29,第三章 牛顿运动定律 / 微专题5 动力学中的传送带模型,共速是摩擦力与运动状态发生改变的临界点
PHYSICS,0036,29,第三章 牛顿运动定律 / 微专题5 动力学中的传送带模型,倾斜传送带共速后的运动判据
PHYSICS,0036,29,第三章 牛顿运动定律 / 微专题5 动力学中的传送带模型,物体位移以地面为参考系；相对位移的计算
PHYSICS,0036,29,第三章 牛顿运动定律 / 微专题5 动力学中的传送带模型,划痕长度的计算规则
PHYSICS,0036,29,第三章 牛顿运动定律 / 微专题5 动力学中的传送带模型,物块轻放于匀速传送带上时，传送带长度需满足 $L>\dfrac{v^2}{2\mu g}$ 才可能共速
PHYSICS,0037,30,第三章 牛顿运动定律 / 微专题5（续）/ 模型突破：常见传送带模型分析（水平）,水平传送带模型：$v_0$ 与 $v$ 同向时的三种情形
PHYSICS,0037,30,第三章 牛顿运动定律 / 微专题5（续）/ 模型突破：常见传送带模型分析（水平）,水平传送带模型：物体能否在离开传送带前与传送带共速的判据
PHYSICS,0037,30,第三章 牛顿运动定律 / 微专题5（续）/ 模型突破：常见传送带模型分析（水平）,反向进入（速度与传动方向相反）时的运动：先匀减速、后反向匀加速、可能再匀速
PHYSICS,0037,30,第三章 牛顿运动定律 / 微专题5（续）/ 模型突破：常见传送带模型分析（水平）,倾斜传送带上的摩擦力突变分析
PHYSICS,0037,30,第三章 牛顿运动定律 / 微专题5（续）/ 模型突破：常见传送带模型分析（水平）,传送带与连接体结合（绳跨过定滑轮、绳与传送带平行）的分析思路
PHYSICS,0038,31,第三章 牛顿运动定律 / 微专题5（续）/ 模型突破：常见传送带模型分析（倾斜）,倾斜传送带上行时 $\mu>\tan\theta$ 与 $\mu<\tan\theta$ 两种情形的初速度分段讨论
PHYSICS,0038,31,第三章 牛顿运动定律 / 微专题5（续）/ 模型突破：常见传送带模型分析（倾斜）,倾斜传送带上的加速度表达式：$a=(\mu\cos\theta-\sin\theta)g$、$a=(\mu\cos\theta+\sin\theta)g$、$a=(\sin\theta-\mu\cos\theta)g$
PHYSICS,0038,31,第三章 牛顿运动定律 / 微专题5（续）/ 模型突破：常见传送带模型分析（倾斜）,"倾斜传送带下行时分段加速度（$a_1$ 与 $a_2$）及""共速后加速度改变""的判据"
PHYSICS,0038,31,第三章 牛顿运动定律 / 微专题5（续）/ 模型突破：常见传送带模型分析（倾斜）,"传送带长度 $l$ 与""达到共速所需位移""比较决定最终运动形式"
PHYSICS,0038,31,第三章 牛顿运动定律 / 微专题5（续）/ 模型突破：常见传送带模型分析（倾斜）,$\mu>\tan\theta$ 时共速后可保持匀速；$\mu<\tan\theta$ 时共速后仍继续加速（或反向）直至离开
PHYSICS,0039,32,第三章 牛顿运动定律 / 微专题6 动力学中的滑块-木板模型,"滑块-木板模型的""一个转折"""
PHYSICS,0039,32,第三章 牛顿运动定律 / 微专题6 动力学中的滑块-木板模型,"滑块-木板模型的""两个关联"""
PHYSICS,0039,32,第三章 牛顿运动定律 / 微专题6 动力学中的滑块-木板模型,处理滑块-木板模型的一般思路
PHYSICS,0039,32,第三章 牛顿运动定律 / 微专题6 动力学中的滑块-木板模型,共速假设的判别方法
PHYSICS,0039,32,第三章 牛顿运动定律 / 微专题6 动力学中的滑块-木板模型,滑块-木板模型的题型划分
PHYSICS,0040,33,第三章 牛顿运动定律 / 微专题6（续）/ 斜面上的滑块-木板模型,$a$-$F$ 图像中滑块-木板系统的三个阶段
PHYSICS,0040,33,第三章 牛顿运动定律 / 微专题6（续）/ 斜面上的滑块-木板模型,$a$-$F$ 图线转折点的物理含义
PHYSICS,0040,33,第三章 牛顿运动定律 / 微专题6（续）/ 斜面上的滑块-木板模型,"斜面上""木板恰好能静止""隐含 $\mu_{板-斜面}=\tan\theta$ 的条件"
PHYSICS,0040,33,第三章 牛顿运动定律 / 微专题6（续）/ 斜面上的滑块-木板模型,斜面上滑块-木板模型中判断木板能否保持静止的方法
PHYSICS,0040,33,第三章 牛顿运动定律 / 微专题6（续）/ 斜面上的滑块-木板模型,滑块不脱离木板的最小长度判据
PHYSICS,0040,33,第三章 牛顿运动定律 / 微专题6（续）/ 斜面上的滑块-木板模型,系统因摩擦产生热量的计算思路
PHYSICS,0041,34,第三章 牛顿运动定律 / 微专题6（续）/ 模型突破：水平面上的滑块-木板模型分类解读,"水平面上滑块-木板模型按""力作用在块上/板上""的分类解读"
PHYSICS,0041,34,第三章 牛顿运动定律 / 微专题6（续）/ 模型突破：水平面上的滑块-木板模型分类解读,$F$ 作用在块上、水平面光滑时的相对静止过程方程与两个临界条件
PHYSICS,0041,34,第三章 牛顿运动定律 / 微专题6（续）/ 模型突破：水平面上的滑块-木板模型分类解读,$F$ 作用在块上、水平面粗糙时的方程（对整体 $F-f'=(m+M)a$；对板 $f_{弹}-f'=Ma$）与临界条件
PHYSICS,0041,34,第三章 牛顿运动定律 / 微专题6（续）/ 模型突破：水平面上的滑块-木板模型分类解读,$F$ 作用在板上时的临界条件
PHYSICS,0041,34,第三章 牛顿运动定律 / 微专题6（续）/ 模型突破：水平面上的滑块-木板模型分类解读,相对滑动后块与板各自的运动方程
PHYSICS,0041,34,第三章 牛顿运动定律 / 微专题6（续）/ 模型突破：水平面上的滑块-木板模型分类解读,"$a$-$F$ 图像中""对地滑动""段与""板块滑动""段的划分与斜率含义"
PHYSICS,0042,35,第三章 牛顿运动定律 / 实验4 探究加速度与物体受力、物体质量的关系,探究加速度与力、质量关系的实验原理
PHYSICS,0042,35,第三章 牛顿运动定律 / 实验4 探究加速度与物体受力、物体质量的关系,平衡阻力的方法
PHYSICS,0042,35,第三章 牛顿运动定律 / 实验4 探究加速度与物体受力、物体质量的关系,槽码质量需远小于小车质量的原因与豁免条件
PHYSICS,0042,35,第三章 牛顿运动定律 / 实验4 探究加速度与物体受力、物体质量的关系,操作细节：小车靠近打点计时器、先接通电源后释放、到达滑轮前按住小车
PHYSICS,0042,35,第三章 牛顿运动定律 / 实验4 探究加速度与物体受力、物体质量的关系,数据处理方法
PHYSICS,0042,35,第三章 牛顿运动定律 / 实验4 探究加速度与物体受力、物体质量的关系,$a$-$F$、$a$-$1/M$ 图像的三类反常形状及原因
PHYSICS,0042,35,第三章 牛顿运动定律 / 实验4 探究加速度与物体受力、物体质量的关系,误差来源
PHYSICS,0042,35,第三章 牛顿运动定律 / 实验4 探究加速度与物体受力、物体质量的关系,两项改进方案
PHYSICS,0043,36,第四章 曲线运动 / 第1节 曲线运动 运动的合成与分解,物体做曲线运动的两个判据
PHYSICS,0043,36,第四章 曲线运动 / 第1节 曲线运动 运动的合成与分解,曲线运动是变速运动、加速度不为 0
PHYSICS,0043,36,第四章 曲线运动 / 第1节 曲线运动 运动的合成与分解,匀变速曲线运动与变加速曲线运动的区分
PHYSICS,0043,36,第四章 曲线运动 / 第1节 曲线运动 运动的合成与分解,曲线运动轨迹的特征
PHYSICS,0043,36,第四章 曲线运动 / 第1节 曲线运动 运动的合成与分解,由合力与速度的夹角判断速率变化
PHYSICS,0043,36,第四章 曲线运动 / 第1节 曲线运动 运动的合成与分解,运动的合成与分解遵循平行四边形定则
PHYSICS,0043,36,第四章 曲线运动 / 第1节 曲线运动 运动的合成与分解,运动分解的方法
PHYSICS,0043,36,第四章 曲线运动 / 第1节 曲线运动 运动的合成与分解,合运动与分运动的等时性、独立性、等效性
PHYSICS,0043,36,第四章 曲线运动 / 第1节 曲线运动 运动的合成与分解,由两分运动的性质推断合运动性质
PHYSICS,0043,36,第四章 曲线运动 / 第1节 曲线运动 运动的合成与分解,小船渡河模型
PHYSICS,0044,37,第四章 曲线运动 / 第1节（续）/ 考点3 小船渡河模型,小船渡河的最短时间：船头垂直河岸，$t_{\min}=d/v_{船}$
PHYSICS,0044,37,第四章 曲线运动 / 第1节（续）/ 考点3 小船渡河模型,渡河时间只取决于船沿垂直河岸方向的分速度
PHYSICS,0044,37,第四章 曲线运动 / 第1节（续）/ 考点3 小船渡河模型,水速小于船速时的最短位移渡河
PHYSICS,0044,37,第四章 曲线运动 / 第1节（续）/ 考点3 小船渡河模型,水速大于船速时的最短位移渡河
PHYSICS,0044,37,第四章 曲线运动 / 第1节（续）/ 考点3 小船渡河模型,在斜面上建立 $Oxy$ 坐标系做二维运动分析（分解为沿坐标轴方向的独立分运动，分别列运动学方程）的通用方法
PHYSICS,0045,38,第四章 曲线运动 / 第1节（续）/ 考点4 关联速度模型,分析小船渡河问题的思维流程
PHYSICS,0045,38,第四章 曲线运动 / 第1节（续）/ 考点4 关联速度模型,关联速度模型的五类典型情境及其定量关系
PHYSICS,0045,38,第四章 曲线运动 / 第1节（续）/ 考点4 关联速度模型,关联速度的通用解法：分解实际速度，沿绳（杆）方向分速度大小相等
PHYSICS,0045,38,第四章 曲线运动 / 第1节（续）/ 考点4 关联速度模型,处理关联速度问题的两条原则
PHYSICS,0046,39,第四章 曲线运动 / 第2节 抛体运动 / 考点1 平抛运动的基本规律,平抛运动的坐标建立方式
PHYSICS,0046,39,第四章 曲线运动 / 第2节 抛体运动 / 考点1 平抛运动的基本规律,平抛运动的速度关系
PHYSICS,0046,39,第四章 曲线运动 / 第2节 抛体运动 / 考点1 平抛运动的基本规律,平抛运动的位移关系
PHYSICS,0046,39,第四章 曲线运动 / 第2节 抛体运动 / 考点1 平抛运动的基本规律,平抛运动的轨迹方程 $y=\frac{g}{2v_0^2}x^2$
PHYSICS,0046,39,第四章 曲线运动 / 第2节 抛体运动 / 考点1 平抛运动的基本规律,平抛运动的重要推论
PHYSICS,0046,39,第四章 曲线运动 / 第2节 抛体运动 / 考点1 平抛运动的基本规律,平抛运动在相等时间内速度变化量相等
PHYSICS,0046,39,第四章 曲线运动 / 第2节 抛体运动 / 考点1 平抛运动的基本规律,平抛运动水平位移的均匀性与竖直方向位移差恒定
PHYSICS,0046,39,第四章 曲线运动 / 第2节 抛体运动 / 考点1 平抛运动的基本规律,与斜面有关的平抛运动的四类约束（垂直打到斜面、切入斜面、位移垂直斜面、落在斜面上）及其时间关系式
PHYSICS,0046,39,第四章 曲线运动 / 第2节 抛体运动 / 考点1 平抛运动的基本规律,与斜面有关问题的判别方法
PHYSICS,0047,40,第四章 曲线运动 / 第2节（续）/ 考点2 圆弧面约束、考点3 类平抛运动,圆弧面约束的三类平抛情形（切入圆弧面凹槽、在半圆内的平抛、从圆上一点水平抛出落到圆周上）及其关系式
PHYSICS,0047,40,第四章 曲线运动 / 第2节（续）/ 考点2 圆弧面约束、考点3 类平抛运动,"平抛运动""离斜面距离最大""的判据"
PHYSICS,0047,40,第四章 曲线运动 / 第2节（续）/ 考点2 圆弧面约束、考点3 类平抛运动,按斜面方向建立坐标系的处理方法
PHYSICS,0047,40,第四章 曲线运动 / 第2节（续）/ 考点2 圆弧面约束、考点3 类平抛运动,类平抛运动的定义
PHYSICS,0047,40,第四章 曲线运动 / 第2节（续）/ 考点2 圆弧面约束、考点3 类平抛运动,类平抛运动的速度与位移关系
PHYSICS,0047,40,第四章 曲线运动 / 第2节（续）/ 考点2 圆弧面约束、考点3 类平抛运动,类平抛运动的坐标建系方式
PHYSICS,0048,41,第四章 曲线运动 / 第2节（续）/ 考点4 斜抛运动,斜抛运动的坐标建立与运动分解
PHYSICS,0048,41,第四章 曲线运动 / 第2节（续）/ 考点4 斜抛运动,斜抛运动水平方向的速度与位移公式
PHYSICS,0048,41,第四章 曲线运动 / 第2节（续）/ 考点4 斜抛运动,斜抛运动竖直方向的速度与位移公式
PHYSICS,0048,41,第四章 曲线运动 / 第2节（续）/ 考点4 斜抛运动,斜抛运动的飞行时间 $t_{总}=\frac{2v_0\sin\theta}{g}$
PHYSICS,0048,41,第四章 曲线运动 / 第2节（续）/ 考点4 斜抛运动,斜抛运动的射高 $H_m=\frac{v_0^2\sin^2\theta}{2g}$
PHYSICS,0048,41,第四章 曲线运动 / 第2节（续）/ 考点4 斜抛运动,斜抛运动的射程 $x_m=\frac{v_0^2\sin 2\theta}{g}$；$v_0$ 一定时 $\theta=45°$ 射程最大
PHYSICS,0048,41,第四章 曲线运动 / 第2节（续）/ 考点4 斜抛运动,用逆向思维处理斜抛运动
PHYSICS,0048,41,第四章 曲线运动 / 第2节（续）/ 考点4 斜抛运动,带电粒子在匀强电场中类平抛运动的坐标分解方法
PHYSICS,0049,42,第四章 曲线运动 / 微专题7 抛体运动中的综合问题 / 题型1 临界极值问题、题型2 立体空间中的抛体运动,抛体运动临界问题的常见描述与解题关键
PHYSICS,0049,42,第四章 曲线运动 / 微专题7 抛体运动中的综合问题 / 题型1 临界极值问题、题型2 立体空间中的抛体运动,抛体运动极值问题的解题方法
PHYSICS,0049,42,第四章 曲线运动 / 微专题7 抛体运动中的综合问题 / 题型1 临界极值问题、题型2 立体空间中的抛体运动,落向斜坡类问题的分析链
PHYSICS,0049,42,第四章 曲线运动 / 微专题7 抛体运动中的综合问题 / 题型1 临界极值问题、题型2 立体空间中的抛体运动,立体空间抛体运动问题的降维思想
PHYSICS,0050,43,第四章 曲线运动 / 微专题7（续）/ 降维法、题型3 抛体运动中的相遇问题,降维法的一般步骤
PHYSICS,0050,43,第四章 曲线运动 / 微专题7（续）/ 降维法、题型3 抛体运动中的相遇问题,抛体运动相遇问题的常见类型
PHYSICS,0050,43,第四章 曲线运动 / 微专题7（续）/ 降维法、题型3 抛体运动中的相遇问题,抛体运动相遇问题的特点
PHYSICS,0050,43,第四章 曲线运动 / 微专题7（续）/ 降维法、题型3 抛体运动中的相遇问题,抛体运动相遇问题的解题方法
PHYSICS,0050,43,第四章 曲线运动 / 微专题7（续）/ 降维法、题型3 抛体运动中的相遇问题,两物体竖直分运动性质不同的相遇问题分析
PHYSICS,0050,43,第四章 曲线运动 / 微专题7（续）/ 降维法、题型3 抛体运动中的相遇问题,平抛与竖直上抛相遇的条件
PHYSICS,0051,44,第四章 曲线运动 / 第3节 圆周运动,描述圆周运动的物理量间的关系
PHYSICS,0051,44,第四章 曲线运动 / 第3节 圆周运动,向心加速度的三种表达式
PHYSICS,0051,44,第四章 曲线运动 / 第3节 圆周运动,线速度与角速度、周期、频率的关系式
PHYSICS,0051,44,第四章 曲线运动 / 第3节 圆周运动,周期与频率的关系 $T=1/f$
PHYSICS,0051,44,第四章 曲线运动 / 第3节 圆周运动,共轴传动的特征（角速度相同）及定量关系
PHYSICS,0051,44,第四章 曲线运动 / 第3节 圆周运动,皮带传动/齿轮传动/摩擦传动的特征（轮缘或啮合处线速度大小相等）及定量关系
PHYSICS,0051,44,第四章 曲线运动 / 第3节 圆周运动,匀速圆周运动中合力提供向心力及其表达式
PHYSICS,0051,44,第四章 曲线运动 / 第3节 圆周运动,变速圆周运动中切向力与法向力的作用
PHYSICS,0051,44,第四章 曲线运动 / 第3节 圆周运动,离心与近心的条件判据
PHYSICS,0052,45,第四章 曲线运动 / 第3节（续）/ 方法提升：圆周运动中动力学问题的分析思路,"圆周运动动力学问题的""一审二确三分四列""分析思路"
PHYSICS,0052,45,第四章 曲线运动 / 第3节（续）/ 方法提升：圆周运动中动力学问题的分析思路,确定研究对象的方法
PHYSICS,0052,45,第四章 曲线运动 / 第3节（续）/ 方法提升：圆周运动中动力学问题的分析思路,确定圆周运动轨道平面的重要性
PHYSICS,0052,45,第四章 曲线运动 / 第3节（续）/ 方法提升：圆周运动中动力学问题的分析思路,圆周运动分析中的几何关系
PHYSICS,0052,45,第四章 曲线运动 / 第3节（续）/ 方法提升：圆周运动中动力学问题的分析思路,运动情况分析
PHYSICS,0052,45,第四章 曲线运动 / 第3节（续）/ 方法提升：圆周运动中动力学问题的分析思路,受力分析与向心力来源的确定
PHYSICS,0052,45,第四章 曲线运动 / 第3节（续）/ 方法提升：圆周运动中动力学问题的分析思路,由牛顿运动定律与圆周运动知识列方程
PHYSICS,0052,45,第四章 曲线运动 / 第3节（续）/ 方法提升：圆周运动中动力学问题的分析思路,圆锥摆类问题中夹角与角速度的关系
PHYSICS,0053,46,第四章 曲线运动 / 微专题8 圆周运动的临界极值问题 / 题型1 水平面内圆周运动的临界极值问题,水平面内圆周运动临界问题的通用判据
PHYSICS,0053,46,第四章 曲线运动 / 微专题8 圆周运动的临界极值问题 / 题型1 水平面内圆周运动的临界极值问题,单体转盘上物块的受力与临界条件
PHYSICS,0053,46,第四章 曲线运动 / 微专题8 圆周运动的临界极值问题 / 题型1 水平面内圆周运动的临界极值问题,转盘同侧绳连接两物体的两个临界状态
PHYSICS,0053,46,第四章 曲线运动 / 微专题8 圆周运动的临界极值问题 / 题型1 水平面内圆周运动的临界极值问题,转盘异侧绳连接两物体开始滑动的临界方程组
PHYSICS,0053,46,第四章 曲线运动 / 微专题8 圆周运动的临界极值问题 / 题型1 水平面内圆周运动的临界极值问题,叠加连接体在转盘上的先后滑动判据
PHYSICS,0053,46,第四章 曲线运动 / 微专题8 圆周运动的临界极值问题 / 题型1 水平面内圆周运动的临界极值问题,球绳转盘模型（绳张力恒等于吊物重力）及 $A$ 向外滑动的临界条件
PHYSICS,0053,46,第四章 曲线运动 / 微专题8 圆周运动的临界极值问题 / 题型1 水平面内圆周运动的临界极值问题,圆锥摆的临界角速度 $\omega=\sqrt{g/(l\cos\theta)}$
PHYSICS,0054,47,第四章 曲线运动 / 微专题8（续）/ 题型2 竖直面内圆周运动的临界极值问题,竖直面内圆周运动的两类模型（绳球模型与杆球模型）及其实例
PHYSICS,0054,47,第四章 曲线运动 / 微专题8（续）/ 题型2 竖直面内圆周运动的临界极值问题,绳球模型与杆球模型在受力能力上的共同特征与区别
PHYSICS,0054,47,第四章 曲线运动 / 微专题8（续）/ 题型2 竖直面内圆周运动的临界极值问题,绳球模型最高点与最低点的动力学方程
PHYSICS,0054,47,第四章 曲线运动 / 微专题8（续）/ 题型2 竖直面内圆周运动的临界极值问题,"杆球模型最高点""拉力""与""支持力""两种情况的动力学方程"
PHYSICS,0054,47,第四章 曲线运动 / 微专题8（续）/ 题型2 竖直面内圆周运动的临界极值问题,绳球模型最高点速度范围 $v\ge\sqrt{gR}$ 与脱轨条件
PHYSICS,0054,47,第四章 曲线运动 / 微专题8（续）/ 题型2 竖直面内圆周运动的临界极值问题,"杆球模型最高点速度范围 $v\ge0$ 与""不存在脱轨""的特点"
PHYSICS,0054,47,第四章 曲线运动 / 微专题8（续）/ 题型2 竖直面内圆周运动的临界极值问题,两类模型最高点临界速度的差异
PHYSICS,0054,47,第四章 曲线运动 / 微专题8（续）/ 题型2 竖直面内圆周运动的临界极值问题,杆球模型 $F_N$-$v^2$ 图像的物理含义
PHYSICS,0055,48,第四章 曲线运动 / 微专题8（续）/ 题型3 斜面上圆周运动的临界极值问题,斜面上圆周运动的受力分解
PHYSICS,0055,48,第四章 曲线运动 / 微专题8（续）/ 题型3 斜面上圆周运动的临界极值问题,斜面上圆周运动的最易滑动位置
PHYSICS,0055,48,第四章 曲线运动 / 微专题8（续）/ 题型3 斜面上圆周运动的临界极值问题,斜面上圆周运动的最低点临界方程
PHYSICS,0055,48,第四章 曲线运动 / 微专题8（续）/ 题型3 斜面上圆周运动的临界极值问题,斜面转盘临界角速度 $\omega_{\max}=\sqrt{\dfrac{g(\mu\cos\theta-\sin\theta)}{r}}$
PHYSICS,0055,48,第四章 曲线运动 / 微专题8（续）/ 题型3 斜面上圆周运动的临界极值问题,斜面转盘能稳住物块的前提条件 $\mu>\tan\theta$
PHYSICS,0056,49,第四章 曲线运动 / 实验5 探究平抛运动的特点,探究平抛运动特点的实验原理
PHYSICS,0056,49,第四章 曲线运动 / 实验5 探究平抛运动的特点,装置调节要求
PHYSICS,0056,49,第四章 曲线运动 / 实验5 探究平抛运动的特点,实验操作要求
PHYSICS,0056,49,第四章 曲线运动 / 实验5 探究平抛运动的特点,作图要求
PHYSICS,0056,49,第四章 曲线运动 / 实验5 探究平抛运动的特点,判断轨迹是否为抛物线的方法
PHYSICS,0056,49,第四章 曲线运动 / 实验5 探究平抛运动的特点,由完整轨迹求初速度 $v_0=x\sqrt{g/(2y)}$
PHYSICS,0056,49,第四章 曲线运动 / 实验5 探究平抛运动的特点,由残缺轨迹求初速度
PHYSICS,0056,49,第四章 曲线运动 / 实验5 探究平抛运动的特点,实验误差来源与改进
PHYSICS,0056,49,第四章 曲线运动 / 实验5 探究平抛运动的特点,探究平抛运动特点的对比实验法
PHYSICS,0056,49,第四章 曲线运动 / 实验5 探究平抛运动的特点,传感器法探究平抛运动
PHYSICS,0057,50,第四章 曲线运动 / 实验6 探究向心力大小与半径、角速度、质量的关系,探究向心力大小与半径、角速度、质量关系的实验原理与装置
PHYSICS,0057,50,第四章 曲线运动 / 实验6 探究向心力大小与半径、角速度、质量的关系,控制变量法的三次探究设计
PHYSICS,0057,50,第四章 曲线运动 / 实验6 探究向心力大小与半径、角速度、质量的关系,转速控制要求
PHYSICS,0057,50,第四章 曲线运动 / 实验6 探究向心力大小与半径、角速度、质量的关系,数据处理与结论
PHYSICS,0057,50,第四章 曲线运动 / 实验6 探究向心力大小与半径、角速度、质量的关系,用绳和沙袋定性研究向心力的方案
PHYSICS,0057,50,第四章 曲线运动 / 实验6 探究向心力大小与半径、角速度、质量的关系,用力传感器与光电门传感器定量研究向心力的方案
PHYSICS,0058,51,第五章 万有引力与宇宙航行 / 第1节 万有引力定律及其应用,"开普勒第一定律（轨道定律）的内容与""行星轨道必有近日点和远日点""的推论"
PHYSICS,0058,51,第五章 万有引力与宇宙航行 / 第1节 万有引力定律及其应用,开普勒第二定律（面积定律）的内容及近/远日点速度关系 $v_1/v_2=r_2/r_1$
PHYSICS,0058,51,第五章 万有引力与宇宙航行 / 第1节 万有引力定律及其应用,开普勒第三定律（周期定律）$\frac{a^3}{T^2}=k$，$k$ 只与中心天体有关
PHYSICS,0058,51,第五章 万有引力与宇宙航行 / 第1节 万有引力定律及其应用,由面积定律推导近日点与远日点的速度关系
PHYSICS,0058,51,第五章 万有引力与宇宙航行 / 第1节 万有引力定律及其应用,万有引力定律的表达式与引力常量
PHYSICS,0058,51,第五章 万有引力与宇宙航行 / 第1节 万有引力定律及其应用,万有引力定律的三条适用条件
PHYSICS,0058,51,第五章 万有引力与宇宙航行 / 第1节 万有引力定律及其应用,匀质球层空腔内万有引力合力为零的推论
PHYSICS,0058,51,第五章 万有引力与宇宙航行 / 第1节 万有引力定律及其应用,匀质球体内部万有引力公式 $F'=G\frac{Mmr}{R^3}$ 及其推导
PHYSICS,0058,51,第五章 万有引力与宇宙航行 / 第1节 万有引力定律及其应用,万有引力的两个效果
PHYSICS,0058,51,第五章 万有引力与宇宙航行 / 第1节 万有引力定律及其应用,赤道与两极处万有引力与重力的关系式
PHYSICS,0059,52,第五章 万有引力与宇宙航行 / 第1节（续）/ 考点3 天体质量和平均密度的计算,由环绕天体的 $r$、$v$ 求中心天体质量 $M=rv^2/G$
PHYSICS,0059,52,第五章 万有引力与宇宙航行 / 第1节（续）/ 考点3 天体质量和平均密度的计算,由环绕天体的 $r$、$\omega$ 求中心天体质量 $M=r^3\omega^2/G$
PHYSICS,0059,52,第五章 万有引力与宇宙航行 / 第1节（续）/ 考点3 天体质量和平均密度的计算,由环绕天体的 $r$、$T$ 求中心天体质量 $M=4\pi^2r^3/(GT^2)$
PHYSICS,0059,52,第五章 万有引力与宇宙航行 / 第1节（续）/ 考点3 天体质量和平均密度的计算,天体密度的三种表达式
PHYSICS,0059,52,第五章 万有引力与宇宙航行 / 第1节（续）/ 考点3 天体质量和平均密度的计算,在中心天体表面附近运行时密度只与周期有关：$\rho=3\pi/(GT^2)$ 与 $\rho=3\omega^2/(4\pi G)$
PHYSICS,0059,52,第五章 万有引力与宇宙航行 / 第1节（续）/ 考点3 天体质量和平均密度的计算,由表面重力加速度求天体质量 $M=gR^2/G$ 与密度 $\rho=3g/(4\pi GR)$
PHYSICS,0059,52,第五章 万有引力与宇宙航行 / 第1节（续）/ 考点3 天体质量和平均密度的计算,用自由落体、竖直上抛、平抛运动等测天体表面重力加速度
PHYSICS,0059,52,第五章 万有引力与宇宙航行 / 第1节（续）/ 考点3 天体质量和平均密度的计算,天体质量估算只能得到中心天体质量
PHYSICS,0059,52,第五章 万有引力与宇宙航行 / 第1节（续）/ 考点3 天体质量和平均密度的计算,中心天体半径 $R$ 与轨道半径 $r$ 的区别
PHYSICS,0059,52,第五章 万有引力与宇宙航行 / 第1节（续）/ 考点3 天体质量和平均密度的计算,星球内部重力加速度随深度变化
PHYSICS,0060,53,第五章 万有引力与宇宙航行 / 第2节 人造卫星 宇宙速度 / 考点1 天体（卫星）运行参量的分析,天体运行参量随轨道半径变化的规律
PHYSICS,0060,53,第五章 万有引力与宇宙航行 / 第2节 人造卫星 宇宙速度 / 考点1 天体（卫星）运行参量的分析,"""高轨低速大周期""的结论"
PHYSICS,0060,53,第五章 万有引力与宇宙航行 / 第2节 人造卫星 宇宙速度 / 考点1 天体（卫星）运行参量的分析,近地卫星、地球同步卫星与赤道物体三者的向心力来源差异
PHYSICS,0060,53,第五章 万有引力与宇宙航行 / 第2节 人造卫星 宇宙速度 / 考点1 天体（卫星）运行参量的分析,三者的轨道半径关系 $r_2>r_3=r_1$
PHYSICS,0060,53,第五章 万有引力与宇宙航行 / 第2节 人造卫星 宇宙速度 / 考点1 天体（卫星）运行参量的分析,三者角速度、线速度、向心加速度的大小排序
PHYSICS,0060,53,第五章 万有引力与宇宙航行 / 第2节 人造卫星 宇宙速度 / 考点1 天体（卫星）运行参量的分析,比较卫星参量用 $v=\sqrt{GM/r}$、$a=GM/r^2$；比较同步卫星与赤道物体用 $v=\omega r$、$a=\omega^2r$
PHYSICS,0060,53,第五章 万有引力与宇宙航行 / 第2节 人造卫星 宇宙速度 / 考点1 天体（卫星）运行参量的分析,由几何条件先求轨道半径之比、再由万有引力提供向心力求各参量之比的解题方法
PHYSICS,0061,54,第五章 万有引力与宇宙航行 / 第2节（续）/ 考点2 宇宙速度,第一宇宙速度的含义（最小发射速度、最大环绕速度）与数值 $7.9\ \mathrm{km/s}$
PHYSICS,0061,54,第五章 万有引力与宇宙航行 / 第2节（续）/ 考点2 宇宙速度,第二宇宙速度的含义（挣脱地球引力束缚的最小发射速度）与数值 $11.2\ \mathrm{km/s}$
PHYSICS,0061,54,第五章 万有引力与宇宙航行 / 第2节（续）/ 考点2 宇宙速度,第三宇宙速度的含义（挣脱太阳引力束缚的最小发射速度）与数值 $16.7\ \mathrm{km/s}$
PHYSICS,0061,54,第五章 万有引力与宇宙航行 / 第2节（续）/ 考点2 宇宙速度,三个宇宙速度均为地表的发射速度
PHYSICS,0061,54,第五章 万有引力与宇宙航行 / 第2节（续）/ 考点2 宇宙速度,$7.9\ \mathrm{km/s}<v<11.2\ \mathrm{km/s}$ 时卫星轨道为椭圆
PHYSICS,0061,54,第五章 万有引力与宇宙航行 / 第2节（续）/ 考点2 宇宙速度,"第一宇宙速度作为""发射最小、环绕最大""的双重含义"
PHYSICS,0061,54,第五章 万有引力与宇宙航行 / 第2节（续）/ 考点2 宇宙速度,"地球同步卫星的四个""一定"""
PHYSICS,0061,54,第五章 万有引力与宇宙航行 / 第2节（续）/ 考点2 宇宙速度,同步卫星高度的推导 $h=\sqrt[3]{GMT^2/4\pi^2}-R\approx5.6R$
PHYSICS,0061,54,第五章 万有引力与宇宙航行 / 第2节（续）/ 考点2 宇宙速度,引力势能的表达式 $E_p=-\dfrac{GMm}{r}$
PHYSICS,0062,55,第五章 万有引力与宇宙航行 / 第2节（续）/ 考点3 天体的追及问题、考点4 相对论时空观,天体追及问题的角速度关系式
PHYSICS,0062,55,第五章 万有引力与宇宙航行 / 第2节（续）/ 考点3 天体的追及问题、考点4 相对论时空观,天体追及问题的解题方法
PHYSICS,0062,55,第五章 万有引力与宇宙航行 / 第2节（续）/ 考点3 天体的追及问题、考点4 相对论时空观,狭义相对论的两个基本假设
PHYSICS,0062,55,第五章 万有引力与宇宙航行 / 第2节（续）/ 考点3 天体的追及问题、考点4 相对论时空观,时间延缓效应公式 $\Delta t=\frac{\Delta\tau}{\sqrt{1-(v/c)^2}}$
PHYSICS,0062,55,第五章 万有引力与宇宙航行 / 第2节（续）/ 考点3 天体的追及问题、考点4 相对论时空观,长度收缩效应公式 $l=l_0\sqrt{1-(v/c)^2}$
PHYSICS,0062,55,第五章 万有引力与宇宙航行 / 第2节（续）/ 考点3 天体的追及问题、考点4 相对论时空观,相对论效应只有在速度接近光速时才显著
PHYSICS,0063,56,第五章 万有引力与宇宙航行 / 微专题9 卫星的变轨问题 双星和多星问题 / 题型1 卫星的变轨问题,卫星变轨的原理
PHYSICS,0063,56,第五章 万有引力与宇宙航行 / 微专题9 卫星的变轨问题 双星和多星问题 / 题型1 卫星的变轨问题,变轨过程中同一点速度的比较（$v_{A1}<v_{A2}$、$v_{B2}<v_{B3}$）与不同轨道速度的比较
PHYSICS,0063,56,第五章 万有引力与宇宙航行 / 微专题9 卫星的变轨问题 双星和多星问题 / 题型1 卫星的变轨问题,变轨问题中的速度排序 $v_{B2}<v_{B3}<v_{A1}<v_{A2}$
PHYSICS,0063,56,第五章 万有引力与宇宙航行 / 微专题9 卫星的变轨问题 双星和多星问题 / 题型1 卫星的变轨问题,变轨问题中加速度的比较
PHYSICS,0063,56,第五章 万有引力与宇宙航行 / 微专题9 卫星的变轨问题 双星和多星问题 / 题型1 卫星的变轨问题,用开普勒第三定律比较变轨前后周期
PHYSICS,0063,56,第五章 万有引力与宇宙航行 / 微专题9 卫星的变轨问题 双星和多星问题 / 题型1 卫星的变轨问题,变轨过程中的机械能变化
PHYSICS,0063,56,第五章 万有引力与宇宙航行 / 微专题9 卫星的变轨问题 双星和多星问题 / 题型1 卫星的变轨问题,引力势能表达式 $E_p=-\frac{GMm}{R}$ 与椭圆轨道运行时间的估算
PHYSICS,0064,57,第五章 万有引力与宇宙航行 / 微专题9（续）/ 题型2 双星和多星问题,双星系统的受力特点
PHYSICS,0064,57,第五章 万有引力与宇宙航行 / 微专题9（续）/ 题型2 双星和多星问题,双星系统的运动特点
PHYSICS,0064,57,第五章 万有引力与宇宙航行 / 微专题9（续）/ 题型2 双星和多星问题,双星系统中质量与轨道半径的关系 $r_1/r_2=m_2/m_1$
PHYSICS,0064,57,第五章 万有引力与宇宙航行 / 微专题9（续）/ 题型2 双星和多星问题,双星系统的周期公式 $T=2\pi\sqrt{L^3/[G(m_1+m_2)]}$
PHYSICS,0064,57,第五章 万有引力与宇宙航行 / 微专题9（续）/ 题型2 双星和多星问题,双星系统的总质量公式 $m_1+m_2=4\pi^2L^3/(GT^2)$
PHYSICS,0064,57,第五章 万有引力与宇宙航行 / 微专题9（续）/ 题型2 双星和多星问题,多星问题的通用解法
PHYSICS,0064,57,第五章 万有引力与宇宙航行 / 微专题9（续）/ 题型2 双星和多星问题,四类多星模型的受力方程与轨道半径
PHYSICS,0065,58,第六章 机械能守恒定律 / 第1节 功和功率 / 考点1 功的分析和计算,恒力做功的计算式 $W=Fl\cos\alpha$ 与功的正负判断
PHYSICS,0065,58,第六章 机械能守恒定律 / 第1节 功和功率 / 考点1 功的分析和计算,变力做功的六种计算方法
PHYSICS,0065,58,第六章 机械能守恒定律 / 第1节 功和功率 / 考点1 功的分析和计算,用微元法求曲线运动中摩擦力做的功
PHYSICS,0065,58,第六章 机械能守恒定律 / 第1节 功和功率 / 考点1 功的分析和计算,用功率法求恒定功率下的功
PHYSICS,0065,58,第六章 机械能守恒定律 / 第1节 功和功率 / 考点1 功的分析和计算,用平均力法求弹力做的功
PHYSICS,0065,58,第六章 机械能守恒定律 / 第1节 功和功率 / 考点1 功的分析和计算,用 $F$-$x$ 图像面积求变力做的功
PHYSICS,0065,58,第六章 机械能守恒定律 / 第1节 功和功率 / 考点1 功的分析和计算,合力做功的三种计算方法
PHYSICS,0065,58,第六章 机械能守恒定律 / 第1节 功和功率 / 考点1 功的分析和计算,摩擦力做功的特点
PHYSICS,0065,58,第六章 机械能守恒定律 / 第1节 功和功率 / 考点1 功的分析和计算,一对静摩擦力做功的代数和为零
PHYSICS,0065,58,第六章 机械能守恒定律 / 第1节 功和功率 / 考点1 功的分析和计算,一对滑动摩擦力做功的代数和等于负的摩擦生热（$W_1+W_2=-Q$），即系统损失的机械能转化为内能
PHYSICS,0066,59,第六章 机械能守恒定律 / 第1节（续）/ 考点2 功率的分析和计算、考点3 机车启动问题,平均功率的两种表达式
PHYSICS,0066,59,第六章 机械能守恒定律 / 第1节（续）/ 考点2 功率的分析和计算、考点3 机车启动问题,瞬时功率的两种表达式
PHYSICS,0066,59,第六章 机械能守恒定律 / 第1节（续）/ 考点2 功率的分析和计算、考点3 机车启动问题,恒定功率启动的过程分析
PHYSICS,0066,59,第六章 机械能守恒定律 / 第1节（续）/ 考点2 功率的分析和计算、考点3 机车启动问题,恒定加速度启动的过程分析
PHYSICS,0066,59,第六章 机械能守恒定律 / 第1节（续）/ 考点2 功率的分析和计算、考点3 机车启动问题,两种启动方式的 $P$-$t$、$F$-$t$、$v$-$t$ 图像特征
PHYSICS,0066,59,第六章 机械能守恒定律 / 第1节（续）/ 考点2 功率的分析和计算、考点3 机车启动问题,机车最大速度公式 $v_m=P_额/F_阻$
PHYSICS,0066,59,第六章 机械能守恒定律 / 第1节（续）/ 考点2 功率的分析和计算、考点3 机车启动问题,恒定加速度启动中匀加速结束时的速度 $v_1=P_额/F_0$ 小于最大速度
PHYSICS,0066,59,第六章 机械能守恒定律 / 第1节（续）/ 考点2 功率的分析和计算、考点3 机车启动问题,恒定功率启动时用动能定理求解位移或时间
PHYSICS,0067,60,第六章 机械能守恒定律 / 第2节 动能定理及其应用 / 考点1 动能定理的理解和基本应用,动能的定义与表达式 $E_k=\frac{1}{2}mv^2$
PHYSICS,0067,60,第六章 机械能守恒定律 / 第2节 动能定理及其应用 / 考点1 动能定理的理解和基本应用,动能是标量，与速度方向无关
PHYSICS,0067,60,第六章 机械能守恒定律 / 第2节 动能定理及其应用 / 考点1 动能定理的理解和基本应用,动能的变化量 $\Delta E_k=\frac{1}{2}mv_2^2-\frac{1}{2}mv_1^2$
PHYSICS,0067,60,第六章 机械能守恒定律 / 第2节 动能定理及其应用 / 考点1 动能定理的理解和基本应用,动能定理的内容
PHYSICS,0067,60,第六章 机械能守恒定律 / 第2节 动能定理及其应用 / 考点1 动能定理的理解和基本应用,动能定理的表达式 $W=E_{k2}-E_{k1}$
PHYSICS,0067,60,第六章 机械能守恒定律 / 第2节 动能定理及其应用 / 考点1 动能定理的理解和基本应用,动能定理的适用范围
PHYSICS,0067,60,第六章 机械能守恒定律 / 第2节 动能定理及其应用 / 考点1 动能定理的理解和基本应用,动能定理在竖直平面内曲线运动（U 型池）中的应用思路
PHYSICS,0068,61,第六章 机械能守恒定律 / 第2节（续）/ 规律总结与考点2 动能定理与图像结合,应用动能定理解题的一般步骤
PHYSICS,0068,61,第六章 机械能守恒定律 / 第2节（续）/ 规律总结与考点2 动能定理与图像结合,动能是标量、动能定理是标量式，不能分解动能
PHYSICS,0068,61,第六章 机械能守恒定律 / 第2节（续）/ 规律总结与考点2 动能定理与图像结合,动能定理适用于多过程问题
PHYSICS,0068,61,第六章 机械能守恒定律 / 第2节（续）/ 规律总结与考点2 动能定理与图像结合,$v$-$t$ 图像面积表示位移、$a$-$t$ 图像面积表示速度变化量
PHYSICS,0068,61,第六章 机械能守恒定律 / 第2节（续）/ 规律总结与考点2 动能定理与图像结合,$F$-$x$ 图像面积表示功、$P$-$t$ 图像面积表示功
PHYSICS,0068,61,第六章 机械能守恒定律 / 第2节（续）/ 规律总结与考点2 动能定理与图像结合,$E_k$-$x$ 图像斜率表示合力
PHYSICS,0068,61,第六章 机械能守恒定律 / 第2节（续）/ 规律总结与考点2 动能定理与图像结合,$E_k$-$s$ 图像的读法
PHYSICS,0068,61,第六章 机械能守恒定律 / 第2节（续）/ 规律总结与考点2 动能定理与图像结合,平抛运动中 $E_k$ 与时间的关系
PHYSICS,0069,62,第六章 机械能守恒定律 / 微专题10 动能定理在多过程运动中的应用,动能定理在多过程问题中的两种用法
PHYSICS,0069,62,第六章 机械能守恒定律 / 微专题10 动能定理在多过程运动中的应用,多过程问题的分析思路
PHYSICS,0069,62,第六章 机械能守恒定律 / 微专题10 动能定理在多过程运动中的应用,各阶段衔接点的承前启后作用
PHYSICS,0069,62,第六章 机械能守恒定律 / 微专题10 动能定理在多过程运动中的应用,变力做功在多过程问题中容易出错需重点分析
PHYSICS,0069,62,第六章 机械能守恒定律 / 微专题10 动能定理在多过程运动中的应用,往复运动的特点
PHYSICS,0069,62,第六章 机械能守恒定律 / 微专题10 动能定理在多过程运动中的应用,往复运动中路程与位移不再相等
PHYSICS,0069,62,第六章 机械能守恒定律 / 微专题10 动能定理在多过程运动中的应用,重力做功与路程无关
PHYSICS,0069,62,第六章 机械能守恒定律 / 微专题10 动能定理在多过程运动中的应用,摩擦力做功与路程相关
PHYSICS,0069,62,第六章 机械能守恒定律 / 微专题10 动能定理在多过程运动中的应用,动能定理处理往复运动的便捷性
PHYSICS,0070,63,第六章 机械能守恒定律 / 第3节 机械能守恒定律及其应用 / 考点1 机械能守恒的判断,重力势能的表达式 $E_p=mgh$（$h$ 为相对参考平面的高度）与功能关系 $W_G=-\Delta E_p$
PHYSICS,0070,63,第六章 机械能守恒定律 / 第3节 机械能守恒定律及其应用 / 考点1 机械能守恒的判断,弹性势能的表达式 $E_p'=\frac{1}{2}kx^2$（$x$ 为形变量）与功能关系 $W_{弹}=-\Delta E_p'$
PHYSICS,0070,63,第六章 机械能守恒定律 / 第3节 机械能守恒定律及其应用 / 考点1 机械能守恒的判断,机械能守恒定律的三种表达形式
PHYSICS,0070,63,第六章 机械能守恒定律 / 第3节 机械能守恒定律及其应用 / 考点1 机械能守恒的判断,守恒观点需要选取零势能面；转化观点对应动能与势能的转化；转移观点对应系统内物体间机械能的转移
PHYSICS,0070,63,第六章 机械能守恒定律 / 第3节 机械能守恒定律及其应用 / 考点1 机械能守恒的判断,机械能守恒指整个过程中机械能保持不变，而非仅初末状态机械能相等
PHYSICS,0070,63,第六章 机械能守恒定律 / 第3节 机械能守恒定律及其应用 / 考点1 机械能守恒的判断,判断机械能守恒的三种方法
PHYSICS,0070,63,第六章 机械能守恒定律 / 第3节 机械能守恒定律及其应用 / 考点1 机械能守恒的判断,绳子突然绷紧、物体间非弹性碰撞等情境机械能不守恒
PHYSICS,0070,63,第六章 机械能守恒定律 / 第3节 机械能守恒定律及其应用 / 考点1 机械能守恒的判断,系统机械能守恒时单个物体的机械能不一定守恒
PHYSICS,0070,63,第六章 机械能守恒定律 / 第3节 机械能守恒定律及其应用 / 考点1 机械能守恒的判断,机械能守恒的条件不是合力做功为零，而是只有重力和系统内弹力做功
PHYSICS,0071,64,第六章 机械能守恒定律 / 第3节（续）/ 考点3 系统的机械能守恒问题,角速度相等的杆连接体的机械能特点
PHYSICS,0071,64,第六章 机械能守恒定律 / 第3节（续）/ 考点3 系统的机械能守恒问题,分速度相等的绳连接体的机械能特点
PHYSICS,0071,64,第六章 机械能守恒定律 / 第3节（续）/ 考点3 系统的机械能守恒问题,弹簧弹力做功与路径无关，只与初末状态形变量有关
PHYSICS,0071,64,第六章 机械能守恒定律 / 第3节（续）/ 考点3 系统的机械能守恒问题,弹性势能最大值的判据
PHYSICS,0071,64,第六章 机械能守恒定律 / 第3节（续）/ 考点3 系统的机械能守恒问题,弹簧处于原长时弹性势能为零
PHYSICS,0071,64,第六章 机械能守恒定律 / 第3节（续）/ 考点3 系统的机械能守恒问题,系统机械能守恒与单个物体机械能守恒的区别
PHYSICS,0072,65,第六章 机械能守恒定律 / 第4节 功能关系 能量守恒,系统机械能守恒问题的解题思路
PHYSICS,0072,65,第六章 机械能守恒定律 / 第4节 功能关系 能量守恒,机械能守恒三种表达式（$E_1=E_2$、$\Delta E_p=-\Delta E_k$、$\Delta E_A=-\Delta E_B$）的灵活选用
PHYSICS,0072,65,第六章 机械能守恒定律 / 第4节 功能关系 能量守恒,对功能关系的理解
PHYSICS,0072,65,第六章 机械能守恒定律 / 第4节 功能关系 能量守恒,重力做功与重力势能变化的关系 $W_G=-\Delta E_p$
PHYSICS,0072,65,第六章 机械能守恒定律 / 第4节 功能关系 能量守恒,弹簧弹力做功与弹性势能变化的关系 $W_{弹}=-\Delta E_p'$
PHYSICS,0072,65,第六章 机械能守恒定律 / 第4节 功能关系 能量守恒,合力做功与动能变化的关系 $W_合=\Delta E_k$
PHYSICS,0072,65,第六章 机械能守恒定律 / 第4节 功能关系 能量守恒,除重力和系统内弹力之外其他力做功与机械能变化的关系 $W_{其}=\Delta E$
PHYSICS,0072,65,第六章 机械能守恒定律 / 第4节 功能关系 能量守恒,一对相互作用的滑动摩擦力的总功与系统内能变化的关系 $W_f=-\Delta E_内$
PHYSICS,0073,66,第六章 机械能守恒定律 / 第4节（续）/ 考点2 能量守恒定律的理解和应用,能量守恒定律的定义
PHYSICS,0073,66,第六章 机械能守恒定律 / 第4节（续）/ 考点2 能量守恒定律的理解和应用,对能量守恒定律的两点理解
PHYSICS,0073,66,第六章 机械能守恒定律 / 第4节（续）/ 考点2 能量守恒定律的理解和应用,能量守恒定律在含摩擦、电动机、多种能量形式转换问题中的应用思路
PHYSICS,0074,67,第六章 机械能守恒定律 / 微专题11 动力学和能量观点相结合的两类典型模型 / 题型1 传送带模型,传送带模型的动力学分析流程
PHYSICS,0074,67,第六章 机械能守恒定律 / 微专题11 动力学和能量观点相结合的两类典型模型 / 题型1 传送带模型,传送带模型的能量分析对象
PHYSICS,0074,67,第六章 机械能守恒定律 / 微专题11 动力学和能量观点相结合的两类典型模型 / 题型1 传送带模型,用物体与传送带的 $v$-$t$ 图像分析位移关系
PHYSICS,0074,67,第六章 机械能守恒定律 / 微专题11 动力学和能量观点相结合的两类典型模型 / 题型1 传送带模型,"区分""相对地面的位移""与""相对传送带的位移"""
PHYSICS,0074,67,第六章 机械能守恒定律 / 微专题11 动力学和能量观点相结合的两类典型模型 / 题型1 传送带模型,由 $v$-$t$ 图像的两段面积差读出相对位移
PHYSICS,0074,67,第六章 机械能守恒定律 / 微专题11 动力学和能量观点相结合的两类典型模型 / 题型1 传送带模型,摩擦力方向突变的判据
PHYSICS,0074,67,第六章 机械能守恒定律 / 微专题11 动力学和能量观点相结合的两类典型模型 / 题型1 传送带模型,摩擦生热计算 $Q=f\cdot\Delta s_{相对}$
PHYSICS,0075,68,第六章 机械能守恒定律 / 微专题11（续）/ 题型2 滑块-木板模型,滑块-木板模型的动力学分析流程
PHYSICS,0075,68,第六章 机械能守恒定律 / 微专题11（续）/ 题型2 滑块-木板模型,滑块与木板相对静止时不产生内能
PHYSICS,0075,68,第六章 机械能守恒定律 / 微专题11（续）/ 题型2 滑块-木板模型,滑块与木板相对滑动时三个位移的区分
PHYSICS,0075,68,第六章 机械能守恒定律 / 微专题11（续）/ 题型2 滑块-木板模型,三个位移的关系 $x_m=x_M+\Delta x$
PHYSICS,0075,68,第六章 机械能守恒定律 / 微专题11（续）/ 题型2 滑块-木板模型,用动能定理与功能关系分析滑块和木板各自的能量转化与转移
PHYSICS,0076,69,第六章 机械能守恒定律 / 实验7 验证机械能守恒定律,验证机械能守恒定律的实验原理
PHYSICS,0076,69,第六章 机械能守恒定律 / 实验7 验证机械能守恒定律,打点计时器与纸带的安装要求
PHYSICS,0076,69,第六章 机械能守恒定律 / 实验7 验证机械能守恒定律,重物的选择要求
PHYSICS,0076,69,第六章 机械能守恒定律 / 实验7 验证机械能守恒定律,操作顺序要求
PHYSICS,0076,69,第六章 机械能守恒定律 / 实验7 验证机械能守恒定律,速度的计算方法
PHYSICS,0076,69,第六章 机械能守恒定律 / 实验7 验证机械能守恒定律,验证机械能守恒的三种方法
PHYSICS,0076,69,第六章 机械能守恒定律 / 实验7 验证机械能守恒定律,"选择""开始两点间距接近 $2\ \mathrm{mm}$""纸带的原因"
PHYSICS,0076,69,第六章 机械能守恒定律 / 实验7 验证机械能守恒定律,$\frac{1}{2}v^2$-$h$ 图像过原点且斜率为 $g$ 是机械能守恒的判据
PHYSICS,0076,69,第六章 机械能守恒定律 / 实验7 验证机械能守恒定律,系统误差的来源与表现
PHYSICS,0076,69,第六章 机械能守恒定律 / 实验7 验证机械能守恒定律,偶然误差的减小方法
PHYSICS,0076,69,第六章 机械能守恒定律 / 实验7 验证机械能守恒定律,用拉力传感器验证机械能守恒的方案及关系式 $T_{\max}=3mg-2T_{\min}$
PHYSICS,0077,70,第七章 动量守恒定律 / 第1节 动量定理及其应用 / 考点1 动量和冲量,动能、动量、冲量的表达式、单位与矢标性对比
PHYSICS,0077,70,第七章 动量守恒定律 / 第1节 动量定理及其应用 / 考点1 动量和冲量,动量与动能的关联式 $E_k=p^2/(2m)$、$p=\sqrt{2mE_k}$
PHYSICS,0077,70,第七章 动量守恒定律 / 第1节 动量定理及其应用 / 考点1 动量和冲量,动量是状态量，冲量是过程量
PHYSICS,0077,70,第七章 动量守恒定律 / 第1节 动量定理及其应用 / 考点1 动量和冲量,动量的瞬时性（速度用瞬时速度）、矢量性（方向与速度方向相同）、相对性
PHYSICS,0077,70,第七章 动量守恒定律 / 第1节 动量定理及其应用 / 考点1 动量和冲量,动量变化量的计算
PHYSICS,0077,70,第七章 动量守恒定律 / 第1节 动量定理及其应用 / 考点1 动量和冲量,冲量的四个特点
PHYSICS,0077,70,第七章 动量守恒定律 / 第1节 动量定理及其应用 / 考点1 动量和冲量,作用力与反作用力的冲量总是等大反向
PHYSICS,0077,70,第七章 动量守恒定律 / 第1节 动量定理及其应用 / 考点1 动量和冲量,冲量的四种计算方法
PHYSICS,0077,70,第七章 动量守恒定律 / 第1节 动量定理及其应用 / 考点1 动量和冲量,$F$-$t$ 图像与 $t$ 轴所围面积表示冲量
PHYSICS,0078,71,第七章 动量守恒定律 / 第1节（续）/ 考点2 动量定理的理解及应用,动量定理的内容
PHYSICS,0078,71,第七章 动量守恒定律 / 第1节（续）/ 考点2 动量定理的理解及应用,动量定理的表达式 $I=F\Delta t=\Delta p=p'-p$
PHYSICS,0078,71,第七章 动量守恒定律 / 第1节（续）/ 考点2 动量定理的理解及应用,合力的冲量是动量变化的原因
PHYSICS,0078,71,第七章 动量守恒定律 / 第1节（续）/ 考点2 动量定理的理解及应用,合力等于动量的变化率 $F=\Delta p/\Delta t$
PHYSICS,0078,71,第七章 动量守恒定律 / 第1节（续）/ 考点2 动量定理的理解及应用,用动量定理解释生活现象
PHYSICS,0078,71,第七章 动量守恒定律 / 第1节（续）/ 考点2 动量定理的理解及应用,$F$ 一定时作用时间越长动量变化越大
PHYSICS,0078,71,第七章 动量守恒定律 / 第1节（续）/ 考点2 动量定理的理解及应用,用 $F$-$t$ 图线与横轴所围面积求冲量、用 $v$-$t$ 图像面积求位移，二者结合求解做功与动量问题
PHYSICS,0078,71,第七章 动量守恒定律 / 第1节（续）/ 考点2 动量定理的理解及应用,"用动能定理解释""高空抛物""的危害"
PHYSICS,0079,72,第七章 动量守恒定律 / 第1节（续）/ 考点3 应用动量定理分析流体问题、考点4 分方向动量定理,"流体问题的""柱状模型""构建方法"
PHYSICS,0079,72,第七章 动量守恒定律 / 第1节（续）/ 考点3 应用动量定理分析流体问题、考点4 分方向动量定理,流体微元的质量与动量表达式
PHYSICS,0079,72,第七章 动量守恒定律 / 第1节（续）/ 考点3 应用动量定理分析流体问题、考点4 分方向动量定理,微粒类问题的处理方法
PHYSICS,0079,72,第七章 动量守恒定律 / 第1节（续）/ 考点3 应用动量定理分析流体问题、考点4 分方向动量定理,流体问题中对柱状流体应用动量定理 $F\Delta t=\Delta m\Delta v$ 建立方程
PHYSICS,0079,72,第七章 动量守恒定律 / 第1节（续）/ 考点3 应用动量定理分析流体问题、考点4 分方向动量定理,分方向动量定理 $I_x=\Delta p_x=m\Delta v_x$、$I_y=\Delta p_y=m\Delta v_y$
PHYSICS,0079,72,第七章 动量守恒定律 / 第1节（续）/ 考点3 应用动量定理分析流体问题、考点4 分方向动量定理,两个方向的动量变化独立互不干扰，可分方向列式
PHYSICS,0080,73,第七章 动量守恒定律 / 第2节 动量守恒定律 / 考点1 动量守恒定律的理解和应用,动量守恒定律的两种表达式
PHYSICS,0080,73,第七章 动量守恒定律 / 第2节 动量守恒定律 / 考点1 动量守恒定律的理解和应用,动量守恒定律的适用条件
PHYSICS,0080,73,第七章 动量守恒定律 / 第2节 动量守恒定律 / 考点1 动量守恒定律的理解和应用,动量守恒定律的五个特性
PHYSICS,0080,73,第七章 动量守恒定律 / 第2节 动量守恒定律 / 考点1 动量守恒定律的理解和应用,动量守恒解答中须选取统一正方向、速度须相对同一参考系
PHYSICS,0080,73,第七章 动量守恒定律 / 第2节 动量守恒定律 / 考点1 动量守恒定律的理解和应用,碰撞现象的特点
PHYSICS,0080,73,第七章 动量守恒定律 / 第2节 动量守恒定律 / 考点1 动量守恒定律的理解和应用,碰撞的三种类型及其动量、机械能、形变恢复程度的对比
PHYSICS,0080,73,第七章 动量守恒定律 / 第2节 动量守恒定律 / 考点1 动量守恒定律的理解和应用,碰撞问题遵守的三条原则
PHYSICS,0081,74,第七章 动量守恒定律 / 第2节（续）,碰撞的速度合理性判据
PHYSICS,0081,74,第七章 动量守恒定律 / 第2节（续）,弹性碰撞的一般速度公式
PHYSICS,0081,74,第七章 动量守恒定律 / 第2节（续）,"""一动一静""弹性碰撞的特例公式"
PHYSICS,0081,74,第七章 动量守恒定律 / 第2节（续）,弹性碰撞的三种质量情形
PHYSICS,0081,74,第七章 动量守恒定律 / 第2节（续）,爆炸问题的概念与三个特点
PHYSICS,0081,74,第七章 动量守恒定律 / 第2节（续）,爆炸过程中内力远大于外力故动量守恒；有其他形式能量转化为动能故总动能增加
PHYSICS,0082,75,第七章 动量守恒定律 / 第2节（续）/ 反冲现象、人船模型,反冲现象的概念
PHYSICS,0082,75,第七章 动量守恒定律 / 第2节（续）/ 反冲现象、人船模型,反冲现象的作用原理
PHYSICS,0082,75,第七章 动量守恒定律 / 第2节（续）/ 反冲现象、人船模型,反冲运动的动量守恒
PHYSICS,0082,75,第七章 动量守恒定律 / 第2节（续）/ 反冲现象、人船模型,反冲运动的总动能增加
PHYSICS,0082,75,第七章 动量守恒定律 / 第2节（续）/ 反冲现象、人船模型,人船模型的动量守恒方程与位移关系方程
PHYSICS,0082,75,第七章 动量守恒定律 / 第2节（续）/ 反冲现象、人船模型,人船模型的位移分配公式 $x_人=\frac{M}{M+m}L$、$x_船=\frac{m}{M+m}L$
PHYSICS,0082,75,第七章 动量守恒定律 / 第2节（续）/ 反冲现象、人船模型,人船模型的运动特点
PHYSICS,0082,75,第七章 动量守恒定律 / 第2节（续）/ 反冲现象、人船模型,人船模型中速度比与位移比相等且等于质量反比
PHYSICS,0083,76,第七章 动量守恒定律 / 微专题12 动量守恒中的几种常见模型 / 题型1 子弹打木块模型、题型2 滑块-木板模型,子弹打木块模型的动量守恒
PHYSICS,0083,76,第七章 动量守恒定律 / 微专题12 动量守恒中的几种常见模型 / 题型1 子弹打木块模型、题型2 滑块-木板模型,子弹打木块模型的机械能损失
PHYSICS,0083,76,第七章 动量守恒定律 / 微专题12 动量守恒中的几种常见模型 / 题型1 子弹打木块模型、题型2 滑块-木板模型,子弹嵌入木块的情境（类比完全非弹性碰撞，机械能损失最多）及其动量守恒与能量守恒方程
PHYSICS,0083,76,第七章 动量守恒定律 / 微专题12 动量守恒中的几种常见模型 / 题型1 子弹打木块模型、题型2 滑块-木板模型,子弹穿透木块的情境（类比非弹性碰撞）及其动量守恒与能量守恒方程
PHYSICS,0083,76,第七章 动量守恒定律 / 微专题12 动量守恒中的几种常见模型 / 题型1 子弹打木块模型、题型2 滑块-木板模型,判断子弹能否射穿木块的方法
PHYSICS,0083,76,第七章 动量守恒定律 / 微专题12 动量守恒中的几种常见模型 / 题型1 子弹打木块模型、题型2 滑块-木板模型,"滑块-木板模型中""未滑离""的情形（类比子弹未射出）及方程"
PHYSICS,0083,76,第七章 动量守恒定律 / 微专题12 动量守恒中的几种常见模型 / 题型1 子弹打木块模型、题型2 滑块-木板模型,"滑块-木板模型中""滑离""的情形及方程"
PHYSICS,0084,77,第七章 动量守恒定律 / 微专题12（续）/ 题型3 滑块-弹簧模型,滑块-木板模型的规律选取策略
PHYSICS,0084,77,第七章 动量守恒定律 / 微专题12（续）/ 题型3 滑块-弹簧模型,滑块-弹簧模型的两种特殊状态
PHYSICS,0084,77,第七章 动量守恒定律 / 微专题12（续）/ 题型3 滑块-弹簧模型,弹簧恢复原长时弹性势能为零
PHYSICS,0084,77,第七章 动量守恒定律 / 微专题12（续）/ 题型3 滑块-弹簧模型,滑块-弹簧模型的动量守恒方程与机械能守恒方程
PHYSICS,0084,77,第七章 动量守恒定律 / 微专题12（续）/ 题型3 滑块-弹簧模型,滑块-弹簧模型的周期性运动序列
PHYSICS,0085,78,第七章 动量守恒定律 / 微专题12（续）/ 题型4 滑块-斜（曲）面体模型,滑块-弹簧模型 $v$-$t$ 图像的速度交叉特征
PHYSICS,0085,78,第七章 动量守恒定律 / 微专题12（续）/ 题型4 滑块-斜（曲）面体模型,三种质量关系下弹簧恢复原长时的速度特征
PHYSICS,0085,78,第七章 动量守恒定律 / 微专题12（续）/ 题型4 滑块-斜（曲）面体模型,滑块-斜（曲）面体模型中的动量守恒方向
PHYSICS,0085,78,第七章 动量守恒定律 / 微专题12（续）/ 题型4 滑块-斜（曲）面体模型,滑块-斜（曲）面体模型全过程机械能守恒
PHYSICS,0085,78,第七章 动量守恒定律 / 微专题12（续）/ 题型4 滑块-斜（曲）面体模型,上升到最大高度的判据（滑块竖直分速度为零、水平分速度与曲面体相同）及方程
PHYSICS,0085,78,第七章 动量守恒定律 / 微专题12（续）/ 题型4 滑块-斜（曲）面体模型,最大上升高度不一定等于轨道高度
PHYSICS,0085,78,第七章 动量守恒定律 / 微专题12（续）/ 题型4 滑块-斜（曲）面体模型,"滑块-曲（斜）面体模型""上升阶段类比完全非弹性碰撞、返回最低点类比弹性碰撞"""
PHYSICS,0086,79,第七章 动量守恒定律 / 微专题13 力学三大观点的综合应用,力的瞬时作用与牛顿第二定律
PHYSICS,0086,79,第七章 动量守恒定律 / 微专题13 力学三大观点的综合应用,力的时间累积作用与动量定理
PHYSICS,0086,79,第七章 动量守恒定律 / 微专题13 力学三大观点的综合应用,力的空间累积作用与动能定理
PHYSICS,0086,79,第七章 动量守恒定律 / 微专题13 力学三大观点的综合应用,功能关系（$f\cdot s_{相对}=Q=\Delta E_内$、$W_G=-\Delta E_p$）与机械能守恒定律
PHYSICS,0086,79,第七章 动量守恒定律 / 微专题13 力学三大观点的综合应用,动量观点与能量观点的相同点
PHYSICS,0086,79,第七章 动量守恒定律 / 微专题13 力学三大观点的综合应用,动量观点与能量观点的不同点
PHYSICS,0086,79,第七章 动量守恒定律 / 微专题13 力学三大观点的综合应用,动力学观点的适用情形
PHYSICS,0086,79,第七章 动量守恒定律 / 微专题13 力学三大观点的综合应用,动量观点的适用情形
PHYSICS,0086,79,第七章 动量守恒定律 / 微专题13 力学三大观点的综合应用,能量观点的适用情形
PHYSICS,0087,80,第七章 动量守恒定律 / 微专题13（续）/ 方法提升：变换参考系,"""动碰动""问题的参考系变换方法"
PHYSICS,0087,80,第七章 动量守恒定律 / 微专题13（续）/ 方法提升：变换参考系,变换参考系后应用弹性碰撞公式
PHYSICS,0087,80,第七章 动量守恒定律 / 微专题13（续）/ 方法提升：变换参考系,换回地面参考系的方法
PHYSICS,0087,80,第七章 动量守恒定律 / 微专题13（续）/ 方法提升：变换参考系,动碰动碰后速度的地面参考系表达式 $v_1=\frac{m_1-m_2}{m_1+m_2}(v_{10}-v_{20})+v_{20}$、$v_2=\frac{2m_1}{m_1+m_2}(v_{10}-v_{20})+v_{20}$
PHYSICS,0087,80,第七章 动量守恒定律 / 微专题13（续）/ 方法提升：变换参考系,非弹性碰撞中相对速度按比例衰减（恢复系数 $e$）的处理思路
PHYSICS,0087,80,第七章 动量守恒定律 / 微专题13（续）/ 方法提升：变换参考系,竖直面内圆轨道上两球多次碰撞的周期性分析
PHYSICS,0088,81,第七章 动量守恒定律 / 实验8 验证动量守恒定律,验证动量守恒定律的实验原理
PHYSICS,0088,81,第七章 动量守恒定律 / 实验8 验证动量守恒定律,用水平位移代替速度的原理
PHYSICS,0088,81,第七章 动量守恒定律 / 实验8 验证动量守恒定律,验证式 $m_1s_{OP}=m_1s_{OM}+m_2s_{ON}$ 与弹性碰撞附加判据 $m_1s_{OP}^2=m_1s_{OM}^2+m_2s_{ON}^2$
PHYSICS,0088,81,第七章 动量守恒定律 / 实验8 验证动量守恒定律,需要测量的物理量
PHYSICS,0088,81,第七章 动量守恒定律 / 实验8 验证动量守恒定律,小球的选择要求
PHYSICS,0088,81,第七章 动量守恒定律 / 实验8 验证动量守恒定律,斜槽的安装要求
PHYSICS,0088,81,第七章 动量守恒定律 / 实验8 验证动量守恒定律,起点位置的控制要求
PHYSICS,0088,81,第七章 动量守恒定律 / 实验8 验证动量守恒定律,小球落点的确定方法
PHYSICS,0088,81,第七章 动量守恒定律 / 实验8 验证动量守恒定律,$O$ 与 $O'$ 点的确定方法及二者间距等于两球半径之和
PHYSICS,0088,81,第七章 动量守恒定律 / 实验8 验证动量守恒定律,用多次测量取平均值减小半径与水平位移的测量误差
PHYSICS,0088,81,第七章 动量守恒定律 / 实验8 验证动量守恒定律,用气垫导轨做该实验的优点
PHYSICS,0088,81,第七章 动量守恒定律 / 实验8 验证动量守恒定律,在斜面上完成该实验的优点
PHYSICS,0089,82,第八章 机械振动 机械波 / 第1节 机械振动 / 考点1 弹簧振子 简谐运动,弹簧振子的简谐运动条件
PHYSICS,0089,82,第八章 机械振动 机械波 / 第1节 机械振动 / 考点1 弹簧振子 简谐运动,水平与竖直弹簧振子的回复力来源与平衡位置
PHYSICS,0089,82,第八章 机械振动 机械波 / 第1节 机械振动 / 考点1 弹簧振子 简谐运动,弹簧振子的周期公式 $T=2\pi\sqrt{m/k}$ 与振幅无关
PHYSICS,0089,82,第八章 机械振动 机械波 / 第1节 机械振动 / 考点1 弹簧振子 简谐运动,弹簧振子的能量转化（水平：弹性势能与动能；竖直：弹性势能、重力势能与动能）与系统机械能守恒
PHYSICS,0089,82,第八章 机械振动 机械波 / 第1节 机械振动 / 考点1 弹簧振子 简谐运动,简谐运动的动力学表达式 $F=-kx$
PHYSICS,0089,82,第八章 机械振动 机械波 / 第1节 机械振动 / 考点1 弹簧振子 简谐运动,简谐运动的运动学表达式 $x=A\sin(\omega t+\varphi)$
PHYSICS,0089,82,第八章 机械振动 机械波 / 第1节 机械振动 / 考点1 弹簧振子 简谐运动,简谐运动的图像意义
PHYSICS,0089,82,第八章 机械振动 机械波 / 第1节 机械振动 / 考点1 弹簧振子 简谐运动,由 $x$-$t$ 图像可获取的信息
PHYSICS,0090,83,第八章 机械振动 机械波 / 第1节（续）/ 归纳总结、考点2 单摆,简谐运动的动力学特征 $F=-kx$ 与负号的物理含义
PHYSICS,0090,83,第八章 机械振动 机械波 / 第1节（续）/ 归纳总结、考点2 单摆,简谐运动的能量特征
PHYSICS,0090,83,第八章 机械振动 机械波 / 第1节（续）/ 归纳总结、考点2 单摆,简谐运动的周期性特征
PHYSICS,0090,83,第八章 机械振动 机械波 / 第1节（续）/ 归纳总结、考点2 单摆,简谐运动的对称性特征
PHYSICS,0090,83,第八章 机械振动 机械波 / 第1节（续）/ 归纳总结、考点2 单摆,单摆的三个理想化条件
PHYSICS,0090,83,第八章 机械振动 机械波 / 第1节（续）/ 归纳总结、考点2 单摆,单摆回复力的来源（重力沿垂直于摆线方向的分力）与近似表达式 $F_{回}=-\frac{mg}{l}x$
PHYSICS,0090,83,第八章 机械振动 机械波 / 第1节（续）/ 归纳总结、考点2 单摆,单摆向心力的来源（摆线张力与重力沿摆线方向分力的合力）$F_{向}=F_T-mg\cos\theta$
PHYSICS,0090,83,第八章 机械振动 机械波 / 第1节（续）/ 归纳总结、考点2 单摆,单摆在最高点与最低点的受力特征
PHYSICS,0090,83,第八章 机械振动 机械波 / 第1节（续）/ 归纳总结、考点2 单摆,单摆的周期公式 $T=2\pi\sqrt{l/g}$，与振幅和摆球质量无关
PHYSICS,0091,84,第八章 机械振动 机械波 / 第1节（续）/ 考点3 受迫振动 共振,受迫振动的定义
PHYSICS,0091,84,第八章 机械振动 机械波 / 第1节（续）/ 考点3 受迫振动 共振,受迫振动的特点
PHYSICS,0091,84,第八章 机械振动 机械波 / 第1节（续）/ 考点3 受迫振动 共振,共振的现象
PHYSICS,0091,84,第八章 机械振动 机械波 / 第1节（续）/ 考点3 受迫振动 共振,共振的条件
PHYSICS,0091,84,第八章 机械振动 机械波 / 第1节（续）/ 考点3 受迫振动 共振,共振曲线的形状与峰值位置
PHYSICS,0091,84,第八章 机械振动 机械波 / 第1节（续）/ 考点3 受迫振动 共振,简谐运动、受迫振动、共振在振动周期/频率决定因素上的对比
PHYSICS,0091,84,第八章 机械振动 机械波 / 第1节（续）/ 考点3 受迫振动 共振,三者在振动能量来源上的对比
PHYSICS,0091,84,第八章 机械振动 机械波 / 第1节（续）/ 考点3 受迫振动 共振,常见实例
PHYSICS,0091,84,第八章 机械振动 机械波 / 第1节（续）/ 考点3 受迫振动 共振,带铁钉的单摆周期计算
PHYSICS,0091,84,第八章 机械振动 机械波 / 第1节（续）/ 考点3 受迫振动 共振,等效摆长的概念
PHYSICS,0092,85,第八章 机械振动 机械波 / 第2节 机械波 / 考点1 机械波的形成 波的图像,机械波形成的两个条件
PHYSICS,0092,85,第八章 机械振动 机械波 / 第2节 机械波 / 考点1 机械波的形成 波的图像,机械波传播的特点
PHYSICS,0092,85,第八章 机械振动 机械波 / 第2节 机械波 / 考点1 机械波的形成 波的图像,各质点做受迫振动，振动周期与频率与波源相同
PHYSICS,0092,85,第八章 机械振动 机械波 / 第2节 机械波 / 考点1 机械波的形成 波的图像,各质点起振方向相同，离波源越远振动越滞后
PHYSICS,0092,85,第八章 机械振动 机械波 / 第2节 机械波 / 考点1 机械波的形成 波的图像,波源完成一次全振动波形向前传播一个波长
PHYSICS,0092,85,第八章 机械振动 机械波 / 第2节 机械波 / 考点1 机械波的形成 波的图像,波的图像可提供的信息
PHYSICS,0092,85,第八章 机械振动 机械波 / 第2节 机械波 / 考点1 机械波的形成 波的图像,波形不变的条件
PHYSICS,0092,85,第八章 机械振动 机械波 / 第2节 机械波 / 考点1 机械波的形成 波的图像,波传播方向上两质点步调关系的判据
PHYSICS,0092,85,第八章 机械振动 机械波 / 第2节 机械波 / 考点1 机械波的形成 波的图像,波的传播方向与质点振动方向的三种互判方法
PHYSICS,0093,86,第八章 机械振动 机械波 / 第2节（续）/ 考点2 波传播的周期性和多解性问题,波传播多解的原因
PHYSICS,0093,86,第八章 机械振动 机械波 / 第2节（续）/ 考点2 波传播的周期性和多解性问题,波的多解问题的解题思路
PHYSICS,0093,86,第八章 机械振动 机械波 / 第2节（续）/ 考点2 波传播的周期性和多解性问题,时间关系通式 $\Delta t=nT+t_0$ 与传播距离通式 $\Delta x=n\lambda+x_0$
PHYSICS,0093,86,第八章 机械振动 机械波 / 第2节（续）/ 考点2 波传播的周期性和多解性问题,波速公式 $v=\Delta x/\Delta t$ 与 $v=\lambda/T=\lambda f$
PHYSICS,0093,86,第八章 机械振动 机械波 / 第2节（续）/ 考点2 波传播的周期性和多解性问题,由两个时刻波形图与传播方向确定波速的多解性
PHYSICS,0094,87,第八章 机械振动 机械波 / 第2节（续）/ 考点3 波的干涉、衍射 多普勒效应,波的干涉中加强点与减弱点的公式法判据
PHYSICS,0094,87,第八章 机械振动 机械波 / 第2节（续）/ 考点3 波的干涉、衍射 多普勒效应,两波源步调相反时的加强/减弱判据
PHYSICS,0094,87,第八章 机械振动 机械波 / 第2节（续）/ 考点3 波的干涉、衍射 多普勒效应,图像法判断加强点与减弱点
PHYSICS,0094,87,第八章 机械振动 机械波 / 第2节（续）/ 考点3 波的干涉、衍射 多普勒效应,加强点与减弱点之间质点振幅介于两者之间
PHYSICS,0094,87,第八章 机械振动 机械波 / 第2节（续）/ 考点3 波的干涉、衍射 多普勒效应,加强线与减弱线的分布
PHYSICS,0094,87,第八章 机械振动 机械波 / 第2节（续）/ 考点3 波的干涉、衍射 多普勒效应,波的衍射的定义
PHYSICS,0094,87,第八章 机械振动 机械波 / 第2节（续）/ 考点3 波的干涉、衍射 多普勒效应,产生明显衍射现象的条件
PHYSICS,0094,87,第八章 机械振动 机械波 / 第2节（续）/ 考点3 波的干涉、衍射 多普勒效应,一切波都能发生衍射，衍射是波特有的现象
PHYSICS,0094,87,第八章 机械振动 机械波 / 第2节（续）/ 考点3 波的干涉、衍射 多普勒效应,多普勒效应中接收频率的含义
PHYSICS,0094,87,第八章 机械振动 机械波 / 第2节（续）/ 考点3 波的干涉、衍射 多普勒效应,多普勒效应的现象
PHYSICS,0094,87,第八章 机械振动 机械波 / 第2节（续）/ 考点3 波的干涉、衍射 多普勒效应,多普勒效应中波源频率并未改变，改变的是接收频率
PHYSICS,0095,88,第八章 机械振动 机械波 / 微专题14 波的图像和振动图像的综合应用,由两质点振动图像确定波动情况的方法
PHYSICS,0095,88,第八章 机械振动 机械波 / 微专题14 波的图像和振动图像的综合应用,由两时刻波的图像分析周期与传播速度的方法
PHYSICS,0095,88,第八章 机械振动 机械波 / 微专题14 波的图像和振动图像的综合应用,已知振动图像与波的图像综合解题的关键
PHYSICS,0095,88,第八章 机械振动 机械波 / 微专题14 波的图像和振动图像的综合应用,波的图像与振动图像的区别
PHYSICS,0096,89,第八章 机械振动 机械波 / 微专题15 简谐运动在力学中的综合应用,解决简谐运动综合问题的思路
PHYSICS,0096,89,第八章 机械振动 机械波 / 微专题15 简谐运动在力学中的综合应用,简谐运动的判据
PHYSICS,0096,89,第八章 机械振动 机械波 / 微专题15 简谐运动在力学中的综合应用,质量均匀分布的球壳对内部物体的引力为零
PHYSICS,0096,89,第八章 机械振动 机械波 / 微专题15 简谐运动在力学中的综合应用,简谐运动的最大速度 $v_m=A\omega=2\pi A/T$
PHYSICS,0096,89,第八章 机械振动 机械波 / 微专题15 简谐运动在力学中的综合应用,沿地球直径隧道的真空列车做简谐运动，其运行时间与近地卫星周期相关
PHYSICS,0096,89,第八章 机械振动 机械波 / 微专题15 简谐运动在力学中的综合应用,隧道列车在 O′ 点受支持力与速度的分析方法
PHYSICS,0097,90,第八章 机械振动 机械波 / 微专题15（续）/ 题型3 简谐运动处理电场问题、题型4 简谐运动处理动量问题,等量同种电荷中垂线上的场强分布
PHYSICS,0097,90,第八章 机械振动 机械波 / 微专题15（续）/ 题型3 简谐运动处理电场问题、题型4 简谐运动处理动量问题,由电场力的位移关系式判断简谐运动
PHYSICS,0097,90,第八章 机械振动 机械波 / 微专题15（续）/ 题型3 简谐运动处理电场问题、题型4 简谐运动处理动量问题,带电粒子在连线上的小位移振动可视为简谐运动
PHYSICS,0097,90,第八章 机械振动 机械波 / 微专题15（续）/ 题型3 简谐运动处理电场问题、题型4 简谐运动处理动量问题,"简谐运动周期公式 $T=2\pi\sqrt{m/k}$ 在""等效劲度系数""情境中的运用"
PHYSICS,0097,90,第八章 机械振动 机械波 / 微专题15（续）/ 题型3 简谐运动处理电场问题、题型4 简谐运动处理动量问题,动量守恒定律与简谐运动结合的分析
PHYSICS,0097,90,第八章 机械振动 机械波 / 微专题15（续）/ 题型3 简谐运动处理电场问题、题型4 简谐运动处理动量问题,弹性势能表达式 $E_p=\frac{1}{2}kx^2$ 与振幅的求解
PHYSICS,0098,91,第八章 机械振动 机械波 / 实验9 用单摆测量重力加速度,用单摆测重力加速度的实验原理
PHYSICS,0098,91,第八章 机械振动 机械波 / 实验9 用单摆测量重力加速度,制作单摆的要求
PHYSICS,0098,91,第八章 机械振动 机械波 / 实验9 用单摆测量重力加速度,"摆长的测量方法与""摆长 = 摆线长 + 摆球半径""的关系"
PHYSICS,0098,91,第八章 机械振动 机械波 / 实验9 用单摆测量重力加速度,单摆必须在同一竖直平面内摆动且摆角小于 $5°$
PHYSICS,0098,91,第八章 机械振动 机械波 / 实验9 用单摆测量重力加速度,计时的要求
PHYSICS,0098,91,第八章 机械振动 机械波 / 实验9 用单摆测量重力加速度,图像法处理数据
PHYSICS,0098,91,第八章 机械振动 机械波 / 实验9 用单摆测量重力加速度,公式法处理数据并取多次平均值
PHYSICS,0098,91,第八章 机械振动 机械波 / 实验9 用单摆测量重力加速度,偶然误差的来源与减小方法
PHYSICS,0098,91,第八章 机械振动 机械波 / 实验9 用单摆测量重力加速度,系统误差的来源与减小方法
PHYSICS,0098,91,第八章 机械振动 机械波 / 实验9 用单摆测量重力加速度,用力传感器测单摆周期进而测重力加速度的方案
PHYSICS,0098,91,第八章 机械振动 机械波 / 实验9 用单摆测量重力加速度,用智能手机感知磁性强弱变化测单摆周期的方案
PHYSICS,0099,92,第九章 静电场 / 第1节 静电场中力的性质 / 考点1 电荷守恒定律 库仑定律,电荷守恒定律的内容
PHYSICS,0099,92,第九章 静电场 / 第1节 静电场中力的性质 / 考点1 电荷守恒定律 库仑定律,两个完全相同的导体球接触后分开时净电荷量平均分配
PHYSICS,0099,92,第九章 静电场 / 第1节 静电场中力的性质 / 考点1 电荷守恒定律 库仑定律,库仑定律的表达式 $F=kq_1q_2/r^2$ 与静电力常量 $k=9.0\times10^9\ \mathrm{N\cdot m^2/C^2}$
PHYSICS,0099,92,第九章 静电场 / 第1节 静电场中力的性质 / 考点1 电荷守恒定律 库仑定律,库仑定律的适用条件
PHYSICS,0099,92,第九章 静电场 / 第1节 静电场中力的性质 / 考点1 电荷守恒定律 库仑定律,静电力的方向在两电荷连线上
PHYSICS,0099,92,第九章 静电场 / 第1节 静电场中力的性质 / 考点1 电荷守恒定律 库仑定律,$r\to0$ 时电荷不能视为点电荷，静电力不趋于无限大
PHYSICS,0099,92,第九章 静电场 / 第1节 静电场中力的性质 / 考点1 电荷守恒定律 库仑定律,静电力与其他力综合的平衡问题解题思路
PHYSICS,0099,92,第九章 静电场 / 第1节 静电场中力的性质 / 考点1 电荷守恒定律 库仑定律,电场的定义（电荷周围传递电荷间相互作用的特殊物质）与基本性质
PHYSICS,0099,92,第九章 静电场 / 第1节 静电场中力的性质 / 考点1 电荷守恒定律 库仑定律,电场强度的定义
PHYSICS,0099,92,第九章 静电场 / 第1节 静电场中力的性质 / 考点1 电荷守恒定律 库仑定律,电场强度是矢量，规定正电荷受力方向为该点场强方向
PHYSICS,0099,92,第九章 静电场 / 第1节 静电场中力的性质 / 考点1 电荷守恒定律 库仑定律,电场强度的唯一性
PHYSICS,0099,92,第九章 静电场 / 第1节 静电场中力的性质 / 考点1 电荷守恒定律 库仑定律,电场强度的叠加性
PHYSICS,0099,92,第九章 静电场 / 第1节 静电场中力的性质 / 考点1 电荷守恒定律 库仑定律,电场强度三个公式的比较
PHYSICS,0100,93,第九章 静电场 / 第1节（续）/ 考点3 电场线的理解及应用,电场线的七个特点
PHYSICS,0100,93,第九章 静电场 / 第1节（续）/ 考点3 电场线的理解及应用,等量异种点电荷连线上的场强分布
PHYSICS,0100,93,第九章 静电场 / 第1节（续）/ 考点3 电场线的理解及应用,等量异种点电荷中垂线上的场强分布
PHYSICS,0100,93,第九章 静电场 / 第1节（续）/ 考点3 电场线的理解及应用,等量同种正点电荷连线上的场强分布
PHYSICS,0100,93,第九章 静电场 / 第1节（续）/ 考点3 电场线的理解及应用,等量同种正点电荷中垂线上的场强分布
PHYSICS,0100,93,第九章 静电场 / 第1节（续）/ 考点3 电场线的理解及应用,关于中点对称位置的场强关系
PHYSICS,0101,94,第九章 静电场 / 微专题16 求解电场强度的几种特殊方法,电场强度的矢量叠加原则
PHYSICS,0101,94,第九章 静电场 / 微专题16 求解电场强度的几种特殊方法,应用矢量叠加法分析电场强度的三个步骤
PHYSICS,0101,94,第九章 静电场 / 微专题16 求解电场强度的几种特殊方法,对称图形顶点均匀分布等量同种点电荷时中心处场强为 0
PHYSICS,0101,94,第九章 静电场 / 微专题16 求解电场强度的几种特殊方法,用电荷平移（叠加等量异号电荷）简化对称分布的场强计算
PHYSICS,0101,94,第九章 静电场 / 微专题16 求解电场强度的几种特殊方法,对称法的思路
PHYSICS,0101,94,第九章 静电场 / 微专题16 求解电场强度的几种特殊方法,均匀带电圆环圆心处场强为 0
PHYSICS,0101,94,第九章 静电场 / 微专题16 求解电场强度的几种特殊方法,均匀带电球壳内部场强处处为零、外部等效于电荷集中于球心
PHYSICS,0102,95,第九章 静电场 / 微专题16（续）/ 割补法、等效法,割补法的思路
PHYSICS,0102,95,第九章 静电场 / 微专题16（续）/ 割补法、等效法,用割补法求有很小缺口的均匀带电圆环中心处的场强
PHYSICS,0102,95,第九章 静电场 / 微专题16（续）/ 割补法、等效法,等效法的思路
PHYSICS,0102,95,第九章 静电场 / 微专题16（续）/ 割补法、等效法,点电荷与无限大接地金属板形成的电场可等效为两个等量异种点电荷电场的一部分
PHYSICS,0102,95,第九章 静电场 / 微专题16（续）/ 割补法、等效法,均匀带电球壳外部电场等效于电荷集中在球心
PHYSICS,0102,95,第九章 静电场 / 微专题16（续）/ 割补法、等效法,四种求场强特殊方法的适用情境
PHYSICS,0103,96,第九章 静电场 / 微专题16（续）/ 微元法、极限法,微元法的思路
PHYSICS,0103,96,第九章 静电场 / 微专题16（续）/ 微元法、极限法,均匀带电圆环轴线上场强的微元叠加分析思路
PHYSICS,0103,96,第九章 静电场 / 微专题16（续）/ 微元法、极限法,极限法的思路
PHYSICS,0103,96,第九章 静电场 / 微专题16（续）/ 微元法、极限法,均匀带电圆板轴线上的场强公式 $E=2\pi k\sigma\left(1-\frac{x}{\sqrt{x^2+R^2}}\right)$ 及其极限情形
PHYSICS,0103,96,第九章 静电场 / 微专题16（续）/ 微元法、极限法,求场强四种特殊方法的选用技巧
PHYSICS,0104,97,第九章 静电场 / 第2节 静电场中能的性质 / 考点1 描述静电场中能的性质的物理量,静电力做功的四种计算方法
PHYSICS,0104,97,第九章 静电场 / 第2节 静电场中能的性质 / 考点1 描述静电场中能的性质的物理量,静电力做功与路径无关、只与始末位置有关
PHYSICS,0104,97,第九章 静电场 / 第2节 静电场中能的性质 / 考点1 描述静电场中能的性质的物理量,电势能的定义与决定式 $E_p=q\varphi$
PHYSICS,0104,97,第九章 静电场 / 第2节 静电场中能的性质 / 考点1 描述静电场中能的性质的物理量,电势能是标量，正负号表示大小；具有相对性
PHYSICS,0104,97,第九章 静电场 / 第2节 静电场中能的性质 / 考点1 描述静电场中能的性质的物理量,静电力做功与电势能变化的关系
PHYSICS,0104,97,第九章 静电场 / 第2节 静电场中能的性质 / 考点1 描述静电场中能的性质的物理量,某点电势能等于把电荷从该点移到零势能位置静电力所做的功
PHYSICS,0104,97,第九章 静电场 / 第2节 静电场中能的性质 / 考点1 描述静电场中能的性质的物理量,电势的定义式 $\varphi=E_p/q$
PHYSICS,0104,97,第九章 静电场 / 第2节 静电场中能的性质 / 考点1 描述静电场中能的性质的物理量,电势是标量，其正负表示比零电势高或低
PHYSICS,0104,97,第九章 静电场 / 第2节 静电场中能的性质 / 考点1 描述静电场中能的性质的物理量,电势的相对性
PHYSICS,0104,97,第九章 静电场 / 第2节 静电场中能的性质 / 考点1 描述静电场中能的性质的物理量,电势差的定义式 $U_{AB}=W_{AB}/q$
PHYSICS,0104,97,第九章 静电场 / 第2节 静电场中能的性质 / 考点1 描述静电场中能的性质的物理量,电势差与电势的关系 $U_{AB}=\varphi_A-\varphi_B$、$U_{AB}=-U_{BA}$
PHYSICS,0104,97,第九章 静电场 / 第2节 静电场中能的性质 / 考点1 描述静电场中能的性质的物理量,电势差由电场本身性质决定
PHYSICS,0104,97,第九章 静电场 / 第2节 静电场中能的性质 / 考点1 描述静电场中能的性质的物理量,多个点电荷电势的叠加
PHYSICS,0105,98,第九章 静电场 / 第2节（续）/ 电势高低的判断、考点2 电势差与电场强度的关系、考点3 等势面,电势高低的五种判断方法
PHYSICS,0105,98,第九章 静电场 / 第2节（续）/ 电势高低的判断、考点2 电势差与电场强度的关系、考点3 等势面,某点电势由电场与空间位置决定，与试探电荷无关
PHYSICS,0105,98,第九章 静电场 / 第2节（续）/ 电势高低的判断、考点2 电势差与电场强度的关系、考点3 等势面,匀强电场中电势差与电场强度的关系式 $U=Ed$
PHYSICS,0105,98,第九章 静电场 / 第2节（续）/ 电势高低的判断、考点2 电势差与电场强度的关系、考点3 等势面,沿电场线方向电势降低最快
PHYSICS,0105,98,第九章 静电场 / 第2节（续）/ 电势高低的判断、考点2 电势差与电场强度的关系、考点3 等势面,匀强电场中沿任意直线方向电势均匀变化
PHYSICS,0105,98,第九章 静电场 / 第2节（续）/ 电势高低的判断、考点2 电势差与电场强度的关系、考点3 等势面,等势面的四个特点
PHYSICS,0105,98,第九章 静电场 / 第2节（续）/ 电势高低的判断、考点2 电势差与电场强度的关系、考点3 等势面,由等势面分布与电势差求匀强电场的电场强度
PHYSICS,0106,99,第九章 静电场 / 第2节（续）/ 等量点电荷的等势面、带电粒子轨迹分析、考点4 静电的防止与利用,等量异种点电荷连线上的电势变化
PHYSICS,0106,99,第九章 静电场 / 第2节（续）/ 等量点电荷的等势面、带电粒子轨迹分析、考点4 静电的防止与利用,等量异种点电荷中垂线是电势为 0 的等势面
PHYSICS,0106,99,第九章 静电场 / 第2节（续）/ 等量点电荷的等势面、带电粒子轨迹分析、考点4 静电的防止与利用,等量同种正（负）电荷连线中点与中垂线上的电势极值特征
PHYSICS,0106,99,第九章 静电场 / 第2节（续）/ 等量点电荷的等势面、带电粒子轨迹分析、考点4 静电的防止与利用,判断轨迹上速度方向的方法
PHYSICS,0106,99,第九章 静电场 / 第2节（续）/ 等量点电荷的等势面、带电粒子轨迹分析、考点4 静电的防止与利用,判断静电力方向的方法
PHYSICS,0106,99,第九章 静电场 / 第2节（续）/ 等量点电荷的等势面、带电粒子轨迹分析、考点4 静电的防止与利用,已知电场线与轨迹时静电力方向与电场线共线；已知等势面与轨迹时静电力方向与等势面垂直
PHYSICS,0106,99,第九章 静电场 / 第2节（续）/ 等量点电荷的等势面、带电粒子轨迹分析、考点4 静电的防止与利用,由静电力方向与速度方向的夹角判断做功正负与电势能增减
PHYSICS,0106,99,第九章 静电场 / 第2节（续）/ 等量点电荷的等势面、带电粒子轨迹分析、考点4 静电的防止与利用,带电粒子仅受静电力时轨迹类问题的解题思维流程
PHYSICS,0106,99,第九章 静电场 / 第2节（续）/ 等量点电荷的等势面、带电粒子轨迹分析、考点4 静电的防止与利用,静电平衡的定义
PHYSICS,0106,99,第九章 静电场 / 第2节（续）/ 等量点电荷的等势面、带电粒子轨迹分析、考点4 静电的防止与利用,静电平衡导体的五个特点
PHYSICS,0107,100,第九章 静电场 / 微专题17 静电场中的功能关系及图像问题,静电场的五条功能关系
PHYSICS,0107,100,第九章 静电场 / 微专题17 静电场中的功能关系及图像问题,由 $v$-$t$ 图像分析静电力方向与大小变化
PHYSICS,0107,100,第九章 静电场 / 微专题17 静电场中的功能关系及图像问题,由静电力方向与电荷电性判断电场方向、电势高低与电势能变化
PHYSICS,0107,100,第九章 静电场 / 微专题17 静电场中的功能关系及图像问题,$\varphi$-$x$ 图像的读法
PHYSICS,0107,100,第九章 静电场 / 微专题17 静电场中的功能关系及图像问题,$\varphi$-$x$ 图像中电势为零处场强不一定为零
PHYSICS,0107,100,第九章 静电场 / 微专题17 静电场中的功能关系及图像问题,由 $\varphi$-$x$ 图像判断电势高低与场强方向
PHYSICS,0107,100,第九章 静电场 / 微专题17 静电场中的功能关系及图像问题,用 $E=|\Delta\varphi/\Delta x|$ 由 $\varphi$-$x$ 图像斜率求电场强度
PHYSICS,0108,101,第九章 静电场 / 微专题17（续）/ $E$-$x$ 图像、$E_p$-$x$ 图像,$E$-$x$ 图像的读法
PHYSICS,0108,101,第九章 静电场 / 微专题17（续）/ $E$-$x$ 图像、$E_p$-$x$ 图像,$E$>0 表示场强沿正方向、$E$<0 表示场强沿负方向
PHYSICS,0108,101,第九章 静电场 / 微专题17（续）/ $E$-$x$ 图像、$E_p$-$x$ 图像,$E_p$-$x$ 图像的读法
PHYSICS,0108,101,第九章 静电场 / 微专题17（续）/ $E$-$x$ 图像、$E_p$-$x$ 图像,由 $E_p$-$x$ 图像判断静电力做功的正负与场强方向
PHYSICS,0108,101,第九章 静电场 / 微专题17（续）/ $E$-$x$ 图像、$E_p$-$x$ 图像,静电场四类图像的总对比
PHYSICS,0108,101,第九章 静电场 / 微专题17（续）/ $E$-$x$ 图像、$E_p$-$x$ 图像,由 $\varphi$-$x$ 图像的极值位置判断该处场强为零，并结合 $E=kQ/r^2$ 判断点电荷的电性、位置与电荷量关系
PHYSICS,0109,102,第九章 静电场 / 第3节 电容器 带电粒子在电场中的运动 / 考点1 电容器 平行板电容器的动态分析,电容器的组成
PHYSICS,0109,102,第九章 静电场 / 第3节 电容器 带电粒子在电场中的运动 / 考点1 电容器 平行板电容器的动态分析,电容器的充电过程
PHYSICS,0109,102,第九章 静电场 / 第3节 电容器 带电粒子在电场中的运动 / 考点1 电容器 平行板电容器的动态分析,电容器的放电过程
PHYSICS,0109,102,第九章 静电场 / 第3节 电容器 带电粒子在电场中的运动 / 考点1 电容器 平行板电容器的动态分析,电容的定义式 $C=Q/U$ 与单位换算
PHYSICS,0109,102,第九章 静电场 / 第3节 电容器 带电粒子在电场中的运动 / 考点1 电容器 平行板电容器的动态分析,平行板电容器电容的决定式 $C=\frac{\varepsilon_rS}{4\pi kd}$
PHYSICS,0109,102,第九章 静电场 / 第3节 电容器 带电粒子在电场中的运动 / 考点1 电容器 平行板电容器的动态分析,定义式与决定式的区别与联系
PHYSICS,0109,102,第九章 静电场 / 第3节 电容器 带电粒子在电场中的运动 / 考点1 电容器 平行板电容器的动态分析,平行板电容器动态分析的两种类型
PHYSICS,0109,102,第九章 静电场 / 第3节 电容器 带电粒子在电场中的运动 / 考点1 电容器 平行板电容器的动态分析,断开电源时各物理量的变化规律
PHYSICS,0109,102,第九章 静电场 / 第3节 电容器 带电粒子在电场中的运动 / 考点1 电容器 平行板电容器的动态分析,连接电源时各物理量的变化规律
PHYSICS,0109,102,第九章 静电场 / 第3节 电容器 带电粒子在电场中的运动 / 考点1 电容器 平行板电容器的动态分析,含二极管时充放电受单向导电性限制
PHYSICS,0110,103,第九章 静电场 / 第3节（续）/ 考点2 带电粒子在电场中的直线运动、考点3 曲线运动,平行板电容器动态分析的一般思路
PHYSICS,0110,103,第九章 静电场 / 第3节（续）/ 考点2 带电粒子在电场中的直线运动、考点3 曲线运动,带电粒子做直线运动的两个条件
PHYSICS,0110,103,第九章 静电场 / 第3节（续）/ 考点2 带电粒子在电场中的直线运动、考点3 曲线运动,用动力学观点分析带电粒子直线运动
PHYSICS,0110,103,第九章 静电场 / 第3节（续）/ 考点2 带电粒子在电场中的直线运动、考点3 曲线运动,用功能观点分析带电粒子直线运动
PHYSICS,0110,103,第九章 静电场 / 第3节（续）/ 考点2 带电粒子在电场中的直线运动、考点3 曲线运动,是否考虑重力的判别
PHYSICS,0110,103,第九章 静电场 / 第3节（续）/ 考点2 带电粒子在电场中的直线运动、考点3 曲线运动,带电粒子在匀强电场中偏转的运动形式（类平抛运动）与处理方法
PHYSICS,0110,103,第九章 静电场 / 第3节（续）/ 考点2 带电粒子在电场中的直线运动、考点3 曲线运动,偏转的基本关系式
PHYSICS,0110,103,第九章 静电场 / 第3节（续）/ 考点2 带电粒子在电场中的直线运动、考点3 曲线运动,偏转的中点结论
PHYSICS,0110,103,第九章 静电场 / 第3节（续）/ 考点2 带电粒子在电场中的直线运动、考点3 曲线运动,出电场后继续偏转距离的计算 $y'=y+L\tan\theta=\left(\frac{l}{2}+L\right)\tan\theta$
PHYSICS,0111,104,第九章 静电场 / 第3节（续）/ 功能关系与偏转位移计算,用动能定理求解偏转中的末速度
PHYSICS,0111,104,第九章 静电场 / 第3节（续）/ 功能关系与偏转位移计算,偏转电场内电势差与偏移量的关系 $U_y=\frac{U}{d}y$
PHYSICS,0111,104,第九章 静电场 / 第3节（续）/ 功能关系与偏转位移计算,计算粒子打到屏上位置离中心距离的三种表达式
PHYSICS,0111,104,第九章 静电场 / 第3节（续）/ 功能关系与偏转位移计算,相同加速电压下不同带电粒子的偏转特性
PHYSICS,0112,105,第九章 静电场 / 微专题18 带电粒子在电场中的力电综合问题,等效重力场的定义
PHYSICS,0112,105,第九章 静电场 / 微专题18 带电粒子在电场中的力电综合问题,等效重力的定义
PHYSICS,0112,105,第九章 静电场 / 微专题18 带电粒子在电场中的力电综合问题,等效重力加速度的定义 $g_{等效}=G_合/m$
PHYSICS,0112,105,第九章 静电场 / 微专题18 带电粒子在电场中的力电综合问题,"等效""最低点""与等效""最高点""的确定方法"
PHYSICS,0112,105,第九章 静电场 / 微专题18 带电粒子在电场中的力电综合问题,重力场与电场共线时的等效重力分析
PHYSICS,0112,105,第九章 静电场 / 微专题18 带电粒子在电场中的力电综合问题,重力场与电场成夹角时的等效重力大小 $G_合=\sqrt{(mg)^2+(qE)^2}$ 与方向 $\tan\alpha=\frac{qE}{mg}$
PHYSICS,0112,105,第九章 静电场 / 微专题18 带电粒子在电场中的力电综合问题,用等效重力场处理竖直面圆周运动
PHYSICS,0113,106,第九章 静电场 / 微专题18（续）/ 题型2 电场中的力电综合问题,力电综合问题的动力学观点
PHYSICS,0113,106,第九章 静电场 / 微专题18（续）/ 题型2 电场中的力电综合问题,力电综合问题的能量观点
PHYSICS,0113,106,第九章 静电场 / 微专题18（续）/ 题型2 电场中的力电综合问题,力电综合问题的动量观点
PHYSICS,0113,106,第九章 静电场 / 微专题18（续）/ 题型2 电场中的力电综合问题,电场强度随位移变化时的分析
PHYSICS,0114,107,第九章 静电场 / 微专题19 带电粒子在交变电场中的运动,带电粒子在交变电场中做直线运动的两种情形
PHYSICS,0114,107,第九章 静电场 / 微专题19 带电粒子在交变电场中的运动,交变电场直线运动的分析方法
PHYSICS,0114,107,第九章 静电场 / 微专题19 带电粒子在交变电场中的运动,带电粒子在交变电场中做曲线运动的两类处理
PHYSICS,0114,107,第九章 静电场 / 微专题19 带电粒子在交变电场中的运动,交变电场问题的分析思路
PHYSICS,0114,107,第九章 静电场 / 微专题19 带电粒子在交变电场中的运动,交变电场中运动的三种常见情况
PHYSICS,0114,107,第九章 静电场 / 微专题19 带电粒子在交变电场中的运动,"直线加速器中""筒长随速度增大而增大""的设计原理"
PHYSICS,0115,108,第九章 静电场 / 微专题19（续）/ 规律总结,用 $v$-$t$ 图像分析交变电场中粒子运动时的五个注意点
PHYSICS,0115,108,第九章 静电场 / 微专题19（续）/ 规律总结,穿越时间极短时把交变电场视为匀强电场的近似处理
PHYSICS,0115,108,第九章 静电场 / 微专题19（续）/ 规律总结,交变电场中运动的对称性与周期性的应用
PHYSICS,0115,108,第九章 静电场 / 微专题19（续）/ 规律总结,不同时刻进入电场的粒子在交变电场中的位移与轨迹差异
PHYSICS,0116,109,第九章 静电场 / 实验10 观察电容器的充、放电现象,电容器充电过程的电流变化规律
PHYSICS,0116,109,第九章 静电场 / 实验10 观察电容器的充、放电现象,电容器放电过程的电流变化规律
PHYSICS,0116,109,第九章 静电场 / 实验10 观察电容器的充、放电现象,观察电容器充放电现象的操作步骤
PHYSICS,0116,109,第九章 静电场 / 实验10 观察电容器的充、放电现象,用 $I$-$t$ 图像面积计算充放电过程中的电荷量
PHYSICS,0116,109,第九章 静电场 / 实验10 观察电容器的充、放电现象,充电完成后电容器电压等于电源电动势，由 $C=Q/U$ 估算电容
PHYSICS,0116,109,第九章 静电场 / 实验10 观察电容器的充、放电现象,实验注意事项
PHYSICS,0116,109,第九章 静电场 / 实验10 观察电容器的充、放电现象,误差来源
PHYSICS,0116,109,第九章 静电场 / 实验10 观察电容器的充、放电现象,用电流、电压传感器改进实验
PHYSICS,0117,110,第十章 电路及其应用 / 第1节 电路的基本概念及规律 / 考点1 电流的概念及表达式,电流的产生
PHYSICS,0117,110,第十章 电路及其应用 / 第1节 电路的基本概念及规律 / 考点1 电流的概念及表达式,电流的定义 $I=q/t$
PHYSICS,0117,110,第十章 电路及其应用 / 第1节 电路的基本概念及规律 / 考点1 电流的概念及表达式,电流的三种表达式及其比较
PHYSICS,0117,110,第十章 电路及其应用 / 第1节 电路的基本概念及规律 / 考点1 电流的概念及表达式,电流微观表达式 $I=neSv$ 的推导
PHYSICS,0117,110,第十章 电路及其应用 / 第1节 电路的基本概念及规律 / 考点1 电流的概念及表达式,欧姆定律的内容 $I=U/R$
PHYSICS,0117,110,第十章 电路及其应用 / 第1节 电路的基本概念及规律 / 考点1 电流的概念及表达式,电阻定律的内容与公式 $R=\rho l/S$
PHYSICS,0117,110,第十章 电路及其应用 / 第1节 电路的基本概念及规律 / 考点1 电流的概念及表达式,伏安特性曲线的物理含义
PHYSICS,0117,110,第十章 电路及其应用 / 第1节 电路的基本概念及规律 / 考点1 电流的概念及表达式,非线性元件电阻的求法
PHYSICS,0117,110,第十章 电路及其应用 / 第1节 电路的基本概念及规律 / 考点1 电流的概念及表达式,电阻定义式与决定式的区别与适用范围
PHYSICS,0118,111,第十章 电路及其应用 / 第1节（续）/ 考点3 串联电路和并联电路 电表改装原理,串联电路的特点
PHYSICS,0118,111,第十章 电路及其应用 / 第1节（续）/ 考点3 串联电路和并联电路 电表改装原理,并联电路的特点
PHYSICS,0118,111,第十章 电路及其应用 / 第1节（续）/ 考点3 串联电路和并联电路 电表改装原理,串并联电路的总功率等于各部分功率之和
PHYSICS,0118,111,第十章 电路及其应用 / 第1节（续）/ 考点3 串联电路和并联电路 电表改装原理,电表改装成电压表的原理（串联大电阻分压）及量程、接入电阻、总内阻的关系式
PHYSICS,0118,111,第十章 电路及其应用 / 第1节（续）/ 考点3 串联电路和并联电路 电表改装原理,电表改装成电流表的原理（并联小电阻分流）及量程、接入电阻、总内阻的关系式
PHYSICS,0118,111,第十章 电路及其应用 / 第1节（续）/ 考点3 串联电路和并联电路 电表改装原理,量程扩大倍数 $n$ 的含义与接入电阻的计算
PHYSICS,0118,111,第十章 电路及其应用 / 第1节（续）/ 考点3 串联电路和并联电路 电表改装原理,改装后电表内阻的变化
PHYSICS,0118,111,第十章 电路及其应用 / 第1节（续）/ 考点3 串联电路和并联电路 电表改装原理,电表校准电路的连接方式
PHYSICS,0118,111,第十章 电路及其应用 / 第1节（续）/ 考点3 串联电路和并联电路 电表改装原理,由 $U$-$x$ 图线的斜率反映电阻（斜率大处电阻大），结合电阻定律判断电阻率
PHYSICS,0119,112,第十章 电路及其应用 / 第1节（续）/ 考点4 电功、电功率、电热、热功率,纯电阻电路与非纯电阻电路的实例判别
PHYSICS,0119,112,第十章 电路及其应用 / 第1节（续）/ 考点4 电功、电功率、电热、热功率,纯电阻电路中的电功与电热关系（$W=Q=UIt=I^2Rt=U^2t/R$）及电功率与热功率相等
PHYSICS,0119,112,第十章 电路及其应用 / 第1节（续）/ 考点4 电功、电功率、电热、热功率,非纯电阻电路中的电功与电热关系（$W=UIt=E_{其他}+Q$，$Q=I^2Rt$）及 $P_电>P_热$
PHYSICS,0119,112,第十章 电路及其应用 / 第1节（续）/ 考点4 电功、电功率、电热、热功率,电动机的输入功率、机械功率与热功率的关系
PHYSICS,0119,112,第十章 电路及其应用 / 第1节（续）/ 考点4 电功、电功率、电热、热功率,转子被卡住的电动机可视作纯电阻电路
PHYSICS,0119,112,第十章 电路及其应用 / 第1节（续）/ 考点4 电功、电功率、电热、热功率,电表改装的综合计算
PHYSICS,0120,113,第十章 电路及其应用 / 第2节 闭合电路欧姆定律及其应用 / 考点1 闭合电路欧姆定律,闭合电路欧姆定律的内容
PHYSICS,0120,113,第十章 电路及其应用 / 第2节 闭合电路欧姆定律及其应用 / 考点1 闭合电路欧姆定律,闭合电路欧姆定律的两个公式及其适用范围
PHYSICS,0120,113,第十章 电路及其应用 / 第2节 闭合电路欧姆定律及其应用 / 考点1 闭合电路欧姆定律,路端电压与负载的关系
PHYSICS,0120,113,第十章 电路及其应用 / 第2节 闭合电路欧姆定律及其应用 / 考点1 闭合电路欧姆定律,断路与短路的极限情形
PHYSICS,0120,113,第十章 电路及其应用 / 第2节 闭合电路欧姆定律及其应用 / 考点1 闭合电路欧姆定律,路端电压与电流的关系式 $U=E-Ir$ 及其 $U$-$I$ 图像
PHYSICS,0120,113,第十章 电路及其应用 / 第2节 闭合电路欧姆定律及其应用 / 考点1 闭合电路欧姆定律,电源总功率、内部消耗功率、输出功率的表达式
PHYSICS,0120,113,第十章 电路及其应用 / 第2节 闭合电路欧姆定律及其应用 / 考点1 闭合电路欧姆定律,电源效率的表达式
PHYSICS,0120,113,第十章 电路及其应用 / 第2节 闭合电路欧姆定律及其应用 / 考点1 闭合电路欧姆定律,电源输出功率的极值
PHYSICS,0120,113,第十章 电路及其应用 / 第2节 闭合电路欧姆定律及其应用 / 考点1 闭合电路欧姆定律,同一输出功率对应两个可能的外电阻且 $R_1R_2=r^2$
PHYSICS,0120,113,第十章 电路及其应用 / 第2节 闭合电路欧姆定律及其应用 / 考点1 闭合电路欧姆定律,输出功率最大与效率最高不是同一条件
PHYSICS,0121,114,第十章 电路及其应用 / 第2节（续）/ 等效电源、考点3 两类 $U$-$I$ 图像,等效电源与等效内阻的确定方法
PHYSICS,0121,114,第十章 电路及其应用 / 第2节（续）/ 等效电源、考点3 两类 $U$-$I$ 图像,三种常见电路的等效电动势与等效内阻表达式
PHYSICS,0121,114,第十章 电路及其应用 / 第2节（续）/ 等效电源、考点3 两类 $U$-$I$ 图像,电源 $U$-$I$ 图像与定值电阻 $U$-$I$ 图像的对比
PHYSICS,0121,114,第十章 电路及其应用 / 第2节（续）/ 等效电源、考点3 两类 $U$-$I$ 图像,电源 $U$-$I$ 图形的纵截距为电动势、横截距为短路电流、斜率绝对值为内阻
PHYSICS,0121,114,第十章 电路及其应用 / 第2节（续）/ 等效电源、考点3 两类 $U$-$I$ 图像,两图线交点的物理含义
PHYSICS,0121,114,第十章 电路及其应用 / 第2节（续）/ 等效电源、考点3 两类 $U$-$I$ 图像,图线与坐标轴围成面积的物理含义
PHYSICS,0121,114,第十章 电路及其应用 / 第2节（续）/ 等效电源、考点3 两类 $U$-$I$ 图像,分析 $U$-$I$ 图像时须检查坐标原点是否从零开始
PHYSICS,0121,114,第十章 电路及其应用 / 第2节（续）/ 等效电源、考点3 两类 $U$-$I$ 图像,"用""等效电源""法求可变电阻的最大功率"
PHYSICS,0122,115,第十章 电路及其应用 / 微专题20 电路的动态分析和故障判断,电路动态分析的程序法
PHYSICS,0122,115,第十章 电路及其应用 / 微专题20 电路的动态分析和故障判断,"电路动态分析的""串反并同""结论法及其适用条件"
PHYSICS,0122,115,第十章 电路及其应用 / 微专题20 电路的动态分析和故障判断,电路动态分析的极限法
PHYSICS,0122,115,第十章 电路及其应用 / 微专题20 电路的动态分析和故障判断,含电容器电路的分析方法
PHYSICS,0122,115,第十章 电路及其应用 / 微专题20 电路的动态分析和故障判断,用 $Q=CU$ 计算稳定状态时电容器的电荷量
PHYSICS,0122,115,第十章 电路及其应用 / 微专题20 电路的动态分析和故障判断,电路结构变化时电容器的充放电分析（判断电压升降、电荷量增减、极板电性变化与电流方向）及 $\Delta Q=C\Delta U$
PHYSICS,0122,115,第十章 电路及其应用 / 微专题20 电路的动态分析和故障判断,对 $\Delta U/\Delta I$ 的两层理解
PHYSICS,0123,116,第十章 电路及其应用 / 微专题20（续）/ 题型2 电路的故障判断,计算电容器电荷量及其改变量的思路
PHYSICS,0123,116,第十章 电路及其应用 / 微专题20（续）/ 题型2 电路的故障判断,画等效电路图的方法
PHYSICS,0123,116,第十章 电路及其应用 / 微专题20（续）/ 题型2 电路的故障判断,断路与短路的现象特点
PHYSICS,0123,116,第十章 电路及其应用 / 微专题20（续）/ 题型2 电路的故障判断,用电流表、电压表示数判断故障的三类情况及其原因分析
PHYSICS,0123,116,第十章 电路及其应用 / 微专题20（续）/ 题型2 电路的故障判断,电流表有示数而电压表无示数时的三种原因
PHYSICS,0123,116,第十章 电路及其应用 / 微专题20（续）/ 题型2 电路的故障判断,电压表有示数而电流表无示数时的两种原因
PHYSICS,0123,116,第十章 电路及其应用 / 微专题20（续）/ 题型2 电路的故障判断,两表均无示数的原因
PHYSICS,0123,116,第十章 电路及其应用 / 微专题20（续）/ 题型2 电路的故障判断,电路故障查找的排除法
PHYSICS,0124,117,第十章 电路及其应用 / 第3节 电学实验基础,游标卡尺的原理
PHYSICS,0124,117,第十章 电路及其应用 / 第3节 电学实验基础,游标卡尺的三种精度
PHYSICS,0124,117,第十章 电路及其应用 / 第3节 电学实验基础,游标卡尺的读数方法 $(x+K\times\text{精度})$ 及不估读的要求
PHYSICS,0124,117,第十章 电路及其应用 / 第3节 电学实验基础,"螺旋测微器的原理（螺距 0.5 mm、可动刻度 50 等分、每格 0.01 mm）与""千分尺""名称由来"
PHYSICS,0124,117,第十章 电路及其应用 / 第3节 电学实验基础,螺旋测微器的读数方法（固定刻度 + 可动刻度估读一位×0.01）及半毫米刻度线的判断
PHYSICS,0124,117,第十章 电路及其应用 / 第3节 电学实验基础,电流表、电压表读数与量程的关系
PHYSICS,0124,117,第十章 电路及其应用 / 第3节 电学实验基础,电流表内接法的选择条件（$R_x\gg R_A$ 或 $R_x>\sqrt{R_AR_V}$）与误差
PHYSICS,0124,117,第十章 电路及其应用 / 第3节 电学实验基础,电流表外接法的选择条件（$R_x\ll R_V$ 或 $R_x<\sqrt{R_AR_V}$）与误差
PHYSICS,0124,117,第十章 电路及其应用 / 第3节 电学实验基础,内接法、外接法的电阻修正公式
PHYSICS,0124,117,第十章 电路及其应用 / 第3节 电学实验基础,滑动变阻器限流式接法的电路结构与滑片初始位置
PHYSICS,0124,117,第十章 电路及其应用 / 第3节 电学实验基础,滑动变阻器分压式接法的电路结构与滑片初始位置
PHYSICS,0124,117,第十章 电路及其应用 / 第3节 电学实验基础,两种接法的电压调节范围差异与选择原则
PHYSICS,0125,118,第十章 电路及其应用 / 第3节（续）/ 电学实验设计三原则、实验11 导体电阻率的测量,限流式与分压式接法的电压、电流调节范围对比
PHYSICS,0125,118,第十章 电路及其应用 / 第3节（续）/ 电学实验设计三原则、实验11 导体电阻率的测量,两种接法的特点对比
PHYSICS,0125,118,第十章 电路及其应用 / 第3节（续）/ 电学实验设计三原则、实验11 导体电阻率的测量,滑动变阻器接法的选择原则
PHYSICS,0125,118,第十章 电路及其应用 / 第3节（续）/ 电学实验设计三原则、实验11 导体电阻率的测量,电学实验设计与仪器选择的三原则
PHYSICS,0125,118,第十章 电路及其应用 / 第3节（续）/ 电学实验设计三原则、实验11 导体电阻率的测量,电表量程选择的要求
PHYSICS,0125,118,第十章 电路及其应用 / 第3节（续）/ 电学实验设计三原则、实验11 导体电阻率的测量,测量金属丝电阻率的实验原理 $\rho=R_xS/l$ 与横截面积 $S=\pi d^2/4$
PHYSICS,0125,118,第十章 电路及其应用 / 第3节（续）/ 电学实验设计三原则、实验11 导体电阻率的测量,金属丝直径与长度的测量要求
PHYSICS,0125,118,第十章 电路及其应用 / 第3节（续）/ 电学实验设计三原则、实验11 导体电阻率的测量,金属丝电阻小故用电流表外接法；闭合开关前滑动变阻器滑片调至接入阻值最大处
PHYSICS,0125,118,第十章 电路及其应用 / 第3节（续）/ 电学实验设计三原则、实验11 导体电阻率的测量,测多组 $U$、$I$ 数据的操作要求
PHYSICS,0126,119,第十章 电路及其应用 / 实验11（续）、实验12 测量电阻的几种方法,计算待测电阻的两种数据处理方法
PHYSICS,0126,119,第十章 电路及其应用 / 实验11（续）、实验12 测量电阻的几种方法,图像法作图的规范
PHYSICS,0126,119,第十章 电路及其应用 / 实验11（续）、实验12 测量电阻的几种方法,电阻率的计算公式 $\rho=\pi R_xd^2/(4l)$
PHYSICS,0126,119,第十章 电路及其应用 / 实验11（续）、实验12 测量电阻的几种方法,测量电阻率的误差来源
PHYSICS,0126,119,第十章 电路及其应用 / 实验11（续）、实验12 测量电阻的几种方法,避免发热误差的操作要求
PHYSICS,0126,119,第十章 电路及其应用 / 实验11（续）、实验12 测量电阻的几种方法,三种消除电表内阻系统误差的改进电路
PHYSICS,0126,119,第十章 电路及其应用 / 实验11（续）、实验12 测量电阻的几种方法,串联分压比例法测电阻的原理
PHYSICS,0126,119,第十章 电路及其应用 / 实验11（续）、实验12 测量电阻的几种方法,伏安法测电阻的实验原理 $R=U/I$
PHYSICS,0126,119,第十章 电路及其应用 / 实验11（续）、实验12 测量电阻的几种方法,伏安法测电阻的电路连接要求
PHYSICS,0126,119,第十章 电路及其应用 / 实验11（续）、实验12 测量电阻的几种方法,测多组数据（12 组左右）并绘制伏安特性曲线
PHYSICS,0126,119,第十章 电路及其应用 / 实验11（续）、实验12 测量电阻的几种方法,伏安法测电阻的系统误差来源
PHYSICS,0127,120,第十章 电路及其应用 / 实验12（续）/ 差值法、半偏法,电流表差值法的原理（用定值电阻把电流表当电压表用）与内阻求解公式
PHYSICS,0127,120,第十章 电路及其应用 / 实验12（续）/ 差值法、半偏法,电压表差值法的原理（用定值电阻把电压表当电流表用）与内阻求解公式
PHYSICS,0127,120,第十章 电路及其应用 / 实验12（续）/ 差值法、半偏法,半偏法测电流表内阻的步骤、实验条件（$R_1\gg R_A$）、结果与误差方向
PHYSICS,0127,120,第十章 电路及其应用 / 实验12（续）/ 差值法、半偏法,半偏法测电压表内阻的步骤、实验条件（$R_1\ll R_V$）、结果与误差方向
PHYSICS,0127,120,第十章 电路及其应用 / 实验12（续）/ 差值法、半偏法,等效替代法测电阻的原理与两种情况
PHYSICS,0127,120,第十章 电路及其应用 / 实验12（续）/ 差值法、半偏法,"等效替代法的操作要点（电阻箱初值置最大、滑片位置不变、电表示数相同）与""无系统误差""的优点"
PHYSICS,0128,121,第十章 电路及其应用 / 实验12（续）电桥法、实验13 测量电源电动势和内阻,电桥法测电阻的操作
PHYSICS,0128,121,第十章 电路及其应用 / 实验12（续）电桥法、实验13 测量电源电动势和内阻,电桥平衡的条件 $R_1/R_2=R_3/R_x$ 及其推导
PHYSICS,0128,121,第十章 电路及其应用 / 实验12（续）电桥法、实验13 测量电源电动势和内阻,测量电源电动势和内阻的实验原理
PHYSICS,0128,121,第十章 电路及其应用 / 实验12（续）电桥法、实验13 测量电源电动势和内阻,选电池的要求
PHYSICS,0128,121,第十章 电路及其应用 / 实验12（续）电桥法、实验13 测量电源电动势和内阻,连接电路的注意事项
PHYSICS,0128,121,第十章 电路及其应用 / 实验12（续）电桥法、实验13 测量电源电动势和内阻,闭合开关前滑动变阻器滑片置于接入阻值最大处
PHYSICS,0128,121,第十章 电路及其应用 / 实验12（续）电桥法、实验13 测量电源电动势和内阻,测量数据的要求
PHYSICS,0128,121,第十章 电路及其应用 / 实验12（续）电桥法、实验13 测量电源电动势和内阻,数据处理的计算法
PHYSICS,0128,121,第十章 电路及其应用 / 实验12（续）电桥法、实验13 测量电源电动势和内阻,数据处理的作图法
PHYSICS,0128,121,第十章 电路及其应用 / 实验12（续）电桥法、实验13 测量电源电动势和内阻,电压表分流造成的系统误差
PHYSICS,0129,122,第十章 电路及其应用 / 实验13（续）/ 拓展方案：安阻法、伏阻法,电流表内接（串入干路）测电源时 $E$ 准确、$r$ 偏大的误差结论
PHYSICS,0129,122,第十章 电路及其应用 / 实验13（续）/ 拓展方案：安阻法、伏阻法,电压表内接（并接电源两端）测电源时 $E$、$r$ 均偏小的误差结论
PHYSICS,0129,122,第十章 电路及其应用 / 实验13（续）/ 拓展方案：安阻法、伏阻法,减小系统误差的电路选择
PHYSICS,0129,122,第十章 电路及其应用 / 实验13（续）/ 拓展方案：安阻法、伏阻法,安阻法测电动势和内阻的原理式 $E=I(R+r)$
PHYSICS,0129,122,第十章 电路及其应用 / 实验13（续）/ 拓展方案：安阻法、伏阻法,安阻法的两种图像处理
PHYSICS,0129,122,第十章 电路及其应用 / 实验13（续）/ 拓展方案：安阻法、伏阻法,安阻法的误差来源与结论
PHYSICS,0129,122,第十章 电路及其应用 / 实验13（续）/ 拓展方案：安阻法、伏阻法,伏阻法测电动势和内阻的原理式 $E=U+\frac{U}{R}r$
PHYSICS,0129,122,第十章 电路及其应用 / 实验13（续）/ 拓展方案：安阻法、伏阻法,伏阻法的图像处理
PHYSICS,0129,122,第十章 电路及其应用 / 实验13（续）/ 拓展方案：安阻法、伏阻法,伏阻法的误差来源与结论
PHYSICS,0129,122,第十章 电路及其应用 / 实验13（续）/ 拓展方案：安阻法、伏阻法,三种测电源电动势与内阻方法的对照
PHYSICS,0130,123,第十章 电路及其应用 / 实验14 用多用电表测量电学中的物理量,多用电表电阻挡的工作原理
PHYSICS,0130,123,第十章 电路及其应用 / 实验14 用多用电表测量电学中的物理量,"欧姆表刻度不均匀、""左密右疏""的成因"
PHYSICS,0130,123,第十章 电路及其应用 / 实验14 用多用电表测量电学中的物理量,二极管的单向导电性
PHYSICS,0130,123,第十章 电路及其应用 / 实验14 用多用电表测量电学中的物理量,多用电表的表盘结构与选择开关的功能区
PHYSICS,0130,123,第十章 电路及其应用 / 实验14 用多用电表测量电学中的物理量,机械调零的方法
PHYSICS,0130,123,第十章 电路及其应用 / 实验14 用多用电表测量电学中的物理量,"红黑表笔的使用规则（电流""红进黑出""）及测电压并联、测电流串联"
PHYSICS,0130,123,第十章 电路及其应用 / 实验14 用多用电表测量电学中的物理量,测电阻的操作要求
PHYSICS,0130,123,第十章 电路及其应用 / 实验14 用多用电表测量电学中的物理量,电阻测量值的读取
PHYSICS,0130,123,第十章 电路及其应用 / 实验14 用多用电表测量电学中的物理量,用多用电表判断二极管正负极
PHYSICS,0130,123,第十章 电路及其应用 / 实验14 用多用电表测量电学中的物理量,使用完毕后的处置
PHYSICS,0130,123,第十章 电路及其应用 / 实验14 用多用电表测量电学中的物理量,多用电表使用的误差来源与改进
PHYSICS,0131,124,第十一章 磁场 / 第1节 磁场及其对电流的作用 / 考点1 电流的磁场 磁场的叠加,磁感应强度的矢量性与方向规定
PHYSICS,0131,124,第十一章 磁场 / 第1节 磁场及其对电流的作用 / 考点1 电流的磁场 磁场的叠加,磁感应强度定义式成立的条件
PHYSICS,0131,124,第十一章 磁场 / 第1节 磁场及其对电流的作用 / 考点1 电流的磁场 磁场的叠加,磁感应强度由磁场本身决定，与放入的通电导线无关
PHYSICS,0131,124,第十一章 磁场 / 第1节 磁场及其对电流的作用 / 考点1 电流的磁场 磁场的叠加,磁感线的五个特点
PHYSICS,0131,124,第十一章 磁场 / 第1节 磁场及其对电流的作用 / 考点1 电流的磁场 磁场的叠加,"安培定则中""因""与""果""的区分"
PHYSICS,0131,124,第十一章 磁场 / 第1节 磁场及其对电流的作用 / 考点1 电流的磁场 磁场的叠加,直线电流、通电螺线管、环形电流三种磁场形态的描述
PHYSICS,0131,124,第十一章 磁场 / 第1节 磁场及其对电流的作用 / 考点1 电流的磁场 磁场的叠加,磁场叠加的分析步骤
PHYSICS,0132,125,第十一章 磁场 / 第1节（续）/ 考点2 安培力的分析与计算,用左手定则判定安培力方向的方法
PHYSICS,0132,125,第十一章 磁场 / 第1节（续）/ 考点2 安培力的分析与计算,安培力方向的特点
PHYSICS,0132,125,第十一章 磁场 / 第1节（续）/ 考点2 安培力的分析与计算,平行通电直导线间的相互作用
PHYSICS,0132,125,第十一章 磁场 / 第1节（续）/ 考点2 安培力的分析与计算,安培力大小的通式 $F=BIl\sin\theta$
PHYSICS,0132,125,第十一章 磁场 / 第1节（续）/ 考点2 安培力的分析与计算,电流方向与磁场垂直时 $F=BIl$；平行时 $F=0$
PHYSICS,0132,125,第十一章 磁场 / 第1节（续）/ 考点2 安培力的分析与计算,弯曲通电导线的有效长度
PHYSICS,0132,125,第十一章 磁场 / 第1节（续）/ 考点2 安培力的分析与计算,闭合线圈在匀强磁场中所受安培力合力为零
PHYSICS,0132,125,第十一章 磁场 / 第1节（续）/ 考点2 安培力的分析与计算,安培力作用下导体运动情况的五种判断方法
PHYSICS,0132,125,第十一章 磁场 / 第1节（续）/ 考点2 安培力的分析与计算,结论法的两条结论
PHYSICS,0133,126,第十一章 磁场 / 第1节（续）/ 考点3 安培力作用下的平衡和加速问题,安培力作用下力学问题的基本分析思路
PHYSICS,0133,126,第十一章 磁场 / 第1节（续）/ 考点3 安培力作用下的平衡和加速问题,安培力问题的视图转换方法
PHYSICS,0133,126,第十一章 磁场 / 第1节（续）/ 考点3 安培力作用下的平衡和加速问题,安培力作用下导体棒的平衡方程与加速方程
PHYSICS,0134,127,第十一章 磁场 / 第2节 磁场对运动电荷（带电体）的作用 / 考点1 洛伦兹力,洛伦兹力大小的三种情形
PHYSICS,0134,127,第十一章 磁场 / 第2节 磁场对运动电荷（带电体）的作用 / 考点1 洛伦兹力,用左手定则判定洛伦兹力方向的方法
PHYSICS,0134,127,第十一章 磁场 / 第2节 磁场对运动电荷（带电体）的作用 / 考点1 洛伦兹力,洛伦兹力方向的特点
PHYSICS,0134,127,第十一章 磁场 / 第2节 磁场对运动电荷（带电体）的作用 / 考点1 洛伦兹力,洛伦兹力与安培力的联系（安培力是洛伦兹力的宏观表现）与区别
PHYSICS,0134,127,第十一章 磁场 / 第2节 磁场对运动电荷（带电体）的作用 / 考点1 洛伦兹力,洛伦兹力不做功、只改变速度方向的结论
PHYSICS,0134,127,第十一章 磁场 / 第2节 磁场对运动电荷（带电体）的作用 / 考点1 洛伦兹力,洛伦兹力作用下带电体做变速直线运动时的动态分析链
PHYSICS,0134,127,第十一章 磁场 / 第2节 磁场对运动电荷（带电体）的作用 / 考点1 洛伦兹力,带电体离开接触面的条件
PHYSICS,0135,128,第十一章 磁场 / 第2节（续）/ 考点3 带电粒子在匀强磁场中的运动,带电粒子在匀强磁场中的三种运动形式
PHYSICS,0135,128,第十一章 磁场 / 第2节（续）/ 考点3 带电粒子在匀强磁场中的运动,洛伦兹力提供向心力的方程 $qvB=mv^2/R$ 与半径公式 $R=mv/(qB)=\sqrt{2mE_k}/(qB)$
PHYSICS,0135,128,第十一章 磁场 / 第2节（续）/ 考点3 带电粒子在匀强磁场中的运动,动能与半径的关系 $E_k=q^2B^2R^2/(2m)$
PHYSICS,0135,128,第十一章 磁场 / 第2节（续）/ 考点3 带电粒子在匀强磁场中的运动,圆周运动周期公式 $T=2\pi R/v=2\pi m/(qB)$
PHYSICS,0135,128,第十一章 磁场 / 第2节（续）/ 考点3 带电粒子在匀强磁场中的运动,"用""入射、出射方向的垂线交点""确定圆心的方法"
PHYSICS,0135,128,第十一章 磁场 / 第2节（续）/ 考点3 带电粒子在匀强磁场中的运动,"用""入射方向垂线与入射出射连线中垂线的交点""确定圆心的方法"
PHYSICS,0135,128,第十一章 磁场 / 第2节（续）/ 考点3 带电粒子在匀强磁场中的运动,由几何知识（勾股定理、三角函数、弦切角定理）求半径
PHYSICS,0135,128,第十一章 磁场 / 第2节（续）/ 考点3 带电粒子在匀强磁场中的运动,由磁场宽度与轨迹水平长度求半径 $R=(L^2+d^2)/(2d)$ 与 $R=L/\sin\theta$
PHYSICS,0135,128,第十一章 磁场 / 第2节（续）/ 考点3 带电粒子在匀强磁场中的运动,用圆心角求时间 $t=\theta T/(2\pi)$ 与用弧长求时间 $t=\theta R/v$
PHYSICS,0135,128,第十一章 磁场 / 第2节（续）/ 考点3 带电粒子在匀强磁场中的运动,速度偏转角等于圆心角；圆心角与弦切角的关系
PHYSICS,0136,129,第十一章 磁场 / 第2节（续）/ 方法提升：匀速圆周运动问题的解题思路,带电粒子在匀强磁场中做匀速圆周运动问题的解题思路
PHYSICS,0136,129,第十一章 磁场 / 第2节（续）/ 方法提升：匀速圆周运动问题的解题思路,定圆心、求半径、算时间的三步分析框架
PHYSICS,0136,129,第十一章 磁场 / 第2节（续）/ 方法提升：匀速圆周运动问题的解题思路,由圆心角计算时间 $t=\frac{\theta}{2\pi}T=\frac{\theta m}{qB}$
PHYSICS,0136,129,第十一章 磁场 / 第2节（续）/ 方法提升：匀速圆周运动问题的解题思路,圆心角与速度偏转角、弦切角的关系
PHYSICS,0136,129,第十一章 磁场 / 第2节（续）/ 方法提升：匀速圆周运动问题的解题思路,粒子源向各方向发射粒子时的临界与边界分析方法
PHYSICS,0137,130,第十一章 磁场 / 微专题21 带电粒子在有界匀强磁场中的运动,直线边界的对称性结论
PHYSICS,0137,130,第十一章 磁场 / 微专题21 带电粒子在有界匀强磁场中的运动,平行边界的临界条件
PHYSICS,0137,130,第十一章 磁场 / 微专题21 带电粒子在有界匀强磁场中的运动,"圆形边界的""沿径向射入必沿径向射出""结论"
PHYSICS,0137,130,第十一章 磁场 / 微专题21 带电粒子在有界匀强磁场中的运动,圆形边界的等角进出规律
PHYSICS,0137,130,第十一章 磁场 / 微专题21 带电粒子在有界匀强磁场中的运动,多边形/角形边界的两点把握
PHYSICS,0137,130,第十一章 磁场 / 微专题21 带电粒子在有界匀强磁场中的运动,角形边界的临界判据
PHYSICS,0138,131,第十一章 磁场 / 微专题21（续）/ 题型2 带电粒子在有界匀强磁场中运动的多解问题,有界磁场问题的四类多解原因
PHYSICS,0138,131,第十一章 磁场 / 微专题21（续）/ 题型2 带电粒子在有界匀强磁场中运动的多解问题,带电粒子电性不同导致轨迹方向不同
PHYSICS,0138,131,第十一章 磁场 / 微专题21（续）/ 题型2 带电粒子在有界匀强磁场中运动的多解问题,磁场方向不同导致偏转方向相反
PHYSICS,0138,131,第十一章 磁场 / 微专题21（续）/ 题型2 带电粒子在有界匀强磁场中运动的多解问题,临界状态不唯一导致的多解
PHYSICS,0138,131,第十一章 磁场 / 微专题21（续）/ 题型2 带电粒子在有界匀强磁场中运动的多解问题,电场与磁场相接空间中粒子做周期性运动导致的多解
PHYSICS,0138,131,第十一章 磁场 / 微专题21（续）/ 题型2 带电粒子在有界匀强磁场中运动的多解问题,求解有界磁场多解问题的技巧
PHYSICS,0139,132,第十一章 磁场 / 微专题22 磁场中的动态圆模型,"""放缩圆""模型的适用条件（速度方向一定、大小不同）与规律"
PHYSICS,0139,132,第十一章 磁场 / 微专题22 磁场中的动态圆模型,"""放缩圆""的应用方法"
PHYSICS,0139,132,第十一章 磁场 / 微专题22 磁场中的动态圆模型,"""旋转圆""模型的适用条件（速度大小一定、方向不同）与规律"
PHYSICS,0139,132,第十一章 磁场 / 微专题22 磁场中的动态圆模型,"""旋转圆""的应用方法"
PHYSICS,0139,132,第十一章 磁场 / 微专题22 磁场中的动态圆模型,"""平移圆""模型的适用条件（速率与方向相同、入射点不同但在同一直线上）与规律"
PHYSICS,0139,132,第十一章 磁场 / 微专题22 磁场中的动态圆模型,"""平移圆""的应用方法"
PHYSICS,0139,132,第十一章 磁场 / 微专题22 磁场中的动态圆模型,三类动态圆模型在相同量、不同量与几何操作上的对照
PHYSICS,0140,133,第十一章 磁场 / 微专题22（续）/ 临界极值结论、题型2 磁聚焦和磁发散模型,刚好穿出磁场边界的临界条件
PHYSICS,0140,133,第十一章 磁场 / 微专题22（续）/ 临界极值结论、题型2 磁聚焦和磁发散模型,速度一定时运动时间与弧长（弦长）、圆心角的关系
PHYSICS,0140,133,第十一章 磁场 / 微专题22（续）/ 临界极值结论、题型2 磁聚焦和磁发散模型,速率变化时运动时间由圆心角决定
PHYSICS,0140,133,第十一章 磁场 / 微专题22（续）/ 临界极值结论、题型2 磁聚焦和磁发散模型,"圆形磁场中""轨迹圆半径大于磁场圆半径且入射出射点在同一径两端""时圆心角最大、时间最长"
PHYSICS,0140,133,第十一章 磁场 / 微专题22（续）/ 临界极值结论、题型2 磁聚焦和磁发散模型,"""磁聚焦""模型的现象、条件（轨迹圆半径等于磁场圆半径）与菱形证明"
PHYSICS,0140,133,第十一章 磁场 / 微专题22（续）/ 临界极值结论、题型2 磁聚焦和磁发散模型,"""磁发散""模型的现象、条件与菱形证明"
PHYSICS,0140,133,第十一章 磁场 / 微专题22（续）/ 临界极值结论、题型2 磁聚焦和磁发散模型,磁聚焦与磁发散的对偶关系
PHYSICS,0141,134,第十一章 磁场 / 微专题23 洛伦兹力与现代科技,速度选择器的原理与选择条件 $v_0=E/B$
PHYSICS,0141,134,第十一章 磁场 / 微专题23 洛伦兹力与现代科技,磁流体发电机的原理（洛伦兹力偏转使极板带电）与稳定条件 $U=v_0Bd$
PHYSICS,0141,134,第十一章 磁场 / 微专题23 洛伦兹力与现代科技,电磁流量计的原理与流量公式 $Q=\pi dU/(4B)$
PHYSICS,0141,134,第十一章 磁场 / 微专题23 洛伦兹力与现代科技,霍尔效应的定义
PHYSICS,0141,134,第十一章 磁场 / 微专题23 洛伦兹力与现代科技,霍尔元件的电压公式 $U_H=kIB/d$ 与霍尔系数 $k=1/(nq)$
PHYSICS,0141,134,第十一章 磁场 / 微专题23 洛伦兹力与现代科技,由霍尔电压极性判断载流子类型
PHYSICS,0142,135,第十一章 磁场 / 微专题23（续）/ 题型2 回旋加速器、题型3 质谱仪,回旋加速器的构造
PHYSICS,0142,135,第十一章 磁场 / 微专题23（续）/ 题型2 回旋加速器、题型3 质谱仪,回旋加速器的工作原理
PHYSICS,0142,135,第十一章 磁场 / 微专题23（续）/ 题型2 回旋加速器、题型3 质谱仪,回旋加速器的最大动能公式 $E_{km}=q^2B^2R^2/(2m)$
PHYSICS,0142,135,第十一章 磁场 / 微专题23（续）/ 题型2 回旋加速器、题型3 质谱仪,回旋加速器的加速次数 $n=E_{km}/(qU)$ 与在磁场中运动的总时间 $t=\pi BR^2/(2U)$
PHYSICS,0142,135,第十一章 磁场 / 微专题23（续）/ 题型2 回旋加速器、题型3 质谱仪,质谱仪的物理分析
PHYSICS,0142,135,第十一章 磁场 / 微专题23（续）/ 题型2 回旋加速器、题型3 质谱仪,质谱仪中的半径公式 $r=\frac{1}{B}\sqrt{2mU/q}$ 与比荷公式 $q/m=2U/(B^2r^2)$
PHYSICS,0142,135,第十一章 磁场 / 微专题23（续）/ 题型2 回旋加速器、题型3 质谱仪,质谱仪按偏转半径区分不同比荷粒子的原理
PHYSICS,0143,136,第十一章 磁场 / 微专题24 带电粒子在组合场中的运动,组合场的定义
PHYSICS,0143,136,第十一章 磁场 / 微专题24 带电粒子在组合场中的运动,组合场问题的分析思路
PHYSICS,0143,136,第十一章 磁场 / 微专题24 带电粒子在组合场中的运动,电场中两类运动的求解方法
PHYSICS,0143,136,第十一章 磁场 / 微专题24 带电粒子在组合场中的运动,磁场中两类运动的求解方法
PHYSICS,0143,136,第十一章 磁场 / 微专题24 带电粒子在组合场中的运动,磁场与磁场组合的实质
PHYSICS,0143,136,第十一章 磁场 / 微专题24 带电粒子在组合场中的运动,两段圆弧衔接点与两圆心共线的几何特点
PHYSICS,0143,136,第十一章 磁场 / 微专题24 带电粒子在组合场中的运动,电场与磁场组合的四类衔接情形
PHYSICS,0144,137,第十一章 磁场 / 微专题24（续）/ 题型3 应用正则动量解决组合场问题,动量定理在洛伦兹力场景中的应用
PHYSICS,0144,137,第十一章 磁场 / 微专题24（续）/ 题型3 应用正则动量解决组合场问题,正则动量关系的推导与结论
PHYSICS,0144,137,第十一章 磁场 / 微专题24（续）/ 题型3 应用正则动量解决组合场问题,位移与速度分量的交叉对应关系
PHYSICS,0144,137,第十一章 磁场 / 微专题24（续）/ 题型3 应用正则动量解决组合场问题,正则动量方法的适用情形
PHYSICS,0144,137,第十一章 磁场 / 微专题24（续）/ 题型3 应用正则动量解决组合场问题,用正则动量绕开轨迹形状分析问题的思想方法与求解速度分量的技巧
PHYSICS,0145,138,第十一章 磁场 / 微专题25 带电粒子在叠加场中的运动,叠加场的定义
PHYSICS,0145,138,第十一章 磁场 / 微专题25 带电粒子在叠加场中的运动,三种场在力的特点上的对比
PHYSICS,0145,138,第十一章 磁场 / 微专题25 带电粒子在叠加场中的运动,三种场在功与能上的对比
PHYSICS,0145,138,第十一章 磁场 / 微专题25 带电粒子在叠加场中的运动,叠加场中的五种运动形式
PHYSICS,0145,138,第十一章 磁场 / 微专题25 带电粒子在叠加场中的运动,匀速直线运动的条件
PHYSICS,0145,138,第十一章 磁场 / 微专题25 带电粒子在叠加场中的运动,匀变速直线运动的条件
PHYSICS,0145,138,第十一章 磁场 / 微专题25 带电粒子在叠加场中的运动,匀速圆周运动的条件
PHYSICS,0145,138,第十一章 磁场 / 微专题25 带电粒子在叠加场中的运动,类平抛运动的条件
PHYSICS,0146,139,第十一章 磁场 / 微专题25（续）/ 方法提升：配速法,配速法的三种常见情形
PHYSICS,0146,139,第十一章 磁场 / 微专题25（续）/ 方法提升：配速法,配速法的处理方法
PHYSICS,0146,139,第十一章 磁场 / 微专题25（续）/ 方法提升：配速法,配速法的物理图像
PHYSICS,0146,139,第十一章 磁场 / 微专题25（续）/ 方法提升：配速法,漂移速度的计算 $v_d=F_恒/(qB)$
PHYSICS,0146,139,第十一章 磁场 / 微专题25（续）/ 方法提升：配速法,摆线运动的最大速度与离出发点最大高度的判断方法
PHYSICS,0146,139,第十一章 磁场 / 微专题25（续）/ 方法提升：配速法,带电小球在电、磁场叠加场中做匀速圆周运动的临界几何分析
PHYSICS,0147,140,第十一章 磁场 / 微专题26 带电粒子在交变电磁场、空间电磁场中的运动,交变电磁场的三种类型
PHYSICS,0147,140,第十一章 磁场 / 微专题26 带电粒子在交变电磁场、空间电磁场中的运动,交变电磁场问题的基本分析思路
PHYSICS,0147,140,第十一章 磁场 / 微专题26 带电粒子在交变电磁场、空间电磁场中的运动,按时间段切分并逐段判断运动形式的方法
PHYSICS,0147,140,第十一章 磁场 / 微专题26 带电粒子在交变电磁场、空间电磁场中的运动,用衔接点的速度与位置建立前后两段联系的方法
PHYSICS,0147,140,第十一章 磁场 / 微专题26 带电粒子在交变电磁场、空间电磁场中的运动,带电粒子在电场中加速后进入磁场的组合分析
PHYSICS,0148,141,第十一章 磁场 / 微专题26（续）/ 题型2 带电粒子在空间电磁场中的等距螺旋线运动,带电粒子速度与磁场方向不垂直时的运动分析
PHYSICS,0148,141,第十一章 磁场 / 微专题26（续）/ 题型2 带电粒子在空间电磁场中的等距螺旋线运动,洛伦兹力只由垂直分量决定 $F_洛=qv_\perp B$
PHYSICS,0148,141,第十一章 磁场 / 微专题26（续）/ 题型2 带电粒子在空间电磁场中的等距螺旋线运动,垂直分运动为匀速圆周运动，其半径 $R=mv_\perp/(qB)=mv_0\cos\theta/(qB)$
PHYSICS,0148,141,第十一章 磁场 / 微专题26（续）/ 题型2 带电粒子在空间电磁场中的等距螺旋线运动,平行分运动为匀速直线运动
PHYSICS,0148,141,第十一章 磁场 / 微专题26（续）/ 题型2 带电粒子在空间电磁场中的等距螺旋线运动,等距螺旋线运动的概念与螺距公式 $y=v_\parallel T=2\pi mv_0\sin\theta/(qB)$
PHYSICS,0148,141,第十一章 磁场 / 微专题26（续）/ 题型2 带电粒子在空间电磁场中的等距螺旋线运动,圆周运动周期 $T=2\pi m/(qB)$ 与速度无关
PHYSICS,0148,141,第十一章 磁场 / 微专题26（续）/ 题型2 带电粒子在空间电磁场中的等距螺旋线运动,"用""运动独立性""分解处理螺旋线问题的方法"
PHYSICS,0149,142,第十一章 磁场 / 微专题26（续）/ 题型3 带电粒子在空间电磁场中偏转运动,立体空间电磁场问题的基本分析思路
PHYSICS,0149,142,第十一章 磁场 / 微专题26（续）/ 题型3 带电粒子在空间电磁场中偏转运动,将立体运动分解为两个互相垂直平面内运动的方法
PHYSICS,0149,142,第十一章 磁场 / 微专题26（续）/ 题型3 带电粒子在空间电磁场中偏转运动,速度与磁场成夹角时的分解法
PHYSICS,0149,142,第十一章 磁场 / 微专题26（续）/ 题型3 带电粒子在空间电磁场中偏转运动,螺旋线的直径由垂直分量决定 $D=2mv_0\sin\alpha/(qB)$、螺距由平行分量决定 $\Delta x=v_0\cos\alpha\cdot T$
PHYSICS,0149,142,第十一章 磁场 / 微专题26（续）/ 题型3 带电粒子在空间电磁场中偏转运动,两个分运动具有等时性
PHYSICS,0149,142,第十一章 磁场 / 微专题26（续）/ 题型3 带电粒子在空间电磁场中偏转运动,带电粒子经电场加速或偏转后进入磁场的空间组合问题分析
PHYSICS,0150,143,第十二章 电磁感应 / 第1节 电磁感应现象 楞次定律 实验：探究影响感应电流方向的因素,磁通量的公式 $\Phi=BS$（$S$ 为垂直于 $B$ 的投影面积）、标量性与单位 Wb
PHYSICS,0150,143,第十二章 电磁感应 / 第1节 电磁感应现象 楞次定律 实验：探究影响感应电流方向的因素,磁通量的物理意义
PHYSICS,0150,143,第十二章 电磁感应 / 第1节 电磁感应现象 楞次定律 实验：探究影响感应电流方向的因素,产生感应电流的条件
PHYSICS,0150,143,第十二章 电磁感应 / 第1节 电磁感应现象 楞次定律 实验：探究影响感应电流方向的因素,回路不闭合时只有感应电动势而无感应电流
PHYSICS,0150,143,第十二章 电磁感应 / 第1节 电磁感应现象 楞次定律 实验：探究影响感应电流方向的因素,楞次定律的内容
PHYSICS,0150,143,第十二章 电磁感应 / 第1节 电磁感应现象 楞次定律 实验：探究影响感应电流方向的因素,"对""阻碍""的四个层次理解"
PHYSICS,0150,143,第十二章 电磁感应 / 第1节 电磁感应现象 楞次定律 实验：探究影响感应电流方向的因素,"""增反减同""的推论"
PHYSICS,0150,143,第十二章 电磁感应 / 第1节 电磁感应现象 楞次定律 实验：探究影响感应电流方向的因素,"""来拒去留""的推论"
PHYSICS,0150,143,第十二章 电磁感应 / 第1节 电磁感应现象 楞次定律 实验：探究影响感应电流方向的因素,"""增缩减扩""的推论"
PHYSICS,0150,143,第十二章 电磁感应 / 第1节 电磁感应现象 楞次定律 实验：探究影响感应电流方向的因素,右手定则的内容与适用情况
PHYSICS,0151,144,第十二章 电磁感应 / 第1节（续）/ 三定则一定律辨析、考点3 实验,三个定则与一个定律的辨析
PHYSICS,0151,144,第十二章 电磁感应 / 第1节（续）/ 三定则一定律辨析、考点3 实验,各定则的适用现象与因果关系对应
PHYSICS,0151,144,第十二章 电磁感应 / 第1节（续）/ 三定则一定律辨析、考点3 实验,"""四步法""判断感应电流方向"
PHYSICS,0151,144,第十二章 电磁感应 / 第1节（续）/ 三定则一定律辨析、考点3 实验,探究影响感应电流方向因素的实验器材与作用
PHYSICS,0151,144,第十二章 电磁感应 / 第1节（续）/ 三定则一定律辨析、考点3 实验,条形磁体插入/拔出的四种情形下感应电流方向与感应电流磁场方向的实验结论
PHYSICS,0151,144,第十二章 电磁感应 / 第1节（续）/ 三定则一定律辨析、考点3 实验,"实验结论与""增反减同""的一致性"
PHYSICS,0151,144,第十二章 电磁感应 / 第1节（续）/ 三定则一定律辨析、考点3 实验,涡电流的产生与左右两部分涡电流的相互作用
PHYSICS,0151,144,第十二章 电磁感应 / 第1节（续）/ 三定则一定律辨析、考点3 实验,"安培定则与左手定则联合分析""运动 → 电流 → 受力 → 运动""的链式问题"
PHYSICS,0152,145,第十二章 电磁感应 / 第2节 法拉第电磁感应定律 自感和涡流 / 考点1、考点2,感应电动势的产生条件
PHYSICS,0152,145,第十二章 电磁感应 / 第2节 法拉第电磁感应定律 自感和涡流 / 考点1、考点2,产生感应电动势的导体相当于电源
PHYSICS,0152,145,第十二章 电磁感应 / 第2节 法拉第电磁感应定律 自感和涡流 / 考点1、考点2,法拉第电磁感应定律的内容
PHYSICS,0152,145,第十二章 电磁感应 / 第2节 法拉第电磁感应定律 自感和涡流 / 考点1、考点2,单匝与 $n$ 匝线圈的感应电动势表达式 $E=\Delta\Phi/\Delta t$、$E=n\Delta\Phi/\Delta t$
PHYSICS,0152,145,第十二章 电磁感应 / 第2节 法拉第电磁感应定律 自感和涡流 / 考点1、考点2,应用 $E=n\Delta\Phi/\Delta t$ 的三种思路
PHYSICS,0152,145,第十二章 电磁感应 / 第2节 法拉第电磁感应定律 自感和涡流 / 考点1、考点2,变化率与变化量的区别
PHYSICS,0152,145,第十二章 电磁感应 / 第2节 法拉第电磁感应定律 自感和涡流 / 考点1、考点2,导体垂直切割磁感线的电动势 $E=Blv$
PHYSICS,0152,145,第十二章 电磁感应 / 第2节 法拉第电磁感应定律 自感和涡流 / 考点1、考点2,导体不垂直切割时的电动势 $E=Blv\sin\theta$
PHYSICS,0152,145,第十二章 电磁感应 / 第2节 法拉第电磁感应定律 自感和涡流 / 考点1、考点2,$E=Blv$ 的五个特性
PHYSICS,0152,145,第十二章 电磁感应 / 第2节 法拉第电磁感应定律 自感和涡流 / 考点1、考点2,有效长度的含义
PHYSICS,0152,145,第十二章 电磁感应 / 第2节 法拉第电磁感应定律 自感和涡流 / 考点1、考点2,导体棒绕一端转动切割的感应电动势 $E=\frac{1}{2}Bl^2\omega$
PHYSICS,0153,146,第十二章 电磁感应 / 第2节（续）/ 考点3 自感现象,互感现象的定义（一个线圈电流变化使其变化磁场在另一线圈中产生感应电动势）与互感电动势
PHYSICS,0153,146,第十二章 电磁感应 / 第2节（续）/ 考点3 自感现象,自感现象的定义
PHYSICS,0153,146,第十二章 电磁感应 / 第2节（续）/ 考点3 自感现象,自感电动势的表达式 $E=L\Delta I/\Delta t$
PHYSICS,0153,146,第十二章 电磁感应 / 第2节（续）/ 考点3 自感现象,自感系数 $L$ 的影响因素
PHYSICS,0153,146,第十二章 电磁感应 / 第2节（续）/ 考点3 自感现象,通电自感的现象
PHYSICS,0153,146,第十二章 电磁感应 / 第2节（续）/ 考点3 自感现象,通电自感实验的器材要求
PHYSICS,0153,146,第十二章 电磁感应 / 第2节（续）/ 考点3 自感现象,断电自感的现象
PHYSICS,0153,146,第十二章 电磁感应 / 第2节（续）/ 考点3 自感现象,断电自感实验的器材要求
PHYSICS,0153,146,第十二章 电磁感应 / 第2节（续）/ 考点3 自感现象,自感电动势总是阻碍原电流的变化
PHYSICS,0153,146,第十二章 电磁感应 / 第2节（续）/ 考点3 自感现象,判断灯泡是否闪亮的方法
PHYSICS,0154,147,第十二章 电磁感应 / 第2节（续）/ 自感判断技巧、考点4 涡流 电磁阻尼和电磁驱动,通电时自感电动势的方向与作用
PHYSICS,0154,147,第十二章 电磁感应 / 第2节（续）/ 自感判断技巧、考点4 涡流 电磁阻尼和电磁驱动,断电时自感电动势的方向与作用
PHYSICS,0154,147,第十二章 电磁感应 / 第2节（续）/ 自感判断技巧、考点4 涡流 电磁阻尼和电磁驱动,电流稳定时线圈的等效处理
PHYSICS,0154,147,第十二章 电磁感应 / 第2节（续）/ 自感判断技巧、考点4 涡流 电磁阻尼和电磁驱动,涡流的产生
PHYSICS,0154,147,第十二章 电磁感应 / 第2节（续）/ 自感判断技巧、考点4 涡流 电磁阻尼和电磁驱动,涡流的特点
PHYSICS,0154,147,第十二章 电磁感应 / 第2节（续）/ 自感判断技巧、考点4 涡流 电磁阻尼和电磁驱动,涡流的应用
PHYSICS,0154,147,第十二章 电磁感应 / 第2节（续）/ 自感判断技巧、考点4 涡流 电磁阻尼和电磁驱动,涡流的防止措施
PHYSICS,0154,147,第十二章 电磁感应 / 第2节（续）/ 自感判断技巧、考点4 涡流 电磁阻尼和电磁驱动,电磁阻尼的成因、效果与能量转化
PHYSICS,0154,147,第十二章 电磁感应 / 第2节（续）/ 自感判断技巧、考点4 涡流 电磁阻尼和电磁驱动,电磁驱动的成因、效果与能量转化
PHYSICS,0154,147,第十二章 电磁感应 / 第2节（续）/ 自感判断技巧、考点4 涡流 电磁阻尼和电磁驱动,相对运动下感应电动势与安培力的计算（$E=NBL(v-v')$；$F=\frac{2N^2B^2L^2(v-v')}{R}$）与最大速度条件
PHYSICS,0155,148,第十二章 电磁感应 / 微专题27 电磁感应中的电路和图像问题 / 题型1 电路问题,电磁感应电路问题的分析流程
PHYSICS,0155,148,第十二章 电磁感应 / 微专题27 电磁感应中的电路和图像问题 / 题型1 电路问题,电源的确定
PHYSICS,0155,148,第十二章 电磁感应 / 微专题27 电磁感应中的电路和图像问题 / 题型1 电路问题,电动势大小的三种计算式
PHYSICS,0155,148,第十二章 电磁感应 / 微专题27 电磁感应中的电路和图像问题 / 题型1 电路问题,电动势方向的判断
PHYSICS,0155,148,第十二章 电磁感应 / 微专题27 电磁感应中的电路和图像问题 / 题型1 电路问题,画等效电路图的方法
PHYSICS,0155,148,第十二章 电磁感应 / 微专题27 电磁感应中的电路和图像问题 / 题型1 电路问题,闭合电路欧姆定律在电磁感应问题中的应用 $I=E/(R_外+r)$
PHYSICS,0155,148,第十二章 电磁感应 / 微专题27 电磁感应中的电路和图像问题 / 题型1 电路问题,路端电压与电动势的区别
PHYSICS,0155,148,第十二章 电磁感应 / 微专题27 电磁感应中的电路和图像问题 / 题型1 电路问题,电磁感应中的电功与电热计算
PHYSICS,0155,148,第十二章 电磁感应 / 微专题27 电磁感应中的电路和图像问题 / 题型1 电路问题,通过导体横截面电荷量的计算 $q=It=n\Delta\Phi/R_总$
PHYSICS,0155,148,第十二章 电磁感应 / 微专题27 电磁感应中的电路和图像问题 / 题型1 电路问题,感生电动势与动生电动势共存的综合分析
PHYSICS,0156,149,第十二章 电磁感应 / 微专题27（续）/ 题型2 电磁感应中的图像问题,电磁感应图像的两大类型
PHYSICS,0156,149,第十二章 电磁感应 / 微专题27（续）/ 题型2 电磁感应中的图像问题,电磁感应图像问题的三类问题形式
PHYSICS,0156,149,第十二章 电磁感应 / 微专题27（续）/ 题型2 电磁感应中的图像问题,判断方向所用规律
PHYSICS,0156,149,第十二章 电磁感应 / 微专题27（续）/ 题型2 电磁感应中的图像问题,计算大小所用规律
PHYSICS,0156,149,第十二章 电磁感应 / 微专题27（续）/ 题型2 电磁感应中的图像问题,排除法的要点
PHYSICS,0156,149,第十二章 电磁感应 / 微专题27（续）/ 题型2 电磁感应中的图像问题,函数法的要点
PHYSICS,0156,149,第十二章 电磁感应 / 微专题27（续）/ 题型2 电磁感应中的图像问题,图像问题的一般解题步骤
PHYSICS,0157,150,第十二章 电磁感应 / 微专题28 基础单杆模型 / 题型1 具有初速度的单杆模型,有初速度的单杆模型的等效电路
PHYSICS,0157,150,第十二章 电磁感应 / 微专题28 基础单杆模型 / 题型1 具有初速度的单杆模型,单杆模型的图形转换方法
PHYSICS,0157,150,第十二章 电磁感应 / 微专题28 基础单杆模型 / 题型1 具有初速度的单杆模型,安培力表达式 $F_安=B^2L^2v/(R+r)$ 与加速度表达式
PHYSICS,0157,150,第十二章 电磁感应 / 微专题28 基础单杆模型 / 题型1 具有初速度的单杆模型,有摩擦时单杆的运动性质（加速度逐渐减小的减速运动）与 $v$-$t$ 图像特征
PHYSICS,0157,150,第十二章 电磁感应 / 微专题28 基础单杆模型 / 题型1 具有初速度的单杆模型,单杆模型的能量分析
PHYSICS,0157,150,第十二章 电磁感应 / 微专题28 基础单杆模型 / 题型1 具有初速度的单杆模型,电荷量与位移的关系 $q=BLx/(R+r)$
PHYSICS,0157,150,第十二章 电磁感应 / 微专题28 基础单杆模型 / 题型1 具有初速度的单杆模型,用动量定理求时间
PHYSICS,0157,150,第十二章 电磁感应 / 微专题28 基础单杆模型 / 题型1 具有初速度的单杆模型,安培力的冲量公式 $I_安=BLq$
PHYSICS,0158,151,第十二章 电磁感应 / 微专题28（续）/ 题型2 受恒定外力的单杆模型,受恒定外力单杆模型的等效电路与电流表达式
PHYSICS,0158,151,第十二章 电磁感应 / 微专题28（续）/ 题型2 受恒定外力的单杆模型,受恒定外力时加速度表达式 $a=F/m-\mu g-\frac{B^2L^2v}{m(R+r)}$
PHYSICS,0158,151,第十二章 电磁感应 / 微专题28（续）/ 题型2 受恒定外力的单杆模型,受恒定外力时的运动性质（加速度减小的加速运动）与最大速度 $v_m=\frac{(F-\mu mg)(R+r)}{B^2L^2}$
PHYSICS,0158,151,第十二章 电磁感应 / 微专题28（续）/ 题型2 受恒定外力的单杆模型,受恒定外力时的能量守恒 $Fx=\frac{1}{2}mv_m^2+Q+\mu mgx$ 与焦耳热按电阻比例分配
PHYSICS,0158,151,第十二章 电磁感应 / 微专题28（续）/ 题型2 受恒定外力的单杆模型,"受恒定外力时的动量定理（$(F-\mu mg)t-BLq=mv$）与""$q$、$x$、$t$ 知一求二""的分析框架"
PHYSICS,0158,151,第十二章 电磁感应 / 微专题28（续）/ 题型2 受恒定外力的单杆模型,两种单杆模型（有初速度无外力／无初速度有恒力）在加速度、运动性质、最终状态上的对照
PHYSICS,0158,151,第十二章 电磁感应 / 微专题28（续）/ 题型2 受恒定外力的单杆模型,单杆模型的动态分析闭环逻辑
PHYSICS,0159,152,第十二章 电磁感应 / 微专题28（续）/ 三大力学观点选用原则,单杆模型三大观点（牛顿运动定律、动量、能量）的选用原则
PHYSICS,0159,152,第十二章 电磁感应 / 微专题28（续）/ 三大力学观点选用原则,求瞬时状态或全过程力学量变化时用牛顿运动定律
PHYSICS,0159,152,第十二章 电磁感应 / 微专题28（续）/ 三大力学观点选用原则,求位移、时间、电荷量时用动量的观点
PHYSICS,0159,152,第十二章 电磁感应 / 微专题28（续）/ 三大力学观点选用原则,求焦耳热或功能关系时用能量的观点
PHYSICS,0159,152,第十二章 电磁感应 / 微专题28（续）/ 三大力学观点选用原则,求最大速度时用合力为零的平衡条件
PHYSICS,0159,152,第十二章 电磁感应 / 微专题28（续）/ 三大力学观点选用原则,竖直导轨中金属杆在开关闭合前后的运动图像分析
PHYSICS,0159,152,第十二章 电磁感应 / 微专题28（续）/ 三大力学观点选用原则,由运动要求反推外力条件
PHYSICS,0159,152,第十二章 电磁感应 / 微专题28（续）/ 三大力学观点选用原则,金属框在交替磁场中运动的周期性分析
PHYSICS,0160,153,第十二章 电磁感应 / 微专题29 含容含源单杆模型 / 题型1 单杆电源模型,单杆电源模型的等效电路
PHYSICS,0160,153,第十二章 电磁感应 / 微专题29 含容含源单杆模型 / 题型1 单杆电源模型,有源单杆的安培力表达式 $F_安=BL(E-BLv)/(r+R)$
PHYSICS,0160,153,第十二章 电磁感应 / 微专题29 含容含源单杆模型 / 题型1 单杆电源模型,有源单杆的运动过程（加速运动，$v$ 增则安培力减、加速度减）与最大速度 $v_m=E/(BL)$
PHYSICS,0160,153,第十二章 电磁感应 / 微专题29 含容含源单杆模型 / 题型1 单杆电源模型,有源单杆的能量关系
PHYSICS,0160,153,第十二章 电磁感应 / 微专题29 含容含源单杆模型 / 题型1 单杆电源模型,用动量定理求有源单杆的总电荷量 $q=mE/(B^2L^2)$
PHYSICS,0160,153,第十二章 电磁感应 / 微专题29 含容含源单杆模型 / 题型1 单杆电源模型,用动量定理求有源单杆加速过程的位移
PHYSICS,0161,154,第十二章 电磁感应 / 微专题29（续）/ 题型2 单杆电容模型,含容单杆（有初速度无外力）的电流表达式 $I=(BLv-U_C)/R$ 与安培力表达式
PHYSICS,0161,154,第十二章 电磁感应 / 微专题29（续）/ 题型2 单杆电容模型,该情形下杆做加速度减小的减速运动，$BLv=U_C$ 时电流为零并做匀速直线运动
PHYSICS,0161,154,第十二章 电磁感应 / 微专题29（续）/ 题型2 单杆电容模型,该情形的最小速度 $v_{\min}=mv_0/(m+B^2L^2C)$ 及能量转化
PHYSICS,0161,154,第十二章 电磁感应 / 微专题29（续）/ 题型2 单杆电容模型,用动量定理与电荷量关系求含容单杆的稳定速度
PHYSICS,0161,154,第十二章 电磁感应 / 微专题29（续）/ 题型2 单杆电容模型,含容单杆受恒定外力时做匀加速直线运动，$a=F/(m+B^2L^2C)$
PHYSICS,0161,154,第十二章 电磁感应 / 微专题29（续）/ 题型2 单杆电容模型,该情形下的能量关系 $W_F=\frac{1}{2}mv^2+E_C+Q$
PHYSICS,0161,154,第十二章 电磁感应 / 微专题29（续）/ 题型2 单杆电容模型,电容器放电式的电流表达式 $I=(U_C-BLv)/R$ 与运动性质
PHYSICS,0161,154,第十二章 电磁感应 / 微专题29（续）/ 题型2 单杆电容模型,放电式的最终速度 $v_m=BLCE/(m+B^2L^2C)$ 及能量转化
PHYSICS,0161,154,第十二章 电磁感应 / 微专题29（续）/ 题型2 单杆电容模型,含容单杆三种情形在电流、运动性质与最终状态上的对照
PHYSICS,0161,154,第十二章 电磁感应 / 微专题29（续）/ 题型2 单杆电容模型,含容单杆的稳定条件
PHYSICS,0162,155,第十二章 电磁感应 / 微专题30 双杆模型 / 题型1 初始状态有初速度无外力,不等距无外力双杆模型的受力分析
PHYSICS,0162,155,第十二章 电磁感应 / 微专题30 双杆模型 / 题型1 初始状态有初速度无外力,双杆模型的过程分析
PHYSICS,0162,155,第十二章 电磁感应 / 微专题30 双杆模型 / 题型1 初始状态有初速度无外力,双杆系统的稳定条件
PHYSICS,0162,155,第十二章 电磁感应 / 微专题30 双杆模型 / 题型1 初始状态有初速度无外力,不等距双杆稳定时速度不等
PHYSICS,0162,155,第十二章 电磁感应 / 微专题30 双杆模型 / 题型1 初始状态有初速度无外力,双杆模型的动量分析
PHYSICS,0162,155,第十二章 电磁感应 / 微专题30 双杆模型 / 题型1 初始状态有初速度无外力,双杆模型的能量分析
PHYSICS,0162,155,第十二章 电磁感应 / 微专题30 双杆模型 / 题型1 初始状态有初速度无外力,双杆模型的四步分析流程
PHYSICS,0162,155,第十二章 电磁感应 / 微专题30 双杆模型 / 题型1 初始状态有初速度无外力,主动杆作为电源、其电阻作为内阻的电路分析视角
PHYSICS,0163,156,第十二章 电磁感应 / 微专题30（续）/ 题型2 初始状态有外力无初速度,不等距有外力双杆模型的受力分析
PHYSICS,0163,156,第十二章 电磁感应 / 微专题30（续）/ 题型2 初始状态有外力无初速度,该模型的过程分析
PHYSICS,0163,156,第十二章 电磁感应 / 微专题30（续）/ 题型2 初始状态有外力无初速度,不等距有外力双杆的稳定条件 $L_1a_1'=L_2a_2'$
PHYSICS,0163,156,第十二章 电磁感应 / 微专题30（续）/ 题型2 初始状态有外力无初速度,该模型的动量分析
PHYSICS,0163,156,第十二章 电磁感应 / 微专题30（续）/ 题型2 初始状态有外力无初速度,该模型的能量分析
PHYSICS,0163,156,第十二章 电磁感应 / 微专题30（续）/ 题型2 初始状态有外力无初速度,双杆模型动量守恒的适用范围
PHYSICS,0163,156,第十二章 电磁感应 / 微专题30（续）/ 题型2 初始状态有外力无初速度,四种双杆模型的稳定条件对照
PHYSICS,0163,156,第十二章 电磁感应 / 微专题30（续）/ 题型2 初始状态有外力无初速度,"稳定条件与""回路电流恒为零或恒定""的统一理解"
PHYSICS,0164,157,第十二章 电磁感应 / 微专题31 线框模型,线框水平平动切割磁场的加速度
PHYSICS,0164,157,第十二章 电磁感应 / 微专题31 线框模型,线框竖直平动切割磁场的加速度
PHYSICS,0164,157,第十二章 电磁感应 / 微专题31 线框模型,线框斜向平动切割磁场的加速度
PHYSICS,0164,157,第十二章 电磁感应 / 微专题31 线框模型,线框竖直/斜面进入磁场时按重力与安培力的关系分为匀速、加速、减速三种情形
PHYSICS,0164,157,第十二章 电磁感应 / 微专题31 线框模型,线框完全进入磁场后的运动
PHYSICS,0164,157,第十二章 电磁感应 / 微专题31 线框模型,线框进入磁场过程的能量转换
PHYSICS,0164,157,第十二章 电磁感应 / 微专题31 线框模型,线框穿过磁场时通过横截面的电荷量 $q=\Delta\Phi/R=BL^2/R$
PHYSICS,0164,157,第十二章 电磁感应 / 微专题31 线框模型,线框模型的三段式分析
PHYSICS,0165,158,第十二章 电磁感应 / 微专题31（续）/ 线框模型的注意事项与解题导引,线框模型的两条纪律
PHYSICS,0165,158,第十二章 电磁感应 / 微专题31（续）/ 线框模型的注意事项与解题导引,线框过程的三段式分解
PHYSICS,0165,158,第十二章 电磁感应 / 微专题31（续）/ 线框模型的注意事项与解题导引,线框进入与离开磁场时安培力均为阻力，故穿过磁场后速度必然减小
PHYSICS,0165,158,第十二章 电磁感应 / 微专题31（续）/ 线框模型的注意事项与解题导引,两线框进入同一磁场时的比较
PHYSICS,0165,158,第十二章 电磁感应 / 微专题31（续）/ 线框模型的注意事项与解题导引,由 $v$-$t$ 图像分析线框进出磁场过程中的速度变化与临界时刻
PHYSICS,0165,158,第十二章 电磁感应 / 微专题31（续）/ 线框模型的注意事项与解题导引,线框从静止释放穿越磁场时的能量与电势差分析
PHYSICS,0165,158,第十二章 电磁感应 / 微专题31（续）/ 线框模型的注意事项与解题导引,斜面上线框穿越两个磁场区域的运动分析与平均功率计算
PHYSICS,0166,159,第十三章 交变电流 电磁波 / 第1节 交变电流的产生与描述,正弦式交变电流的产生条件
PHYSICS,0166,159,第十三章 交变电流 电磁波 / 第1节 交变电流的产生与描述,线圈平面与中性面重合时的特点
PHYSICS,0166,159,第十三章 交变电流 电磁波 / 第1节 交变电流的产生与描述,线圈平面与中性面垂直时的特点
PHYSICS,0166,159,第十三章 交变电流 电磁波 / 第1节 交变电流的产生与描述,电流方向一个周期内改变两次
PHYSICS,0166,159,第十三章 交变电流 电磁波 / 第1节 交变电流的产生与描述,感应电动势最大值 $E_m=nBS\omega$ 与转轴位置、线圈形状无关
PHYSICS,0166,159,第十三章 交变电流 电磁波 / 第1节 交变电流的产生与描述,从中性面开始计时的变化规律
PHYSICS,0166,159,第十三章 交变电流 电磁波 / 第1节 交变电流的产生与描述,"交变电流""四值""（瞬时值、峰值、平均值、有效值）的物理含义"
PHYSICS,0166,159,第十三章 交变电流 电磁波 / 第1节 交变电流的产生与描述,各值的重要关系式
PHYSICS,0166,159,第十三章 交变电流 电磁波 / 第1节 交变电流的产生与描述,"""四值""的选用原则"
PHYSICS,0167,160,第十三章 交变电流 电磁波 / 第1节（续）/ 非常规交变电流有效值的计算,非常规交变电流有效值的计算方法
PHYSICS,0167,160,第十三章 交变电流 电磁波 / 第1节（续）/ 非常规交变电流有效值的计算,分段计算各段热量并求和得到一个周期的总热量
PHYSICS,0167,160,第十三章 交变电流 电磁波 / 第1节（续）/ 非常规交变电流有效值的计算,用 $Q=I^2Rt$ 与 $Q=U^2t/R$ 反求电流与电压有效值
PHYSICS,0167,160,第十三章 交变电流 电磁波 / 第1节（续）/ 非常规交变电流有效值的计算,正弦（余弦）波形部分可直用 $I_m/\sqrt2$ 的三种情形
PHYSICS,0167,160,第十三章 交变电流 电磁波 / 第1节（续）/ 非常规交变电流有效值的计算,任意一段正弦波形不能直接套用 $I_m/\sqrt2$
PHYSICS,0167,160,第十三章 交变电流 电磁波 / 第1节（续）/ 非常规交变电流有效值的计算,矩形波（方波）的分段热量计算
PHYSICS,0167,160,第十三章 交变电流 电磁波 / 第1节（续）/ 非常规交变电流有效值的计算,半波整流式正弦波形的有效值计算
PHYSICS,0167,160,第十三章 交变电流 电磁波 / 第1节（续）/ 非常规交变电流有效值的计算,有效值计算的通用思路
PHYSICS,0168,161,第十三章 交变电流 电磁波 / 第2节 变压器 远距离输电 / 考点1 实验,探究变压器电压与匝数关系的实验原理与控制变量法
PHYSICS,0168,161,第十三章 交变电流 电磁波 / 第2节 变压器 远距离输电 / 考点1 实验,实验操作步骤
PHYSICS,0168,161,第十三章 交变电流 电磁波 / 第2节 变压器 远距离输电 / 考点1 实验,电表量程的选择要求
PHYSICS,0168,161,第十三章 交变电流 电磁波 / 第2节 变压器 远距离输电 / 考点1 实验,实验结论
PHYSICS,0168,161,第十三章 交变电流 电磁波 / 第2节 变压器 远距离输电 / 考点1 实验,实验注意事项
PHYSICS,0168,161,第十三章 交变电流 电磁波 / 第2节 变压器 远距离输电 / 考点1 实验,实验误差来源
PHYSICS,0168,161,第十三章 交变电流 电磁波 / 第2节 变压器 远距离输电 / 考点1 实验,理想变压器的三个基本特点
PHYSICS,0168,161,第十三章 交变电流 电磁波 / 第2节 变压器 远距离输电 / 考点1 实验,理想变压器的四个基本关系
PHYSICS,0168,161,第十三章 交变电流 电磁波 / 第2节 变压器 远距离输电 / 考点1 实验,多副线圈时电流关系的处理方法
PHYSICS,0168,161,第十三章 交变电流 电磁波 / 第2节 变压器 远距离输电 / 考点1 实验,变压器不改变交变电流的频率
PHYSICS,0169,162,第十三章 交变电流 电磁波 / 第2节（续）/ 考点3 远距离高压输电,远距离输电的电路构成
PHYSICS,0169,162,第十三章 交变电流 电磁波 / 第2节（续）/ 考点3 远距离高压输电,升压变压器与降压变压器的电压、电流、功率关系
PHYSICS,0169,162,第十三章 交变电流 电磁波 / 第2节（续）/ 考点3 远距离高压输电,输送回路中输电线电流与副线圈电流的关系 $I_2=I_3=I_线$
PHYSICS,0169,162,第十三章 交变电流 电磁波 / 第2节（续）/ 考点3 远距离高压输电,远距离输电的能量关系 $P_1=P_损+P_4$
PHYSICS,0169,162,第十三章 交变电流 电磁波 / 第2节（续）/ 考点3 远距离高压输电,电压损失的表达式 $\Delta U=U_2-U_3=I_2R$
PHYSICS,0169,162,第十三章 交变电流 电磁波 / 第2节（续）/ 考点3 远距离高压输电,功率损失的多种表达式 $P_损=I_2^2R=(P_2/U_2)^2R=I_2\Delta U=(\Delta U)^2/R$
PHYSICS,0169,162,第十三章 交变电流 电磁波 / 第2节（续）/ 考点3 远距离高压输电,高压输电的原理
PHYSICS,0169,162,第十三章 交变电流 电磁波 / 第2节（续）/ 考点3 远距离高压输电,含储能站的复杂输电网络分析
PHYSICS,0169,162,第十三章 交变电流 电磁波 / 第2节（续）/ 考点3 远距离高压输电,直流输电与交流配电的转换分析
PHYSICS,0170,163,第十三章 交变电流 电磁波 / 微专题32 含变压器电路的动态分析,理想变压器各量的制约关系
PHYSICS,0170,163,第十三章 交变电流 电磁波 / 微专题32 含变压器电路的动态分析,"变压器动态分析的""因果链"""
PHYSICS,0170,163,第十三章 交变电流 电磁波 / 微专题32 含变压器电路的动态分析,匝数比不变、负载变化时的动态分析
PHYSICS,0170,163,第十三章 交变电流 电磁波 / 微专题32 含变压器电路的动态分析,负载不变、匝数比变化时的动态分析
PHYSICS,0170,163,第十三章 交变电流 电磁波 / 微专题32 含变压器电路的动态分析,含变压器电路动态分析的一般思路
PHYSICS,0170,163,第十三章 交变电流 电磁波 / 微专题32 含变压器电路的动态分析,"变压器动态分析""先副后原""的顺序要求"
PHYSICS,0171,164,第十三章 交变电流 电磁波 / 微专题32（续）/ 等效电阻法与等效电源法,等效电阻法的建立
PHYSICS,0171,164,第十三章 交变电流 电磁波 / 微专题32（续）/ 等效电阻法与等效电源法,等效电阻法中的比例关系
PHYSICS,0171,164,第十三章 交变电流 电磁波 / 微专题32（续）/ 等效电阻法与等效电源法,多副线圈变压器各线圈的等效电阻 $R_k'=\frac{n_1^2}{n_k^2}R_k$
PHYSICS,0171,164,第十三章 交变电流 电磁波 / 微专题32（续）/ 等效电阻法与等效电源法,等效电源法的思路
PHYSICS,0171,164,第十三章 交变电流 电磁波 / 微专题32（续）/ 等效电阻法与等效电源法,等效电源法的结论 $E'=\frac{U}{k}$、$r'=\frac{R_0}{k^2}$
PHYSICS,0171,164,第十三章 交变电流 电磁波 / 微专题32（续）/ 等效电阻法与等效电源法,两种等效法的适用场景
PHYSICS,0171,164,第十三章 交变电流 电磁波 / 微专题32（续）/ 等效电阻法与等效电源法,含变压器输电线路中增加用户数或改变匝数比时的动态分析
PHYSICS,0172,165,第十三章 交变电流 电磁波 / 第3节 电磁振荡与电磁波,电磁振荡中放电过程与充电过程的量变规律
PHYSICS,0172,165,第十三章 交变电流 电磁波 / 第3节 电磁振荡与电磁波,充电过程的量变规律
PHYSICS,0172,165,第十三章 交变电流 电磁波 / 第3节 电磁振荡与电磁波,电磁振荡的周期（频率）公式 $T=2\pi\sqrt{LC}$
PHYSICS,0172,165,第十三章 交变电流 电磁波 / 第3节 电磁振荡与电磁波,$i$-$t$ 与 $q$-$t$ 图像的相位关系
PHYSICS,0172,165,第十三章 交变电流 电磁波 / 第3节 电磁振荡与电磁波,电学量（$U$、$E$、$E_电$）对应 $q$-$t$ 图像；磁学量（$B$、$E_磁$）对应 $i$-$t$ 图像
PHYSICS,0172,165,第十三章 交变电流 电磁波 / 第3节 电磁振荡与电磁波,麦克斯韦电磁场理论
PHYSICS,0172,165,第十三章 交变电流 电磁波 / 第3节 电磁振荡与电磁波,三种变化情形对应关系
PHYSICS,0172,165,第十三章 交变电流 电磁波 / 第3节 电磁振荡与电磁波,电磁波的形成（变化的电磁场由近及远传播）与横波性质
PHYSICS,0172,165,第十三章 交变电流 电磁波 / 第3节 电磁振荡与电磁波,电磁波传播不需要介质、真空中各频率速度相同
PHYSICS,0172,165,第十三章 交变电流 电磁波 / 第3节 电磁振荡与电磁波,介质中电磁波波速与频率的关系（频率越高，波速越小）及 $v=\lambda f$
PHYSICS,0172,165,第十三章 交变电流 电磁波 / 第3节 电磁振荡与电磁波,$LC$ 振荡电路充放电的三种判断方法
PHYSICS,0173,166,第十四章 光 / 第1节 光的折射 全反射,折射定律的内容与表达式 $\sin\theta_1/\sin\theta_2=n_{12}$
PHYSICS,0173,166,第十四章 光 / 第1节 光的折射 全反射,光的折射与反射同时发生
PHYSICS,0173,166,第十四章 光 / 第1节 光的折射 全反射,折射率的定义式 $n=\sin\theta_1/\sin\theta_2$
PHYSICS,0173,166,第十四章 光 / 第1节 光的折射 全反射,折射率与光速的关系式 $n=c/v$ 及 $n>1$
PHYSICS,0173,166,第十四章 光 / 第1节 光的折射 全反射,折射率与光的频率的关系
PHYSICS,0173,166,第十四章 光 / 第1节 光的折射 全反射,同一种光在不同介质中频率不变
PHYSICS,0173,166,第十四章 光 / 第1节 光的折射 全反射,解决光的折射问题的常规思路
PHYSICS,0173,166,第十四章 光 / 第1节 光的折射 全反射,入射角与折射角都是光线与法线的夹角
PHYSICS,0173,166,第十四章 光 / 第1节 光的折射 全反射,光路的可逆性及其在作图与分析中的应用
PHYSICS,0173,166,第十四章 光 / 第1节 光的折射 全反射,视深问题（从正上方观察，视深约为实际深度的 $1/n$）与光在水中传播最短时间的分析
PHYSICS,0174,167,第十四章 光 / 第1节（续）/ 考点2 全反射,全反射现象的定义
PHYSICS,0174,167,第十四章 光 / 第1节（续）/ 考点2 全反射,光密介质与光疏介质的判别
PHYSICS,0174,167,第十四章 光 / 第1节（续）/ 考点2 全反射,全反射过程中能量的变化
PHYSICS,0174,167,第十四章 光 / 第1节（续）/ 考点2 全反射,临界角的定义（折射角为 90° 时的入射角）与公式 $\sin C=1/n$
PHYSICS,0174,167,第十四章 光 / 第1节（续）/ 考点2 全反射,发生全反射的两个条件
PHYSICS,0174,167,第十四章 光 / 第1节（续）/ 考点2 全反射,全反射的应用
PHYSICS,0174,167,第十四章 光 / 第1节（续）/ 考点2 全反射,不同频率的光在同一介质中折射率不同（蓝光折射率大于黄光）与全反射临界角的关系
PHYSICS,0174,167,第十四章 光 / 第1节（续）/ 考点2 全反射,平行光射入球面时能否射出的临界分析与挡光面积的计算
PHYSICS,0175,168,第十四章 光 / 第2节 光的波动性 / 考点1 光的干涉现象,光的干涉现象
PHYSICS,0175,168,第十四章 光 / 第2节 光的波动性 / 考点1 光的干涉现象,光的干涉条件
PHYSICS,0175,168,第十四章 光 / 第2节 光的波动性 / 考点1 光的干涉现象,相干光源的获得方法
PHYSICS,0175,168,第十四章 光 / 第2节 光的波动性 / 考点1 光的干涉现象,双缝干涉的亮纹条件 $\Delta r=n\lambda$
PHYSICS,0175,168,第十四章 光 / 第2节 光的波动性 / 考点1 光的干涉现象,双缝干涉的暗纹条件 $\Delta r=(2n+1)\lambda/2$
PHYSICS,0175,168,第十四章 光 / 第2节 光的波动性 / 考点1 光的干涉现象,双缝干涉条纹间距公式 $\Delta x=l\lambda/d$ 及各量对其影响
PHYSICS,0175,168,第十四章 光 / 第2节 光的波动性 / 考点1 光的干涉现象,由条纹间距测量光波波长的原理
PHYSICS,0175,168,第十四章 光 / 第2节 光的波动性 / 考点1 光的干涉现象,薄膜干涉的形成原因
PHYSICS,0175,168,第十四章 光 / 第2节 光的波动性 / 考点1 光的干涉现象,薄膜干涉的应用
PHYSICS,0175,168,第十四章 光 / 第2节 光的波动性 / 考点1 光的干涉现象,用楔形空气膜测金属丝直径的原理
PHYSICS,0176,169,第十四章 光 / 第2节（续）/ 斜劈薄膜干涉、考点2 光的衍射和偏振,斜劈薄膜干涉的条纹间距公式 $\Delta x=\lambda/(2\tan\theta)$ 及其推导
PHYSICS,0176,169,第十四章 光 / 第2节（续）/ 斜劈薄膜干涉、考点2 光的衍射和偏振,斜劈越陡条纹间距越小；条纹间距与波长成正比
PHYSICS,0176,169,第十四章 光 / 第2节（续）/ 斜劈薄膜干涉、考点2 光的衍射和偏振,光的衍射现象
PHYSICS,0176,169,第十四章 光 / 第2节（续）/ 斜劈薄膜干涉、考点2 光的衍射和偏振,发生明显衍射现象的条件
PHYSICS,0176,169,第十四章 光 / 第2节（续）/ 斜劈薄膜干涉、考点2 光的衍射和偏振,衍射的应用
PHYSICS,0176,169,第十四章 光 / 第2节（续）/ 斜劈薄膜干涉、考点2 光的衍射和偏振,单缝衍射与双缝干涉图样的区别
PHYSICS,0176,169,第十四章 光 / 第2节（续）/ 斜劈薄膜干涉、考点2 光的衍射和偏振,圆孔衍射（同心圆环、中央亮斑）与圆板衍射（中央暗斑）的图样特征
PHYSICS,0176,169,第十四章 光 / 第2节（续）/ 斜劈薄膜干涉、考点2 光的衍射和偏振,自然光的定义
PHYSICS,0176,169,第十四章 光 / 第2节（续）/ 斜劈薄膜干涉、考点2 光的衍射和偏振,偏振光的定义
PHYSICS,0176,169,第十四章 光 / 第2节（续）/ 斜劈薄膜干涉、考点2 光的衍射和偏振,光的偏振说明光是横波
PHYSICS,0177,170,第十四章 光 / 实验15 测量玻璃的折射率,测量玻璃折射率的实验原理
PHYSICS,0177,170,第十四章 光 / 实验15 测量玻璃的折射率,插针法的操作要求
PHYSICS,0177,170,第十四章 光 / 实验15 测量玻璃的折射率,入射角的选择要求
PHYSICS,0177,170,第十四章 光 / 实验15 测量玻璃的折射率,画玻璃砖边界线的操作要求
PHYSICS,0177,170,第十四章 光 / 实验15 测量玻璃的折射率,测量折射率的三种数据处理方法
PHYSICS,0177,170,第十四章 光 / 实验15 测量玻璃的折射率,误差分析
PHYSICS,0178,171,第十四章 光 / 实验16 用双缝干涉测量光的波长,用双缝干涉测量光波波长的实验原理
PHYSICS,0178,171,第十四章 光 / 实验16 用双缝干涉测量光的波长,实验装置与光路
PHYSICS,0178,171,第十四章 光 / 实验16 用双缝干涉测量光的波长,单缝与双缝的作用
PHYSICS,0178,171,第十四章 光 / 实验16 用双缝干涉测量光的波长,安装要求
PHYSICS,0178,171,第十四章 光 / 实验16 用双缝干涉测量光的波长,测量头调节方法
PHYSICS,0178,171,第十四章 光 / 实验16 用双缝干涉测量光的波长,条纹间距的计算公式 $\Delta x=(a_n-a_1)/(n-1)$
PHYSICS,0178,171,第十四章 光 / 实验16 用双缝干涉测量光的波长,测量多组数据求波长的平均值
PHYSICS,0178,171,第十四章 光 / 实验16 用双缝干涉测量光的波长,误差来源
PHYSICS,0178,171,第十四章 光 / 实验16 用双缝干涉测量光的波长,用激光笔与双缝的实验方案及其优缺点
PHYSICS,0178,171,第十四章 光 / 实验16 用双缝干涉测量光的波长,洛埃镜实验的原理
PHYSICS,0179,172,第十五章 热学 / 第1节 分子动理论 内能 固体和液体,分子直径与分子质量的数量级
PHYSICS,0179,172,第十五章 热学 / 第1节 分子动理论 内能 固体和液体,阿伏加德罗常数 $N_A=6.02\times10^{23}\ \mathrm{mol^{-1}}$ 的物理意义
PHYSICS,0179,172,第十五章 热学 / 第1节 分子动理论 内能 固体和液体,分子的两种模型
PHYSICS,0179,172,第十五章 热学 / 第1节 分子动理论 内能 固体和液体,分子直径与体积的关系式
PHYSICS,0179,172,第十五章 热学 / 第1节 分子动理论 内能 固体和液体,宏观量与微观量的关系
PHYSICS,0179,172,第十五章 热学 / 第1节 分子动理论 内能 固体和液体,气体分子占据空间体积与分子本身体积的区别
PHYSICS,0179,172,第十五章 热学 / 第1节 分子动理论 内能 固体和液体,分子热运动的定义
PHYSICS,0179,172,第十五章 热学 / 第1节 分子动理论 内能 固体和液体,扩散现象及其与温度的关系
PHYSICS,0179,172,第十五章 热学 / 第1节 分子动理论 内能 固体和液体,布朗运动的定义、本质（微粒运动反映液体分子运动）及影响因素
PHYSICS,0179,172,第十五章 热学 / 第1节 分子动理论 内能 固体和液体,分子速率分布规律（中间多两头少）及温度升高时分布曲线的变化
PHYSICS,0180,173,第十五章 热学 / 第1节（续）/ 分子力与分子势能、分子动能与内能,分子间作用力随距离的变化规律
PHYSICS,0180,173,第十五章 热学 / 第1节（续）/ 分子力与分子势能、分子动能与内能,分子势能随距离的变化规律
PHYSICS,0180,173,第十五章 热学 / 第1节（续）/ 分子力与分子势能、分子动能与内能,分子间距 $r_0$ 的物理意义
PHYSICS,0180,173,第十五章 热学 / 第1节（续）/ 分子力与分子势能、分子动能与内能,分子势能与重力势能、弹性势能、电势能的类比
PHYSICS,0180,173,第十五章 热学 / 第1节（续）/ 分子力与分子势能、分子动能与内能,分子势能为零与分子势能最小的区别
PHYSICS,0180,173,第十五章 热学 / 第1节（续）/ 分子力与分子势能、分子动能与内能,分子动能的定义与决定因素
PHYSICS,0180,173,第十五章 热学 / 第1节（续）/ 分子力与分子势能、分子动能与内能,分子势能的定义与决定因素
PHYSICS,0180,173,第十五章 热学 / 第1节（续）/ 分子力与分子势能、分子动能与内能,内能的定义（所有分子热运动动能与分子势能的总和）与决定因素
PHYSICS,0180,173,第十五章 热学 / 第1节（续）/ 分子力与分子势能、分子动能与内能,温度与内能等物理量只对大量分子有意义，对单个分子没有实际意义
PHYSICS,0181,174,第十五章 热学 / 第1节（续）/ 考点2 固体和液体性质的理解,单晶体、多晶体与非晶体在外形上的区别
PHYSICS,0181,174,第十五章 热学 / 第1节（续）/ 考点2 固体和液体性质的理解,三者在熔点上的区别
PHYSICS,0181,174,第十五章 热学 / 第1节（续）/ 考点2 固体和液体性质的理解,三者在物理性质上的区别
PHYSICS,0181,174,第十五章 热学 / 第1节（续）/ 考点2 固体和液体性质的理解,三者在原子（分子、离子）排列上的区别
PHYSICS,0181,174,第十五章 热学 / 第1节（续）/ 考点2 固体和液体性质的理解,各类物质的典型实例
PHYSICS,0181,174,第十五章 热学 / 第1节（续）/ 考点2 固体和液体性质的理解,液体表面张力的定义、形成原因（表面层分子间距大、表现为引力）、方向与作用
PHYSICS,0181,174,第十五章 热学 / 第1节（续）/ 考点2 固体和液体性质的理解,表面张力使液体表面积趋于最小
PHYSICS,0181,174,第十五章 热学 / 第1节（续）/ 考点2 固体和液体性质的理解,浸润与不浸润的定义及成因
PHYSICS,0181,174,第十五章 热学 / 第1节（续）/ 考点2 固体和液体性质的理解,毛细现象的定义与特点
PHYSICS,0181,174,第十五章 热学 / 第1节（续）/ 考点2 固体和液体性质的理解,液晶的物理性质
PHYSICS,0181,174,第十五章 热学 / 第1节（续）/ 考点2 固体和液体性质的理解,液晶的微观结构
PHYSICS,0181,174,第十五章 热学 / 第1节（续）/ 考点2 固体和液体性质的理解,判断晶体与否的依据
PHYSICS,0182,175,第十五章 热学 / 第2节 气体的性质,气体压强的产生原因
PHYSICS,0182,175,第十五章 热学 / 第2节 气体的性质,气体压强的微观决定因素
PHYSICS,0182,175,第十五章 热学 / 第2节 气体的性质,"气体压强的微观表达式 $p=2Nmv/(S\Delta t)$ 与""撞击次数×平均撞击力""的形象理解"
PHYSICS,0182,175,第十五章 热学 / 第2节 气体的性质,玻意耳定律的内容与表达式
PHYSICS,0182,175,第十五章 热学 / 第2节 气体的性质,查理定律的内容与表达式
PHYSICS,0182,175,第十五章 热学 / 第2节 气体的性质,盖-吕萨克定律的内容与表达式
PHYSICS,0182,175,第十五章 热学 / 第2节 气体的性质,理想气体的定义
PHYSICS,0182,175,第十五章 热学 / 第2节 气体的性质,理想气体的特点
PHYSICS,0182,175,第十五章 热学 / 第2节 气体的性质,理想气体状态方程 $p_1V_1/T_1=p_2V_2/T_2$（或 $pV/T=C$）及常量 $C$ 的影响因素
PHYSICS,0182,175,第十五章 热学 / 第2节 气体的性质,理想气体状态方程与克拉伯龙方程 $pV=nRT$ 的关系
PHYSICS,0183,176,第十五章 热学 / 第2节（续）/ 考点3 气体状态变化的图像问题,利用气体实验定律与理想气体状态方程解题的基本思路
PHYSICS,0183,176,第十五章 热学 / 第2节（续）/ 考点3 气体状态变化的图像问题,等温变化的 $p$-$V$ 图像
PHYSICS,0183,176,第十五章 热学 / 第2节（续）/ 考点3 气体状态变化的图像问题,等温变化的 $p$-$\frac{1}{V}$ 图像
PHYSICS,0183,176,第十五章 热学 / 第2节（续）/ 考点3 气体状态变化的图像问题,等容变化的 $p$-$T$ 图像
PHYSICS,0183,176,第十五章 热学 / 第2节（续）/ 考点3 气体状态变化的图像问题,等压变化的 $V$-$T$ 图像
PHYSICS,0183,176,第十五章 热学 / 第2节（续）/ 考点3 气体状态变化的图像问题,图像问题分析的四要素
PHYSICS,0183,176,第十五章 热学 / 第2节（续）/ 考点3 气体状态变化的图像问题,$p$-$V$ 图像中图线与 $V$ 轴所围面积表示气体对外界或外界对气体做的功
PHYSICS,0183,176,第十五章 热学 / 第2节（续）/ 考点3 气体状态变化的图像问题,不同图像之间的转换方法
PHYSICS,0184,177,第十五章 热学 / 微专题33 玻璃管-液柱模型,玻璃管-液柱模型的两类研究对象
PHYSICS,0184,177,第十五章 热学 / 微专题33 玻璃管-液柱模型,气体压强处处相等的特点与液体压强随深度变化的特点
PHYSICS,0184,177,第十五章 热学 / 微专题33 玻璃管-液柱模型,玻璃管-液柱模型的核心方程 $p_下+\rho gh=p_上$
PHYSICS,0184,177,第十五章 热学 / 微专题33 玻璃管-液柱模型,解决玻璃管-液柱模型的基本步骤
PHYSICS,0184,177,第十五章 热学 / 微专题33 玻璃管-液柱模型,常见情形下的压强关系
PHYSICS,0184,177,第十五章 热学 / 微专题33 玻璃管-液柱模型,玻璃管缓慢旋转过程中封闭气体做等温变化
PHYSICS,0184,177,第十五章 热学 / 微专题33 玻璃管-液柱模型,液柱粗细变化时的几何关系与压强关系分析
PHYSICS,0185,178,第十五章 热学 / 微专题33（续）/ 封闭气体压强的求法,求封闭气体压强的力平衡法
PHYSICS,0185,178,第十五章 热学 / 微专题33（续）/ 封闭气体压强的求法,求封闭气体压强的等压面法
PHYSICS,0185,178,第十五章 热学 / 微专题33（续）/ 封闭气体压强的求法,求封闭气体压强的液片法
PHYSICS,0185,178,第十五章 热学 / 微专题33（续）/ 封闭气体压强的求法,加速运动系统中封闭气体压强的求法
PHYSICS,0185,178,第十五章 热学 / 微专题33（续）/ 封闭气体压强的求法,倾斜管中 $h$ 与管长的换算
PHYSICS,0185,178,第十五章 热学 / 微专题33（续）/ 封闭气体压强的求法,关联气体问题的处理方法
PHYSICS,0185,178,第十五章 热学 / 微专题33（续）/ 封闭气体压强的求法,在斜面上加速运动的液柱压强分析
PHYSICS,0186,179,第十五章 热学 / 微专题34 活塞-汽缸模型,活塞-汽缸模型的解题思路
PHYSICS,0186,179,第十五章 热学 / 微专题34 活塞-汽缸模型,以活塞为研究对象的处理方法
PHYSICS,0186,179,第十五章 热学 / 微专题34 活塞-汽缸模型,以气体为研究对象的处理方法
PHYSICS,0186,179,第十五章 热学 / 微专题34 活塞-汽缸模型,气体实验定律的选用判据
PHYSICS,0186,179,第十五章 热学 / 微专题34 活塞-汽缸模型,计算气体压强必以活塞为研究对象的解题规范
PHYSICS,0186,179,第十五章 热学 / 微专题34 活塞-汽缸模型,活塞与汽缸间有摩擦时的受力分析
PHYSICS,0187,180,第十五章 热学 / 微专题34（续）/ 单缸双塞、单缸双塞+弹簧、关联气体,单缸双塞问题的分析要点
PHYSICS,0187,180,第十五章 热学 / 微专题34（续）/ 单缸双塞、单缸双塞+弹簧、关联气体,单缸双塞加弹簧问题的分析要点
PHYSICS,0187,180,第十五章 热学 / 微专题34（续）/ 单缸双塞、单缸双塞+弹簧、关联气体,"弹簧的原长、劲度系数与伸长量在""力—几何""联系中的作用"
PHYSICS,0187,180,第十五章 热学 / 微专题34（续）/ 单缸双塞、单缸双塞+弹簧、关联气体,关联气体问题（两汽缸通过细管连通、带阀门）的分析要点
PHYSICS,0187,180,第十五章 热学 / 微专题34（续）/ 单缸双塞、单缸双塞+弹簧、关联气体,绝热活塞与导热汽缸在热学分析中的含义
PHYSICS,0187,180,第十五章 热学 / 微专题34（续）/ 单缸双塞、单缸双塞+弹簧、关联气体,处理多活塞/关联气体问题的一般步骤
PHYSICS,0187,180,第十五章 热学 / 微专题34（续）/ 单缸双塞、单缸双塞+弹簧、关联气体,"活塞位置未知时""先假设后验证""的解题策略"
PHYSICS,0188,181,第十五章 热学 / 微专题35 气体变质量问题,气体变质量问题的核心思想
PHYSICS,0188,181,第十五章 热学 / 微专题35 气体变质量问题,充气（打气）问题的研究对象选择
PHYSICS,0188,181,第十五章 热学 / 微专题35 气体变质量问题,灌气（分装）问题的研究对象选择
PHYSICS,0188,181,第十五章 热学 / 微专题35 气体变质量问题,漏气问题的研究对象选择
PHYSICS,0188,181,第十五章 热学 / 微专题35 气体变质量问题,抽气问题的研究对象选择
PHYSICS,0188,181,第十五章 热学 / 微专题35 气体变质量问题,理想气体状态方程的分态式
PHYSICS,0188,181,第十五章 热学 / 微专题35 气体变质量问题,玻意耳定律的分态式 $p_1V_1+p_2V_2+\cdots=pV$
PHYSICS,0188,181,第十五章 热学 / 微专题35 气体变质量问题,变质量问题的分析流程
PHYSICS,0188,181,第十五章 热学 / 微专题35 气体变质量问题,充气问题的典型方程
PHYSICS,0188,181,第十五章 热学 / 微专题35 气体变质量问题,"汲液器类""气体封闭与液体排出""问题的压强与体积分析"
PHYSICS,0190,183,第十五章 热学 / 第3节 热力学定律与能量守恒定律,热力学第一定律的内容
PHYSICS,0190,183,第十五章 热学 / 第3节 热力学定律与能量守恒定律,表达式 $\Delta U=W+Q$ 中三个量的正负号法则
PHYSICS,0190,183,第十五章 热学 / 第3节 热力学定律与能量守恒定律,绝热过程的能量关系 $W=\Delta U$
PHYSICS,0190,183,第十五章 热学 / 第3节 热力学定律与能量守恒定律,等容过程的能量关系 $Q=\Delta U$
PHYSICS,0190,183,第十五章 热学 / 第3节 热力学定律与能量守恒定律,恒温过程或内能不变时的关系 $W+Q=0$
PHYSICS,0190,183,第十五章 热学 / 第3节 热力学定律与能量守恒定律,热力学第二定律的克劳修斯表述
PHYSICS,0190,183,第十五章 热学 / 第3节 热力学定律与能量守恒定律,热力学第二定律的开尔文表述
PHYSICS,0190,183,第十五章 热学 / 第3节 热力学定律与能量守恒定律,热力学第二定律的方向性实例
PHYSICS,0190,183,第十五章 热学 / 第3节 热力学定律与能量守恒定律,能量守恒定律的内容与条件性
PHYSICS,0190,183,第十五章 热学 / 第3节 热力学定律与能量守恒定律,第一类永动机违背能量守恒定律、第二类永动机违背热力学第二定律
PHYSICS,0190,183,第十五章 热学 / 第3节 热力学定律与能量守恒定律,等温线、等容线、等压线之间变化过程的做功、吸放热与内能变化分析
PHYSICS,0190,183,第十五章 热学 / 第3节 热力学定律与能量守恒定律,由体积变化判断做功、由温度变化判断内能的对应关系
PHYSICS,0191,184,第十五章 热学 / 第3节（续）/ 考点3 热力学第一定律与气体实验定律的综合应用,等压线之间变化过程的做功、吸放热与内能变化分析
PHYSICS,0191,184,第十五章 热学 / 第3节（续）/ 考点3 热力学第一定律与气体实验定律的综合应用,综合考虑气体实验定律与热力学第一定律的思维流程
PHYSICS,0191,184,第十五章 热学 / 第3节（续）/ 考点3 热力学第一定律与气体实验定律的综合应用,研究对象的类型
PHYSICS,0191,184,第十五章 热学 / 第3节（续）/ 考点3 热力学第一定律与气体实验定律的综合应用,由图像直接判断气体状态变化
PHYSICS,0191,184,第十五章 热学 / 第3节（续）/ 考点3 热力学第一定律与气体实验定律的综合应用,由体积变化判断做功
PHYSICS,0191,184,第十五章 热学 / 第3节（续）/ 考点3 热力学第一定律与气体实验定律的综合应用,由温度变化判断内能
PHYSICS,0191,184,第十五章 热学 / 第3节（续）/ 考点3 热力学第一定律与气体实验定律的综合应用,由热力学第一定律分析吸放热与内能变化
PHYSICS,0191,184,第十五章 热学 / 第3节（续）/ 考点3 热力学第一定律与气体实验定律的综合应用,"汽缸-活塞模型中""卡销""约束对活塞位置与压强的影响"
PHYSICS,0191,184,第十五章 热学 / 第3节（续）/ 考点3 热力学第一定律与气体实验定律的综合应用,电热丝加热过程中的能量守恒
PHYSICS,0192,185,第十五章 热学 / 实验17 用油膜法估测油酸分子的大小、实验18 探究等温情况下气体压强与体积的关系,用油膜法估测分子直径的原理 $D=V/S$
PHYSICS,0192,185,第十五章 热学 / 实验17 用油膜法估测油酸分子的大小、实验18 探究等温情况下气体压强与体积的关系,油酸酒精溶液的配制方法
PHYSICS,0192,185,第十五章 热学 / 实验17 用油膜法估测油酸分子的大小、实验18 探究等温情况下气体压强与体积的关系,一滴溶液体积的测量方法
PHYSICS,0192,185,第十五章 热学 / 实验17 用油膜法估测油酸分子的大小、实验18 探究等温情况下气体压强与体积的关系,油酸薄膜的形成方法
PHYSICS,0192,185,第十五章 热学 / 实验17 用油膜法估测油酸分子的大小、实验18 探究等温情况下气体压强与体积的关系,油膜面积的测量方法
PHYSICS,0192,185,第十五章 热学 / 实验17 用油膜法估测油酸分子的大小、实验18 探究等温情况下气体压强与体积的关系,油膜法实验的误差来源
PHYSICS,0192,185,第十五章 热学 / 实验17 用油膜法估测油酸分子的大小、实验18 探究等温情况下气体压强与体积的关系,探究等温下 $p$-$V$ 关系的实验装置与操作
PHYSICS,0192,185,第十五章 热学 / 实验17 用油膜法估测油酸分子的大小、实验18 探究等温情况下气体压强与体积的关系,数据处理方法
PHYSICS,0192,185,第十五章 热学 / 实验17 用油膜法估测油酸分子的大小、实验18 探究等温情况下气体压强与体积的关系,该实验的误差来源
PHYSICS,0193,186,第十六章 近代物理初步 / 第1节 光电效应,热辐射的定义
PHYSICS,0193,186,第十六章 近代物理初步 / 第1节 光电效应,黑体的定义（完全吸收入射电磁波而不反射；理想化模型）与小孔模型
PHYSICS,0193,186,第十六章 近代物理初步 / 第1节 光电效应,黑体辐射的定义
PHYSICS,0193,186,第十六章 近代物理初步 / 第1节 光电效应,黑体辐射的实验规律
PHYSICS,0193,186,第十六章 近代物理初步 / 第1节 光电效应,温度升高时黑体辐射的两条变化
PHYSICS,0193,186,第十六章 近代物理初步 / 第1节 光电效应,能量子的定义
PHYSICS,0193,186,第十六章 近代物理初步 / 第1节 光电效应,能量子表达式 $\varepsilon=h\nu$ 与普朗克常量 $h=6.63\times10^{-34}\ \mathrm{J\cdot s}$
PHYSICS,0193,186,第十六章 近代物理初步 / 第1节 光电效应,光电效应的定义与光电子的概念
PHYSICS,0193,186,第十六章 近代物理初步 / 第1节 光电效应,光电效应的截止频率（极限频率）及其只与金属自身性质有关
PHYSICS,0193,186,第十六章 近代物理初步 / 第1节 光电效应,光电效应的饱和电流
PHYSICS,0193,186,第十六章 近代物理初步 / 第1节 光电效应,光电效应的基本规律
PHYSICS,0194,187,第十六章 近代物理初步 / 第1节（续）/ 光电效应方程与图像分析,遏止电压的含义（使光电流减小为 0 的反向电压）及取决于入射光频率
PHYSICS,0194,187,第十六章 近代物理初步 / 第1节（续）/ 光电效应方程与图像分析,光电效应的瞬时性
PHYSICS,0194,187,第十六章 近代物理初步 / 第1节（续）/ 光电效应方程与图像分析,爱因斯坦光电效应方程 $E_k=h\nu-W_0$
PHYSICS,0194,187,第十六章 近代物理初步 / 第1节（续）/ 光电效应方程与图像分析,逸出功的定义与表达式 $W_0=h\nu_c=hc/\lambda_c$
PHYSICS,0194,187,第十六章 近代物理初步 / 第1节（续）/ 光电效应方程与图像分析,光电效应方程的物理意义
PHYSICS,0194,187,第十六章 近代物理初步 / 第1节（续）/ 光电效应方程与图像分析,光电效应的两种决定关系
PHYSICS,0194,187,第十六章 近代物理初步 / 第1节（续）/ 光电效应方程与图像分析,光子与光电子的区别
PHYSICS,0194,187,第十六章 近代物理初步 / 第1节（续）/ 光电效应方程与图像分析,光电子动能与最大初动能的区别
PHYSICS,0194,187,第十六章 近代物理初步 / 第1节（续）/ 光电效应方程与图像分析,入射光强度与光子能量的区别
PHYSICS,0194,187,第十六章 近代物理初步 / 第1节（续）/ 光电效应方程与图像分析,$E_k$-$\nu$ 图像的读法
PHYSICS,0194,187,第十六章 近代物理初步 / 第1节（续）/ 光电效应方程与图像分析,同频率不同光强时 $I$-$U$ 图像的读法
PHYSICS,0194,187,第十六章 近代物理初步 / 第1节（续）/ 光电效应方程与图像分析,不同频率时 $I$-$U$ 图像的读法
PHYSICS,0194,187,第十六章 近代物理初步 / 第1节（续）/ 光电效应方程与图像分析,$U_c$-$\nu$ 图像的读法
PHYSICS,0194,187,第十六章 近代物理初步 / 第1节（续）/ 光电效应方程与图像分析,关键方程 $eU_c=E_k=h\nu-W_0$ 与 $U_c=\frac{h}{e}\nu-\frac{W_0}{e}$
PHYSICS,0195,188,第十六章 近代物理初步 / 第1节（续）/ 考点3 波粒二象性和物质波,康普顿效应的概念
PHYSICS,0195,188,第十六章 近代物理初步 / 第1节（续）/ 考点3 波粒二象性和物质波,光子动量的表达式 $p=h/\lambda$ 及其推导
PHYSICS,0195,188,第十六章 近代物理初步 / 第1节（续）/ 考点3 波粒二象性和物质波,康普顿效应的四点意义
PHYSICS,0195,188,第十六章 近代物理初步 / 第1节（续）/ 考点3 波粒二象性和物质波,光的波动性的表现（干涉和衍射）与概率波概念
PHYSICS,0195,188,第十六章 近代物理初步 / 第1节（续）/ 考点3 波粒二象性和物质波,"光的粒子性的表现（光电效应、康普顿效应）与""一份一份""的含义"
PHYSICS,0195,188,第十六章 近代物理初步 / 第1节（续）/ 考点3 波粒二象性和物质波,波动性与粒子性的对立统一
PHYSICS,0195,188,第十六章 近代物理初步 / 第1节（续）/ 考点3 波粒二象性和物质波,波和粒子在宏观世界不能统一、在微观世界统一
PHYSICS,0195,188,第十六章 近代物理初步 / 第1节（续）/ 考点3 波粒二象性和物质波,物质波（德布罗意波）的定义
PHYSICS,0195,188,第十六章 近代物理初步 / 第1节（续）/ 考点3 波粒二象性和物质波,德布罗意波长公式 $\lambda=h/p=h/(mv)$
PHYSICS,0195,188,第十六章 近代物理初步 / 第1节（续）/ 考点3 波粒二象性和物质波,光子动量与波长的关系及光子能量与光子数的计算
PHYSICS,0196,189,第十六章 近代物理初步 / 第2节 原子结构,"电子的发现（J.J.汤姆孙研究阴极射线）及""原子不是最小微粒""的结论"
PHYSICS,0196,189,第十六章 近代物理初步 / 第2节 原子结构,$\alpha$ 粒子散射实验的现象
PHYSICS,0196,189,第十六章 近代物理初步 / 第2节 原子结构,卢瑟福的核式结构模型
PHYSICS,0196,189,第十六章 近代物理初步 / 第2节 原子结构,光谱的定义（用棱镜或光栅把光按波长展开）与分类
PHYSICS,0196,189,第十六章 近代物理初步 / 第2节 原子结构,巴耳末系与巴耳末公式 $\frac{1}{\lambda}=R_\infty(\frac{1}{2^2}-\frac{1}{n^2})$
PHYSICS,0196,189,第十六章 近代物理初步 / 第2节 原子结构,里德伯常量 $R_\infty=1.10\times10^7\ \mathrm{m^{-1}}$
PHYSICS,0196,189,第十六章 近代物理初步 / 第2节 原子结构,玻尔理论的轨道量子化
PHYSICS,0196,189,第十六章 近代物理初步 / 第2节 原子结构,玻尔理论的能量量子化
PHYSICS,0196,189,第十六章 近代物理初步 / 第2节 原子结构,频率条件 $h\nu=|E_初-E_末|$
PHYSICS,0196,189,第十六章 近代物理初步 / 第2节 原子结构,氢原子的能级数值与能级图
PHYSICS,0196,189,第十六章 近代物理初步 / 第2节 原子结构,自发跃迁
PHYSICS,0196,189,第十六章 近代物理初步 / 第2节 原子结构,受激跃迁中光子激发与碰撞激发的区别
PHYSICS,0197,190,第十六章 近代物理初步 / 第2节（续）/ 电离、谱线条数,电离态的定义
PHYSICS,0197,190,第十六章 近代物理初步 / 第2节（续）/ 电离、谱线条数,电离能的定义（跃迁到电离态所需吸收的最小能量）与氢原子基态电离能 $13.6\ \mathrm{eV}$
PHYSICS,0197,190,第十六章 近代物理初步 / 第2节（续）/ 电离、谱线条数,电离后自由电子仍可具有动能
PHYSICS,0197,190,第十六章 近代物理初步 / 第2节（续）/ 电离、谱线条数,大量氢原子辐射谱线条数的计算 $N=C_n^2=n(n-1)/2$
PHYSICS,0197,190,第十六章 近代物理初步 / 第2节（续）/ 电离、谱线条数,单个氢原子最多辐射谱线条数 $n-1$
PHYSICS,0197,190,第十六章 近代物理初步 / 第2节（续）/ 电离、谱线条数,光子激发与电子（粒子）激发在能量要求上的区别
PHYSICS,0197,190,第十六章 近代物理初步 / 第2节（续）/ 电离、谱线条数,跃迁能量关系
PHYSICS,0197,190,第十六章 近代物理初步 / 第2节（续）/ 电离、谱线条数,由辐射谱线种数反推激发态的能级数 $n$
PHYSICS,0197,190,第十六章 近代物理初步 / 第2节（续）/ 电离、谱线条数,巴耳末系的判定
PHYSICS,0198,191,第十六章 近代物理初步 / 第3节 原子核,$\alpha$ 衰变的方程与实质
PHYSICS,0198,191,第十六章 近代物理初步 / 第3节 原子核,$\beta$ 衰变的方程与实质
PHYSICS,0198,191,第十六章 近代物理初步 / 第3节 原子核,衰变遵循电荷数守恒与质量数守恒
PHYSICS,0198,191,第十六章 近代物理初步 / 第3节 原子核,$\gamma$ 射线伴随 $\alpha$ 或 $\beta$ 射线产生
PHYSICS,0198,191,第十六章 近代物理初步 / 第3节 原子核,由两个守恒定律确定 $\alpha$、$\beta$ 衰变次数的方法
PHYSICS,0198,191,第十六章 近代物理初步 / 第3节 原子核,三种射线的本质、速度、电离本领与穿透本领的对比
PHYSICS,0198,191,第十六章 近代物理初步 / 第3节 原子核,半衰期的公式
PHYSICS,0198,191,第十六章 近代物理初步 / 第3节 原子核,半衰期由核内部因素决定，与外部条件（温度、压强）和化学状态无关
PHYSICS,0198,191,第十六章 近代物理初步 / 第3节 原子核,原子核人工转变的三个人工核反应
PHYSICS,0198,191,第十六章 近代物理初步 / 第3节 原子核,重核裂变的典型方程
PHYSICS,0198,191,第十六章 近代物理初步 / 第3节 原子核,轻核聚变的典型方程
PHYSICS,0199,192,第十六章 近代物理初步 / 第3节（续）/ 考点3 质量亏损及核能的计算,结合能的含义
PHYSICS,0199,192,第十六章 近代物理初步 / 第3节（续）/ 考点3 质量亏损及核能的计算,质量数越大的原子核结合能越大
PHYSICS,0199,192,第十六章 近代物理初步 / 第3节（续）/ 考点3 质量亏损及核能的计算,比结合能的物理意义
PHYSICS,0199,192,第十六章 近代物理初步 / 第3节（续）/ 考点3 质量亏损及核能的计算,轻核与重核的比结合能都较小、中等核最大
PHYSICS,0199,192,第十六章 近代物理初步 / 第3节（续）/ 考点3 质量亏损及核能的计算,比结合能较小的核变为比结合能较大的核时释放核能
PHYSICS,0199,192,第十六章 近代物理初步 / 第3节（续）/ 考点3 质量亏损及核能的计算,质能方程 $E=mc^2$ 的理解
PHYSICS,0199,192,第十六章 近代物理初步 / 第3节（续）/ 考点3 质量亏损及核能的计算,质量亏损与释放能量 $\Delta E=\Delta mc^2$
PHYSICS,0199,192,第十六章 近代物理初步 / 第3节（续）/ 考点3 质量亏损及核能的计算,原子核分解时吸收能量
PHYSICS,0199,192,第十六章 近代物理初步 / 第3节（续）/ 考点3 质量亏损及核能的计算,核能计算的两种算法
PHYSICS,0199,192,第十六章 近代物理初步 / 第3节（续）/ 考点3 质量亏损及核能的计算,原子核的结合能等于比结合能乘核子数
PHYSICS,0199,192,第十六章 近代物理初步 / 第3节（续）/ 考点3 质量亏损及核能的计算,核反应中质量数与电荷数守恒但质量不守恒
PHYSICS,0199,192,第十六章 近代物理初步 / 第3节（续）/ 考点3 质量亏损及核能的计算,由衰变方程用守恒定律求 $\alpha$、$\beta$ 衰变次数与释放核能
PHYSICS,0199,192,第十六章 近代物理初步 / 第3节（续）/ 考点3 质量亏损及核能的计算,"核反应中""动量守恒 + 能量守恒""联合分析粒子动能分配"
CHEMISTRY,0003,1,第一章 物质的分类及转化 物质的量 / 第1节 物质的组成、分类与转化 / 知识清单,物质的组成
CHEMISTRY,0003,1,第一章 物质的分类及转化 物质的量 / 第1节 物质的组成、分类与转化 / 知识清单,同素异形体
CHEMISTRY,0003,1,第一章 物质的分类及转化 物质的量 / 第1节 物质的组成、分类与转化 / 知识清单,游离态与化合态
CHEMISTRY,0003,1,第一章 物质的分类及转化 物质的量 / 第1节 物质的组成、分类与转化 / 知识清单,物质的分类
CHEMISTRY,0003,1,第一章 物质的分类及转化 物质的量 / 第1节 物质的组成、分类与转化 / 知识清单,纯净物与混合物
CHEMISTRY,0003,1,第一章 物质的分类及转化 物质的量 / 第1节 物质的组成、分类与转化 / 知识清单,单质与化合物
CHEMISTRY,0003,1,第一章 物质的分类及转化 物质的量 / 第1节 物质的组成、分类与转化 / 知识清单,离子化合物与共价化合物
CHEMISTRY,0003,1,第一章 物质的分类及转化 物质的量 / 第1节 物质的组成、分类与转化 / 知识清单,电解质与非电解质
CHEMISTRY,0003,1,第一章 物质的分类及转化 物质的量 / 第1节 物质的组成、分类与转化 / 知识清单,碱性氧化物
CHEMISTRY,0003,1,第一章 物质的分类及转化 物质的量 / 第1节 物质的组成、分类与转化 / 知识清单,酸性氧化物
CHEMISTRY,0003,1,第一章 物质的分类及转化 物质的量 / 第1节 物质的组成、分类与转化 / 知识清单,两性氧化物与过氧化物
CHEMISTRY,0003,1,第一章 物质的分类及转化 物质的量 / 第1节 物质的组成、分类与转化 / 知识清单,分散系的组成与分类
CHEMISTRY,0003,1,第一章 物质的分类及转化 物质的量 / 第1节 物质的组成、分类与转化 / 知识清单,胶体的性质
CHEMISTRY,0003,1,第一章 物质的分类及转化 物质的量 / 第1节 物质的组成、分类与转化 / 知识清单,丁达尔效应
CHEMISTRY,0003,1,第一章 物质的分类及转化 物质的量 / 第1节 物质的组成、分类与转化 / 知识清单,电泳与聚沉
CHEMISTRY,0003,1,第一章 物质的分类及转化 物质的量 / 第1节 物质的组成、分类与转化 / 知识清单,Fe(OH)₃ 胶体的制备
CHEMISTRY,0003,1,第一章 物质的分类及转化 物质的量 / 第1节 物质的组成、分类与转化 / 知识清单,物理变化与化学变化的判断
CHEMISTRY,0004,2,第一章 物质的分类及转化 物质的量 / 第1节 物质的组成、分类与转化（续）· 考法突破 1 化学与传统文化、STSE,三馏、三色、五解、十七化
CHEMISTRY,0004,2,第一章 物质的分类及转化 物质的量 / 第1节 物质的组成、分类与转化（续）· 考法突破 1 化学与传统文化、STSE,物理变化与化学变化的辨析
CHEMISTRY,0004,2,第一章 物质的分类及转化 物质的量 / 第1节 物质的组成、分类与转化（续）· 考法突破 1 化学与传统文化、STSE,物质的转化关系
CHEMISTRY,0004,2,第一章 物质的分类及转化 物质的量 / 第1节 物质的组成、分类与转化（续）· 考法突破 1 化学与传统文化、STSE,化学与传统文化
CHEMISTRY,0004,2,第一章 物质的分类及转化 物质的量 / 第1节 物质的组成、分类与转化（续）· 考法突破 1 化学与传统文化、STSE,古文中的物质成分与类别判断
CHEMISTRY,0005,3,第一章 物质的分类及转化 物质的量 / 考法突破 1 化学与传统文化、STSE / 传统文化与物质成分、变化、分离,古文中物质的成分判断
CHEMISTRY,0005,3,第一章 物质的分类及转化 物质的量 / 考法突破 1 化学与传统文化、STSE / 传统文化与物质成分、变化、分离,古文记载的分离提纯方法
CHEMISTRY,0005,3,第一章 物质的分类及转化 物质的量 / 考法突破 1 化学与传统文化、STSE / 传统文化与物质成分、变化、分离,蒸馏与结晶的适用对象
CHEMISTRY,0005,3,第一章 物质的分类及转化 物质的量 / 考法突破 1 化学与传统文化、STSE / 传统文化与物质成分、变化、分离,传统文化中的反应类型判断
CHEMISTRY,0005,3,第一章 物质的分类及转化 物质的量 / 考法突破 1 化学与传统文化、STSE / 传统文化与物质成分、变化、分离,由古文信息推断物质类别
CHEMISTRY,0006,4,第一章 物质的分类及转化 物质的量 / 考法突破 1 化学与传统文化、STSE / 传统文化与物质分离（续）· 化学与 STSE,古文记载的分离提纯方法
CHEMISTRY,0006,4,第一章 物质的分类及转化 物质的量 / 考法突破 1 化学与传统文化、STSE / 传统文化与物质分离（续）· 化学与 STSE,升华与蒸发结晶的适用对象
CHEMISTRY,0006,4,第一章 物质的分类及转化 物质的量 / 考法突破 1 化学与传统文化、STSE / 传统文化与物质分离（续）· 化学与 STSE,化石能源与清洁能源
CHEMISTRY,0006,4,第一章 物质的分类及转化 物质的量 / 考法突破 1 化学与传统文化、STSE / 传统文化与物质分离（续）· 化学与 STSE,金属材料
CHEMISTRY,0006,4,第一章 物质的分类及转化 物质的量 / 考法突破 1 化学与传统文化、STSE / 传统文化与物质分离（续）· 化学与 STSE,无机非金属材料
CHEMISTRY,0006,4,第一章 物质的分类及转化 物质的量 / 考法突破 1 化学与传统文化、STSE / 传统文化与物质分离（续）· 化学与 STSE,有机高分子材料
CHEMISTRY,0006,4,第一章 物质的分类及转化 物质的量 / 考法突破 1 化学与传统文化、STSE / 传统文化与物质分离（续）· 化学与 STSE,复合材料
CHEMISTRY,0006,4,第一章 物质的分类及转化 物质的量 / 考法突破 1 化学与传统文化、STSE / 传统文化与物质分离（续）· 化学与 STSE,环境问题与防治措施
CHEMISTRY,0006,4,第一章 物质的分类及转化 物质的量 / 考法突破 1 化学与传统文化、STSE / 传统文化与物质分离（续）· 化学与 STSE,酸雨的成因与治理
CHEMISTRY,0007,5,第一章 物质的分类及转化 物质的量 / 考法突破 1 化学与传统文化、STSE / 化学与环境（续）· 化学与生活,环境问题与防治措施
CHEMISTRY,0007,5,第一章 物质的分类及转化 物质的量 / 考法突破 1 化学与传统文化、STSE / 化学与环境（续）· 化学与生活,绿色化学
CHEMISTRY,0007,5,第一章 物质的分类及转化 物质的量 / 考法突破 1 化学与传统文化、STSE / 化学与环境（续）· 化学与生活,原子经济性
CHEMISTRY,0007,5,第一章 物质的分类及转化 物质的量 / 考法突破 1 化学与传统文化、STSE / 化学与环境（续）· 化学与生活,原子利用率的计算
CHEMISTRY,0007,5,第一章 物质的分类及转化 物质的量 / 考法突破 1 化学与传统文化、STSE / 化学与环境（续）· 化学与生活,常见食品添加剂
CHEMISTRY,0007,5,第一章 物质的分类及转化 物质的量 / 考法突破 1 化学与传统文化、STSE / 化学与环境（续）· 化学与生活,常见药物的成分与用途
CHEMISTRY,0007,5,第一章 物质的分类及转化 物质的量 / 考法突破 1 化学与传统文化、STSE / 化学与环境（续）· 化学与生活,合理用药
CHEMISTRY,0007,5,第一章 物质的分类及转化 物质的量 / 考法突破 1 化学与传统文化、STSE / 化学与环境（续）· 化学与生活,药物的设计与合成
CHEMISTRY,0008,6,第一章 物质的分类及转化 物质的量 / 考法突破 1 化学与传统文化、STSE / （四）化学与生产,铝热反应及其应用
CHEMISTRY,0008,6,第一章 物质的分类及转化 物质的量 / 考法突破 1 化学与传统文化、STSE / （四）化学与生产,钠的还原性与冶炼金属
CHEMISTRY,0008,6,第一章 物质的分类及转化 物质的量 / 考法突破 1 化学与传统文化、STSE / （四）化学与生产,碳还原二氧化硅制备粗硅
CHEMISTRY,0008,6,第一章 物质的分类及转化 物质的量 / 考法突破 1 化学与传统文化、STSE / （四）化学与生产,FeCl₃ 溶液腐蚀铜制印刷电路板
CHEMISTRY,0008,6,第一章 物质的分类及转化 物质的量 / 考法突破 1 化学与传统文化、STSE / （四）化学与生产,硅的半导体性质
CHEMISTRY,0008,6,第一章 物质的分类及转化 物质的量 / 考法突破 1 化学与传统文化、STSE / （四）化学与生产,二氧化硅与光导纤维
CHEMISTRY,0008,6,第一章 物质的分类及转化 物质的量 / 考法突破 1 化学与传统文化、STSE / （四）化学与生产,二氧化硫的杀菌与抗氧化作用
CHEMISTRY,0008,6,第一章 物质的分类及转化 物质的量 / 考法突破 1 化学与传统文化、STSE / （四）化学与生产,铁粉的还原性与食品抗氧化
CHEMISTRY,0008,6,第一章 物质的分类及转化 物质的量 / 考法突破 1 化学与传统文化、STSE / （四）化学与生产,浓氨水检验氯气管道漏气
CHEMISTRY,0008,6,第一章 物质的分类及转化 物质的量 / 考法突破 1 化学与传统文化、STSE / （四）化学与生产,纯碱溶液去油污的水解原理
CHEMISTRY,0008,6,第一章 物质的分类及转化 物质的量 / 考法突破 1 化学与传统文化、STSE / （四）化学与生产,硅酸钠（水玻璃）的性质与用途
CHEMISTRY,0009,7,第一章 物质的分类及转化 物质的量 / 第2节 物质的量和气体摩尔体积 / 知识清单,物质的量
CHEMISTRY,0009,7,第一章 物质的分类及转化 物质的量 / 第2节 物质的量和气体摩尔体积 / 知识清单,阿伏加德罗常数
CHEMISTRY,0009,7,第一章 物质的分类及转化 物质的量 / 第2节 物质的量和气体摩尔体积 / 知识清单,摩尔质量
CHEMISTRY,0009,7,第一章 物质的分类及转化 物质的量 / 第2节 物质的量和气体摩尔体积 / 知识清单,气体摩尔体积
CHEMISTRY,0009,7,第一章 物质的分类及转化 物质的量 / 第2节 物质的量和气体摩尔体积 / 知识清单,标准状况
CHEMISTRY,0009,7,第一章 物质的分类及转化 物质的量 / 第2节 物质的量和气体摩尔体积 / 知识清单,阿伏加德罗定律
CHEMISTRY,0009,7,第一章 物质的分类及转化 物质的量 / 第2节 物质的量和气体摩尔体积 / 知识清单,阿伏加德罗定律的推论
CHEMISTRY,0009,7,第一章 物质的分类及转化 物质的量 / 第2节 物质的量和气体摩尔体积 / 知识清单,理想气体状态方程
CHEMISTRY,0009,7,第一章 物质的分类及转化 物质的量 / 第2节 物质的量和气体摩尔体积 / 知识清单,物质的量与粒子数、质量、体积的换算
CHEMISTRY,0010,8,第一章 物质的分类及转化 物质的量 / 第3节 物质的量浓度 / 知识清单,物质的量浓度
CHEMISTRY,0010,8,第一章 物质的分类及转化 物质的量 / 第3节 物质的量浓度 / 知识清单,溶质质量分数与物质的量浓度的换算
CHEMISTRY,0010,8,第一章 物质的分类及转化 物质的量 / 第3节 物质的量浓度 / 知识清单,溶液的稀释定律
CHEMISTRY,0010,8,第一章 物质的分类及转化 物质的量 / 第3节 物质的量浓度 / 知识清单,以物质的量为中心的换算关系
CHEMISTRY,0010,8,第一章 物质的分类及转化 物质的量 / 第3节 物质的量浓度 / 知识清单,容量瓶的规格与选择
CHEMISTRY,0010,8,第一章 物质的分类及转化 物质的量 / 第3节 物质的量浓度 / 知识清单,一定物质的量浓度溶液的配制步骤
CHEMISTRY,0010,8,第一章 物质的分类及转化 物质的量 / 第3节 物质的量浓度 / 知识清单,容量瓶的使用与检漏
CHEMISTRY,0011,9,第一章 物质的分类及转化 物质的量 / 第3节 物质的量浓度 / 一定物质的量浓度溶液的配制（续）· 误差分析,容量瓶的检漏
CHEMISTRY,0011,9,第一章 物质的分类及转化 物质的量 / 第3节 物质的量浓度 / 一定物质的量浓度溶液的配制（续）· 误差分析,溶液的转移与洗涤操作
CHEMISTRY,0011,9,第一章 物质的分类及转化 物质的量 / 第3节 物质的量浓度 / 一定物质的量浓度溶液的配制（续）· 误差分析,定容操作
CHEMISTRY,0011,9,第一章 物质的分类及转化 物质的量 / 第3节 物质的量浓度 / 一定物质的量浓度溶液的配制（续）· 误差分析,配制溶液的误差分析
CHEMISTRY,0011,9,第一章 物质的分类及转化 物质的量 / 第3节 物质的量浓度 / 一定物质的量浓度溶液的配制（续）· 误差分析,仰视与俯视读数对结果的影响
CHEMISTRY,0012,10,第一章 物质的分类及转化 物质的量 / 考法突破 2 化学计算常用方法,守恒法
CHEMISTRY,0012,10,第一章 物质的分类及转化 物质的量 / 考法突破 2 化学计算常用方法,电荷守恒
CHEMISTRY,0012,10,第一章 物质的分类及转化 物质的量 / 考法突破 2 化学计算常用方法,元素守恒与原子守恒
CHEMISTRY,0012,10,第一章 物质的分类及转化 物质的量 / 考法突破 2 化学计算常用方法,得失电子守恒
CHEMISTRY,0012,10,第一章 物质的分类及转化 物质的量 / 考法突破 2 化学计算常用方法,质量守恒定律
CHEMISTRY,0012,10,第一章 物质的分类及转化 物质的量 / 考法突破 2 化学计算常用方法,差量法
CHEMISTRY,0012,10,第一章 物质的分类及转化 物质的量 / 考法突破 2 化学计算常用方法,理论差量与实际差量
CHEMISTRY,0013,11,第一章 物质的分类及转化 物质的量 / 考法突破 2 化学计算常用方法 / 关系式法,关系式法
CHEMISTRY,0013,11,第一章 物质的分类及转化 物质的量 / 考法突破 2 化学计算常用方法 / 关系式法,多步反应中起始物质与最终物质的量的关系
CHEMISTRY,0013,11,第一章 物质的分类及转化 物质的量 / 考法突破 2 化学计算常用方法 / 关系式法,由守恒关系直接建立关系式
CHEMISTRY,0014,12,第二章 离子反应 氧化还原反应 / 第1节 离子反应 离子方程式的书写与判断 / 知识清单,电解质与非电解质
CHEMISTRY,0014,12,第二章 离子反应 氧化还原反应 / 第1节 离子反应 离子方程式的书写与判断 / 知识清单,强电解质与弱电解质
CHEMISTRY,0014,12,第二章 离子反应 氧化还原反应 / 第1节 离子反应 离子方程式的书写与判断 / 知识清单,电离方程式
CHEMISTRY,0014,12,第二章 离子反应 氧化还原反应 / 第1节 离子反应 离子方程式的书写与判断 / 知识清单,多元弱酸的分步电离
CHEMISTRY,0014,12,第二章 离子反应 氧化还原反应 / 第1节 离子反应 离子方程式的书写与判断 / 知识清单,酸式盐的电离
CHEMISTRY,0014,12,第二章 离子反应 氧化还原反应 / 第1节 离子反应 离子方程式的书写与判断 / 知识清单,离子反应
CHEMISTRY,0014,12,第二章 离子反应 氧化还原反应 / 第1节 离子反应 离子方程式的书写与判断 / 知识清单,复分解反应型离子反应
CHEMISTRY,0014,12,第二章 离子反应 氧化还原反应 / 第1节 离子反应 离子方程式的书写与判断 / 知识清单,离子共存判断
CHEMISTRY,0014,12,第二章 离子反应 氧化还原反应 / 第1节 离子反应 离子方程式的书写与判断 / 知识清单,无色溶液中的有色离子
CHEMISTRY,0014,12,第二章 离子反应 氧化还原反应 / 第1节 离子反应 离子方程式的书写与判断 / 知识清单,归中反应
CHEMISTRY,0014,12,第二章 离子反应 氧化还原反应 / 第1节 离子反应 离子方程式的书写与判断 / 知识清单,硝酸的强氧化性
CHEMISTRY,0014,12,第二章 离子反应 氧化还原反应 / 第1节 离子反应 离子方程式的书写与判断 / 知识清单,ClO⁻ 的氧化性
CHEMISTRY,0015,13,第二章 离子反应 氧化还原反应 / 第1节 离子反应 离子方程式的书写与判断 / 离子共存、离子推断、离子方程式,离子共存中的复分解反应
CHEMISTRY,0015,13,第二章 离子反应 氧化还原反应 / 第1节 离子反应 离子方程式的书写与判断 / 离子共存、离子推断、离子方程式,离子共存中的氧化还原反应
CHEMISTRY,0015,13,第二章 离子反应 氧化还原反应 / 第1节 离子反应 离子方程式的书写与判断 / 离子共存、离子推断、离子方程式,配合反应
CHEMISTRY,0015,13,第二章 离子反应 氧化还原反应 / 第1节 离子反应 离子方程式的书写与判断 / 离子共存、离子推断、离子方程式,相互促进的水解反应
CHEMISTRY,0015,13,第二章 离子反应 氧化还原反应 / 第1节 离子反应 离子方程式的书写与判断 / 离子共存、离子推断、离子方程式,判断溶液酸碱性的常见信息
CHEMISTRY,0015,13,第二章 离子反应 氧化还原反应 / 第1节 离子反应 离子方程式的书写与判断 / 离子共存、离子推断、离子方程式,离子推断的四原则
CHEMISTRY,0015,13,第二章 离子反应 氧化还原反应 / 第1节 离子反应 离子方程式的书写与判断 / 离子共存、离子推断、离子方程式,离子方程式的书写步骤
CHEMISTRY,0015,13,第二章 离子反应 氧化还原反应 / 第1节 离子反应 离子方程式的书写与判断 / 离子共存、离子推断、离子方程式,离子方程式书写的两易、两等、两查
CHEMISTRY,0015,13,第二章 离子反应 氧化还原反应 / 第1节 离子反应 离子方程式的书写与判断 / 离子共存、离子推断、离子方程式,微溶物的书写规则
CHEMISTRY,0015,13,第二章 离子反应 氧化还原反应 / 第1节 离子反应 离子方程式的书写与判断 / 离子共存、离子推断、离子方程式,与量有关的离子方程式
CHEMISTRY,0015,13,第二章 离子反应 氧化还原反应 / 第1节 离子反应 离子方程式的书写与判断 / 离子共存、离子推断、离子方程式,连续型反应
CHEMISTRY,0016,14,第二章 离子反应 氧化还原反应 / 第1节 离子反应 离子方程式的书写与判断 / 与量有关的离子方程式、离子方程式正误判断,连续型反应
CHEMISTRY,0016,14,第二章 离子反应 氧化还原反应 / 第1节 离子反应 离子方程式的书写与判断 / 与量有关的离子方程式、离子方程式正误判断,物质配比型反应
CHEMISTRY,0016,14,第二章 离子反应 氧化还原反应 / 第1节 离子反应 离子方程式的书写与判断 / 与量有关的离子方程式、离子方程式正误判断,少量物质定为 1 mol 的配比法
CHEMISTRY,0016,14,第二章 离子反应 氧化还原反应 / 第1节 离子反应 离子方程式的书写与判断 / 与量有关的离子方程式、离子方程式正误判断,竞争型反应
CHEMISTRY,0016,14,第二章 离子反应 氧化还原反应 / 第1节 离子反应 离子方程式的书写与判断 / 与量有关的离子方程式、离子方程式正误判断,复分解反应型的反应先后顺序
CHEMISTRY,0016,14,第二章 离子反应 氧化还原反应 / 第1节 离子反应 离子方程式的书写与判断 / 与量有关的离子方程式、离子方程式正误判断,氧化还原反应型的反应先后顺序
CHEMISTRY,0016,14,第二章 离子反应 氧化还原反应 / 第1节 离子反应 离子方程式的书写与判断 / 与量有关的离子方程式、离子方程式正误判断,离子方程式正误判断
CHEMISTRY,0016,14,第二章 离子反应 氧化还原反应 / 第1节 离子反应 离子方程式的书写与判断 / 与量有关的离子方程式、离子方程式正误判断,明矾净水原理的离子方程式
CHEMISTRY,0017,15,第二章 离子反应 氧化还原反应 / 第1节 离子反应（续）· 第2节 氧化还原反应的概念和规律 / 知识清单,离子方程式正误判断
CHEMISTRY,0017,15,第二章 离子反应 氧化还原反应 / 第1节 离子反应（续）· 第2节 氧化还原反应的概念和规律 / 知识清单,反应物配比与题设条件对离子方程式的影响
CHEMISTRY,0017,15,第二章 离子反应 氧化还原反应 / 第1节 离子反应（续）· 第2节 氧化还原反应的概念和规律 / 知识清单,氧化还原反应的本质
CHEMISTRY,0017,15,第二章 离子反应 氧化还原反应 / 第1节 离子反应（续）· 第2节 氧化还原反应的概念和规律 / 知识清单,氧化还原反应的特征
CHEMISTRY,0017,15,第二章 离子反应 氧化还原反应 / 第1节 离子反应（续）· 第2节 氧化还原反应的概念和规律 / 知识清单,氧化剂与还原剂
CHEMISTRY,0017,15,第二章 离子反应 氧化还原反应 / 第1节 离子反应（续）· 第2节 氧化还原反应的概念和规律 / 知识清单,氧化产物与还原产物
CHEMISTRY,0017,15,第二章 离子反应 氧化还原反应 / 第1节 离子反应（续）· 第2节 氧化还原反应的概念和规律 / 知识清单,氧化还原反应与四种基本反应类型的关系
CHEMISTRY,0018,16,第二章 离子反应 氧化还原反应 / 第2节 氧化还原反应的概念和规律 / 常见氧化剂和还原剂、氧化性还原性强弱比较,常见的氧化剂
CHEMISTRY,0018,16,第二章 离子反应 氧化还原反应 / 第2节 氧化还原反应的概念和规律 / 常见氧化剂和还原剂、氧化性还原性强弱比较,常见的还原剂
CHEMISTRY,0018,16,第二章 离子反应 氧化还原反应 / 第2节 氧化还原反应的概念和规律 / 常见氧化剂和还原剂、氧化性还原性强弱比较,氧化性、还原性强弱的比较
CHEMISTRY,0018,16,第二章 离子反应 氧化还原反应 / 第2节 氧化还原反应的概念和规律 / 常见氧化剂和还原剂、氧化性还原性强弱比较,由反应方程式判断氧化性与还原性
CHEMISTRY,0018,16,第二章 离子反应 氧化还原反应 / 第2节 氧化还原反应的概念和规律 / 常见氧化剂和还原剂、氧化性还原性强弱比较,金属、非金属活动性顺序
CHEMISTRY,0018,16,第二章 离子反应 氧化还原反应 / 第2节 氧化还原反应的概念和规律 / 常见氧化剂和还原剂、氧化性还原性强弱比较,元素周期律与氧化性还原性
CHEMISTRY,0018,16,第二章 离子反应 氧化还原反应 / 第2节 氧化还原反应的概念和规律 / 常见氧化剂和还原剂、氧化性还原性强弱比较,由反应条件与剧烈程度比较
CHEMISTRY,0018,16,第二章 离子反应 氧化还原反应 / 第2节 氧化还原反应的概念和规律 / 常见氧化剂和还原剂、氧化性还原性强弱比较,由反应程度比较氧化性
CHEMISTRY,0018,16,第二章 离子反应 氧化还原反应 / 第2节 氧化还原反应的概念和规律 / 常见氧化剂和还原剂、氧化性还原性强弱比较,浓度、酸碱度对氧化性还原性的影响
CHEMISTRY,0019,17,第二章 离子反应 氧化还原反应 / 第2节 氧化还原反应的概念和规律 / 氧化还原反应的基本规律,酸碱度对氧化性的影响
CHEMISTRY,0019,17,第二章 离子反应 氧化还原反应 / 第2节 氧化还原反应的概念和规律 / 氧化还原反应的基本规律,电子转移难易与氧化性还原性强弱
CHEMISTRY,0019,17,第二章 离子反应 氧化还原反应 / 第2节 氧化还原反应的概念和规律 / 氧化还原反应的基本规律,氧化还原反应的守恒规律
CHEMISTRY,0019,17,第二章 离子反应 氧化还原反应 / 第2节 氧化还原反应的概念和规律 / 氧化还原反应的基本规律,氧化还原反应的强弱规律
CHEMISTRY,0019,17,第二章 离子反应 氧化还原反应 / 第2节 氧化还原反应的概念和规律 / 氧化还原反应的基本规律,价态规律
CHEMISTRY,0019,17,第二章 离子反应 氧化还原反应 / 第2节 氧化还原反应的概念和规律 / 氧化还原反应的基本规律,归中规律
CHEMISTRY,0019,17,第二章 离子反应 氧化还原反应 / 第2节 氧化还原反应的概念和规律 / 氧化还原反应的基本规律,同种元素相邻价态不发生氧化还原反应
CHEMISTRY,0019,17,第二章 离子反应 氧化还原反应 / 第2节 氧化还原反应的概念和规律 / 氧化还原反应的基本规律,难易规律
CHEMISTRY,0019,17,第二章 离子反应 氧化还原反应 / 第2节 氧化还原反应的概念和规律 / 氧化还原反应的基本规律,先后规律
CHEMISTRY,0020,18,第二章 离子反应 氧化还原反应 / 第3节 氧化还原反应方程式的书写与计算 / 知识清单,氧化还原反应方程式的配平原则
CHEMISTRY,0020,18,第二章 离子反应 氧化还原反应 / 第3节 氧化还原反应方程式的书写与计算 / 知识清单,得失电子守恒配平法
CHEMISTRY,0020,18,第二章 离子反应 氧化还原反应 / 第3节 氧化还原反应方程式的书写与计算 / 知识清单,电荷守恒配平法
CHEMISTRY,0020,18,第二章 离子反应 氧化还原反应 / 第3节 氧化还原反应方程式的书写与计算 / 知识清单,氧化还原反应方程式的配平步骤
CHEMISTRY,0020,18,第二章 离子反应 氧化还原反应 / 第3节 氧化还原反应方程式的书写与计算 / 知识清单,正向配平法
CHEMISTRY,0020,18,第二章 离子反应 氧化还原反应 / 第3节 氧化还原反应方程式的书写与计算 / 知识清单,逆向配平法
CHEMISTRY,0020,18,第二章 离子反应 氧化还原反应 / 第3节 氧化还原反应方程式的书写与计算 / 知识清单,缺项配平法
CHEMISTRY,0020,18,第二章 离子反应 氧化还原反应 / 第3节 氧化还原反应方程式的书写与计算 / 知识清单,有机物中碳元素化合价的判定
CHEMISTRY,0020,18,第二章 离子反应 氧化还原反应 / 第3节 氧化还原反应方程式的书写与计算 / 知识清单,特殊物质中元素的化合价
CHEMISTRY,0020,18,第二章 离子反应 氧化还原反应 / 第3节 氧化还原反应方程式的书写与计算 / 知识清单,得失电子守恒法计算
CHEMISTRY,0020,18,第二章 离子反应 氧化还原反应 / 第3节 氧化还原反应方程式的书写与计算 / 知识清单,单线桥与双线桥
CHEMISTRY,0021,19,第二章 离子反应 氧化还原反应 / 第3节（续）· 考法突破 3 新情境中反应方程式的书写,得失电子守恒的应用
CHEMISTRY,0021,19,第二章 离子反应 氧化还原反应 / 第3节（续）· 考法突破 3 新情境中反应方程式的书写,新情境中氧化还原反应方程式的书写
CHEMISTRY,0021,19,第二章 离子反应 氧化还原反应 / 第3节（续）· 考法突破 3 新情境中反应方程式的书写,氧化还原滴定数据处理
CHEMISTRY,0021,19,第二章 离子反应 氧化还原反应 / 第3节（续）· 考法突破 3 新情境中反应方程式的书写,由化合价升降确定氧化剂与还原产物
CHEMISTRY,0021,19,第二章 离子反应 氧化还原反应 / 第3节（续）· 考法突破 3 新情境中反应方程式的书写,缺项配平中 H⁺ 或 OH⁻ 的补充
CHEMISTRY,0022,20,第二章 离子反应 氧化还原反应 / 考法突破 3 新情境中反应方程式的书写,新情境中氧化还原反应方程式的书写
CHEMISTRY,0022,20,第二章 离子反应 氧化还原反应 / 考法突破 3 新情境中反应方程式的书写,中性溶液中配平电荷的加 H⁺ 或 OH⁻ 规则
CHEMISTRY,0022,20,第二章 离子反应 氧化还原反应 / 考法突破 3 新情境中反应方程式的书写,常见物质的氧化还原转化关系
CHEMISTRY,0022,20,第二章 离子反应 氧化还原反应 / 考法突破 3 新情境中反应方程式的书写,非氧化还原反应离子方程式的书写
CHEMISTRY,0022,20,第二章 离子反应 氧化还原反应 / 考法突破 3 新情境中反应方程式的书写,根据题干或流程图信息书写方程式
CHEMISTRY,0022,20,第二章 离子反应 氧化还原反应 / 考法突破 3 新情境中反应方程式的书写,由元素周期律类比迁移
CHEMISTRY,0022,20,第二章 离子反应 氧化还原反应 / 考法突破 3 新情境中反应方程式的书写,基于盐类水解原理书写方程式
CHEMISTRY,0022,20,第二章 离子反应 氧化还原反应 / 考法突破 3 新情境中反应方程式的书写,由物质稳定性推断分解产物
CHEMISTRY,0022,20,第二章 离子反应 氧化还原反应 / 考法突破 3 新情境中反应方程式的书写,由平衡移动原理书写离子方程式
CHEMISTRY,0023,22,第三章 金属及其化合物 / 第1节 钠及其化合物 / 知识清单,钠的物理性质与保存
CHEMISTRY,0023,22,第三章 金属及其化合物 / 第1节 钠及其化合物 / 知识清单,钠的化学性质
CHEMISTRY,0023,22,第三章 金属及其化合物 / 第1节 钠及其化合物 / 知识清单,钠的用途
CHEMISTRY,0023,22,第三章 金属及其化合物 / 第1节 钠及其化合物 / 知识清单,氧化钠
CHEMISTRY,0023,22,第三章 金属及其化合物 / 第1节 钠及其化合物 / 知识清单,过氧化钠
CHEMISTRY,0023,22,第三章 金属及其化合物 / 第1节 钠及其化合物 / 知识清单,过氧化钠的电子式
CHEMISTRY,0023,22,第三章 金属及其化合物 / 第1节 钠及其化合物 / 知识清单,碳酸钠与碳酸氢钠
CHEMISTRY,0023,22,第三章 金属及其化合物 / 第1节 钠及其化合物 / 知识清单,碳酸钠与碳酸氢钠的相互转化
CHEMISTRY,0023,22,第三章 金属及其化合物 / 第1节 钠及其化合物 / 知识清单,碳酸钠与碳酸氢钠的鉴别
CHEMISTRY,0023,22,第三章 金属及其化合物 / 第1节 钠及其化合物 / 知识清单,焰色试验
CHEMISTRY,0023,22,第三章 金属及其化合物 / 第1节 钠及其化合物 / 知识清单,焰色试验的本质与实验步骤
CHEMISTRY,0025,23,第三章 金属及其化合物 / 第1节 钠及其化合物（续）· 碱金属单质的性质,侯氏制碱法
CHEMISTRY,0025,23,第三章 金属及其化合物 / 第1节 钠及其化合物（续）· 碱金属单质的性质,侯氏制碱法的反应原理
CHEMISTRY,0025,23,第三章 金属及其化合物 / 第1节 钠及其化合物（续）· 碱金属单质的性质,侯氏制碱法的循环物质
CHEMISTRY,0025,23,第三章 金属及其化合物 / 第1节 钠及其化合物（续）· 碱金属单质的性质,索尔维法与侯氏制碱法的比较
CHEMISTRY,0025,23,第三章 金属及其化合物 / 第1节 钠及其化合物（续）· 碱金属单质的性质,碱金属单质的物理性质
CHEMISTRY,0025,23,第三章 金属及其化合物 / 第1节 钠及其化合物（续）· 碱金属单质的性质,碱金属的密度递变规律
CHEMISTRY,0025,23,第三章 金属及其化合物 / 第1节 钠及其化合物（续）· 碱金属单质的性质,碱金属与水、氧气的反应规律
CHEMISTRY,0025,23,第三章 金属及其化合物 / 第1节 钠及其化合物（续）· 碱金属单质的性质,超氧化钾
CHEMISTRY,0026,24,第三章 金属及其化合物 / 第2节 铁及其化合物 / 知识清单,铁的物理性质
CHEMISTRY,0026,24,第三章 金属及其化合物 / 第2节 铁及其化合物 / 知识清单,铁的化学性质
CHEMISTRY,0026,24,第三章 金属及其化合物 / 第2节 铁及其化合物 / 知识清单,铁的钝化
CHEMISTRY,0026,24,第三章 金属及其化合物 / 第2节 铁及其化合物 / 知识清单,铁与稀硝酸的反应
CHEMISTRY,0026,24,第三章 金属及其化合物 / 第2节 铁及其化合物 / 知识清单,铁与不同氧化性非金属单质的反应
CHEMISTRY,0026,24,第三章 金属及其化合物 / 第2节 铁及其化合物 / 知识清单,铁的氧化物
CHEMISTRY,0026,24,第三章 金属及其化合物 / 第2节 铁及其化合物 / 知识清单,铁的氢氧化物
CHEMISTRY,0026,24,第三章 金属及其化合物 / 第2节 铁及其化合物 / 知识清单,Fe(OH)₂ 的制备与氧化
CHEMISTRY,0026,24,第三章 金属及其化合物 / 第2节 铁及其化合物 / 知识清单,Fe²⁺ 与 Fe³⁺ 的检验
CHEMISTRY,0026,24,第三章 金属及其化合物 / 第2节 铁及其化合物 / 知识清单,铁氰化钾检验 Fe²⁺
CHEMISTRY,0026,24,第三章 金属及其化合物 / 第2节 铁及其化合物 / 知识清单,邻二氮菲检验 Fe²⁺
CHEMISTRY,0026,24,第三章 金属及其化合物 / 第2节 铁及其化合物 / 知识清单,Fe²⁺ 与 Fe³⁺ 的相互转化
CHEMISTRY,0026,24,第三章 金属及其化合物 / 第2节 铁及其化合物 / 知识清单,铁元素的价—类二维图
CHEMISTRY,0027,25,第三章 金属及其化合物 / 第3节 金属资源的开发利用 / 知识清单,金属冶炼方法
CHEMISTRY,0027,25,第三章 金属及其化合物 / 第3节 金属资源的开发利用 / 知识清单,电解法冶炼活泼金属
CHEMISTRY,0027,25,第三章 金属及其化合物 / 第3节 金属资源的开发利用 / 知识清单,热还原法冶炼金属
CHEMISTRY,0027,25,第三章 金属及其化合物 / 第3节 金属资源的开发利用 / 知识清单,热分解法冶炼不活泼金属
CHEMISTRY,0027,25,第三章 金属及其化合物 / 第3节 金属资源的开发利用 / 知识清单,钾的冶炼原理
CHEMISTRY,0027,25,第三章 金属及其化合物 / 第3节 金属资源的开发利用 / 知识清单,合金
CHEMISTRY,0027,25,第三章 金属及其化合物 / 第3节 金属资源的开发利用 / 知识清单,合金的性能特点
CHEMISTRY,0027,25,第三章 金属及其化合物 / 第3节 金属资源的开发利用 / 知识清单,铁合金与碳素钢
CHEMISTRY,0027,25,第三章 金属及其化合物 / 第3节 金属资源的开发利用 / 知识清单,铝合金
CHEMISTRY,0027,25,第三章 金属及其化合物 / 第3节 金属资源的开发利用 / 知识清单,新型合金
CHEMISTRY,0028,26,第三章 金属及其化合物 / 第3节 金属资源的开发利用 / 镁、铝、铜及其化合物的性质,镁的物理性质与化学性质
CHEMISTRY,0028,26,第三章 金属及其化合物 / 第3节 金属资源的开发利用 / 镁、铝、铜及其化合物的性质,镁的用途
CHEMISTRY,0028,26,第三章 金属及其化合物 / 第3节 金属资源的开发利用 / 镁、铝、铜及其化合物的性质,氧化镁
CHEMISTRY,0028,26,第三章 金属及其化合物 / 第3节 金属资源的开发利用 / 镁、铝、铜及其化合物的性质,氢氧化镁
CHEMISTRY,0028,26,第三章 金属及其化合物 / 第3节 金属资源的开发利用 / 镁、铝、铜及其化合物的性质,从海水中提取金属镁
CHEMISTRY,0028,26,第三章 金属及其化合物 / 第3节 金属资源的开发利用 / 镁、铝、铜及其化合物的性质,铝的物理性质与化学性质
CHEMISTRY,0028,26,第三章 金属及其化合物 / 第3节 金属资源的开发利用 / 镁、铝、铜及其化合物的性质,铝的钝化
CHEMISTRY,0028,26,第三章 金属及其化合物 / 第3节 金属资源的开发利用 / 镁、铝、铜及其化合物的性质,氧化铝
CHEMISTRY,0028,26,第三章 金属及其化合物 / 第3节 金属资源的开发利用 / 镁、铝、铜及其化合物的性质,两性氧化物
CHEMISTRY,0028,26,第三章 金属及其化合物 / 第3节 金属资源的开发利用 / 镁、铝、铜及其化合物的性质,氢氧化铝
CHEMISTRY,0028,26,第三章 金属及其化合物 / 第3节 金属资源的开发利用 / 镁、铝、铜及其化合物的性质,两性氢氧化物
CHEMISTRY,0028,26,第三章 金属及其化合物 / 第3节 金属资源的开发利用 / 镁、铝、铜及其化合物的性质,四羟基合铝酸钠
CHEMISTRY,0028,26,第三章 金属及其化合物 / 第3节 金属资源的开发利用 / 镁、铝、铜及其化合物的性质,铜的物理性质与化学性质
CHEMISTRY,0028,26,第三章 金属及其化合物 / 第3节 金属资源的开发利用 / 镁、铝、铜及其化合物的性质,铜绿的形成
CHEMISTRY,0028,26,第三章 金属及其化合物 / 第3节 金属资源的开发利用 / 镁、铝、铜及其化合物的性质,氧化性强弱对铜产物价态的影响
CHEMISTRY,0029,27,第三章 金属及其化合物 / 第一节 钠及其化合物（承接上一页的金属知识梳理） / 铜及其化合物的性质与转化,氧化亚铜的性质
CHEMISTRY,0029,27,第三章 金属及其化合物 / 第一节 钠及其化合物（承接上一页的金属知识梳理） / 铜及其化合物的性质与转化,氧化亚铜与稀硫酸的歧化反应
CHEMISTRY,0029,27,第三章 金属及其化合物 / 第一节 钠及其化合物（承接上一页的金属知识梳理） / 铜及其化合物的性质与转化,无水硫酸铜检验水
CHEMISTRY,0029,27,第三章 金属及其化合物 / 第一节 钠及其化合物（承接上一页的金属知识梳理） / 铜及其化合物的性质与转化,铜的化合物间转化关系
CHEMISTRY,0029,27,第三章 金属及其化合物 / 第一节 钠及其化合物（承接上一页的金属知识梳理） / 铜及其化合物的性质与转化,胆矾与无水硫酸铜的相互转化
CHEMISTRY,0030,28,微专题 1 化工流程题解题策略,化工流程图的结构主线
CHEMISTRY,0030,28,微专题 1 化工流程题解题策略,原料预处理的读题方法
CHEMISTRY,0030,28,微专题 1 化工流程题解题策略,元素守恒与化合价升降分析法
CHEMISTRY,0030,28,微专题 1 化工流程题解题策略,粉碎研磨的作用
CHEMISTRY,0030,28,微专题 1 化工流程题解题策略,水浸、酸浸、碱浸、盐浸
CHEMISTRY,0030,28,微专题 1 化工流程题解题策略,提高浸出率的方法
CHEMISTRY,0030,28,微专题 1 化工流程题解题策略,焙烧、煅烧、灼烧的作用
CHEMISTRY,0030,28,微专题 1 化工流程题解题策略,温度对反应的影响
CHEMISTRY,0030,28,微专题 1 化工流程题解题策略,温度过高或过低的答题思路
CHEMISTRY,0030,28,微专题 1 化工流程题解题策略,酸浸中硫酸盐沉淀的二次除杂
CHEMISTRY,0030,28,微专题 1 化工流程题解题策略,盐酸浸取与氧化剂的相互影响
CHEMISTRY,0031,29,微专题 1 化工流程题解题策略（承上页）,压强对反应的影响
CHEMISTRY,0031,29,微专题 1 化工流程题解题策略（承上页）,减压蒸馏
CHEMISTRY,0031,29,微专题 1 化工流程题解题策略（承上页）,调节 pH 的目的与原则
CHEMISTRY,0031,29,微专题 1 化工流程题解题策略（承上页）,调节 pH 的常用试剂
CHEMISTRY,0031,29,微专题 1 化工流程题解题策略（承上页）,调节 pH 的注意事项
CHEMISTRY,0031,29,微专题 1 化工流程题解题策略（承上页）,金属离子沉淀完全的 pH 判断
CHEMISTRY,0031,29,微专题 1 化工流程题解题策略（承上页）,除杂时沉淀剂的选择
CHEMISTRY,0031,29,微专题 1 化工流程题解题策略（承上页）,溶度积常数的计算
CHEMISTRY,0031,29,微专题 1 化工流程题解题策略（承上页）,过滤与抽滤
CHEMISTRY,0031,29,微专题 1 化工流程题解题策略（承上页）,萃取和分液
CHEMISTRY,0031,29,微专题 1 化工流程题解题策略（承上页）,蒸发结晶与冷却结晶的选择
CHEMISTRY,0031,29,微专题 1 化工流程题解题策略（承上页）,蒸馏和分馏
CHEMISTRY,0031,29,微专题 1 化工流程题解题策略（承上页）,反萃取
CHEMISTRY,0031,29,微专题 1 化工流程题解题策略（承上页）,趁热过滤的目的
CHEMISTRY,0031,29,微专题 1 化工流程题解题策略（承上页）,洗涤沉淀的方法
CHEMISTRY,0031,29,微专题 1 化工流程题解题策略（承上页）,气体氛围中蒸发防水解
CHEMISTRY,0031,29,微专题 1 化工流程题解题策略（承上页）,重结晶
CHEMISTRY,0032,30,微专题 1 化工流程题解题策略（承上页）,循环物质的判断
CHEMISTRY,0032,30,微专题 1 化工流程题解题策略（承上页）,化工流程图中箭头回头的含义
CHEMISTRY,0032,30,微专题 1 化工流程题解题策略（承上页）,母液的循环利用
CHEMISTRY,0032,30,微专题 1 化工流程题解题策略（承上页）,调 pH 沉淀法
CHEMISTRY,0032,30,微专题 1 化工流程题解题策略（承上页）,碳酸氢盐沉淀法
CHEMISTRY,0034,32,第四章 非金属及其化合物 / 第 1 节 硅及其化合物 无机非金属材料 / 硅及其化合物、无机非金属材料,粗硅的制备
CHEMISTRY,0034,32,第四章 非金属及其化合物 / 第 1 节 硅及其化合物 无机非金属材料 / 硅及其化合物、无机非金属材料,硅的用途
CHEMISTRY,0034,32,第四章 非金属及其化合物 / 第 1 节 硅及其化合物 无机非金属材料 / 硅及其化合物、无机非金属材料,二氧化硅的存在形式与物理性质
CHEMISTRY,0034,32,第四章 非金属及其化合物 / 第 1 节 硅及其化合物 无机非金属材料 / 硅及其化合物、无机非金属材料,二氧化硅与碱、碱性氧化物的反应
CHEMISTRY,0034,32,第四章 非金属及其化合物 / 第 1 节 硅及其化合物 无机非金属材料 / 硅及其化合物、无机非金属材料,二氧化硅与氢氟酸反应
CHEMISTRY,0034,32,第四章 非金属及其化合物 / 第 1 节 硅及其化合物 无机非金属材料 / 硅及其化合物、无机非金属材料,盛碱试剂瓶用橡胶塞
CHEMISTRY,0034,32,第四章 非金属及其化合物 / 第 1 节 硅及其化合物 无机非金属材料 / 硅及其化合物、无机非金属材料,硅酸的性质与制备
CHEMISTRY,0034,32,第四章 非金属及其化合物 / 第 1 节 硅及其化合物 无机非金属材料 / 硅及其化合物、无机非金属材料,硅胶
CHEMISTRY,0034,32,第四章 非金属及其化合物 / 第 1 节 硅及其化合物 无机非金属材料 / 硅及其化合物、无机非金属材料,硅酸钠与水玻璃
CHEMISTRY,0034,32,第四章 非金属及其化合物 / 第 1 节 硅及其化合物 无机非金属材料 / 硅及其化合物、无机非金属材料,硅酸盐材料
CHEMISTRY,0034,32,第四章 非金属及其化合物 / 第 1 节 硅及其化合物 无机非金属材料 / 硅及其化合物、无机非金属材料,玻璃的生产原理
CHEMISTRY,0034,32,第四章 非金属及其化合物 / 第 1 节 硅及其化合物 无机非金属材料 / 硅及其化合物、无机非金属材料,新型陶瓷与碳化硅
CHEMISTRY,0034,32,第四章 非金属及其化合物 / 第 1 节 硅及其化合物 无机非金属材料 / 硅及其化合物、无机非金属材料,碳纳米材料
CHEMISTRY,0035,33,第四章 非金属及其化合物 / 第 2 节 卤族元素 海水资源的开发利用 / 氯气及其化合物,氯气的物理性质
CHEMISTRY,0035,33,第四章 非金属及其化合物 / 第 2 节 卤族元素 海水资源的开发利用 / 氯气及其化合物,氯气与金属、非金属的反应
CHEMISTRY,0035,33,第四章 非金属及其化合物 / 第 2 节 卤族元素 海水资源的开发利用 / 氯气及其化合物,氯气与还原性物质的反应
CHEMISTRY,0035,33,第四章 非金属及其化合物 / 第 2 节 卤族元素 海水资源的开发利用 / 氯气及其化合物,氯气与碱、水的反应
CHEMISTRY,0035,33,第四章 非金属及其化合物 / 第 2 节 卤族元素 海水资源的开发利用 / 氯气及其化合物,氯气与变价金属生成高价氯化物
CHEMISTRY,0035,33,第四章 非金属及其化合物 / 第 2 节 卤族元素 海水资源的开发利用 / 氯气及其化合物,氯气的实验室制法
CHEMISTRY,0035,33,第四章 非金属及其化合物 / 第 2 节 卤族元素 海水资源的开发利用 / 氯气及其化合物,氯气制取装置的净化与尾气吸收
CHEMISTRY,0035,33,第四章 非金属及其化合物 / 第 2 节 卤族元素 海水资源的开发利用 / 氯气及其化合物,新制氯水的成分
CHEMISTRY,0035,33,第四章 非金属及其化合物 / 第 2 节 卤族元素 海水资源的开发利用 / 氯气及其化合物,氯水中各微粒的性质
CHEMISTRY,0035,33,第四章 非金属及其化合物 / 第 2 节 卤族元素 海水资源的开发利用 / 氯气及其化合物,氯水的漂白性
CHEMISTRY,0035,33,第四章 非金属及其化合物 / 第 2 节 卤族元素 海水资源的开发利用 / 氯气及其化合物,次氯酸的性质
CHEMISTRY,0035,33,第四章 非金属及其化合物 / 第 2 节 卤族元素 海水资源的开发利用 / 氯气及其化合物,漂白液的制备与成分
CHEMISTRY,0035,33,第四章 非金属及其化合物 / 第 2 节 卤族元素 海水资源的开发利用 / 氯气及其化合物,漂白粉的制备、成分与失效
CHEMISTRY,0036,34,第四章 非金属及其化合物 / 第 2 节 卤族元素 海水资源的开发利用 / 氯及其化合物间的转化、卤素单质的性质、卤素离子的检验,氯元素的价—类二维图
CHEMISTRY,0036,34,第四章 非金属及其化合物 / 第 2 节 卤族元素 海水资源的开发利用 / 氯及其化合物间的转化、卤素单质的性质、卤素离子的检验,氯气与碱的歧化反应
CHEMISTRY,0036,34,第四章 非金属及其化合物 / 第 2 节 卤族元素 海水资源的开发利用 / 氯及其化合物间的转化、卤素单质的性质、卤素离子的检验,氯的含氧酸盐间的归中反应
CHEMISTRY,0036,34,第四章 非金属及其化合物 / 第 2 节 卤族元素 海水资源的开发利用 / 氯及其化合物间的转化、卤素单质的性质、卤素离子的检验,歧化反应需碱性、归中反应需酸性
CHEMISTRY,0036,34,第四章 非金属及其化合物 / 第 2 节 卤族元素 海水资源的开发利用 / 氯及其化合物间的转化、卤素单质的性质、卤素离子的检验,卤素单质的相似性
CHEMISTRY,0036,34,第四章 非金属及其化合物 / 第 2 节 卤族元素 海水资源的开发利用 / 氯及其化合物间的转化、卤素单质的性质、卤素离子的检验,卤素单质性质的递变性
CHEMISTRY,0036,34,第四章 非金属及其化合物 / 第 2 节 卤族元素 海水资源的开发利用 / 氯及其化合物间的转化、卤素单质的性质、卤素离子的检验,氟元素的特殊性
CHEMISTRY,0036,34,第四章 非金属及其化合物 / 第 2 节 卤族元素 海水资源的开发利用 / 氯及其化合物间的转化、卤素单质的性质、卤素离子的检验,溴单质的保存
CHEMISTRY,0036,34,第四章 非金属及其化合物 / 第 2 节 卤族元素 海水资源的开发利用 / 氯及其化合物间的转化、卤素单质的性质、卤素离子的检验,碘与淀粉的显色反应
CHEMISTRY,0036,34,第四章 非金属及其化合物 / 第 2 节 卤族元素 海水资源的开发利用 / 氯及其化合物间的转化、卤素单质的性质、卤素离子的检验,硫代硫酸钠与碘的反应
CHEMISTRY,0036,34,第四章 非金属及其化合物 / 第 2 节 卤族元素 海水资源的开发利用 / 氯及其化合物间的转化、卤素单质的性质、卤素离子的检验,卤素互化物
CHEMISTRY,0036,34,第四章 非金属及其化合物 / 第 2 节 卤族元素 海水资源的开发利用 / 氯及其化合物间的转化、卤素单质的性质、卤素离子的检验,拟卤素与换元法
CHEMISTRY,0036,34,第四章 非金属及其化合物 / 第 2 节 卤族元素 海水资源的开发利用 / 氯及其化合物间的转化、卤素单质的性质、卤素离子的检验,卤素离子的沉淀法检验
CHEMISTRY,0036,34,第四章 非金属及其化合物 / 第 2 节 卤族元素 海水资源的开发利用 / 氯及其化合物间的转化、卤素单质的性质、卤素离子的检验,卤素离子的置换—萃取法检验
CHEMISTRY,0036,34,第四章 非金属及其化合物 / 第 2 节 卤族元素 海水资源的开发利用 / 氯及其化合物间的转化、卤素单质的性质、卤素离子的检验,碘离子的氧化—淀粉法检验
CHEMISTRY,0037,35,第四章 非金属及其化合物 / 第 2 节 卤族元素 海水资源的开发利用 / 海水资源的开发利用,氯碱工业的反应原理
CHEMISTRY,0037,35,第四章 非金属及其化合物 / 第 2 节 卤族元素 海水资源的开发利用 / 海水资源的开发利用,海水提溴的流程
CHEMISTRY,0037,35,第四章 非金属及其化合物 / 第 2 节 卤族元素 海水资源的开发利用 / 海水资源的开发利用,海水提溴中的氧化还原反应
CHEMISTRY,0037,35,第四章 非金属及其化合物 / 第 2 节 卤族元素 海水资源的开发利用 / 海水资源的开发利用,溴的吹出与富集
CHEMISTRY,0037,35,第四章 非金属及其化合物 / 第 2 节 卤族元素 海水资源的开发利用 / 海水资源的开发利用,海带提碘的流程
CHEMISTRY,0037,35,第四章 非金属及其化合物 / 第 2 节 卤族元素 海水资源的开发利用 / 海水资源的开发利用,碘的萃取与分液
CHEMISTRY,0037,35,第四章 非金属及其化合物 / 第 2 节 卤族元素 海水资源的开发利用 / 海水资源的开发利用,反萃取法提碘
CHEMISTRY,0037,35,第四章 非金属及其化合物 / 第 2 节 卤族元素 海水资源的开发利用 / 海水资源的开发利用,碘的归中反应
CHEMISTRY,0038,36,第四章 非金属及其化合物 / 第 3 节 硫及其化合物 / 硫单质、二氧化硫、三氧化硫、硫化氢、硫酸,硫单质的物理性质
CHEMISTRY,0038,36,第四章 非金属及其化合物 / 第 3 节 硫及其化合物 / 硫单质、二氧化硫、三氧化硫、硫化氢、硫酸,硫单质的氧化性与还原性
CHEMISTRY,0038,36,第四章 非金属及其化合物 / 第 3 节 硫及其化合物 / 硫单质、二氧化硫、三氧化硫、硫化氢、硫酸,二氧化硫的物理性质
CHEMISTRY,0038,36,第四章 非金属及其化合物 / 第 3 节 硫及其化合物 / 硫单质、二氧化硫、三氧化硫、硫化氢、硫酸,二氧化硫的酸性氧化物性质
CHEMISTRY,0038,36,第四章 非金属及其化合物 / 第 3 节 硫及其化合物 / 硫单质、二氧化硫、三氧化硫、硫化氢、硫酸,二氧化硫的还原性
CHEMISTRY,0038,36,第四章 非金属及其化合物 / 第 3 节 硫及其化合物 / 硫单质、二氧化硫、三氧化硫、硫化氢、硫酸,二氧化硫的漂白性
CHEMISTRY,0038,36,第四章 非金属及其化合物 / 第 3 节 硫及其化合物 / 硫单质、二氧化硫、三氧化硫、硫化氢、硫酸,二氧化硫与二氧化碳的鉴别与除杂顺序
CHEMISTRY,0038,36,第四章 非金属及其化合物 / 第 3 节 硫及其化合物 / 硫单质、二氧化硫、三氧化硫、硫化氢、硫酸,二氧化硫的实验室制法
CHEMISTRY,0038,36,第四章 非金属及其化合物 / 第 3 节 硫及其化合物 / 硫单质、二氧化硫、三氧化硫、硫化氢、硫酸,二氧化硫的用途
CHEMISTRY,0038,36,第四章 非金属及其化合物 / 第 3 节 硫及其化合物 / 硫单质、二氧化硫、三氧化硫、硫化氢、硫酸,三氧化硫的性质
CHEMISTRY,0038,36,第四章 非金属及其化合物 / 第 3 节 硫及其化合物 / 硫单质、二氧化硫、三氧化硫、硫化氢、硫酸,硫化氢的性质
CHEMISTRY,0038,36,第四章 非金属及其化合物 / 第 3 节 硫及其化合物 / 硫单质、二氧化硫、三氧化硫、硫化氢、硫酸,硫酸的物理性质
CHEMISTRY,0038,36,第四章 非金属及其化合物 / 第 3 节 硫及其化合物 / 硫单质、二氧化硫、三氧化硫、硫化氢、硫酸,浓硫酸的三大特性
CHEMISTRY,0038,36,第四章 非金属及其化合物 / 第 3 节 硫及其化合物 / 硫单质、二氧化硫、三氧化硫、硫化氢、硫酸,浓硫酸的强氧化性
CHEMISTRY,0038,36,第四章 非金属及其化合物 / 第 3 节 硫及其化合物 / 硫单质、二氧化硫、三氧化硫、硫化氢、硫酸,钝化现象
CHEMISTRY,0038,36,第四章 非金属及其化合物 / 第 3 节 硫及其化合物 / 硫单质、二氧化硫、三氧化硫、硫化氢、硫酸,接触法制硫酸
CHEMISTRY,0038,36,第四章 非金属及其化合物 / 第 3 节 硫及其化合物 / 硫单质、二氧化硫、三氧化硫、硫化氢、硫酸,硫酸根离子的检验
CHEMISTRY,0039,37,第四章 非金属及其化合物 / 第 3 节 硫及其化合物 / 硫酸根离子的检验、硫及其化合物间的转化,硫酸根离子的检验方法
CHEMISTRY,0039,37,第四章 非金属及其化合物 / 第 3 节 硫及其化合物 / 硫酸根离子的检验、硫及其化合物间的转化,加盐酸排除干扰离子
CHEMISTRY,0039,37,第四章 非金属及其化合物 / 第 3 节 硫及其化合物 / 硫酸根离子的检验、硫及其化合物间的转化,硫元素的价—类二维图
CHEMISTRY,0039,37,第四章 非金属及其化合物 / 第 3 节 硫及其化合物 / 硫酸根离子的检验、硫及其化合物间的转化,硫元素化合价的台阶式升降
CHEMISTRY,0039,37,第四章 非金属及其化合物 / 第 3 节 硫及其化合物 / 硫酸根离子的检验、硫及其化合物间的转化,浓硫酸干燥二氧化硫
CHEMISTRY,0039,37,第四章 非金属及其化合物 / 第 3 节 硫及其化合物 / 硫酸根离子的检验、硫及其化合物间的转化,含硫物质的连续氧化
CHEMISTRY,0039,37,第四章 非金属及其化合物 / 第 3 节 硫及其化合物 / 硫酸根离子的检验、硫及其化合物间的转化,硫不能一步氧化为三氧化硫
CHEMISTRY,0039,37,第四章 非金属及其化合物 / 第 3 节 硫及其化合物 / 硫酸根离子的检验、硫及其化合物间的转化,+4 价硫化合物的相互转化
CHEMISTRY,0039,37,第四章 非金属及其化合物 / 第 3 节 硫及其化合物 / 硫酸根离子的检验、硫及其化合物间的转化,硫在自然界中的循环
CHEMISTRY,0040,38,第四章 非金属及其化合物 / 第 4 节 氮及其化合物 / 氮气、氮的氧化物、硝酸、氨及铵盐,氮气的结构与化学性质
CHEMISTRY,0040,38,第四章 非金属及其化合物 / 第 4 节 氮及其化合物 / 氮气、氮的氧化物、硝酸、氨及铵盐,氮的固定
CHEMISTRY,0040,38,第四章 非金属及其化合物 / 第 4 节 氮及其化合物 / 氮气、氮的氧化物、硝酸、氨及铵盐,一氧化氮与二氧化氮的性质
CHEMISTRY,0040,38,第四章 非金属及其化合物 / 第 4 节 氮及其化合物 / 氮气、氮的氧化物、硝酸、氨及铵盐,二氧化氮与四氧化二氮的平衡
CHEMISTRY,0040,38,第四章 非金属及其化合物 / 第 4 节 氮及其化合物 / 氮气、氮的氧化物、硝酸、氨及铵盐,氮氧化物的污染
CHEMISTRY,0040,38,第四章 非金属及其化合物 / 第 4 节 氮及其化合物 / 氮气、氮的氧化物、硝酸、氨及铵盐,硝酸的物理性质
CHEMISTRY,0040,38,第四章 非金属及其化合物 / 第 4 节 氮及其化合物 / 氮气、氮的氧化物、硝酸、氨及铵盐,硝酸的强氧化性
CHEMISTRY,0040,38,第四章 非金属及其化合物 / 第 4 节 氮及其化合物 / 氮气、氮的氧化物、硝酸、氨及铵盐,硝酸与金属、非金属的反应
CHEMISTRY,0040,38,第四章 非金属及其化合物 / 第 4 节 氮及其化合物 / 氮气、氮的氧化物、硝酸、氨及铵盐,硝酸的不稳定性
CHEMISTRY,0040,38,第四章 非金属及其化合物 / 第 4 节 氮及其化合物 / 氮气、氮的氧化物、硝酸、氨及铵盐,硝酸的工业制法
CHEMISTRY,0040,38,第四章 非金属及其化合物 / 第 4 节 氮及其化合物 / 氮气、氮的氧化物、硝酸、氨及铵盐,氨的分子结构与空间构型
CHEMISTRY,0040,38,第四章 非金属及其化合物 / 第 4 节 氮及其化合物 / 氮气、氮的氧化物、硝酸、氨及铵盐,氨的物理性质
CHEMISTRY,0040,38,第四章 非金属及其化合物 / 第 4 节 氮及其化合物 / 氮气、氮的氧化物、硝酸、氨及铵盐,氨与水、酸、氧气的反应
CHEMISTRY,0040,38,第四章 非金属及其化合物 / 第 4 节 氮及其化合物 / 氮气、氮的氧化物、硝酸、氨及铵盐,氨的配位性
CHEMISTRY,0040,38,第四章 非金属及其化合物 / 第 4 节 氮及其化合物 / 氮气、氮的氧化物、硝酸、氨及铵盐,氨的实验室制法
CHEMISTRY,0040,38,第四章 非金属及其化合物 / 第 4 节 氮及其化合物 / 氮气、氮的氧化物、硝酸、氨及铵盐,氨的验满方法
CHEMISTRY,0040,38,第四章 非金属及其化合物 / 第 4 节 氮及其化合物 / 氮气、氮的氧化物、硝酸、氨及铵盐,氨的工业合成
CHEMISTRY,0041,39,第四章 非金属及其化合物 / 第 4 节 氮及其化合物 / 铵盐、氮及其化合物间的转化,喷泉实验的原理
CHEMISTRY,0041,39,第四章 非金属及其化合物 / 第 4 节 氮及其化合物 / 铵盐、氮及其化合物间的转化,形成喷泉的气体与液体组合
CHEMISTRY,0041,39,第四章 非金属及其化合物 / 第 4 节 氮及其化合物 / 铵盐、氮及其化合物间的转化,铵盐的物理性质
CHEMISTRY,0041,39,第四章 非金属及其化合物 / 第 4 节 氮及其化合物 / 铵盐、氮及其化合物间的转化,铵盐与碱的反应
CHEMISTRY,0041,39,第四章 非金属及其化合物 / 第 4 节 氮及其化合物 / 铵盐、氮及其化合物间的转化,铵盐的受热分解
CHEMISTRY,0041,39,第四章 非金属及其化合物 / 第 4 节 氮及其化合物 / 铵盐、氮及其化合物间的转化,铵根离子的水解
CHEMISTRY,0041,39,第四章 非金属及其化合物 / 第 4 节 氮及其化合物 / 铵盐、氮及其化合物间的转化,铵根离子的检验
CHEMISTRY,0041,39,第四章 非金属及其化合物 / 第 4 节 氮及其化合物 / 铵盐、氮及其化合物间的转化,氮元素的价—类二维图
CHEMISTRY,0041,39,第四章 非金属及其化合物 / 第 4 节 氮及其化合物 / 铵盐、氮及其化合物间的转化,氮氧化物的歧化反应
CHEMISTRY,0041,39,第四章 非金属及其化合物 / 第 4 节 氮及其化合物 / 铵盐、氮及其化合物间的转化,氮氧化物的归中反应
CHEMISTRY,0041,39,第四章 非金属及其化合物 / 第 4 节 氮及其化合物 / 铵盐、氮及其化合物间的转化,氮气不能一步氧化为二氧化氮
CHEMISTRY,0042,40,第五章 原子结构 元素周期律 / 第 1 节 原子结构 核外电子排布 / 原子的构成、核素与同位素、电子云与原子轨道、基态原子的核外电子排布,原子的构成
CHEMISTRY,0042,40,第五章 原子结构 元素周期律 / 第 1 节 原子结构 核外电子排布 / 原子的构成、核素与同位素、电子云与原子轨道、基态原子的核外电子排布,质量数与质子数、中子数的关系
CHEMISTRY,0042,40,第五章 原子结构 元素周期律 / 第 1 节 原子结构 核外电子排布 / 原子的构成、核素与同位素、电子云与原子轨道、基态原子的核外电子排布,元素、核素、同位素的概念
CHEMISTRY,0042,40,第五章 原子结构 元素周期律 / 第 1 节 原子结构 核外电子排布 / 原子的构成、核素与同位素、电子云与原子轨道、基态原子的核外电子排布,核素中子数可以为 0
CHEMISTRY,0042,40,第五章 原子结构 元素周期律 / 第 1 节 原子结构 核外电子排布 / 原子的构成、核素与同位素、电子云与原子轨道、基态原子的核外电子排布,概率密度与电子云
CHEMISTRY,0042,40,第五章 原子结构 元素周期律 / 第 1 节 原子结构 核外电子排布 / 原子的构成、核素与同位素、电子云与原子轨道、基态原子的核外电子排布,原子轨道的概念
CHEMISTRY,0042,40,第五章 原子结构 元素周期律 / 第 1 节 原子结构 核外电子排布 / 原子的构成、核素与同位素、电子云与原子轨道、基态原子的核外电子排布,原子轨道的形状与数目
CHEMISTRY,0042,40,第五章 原子结构 元素周期律 / 第 1 节 原子结构 核外电子排布 / 原子的构成、核素与同位素、电子云与原子轨道、基态原子的核外电子排布,原子轨道的能量高低顺序
CHEMISTRY,0042,40,第五章 原子结构 元素周期律 / 第 1 节 原子结构 核外电子排布 / 原子的构成、核素与同位素、电子云与原子轨道、基态原子的核外电子排布,电子的空间运动状态与运动状态
CHEMISTRY,0042,40,第五章 原子结构 元素周期律 / 第 1 节 原子结构 核外电子排布 / 原子的构成、核素与同位素、电子云与原子轨道、基态原子的核外电子排布,构造原理
CHEMISTRY,0042,40,第五章 原子结构 元素周期律 / 第 1 节 原子结构 核外电子排布 / 原子的构成、核素与同位素、电子云与原子轨道、基态原子的核外电子排布,能量最低原理
CHEMISTRY,0042,40,第五章 原子结构 元素周期律 / 第 1 节 原子结构 核外电子排布 / 原子的构成、核素与同位素、电子云与原子轨道、基态原子的核外电子排布,泡利原理
CHEMISTRY,0042,40,第五章 原子结构 元素周期律 / 第 1 节 原子结构 核外电子排布 / 原子的构成、核素与同位素、电子云与原子轨道、基态原子的核外电子排布,洪特规则
CHEMISTRY,0042,40,第五章 原子结构 元素周期律 / 第 1 节 原子结构 核外电子排布 / 原子的构成、核素与同位素、电子云与原子轨道、基态原子的核外电子排布,基态阳离子的电子排布式
CHEMISTRY,0042,40,第五章 原子结构 元素周期律 / 第 1 节 原子结构 核外电子排布 / 原子的构成、核素与同位素、电子云与原子轨道、基态原子的核外电子排布,原子结构示意图
CHEMISTRY,0043,41,第五章 原子结构 元素周期律 / 第 1 节 原子结构 核外电子排布（续）与第 2 节 元素周期表与元素周期律（起）,基态原子核外电子排布的表示方法
CHEMISTRY,0043,41,第五章 原子结构 元素周期律 / 第 1 节 原子结构 核外电子排布（续）与第 2 节 元素周期表与元素周期律（起）,电子排布式与简化电子排布式
CHEMISTRY,0043,41,第五章 原子结构 元素周期律 / 第 1 节 原子结构 核外电子排布（续）与第 2 节 元素周期表与元素周期律（起）,电子排布图
CHEMISTRY,0043,41,第五章 原子结构 元素周期律 / 第 1 节 原子结构 核外电子排布（续）与第 2 节 元素周期表与元素周期律（起）,价电子排布式
CHEMISTRY,0043,41,第五章 原子结构 元素周期律 / 第 1 节 原子结构 核外电子排布（续）与第 2 节 元素周期表与元素周期律（起）,全充满、半充满、全空结构的稳定性
CHEMISTRY,0043,41,第五章 原子结构 元素周期律 / 第 1 节 原子结构 核外电子排布（续）与第 2 节 元素周期表与元素周期律（起）,由价电子排布式判断元素所在周期
CHEMISTRY,0043,41,第五章 原子结构 元素周期律 / 第 1 节 原子结构 核外电子排布（续）与第 2 节 元素周期表与元素周期律（起）,基态、激发态与原子光谱
CHEMISTRY,0043,41,第五章 原子结构 元素周期律 / 第 1 节 原子结构 核外电子排布（续）与第 2 节 元素周期表与元素周期律（起）,元素周期表的结构
CHEMISTRY,0043,41,第五章 原子结构 元素周期律 / 第 1 节 原子结构 核外电子排布（续）与第 2 节 元素周期表与元素周期律（起）,元素周期表的 s、p、d、ds 分区
CHEMISTRY,0043,41,第五章 原子结构 元素周期律 / 第 1 节 原子结构 核外电子排布（续）与第 2 节 元素周期表与元素周期律（起）,价电子排布与元素性质的关系
CHEMISTRY,0044,42,第五章 原子结构 元素周期律 / 第 2 节 元素周期表与元素周期律 / 元素周期表与元素周期律的应用、元素周期律,元素周期表的分区
CHEMISTRY,0044,42,第五章 原子结构 元素周期律 / 第 2 节 元素周期表与元素周期律 / 元素周期表与元素周期律的应用、元素周期律,元素周期表和元素周期律的应用
CHEMISTRY,0044,42,第五章 原子结构 元素周期律 / 第 2 节 元素周期表与元素周期律 / 元素周期表与元素周期律的应用、元素周期律,半导体材料的寻找区域
CHEMISTRY,0044,42,第五章 原子结构 元素周期律 / 第 2 节 元素周期表与元素周期律 / 元素周期表与元素周期律的应用、元素周期律,主族元素性质的递变规律
CHEMISTRY,0044,42,第五章 原子结构 元素周期律 / 第 2 节 元素周期表与元素周期律 / 元素周期表与元素周期律的应用、元素周期律,电离能的递变与反常
CHEMISTRY,0044,42,第五章 原子结构 元素周期律 / 第 2 节 元素周期表与元素周期律 / 元素周期表与元素周期律的应用、元素周期律,由逐级电离能判断化合价
CHEMISTRY,0044,42,第五章 原子结构 元素周期律 / 第 2 节 元素周期表与元素周期律 / 元素周期表与元素周期律的应用、元素周期律,电负性的应用
CHEMISTRY,0044,42,第五章 原子结构 元素周期律 / 第 2 节 元素周期表与元素周期律 / 元素周期表与元素周期律的应用、元素周期律,由化合价正负比较电负性
CHEMISTRY,0044,42,第五章 原子结构 元素周期律 / 第 2 节 元素周期表与元素周期律 / 元素周期表与元素周期律的应用、元素周期律,对角线规则
CHEMISTRY,0044,42,第五章 原子结构 元素周期律 / 第 2 节 元素周期表与元素周期律 / 元素周期表与元素周期律的应用、元素周期律,微粒半径大小的三看比较法
CHEMISTRY,0045,43,第五章 原子结构 元素周期律 / 第 2 节 元素周期表与元素周期律（续）；考法突破 4 元素推断解题策略 / 文字叙述型元素推断,金属性强弱的判断依据
CHEMISTRY,0045,43,第五章 原子结构 元素周期律 / 第 2 节 元素周期表与元素周期律（续）；考法突破 4 元素推断解题策略 / 文字叙述型元素推断,非金属性强弱的判断依据
CHEMISTRY,0045,43,第五章 原子结构 元素周期律 / 第 2 节 元素周期表与元素周期律（续）；考法突破 4 元素推断解题策略 / 文字叙述型元素推断,用最高价氧化物对应水化物比较金属性、非金属性
CHEMISTRY,0045,43,第五章 原子结构 元素周期律 / 第 2 节 元素周期表与元素周期律（续）；考法突破 4 元素推断解题策略 / 文字叙述型元素推断,位—构—性关系
CHEMISTRY,0045,43,第五章 原子结构 元素周期律 / 第 2 节 元素周期表与元素周期律（续）；考法突破 4 元素推断解题策略 / 文字叙述型元素推断,核外电子层数与周期数的关系
CHEMISTRY,0045,43,第五章 原子结构 元素周期律 / 第 2 节 元素周期表与元素周期律（续）；考法突破 4 元素推断解题策略 / 文字叙述型元素推断,最外层电子数与主族序数的关系
CHEMISTRY,0045,43,第五章 原子结构 元素周期律 / 第 2 节 元素周期表与元素周期律（续）；考法突破 4 元素推断解题策略 / 文字叙述型元素推断,化合价与族序数的关系
CHEMISTRY,0045,43,第五章 原子结构 元素周期律 / 第 2 节 元素周期表与元素周期律（续）；考法突破 4 元素推断解题策略 / 文字叙述型元素推断,由元素在周期表中的特殊位置推断元素
CHEMISTRY,0046,44,第五章 原子结构 元素周期律 / 考法突破 4 元素推断解题策略 / 文字叙述型元素推断（续）、信息综合型元素推断,由短周期元素特征推断元素
CHEMISTRY,0046,44,第五章 原子结构 元素周期律 / 考法突破 4 元素推断解题策略 / 文字叙述型元素推断（续）、信息综合型元素推断,由第四周期元素未成对电子数推断元素
CHEMISTRY,0046,44,第五章 原子结构 元素周期律 / 考法突破 4 元素推断解题策略 / 文字叙述型元素推断（续）、信息综合型元素推断,10 电子微粒
CHEMISTRY,0046,44,第五章 原子结构 元素周期律 / 考法突破 4 元素推断解题策略 / 文字叙述型元素推断（续）、信息综合型元素推断,18 电子微粒
CHEMISTRY,0046,44,第五章 原子结构 元素周期律 / 考法突破 4 元素推断解题策略 / 文字叙述型元素推断（续）、信息综合型元素推断,"""阴上、阳下""规律"
CHEMISTRY,0046,44,第五章 原子结构 元素周期律 / 考法突破 4 元素推断解题策略 / 文字叙述型元素推断（续）、信息综合型元素推断,元素推断的常考类型
CHEMISTRY,0046,44,第五章 原子结构 元素周期律 / 考法突破 4 元素推断解题策略 / 文字叙述型元素推断（续）、信息综合型元素推断,同主族相邻周期元素原子序数之差
CHEMISTRY,0047,45,第五章 原子结构 元素周期律 / 考法突破 4 元素推断解题策略 / 局部元素周期表型推断（续）、结构式型元素推断,由核外电子数之和推断短周期元素
CHEMISTRY,0047,45,第五章 原子结构 元素周期律 / 考法突破 4 元素推断解题策略 / 局部元素周期表型推断（续）、结构式型元素推断,结构式型元素推断
CHEMISTRY,0047,45,第五章 原子结构 元素周期律 / 考法突破 4 元素推断解题策略 / 局部元素周期表型推断（续）、结构式型元素推断,共价键数目与元素的对应关系
CHEMISTRY,0047,45,第五章 原子结构 元素周期律 / 考法突破 4 元素推断解题策略 / 局部元素周期表型推断（续）、结构式型元素推断,离子化合物中阳离子电荷与族序数的关系
CHEMISTRY,0047,45,第五章 原子结构 元素周期律 / 考法突破 4 元素推断解题策略 / 局部元素周期表型推断（续）、结构式型元素推断,不满足 8 电子稳定结构的情况
CHEMISTRY,0047,45,第五章 原子结构 元素周期律 / 考法突破 4 元素推断解题策略 / 局部元素周期表型推断（续）、结构式型元素推断,多核离子中电荷的归属分析
CHEMISTRY,0047,45,第五章 原子结构 元素周期律 / 考法突破 4 元素推断解题策略 / 局部元素周期表型推断（续）、结构式型元素推断,配位键对成键数目的影响
CHEMISTRY,0048,46,第五章 原子结构 元素周期律 / 考法突破 4 元素推断解题策略 / 坐标图像型元素推断、核反应型元素推断,坐标图像型元素推断
CHEMISTRY,0048,46,第五章 原子结构 元素周期律 / 考法突破 4 元素推断解题策略 / 坐标图像型元素推断、核反应型元素推断,核反应型元素推断
CHEMISTRY,0048,46,第五章 原子结构 元素周期律 / 考法突破 4 元素推断解题策略 / 坐标图像型元素推断、核反应型元素推断,核反应中的质子数守恒与质量数守恒
CHEMISTRY,0049,47,第六章 化学键 分子和晶体的结构与性质 / 第 1 节 化学键 / 化学键的分类、共价键、离子键、金属键、共价化合物和离子化合物,化学键的分类
CHEMISTRY,0049,47,第六章 化学键 分子和晶体的结构与性质 / 第 1 节 化学键 / 化学键的分类、共价键、离子键、金属键、共价化合物和离子化合物,离子键与离子化合物
CHEMISTRY,0049,47,第六章 化学键 分子和晶体的结构与性质 / 第 1 节 化学键 / 化学键的分类、共价键、离子键、金属键、共价化合物和离子化合物,极性键与非极性键
CHEMISTRY,0049,47,第六章 化学键 分子和晶体的结构与性质 / 第 1 节 化学键 / 化学键的分类、共价键、离子键、金属键、共价化合物和离子化合物,σ 键与 π 键
CHEMISTRY,0049,47,第六章 化学键 分子和晶体的结构与性质 / 第 1 节 化学键 / 化学键的分类、共价键、离子键、金属键、共价化合物和离子化合物,共价键成键规律
CHEMISTRY,0049,47,第六章 化学键 分子和晶体的结构与性质 / 第 1 节 化学键 / 化学键的分类、共价键、离子键、金属键、共价化合物和离子化合物,键参数及其对分子性质的影响
CHEMISTRY,0049,47,第六章 化学键 分子和晶体的结构与性质 / 第 1 节 化学键 / 化学键的分类、共价键、离子键、金属键、共价化合物和离子化合物,共价键的方向性和饱和性
CHEMISTRY,0049,47,第六章 化学键 分子和晶体的结构与性质 / 第 1 节 化学键 / 化学键的分类、共价键、离子键、金属键、共价化合物和离子化合物,配位键
CHEMISTRY,0049,47,第六章 化学键 分子和晶体的结构与性质 / 第 1 节 化学键 / 化学键的分类、共价键、离子键、金属键、共价化合物和离子化合物,配合物的组成
CHEMISTRY,0049,47,第六章 化学键 分子和晶体的结构与性质 / 第 1 节 化学键 / 化学键的分类、共价键、离子键、金属键、共价化合物和离子化合物,离子键的影响因素
CHEMISTRY,0049,47,第六章 化学键 分子和晶体的结构与性质 / 第 1 节 化学键 / 化学键的分类、共价键、离子键、金属键、共价化合物和离子化合物,金属键及其影响因素
CHEMISTRY,0049,47,第六章 化学键 分子和晶体的结构与性质 / 第 1 节 化学键 / 化学键的分类、共价键、离子键、金属键、共价化合物和离子化合物,金属的物理性质与金属键
CHEMISTRY,0049,47,第六章 化学键 分子和晶体的结构与性质 / 第 1 节 化学键 / 化学键的分类、共价键、离子键、金属键、共价化合物和离子化合物,共价化合物与离子化合物的判断
CHEMISTRY,0050,48,第六章 化学键 分子和晶体的结构与性质 / 第 1 节 化学键（电子式与结构式）；第 2 节 分子结构与性质 / 价层电子对互斥模型,电子式的书写方法
CHEMISTRY,0050,48,第六章 化学键 分子和晶体的结构与性质 / 第 1 节 化学键（电子式与结构式）；第 2 节 分子结构与性质 / 价层电子对互斥模型,结构式
CHEMISTRY,0050,48,第六章 化学键 分子和晶体的结构与性质 / 第 1 节 化学键（电子式与结构式）；第 2 节 分子结构与性质 / 价层电子对互斥模型,价层电子对互斥（VSEPR）模型
CHEMISTRY,0050,48,第六章 化学键 分子和晶体的结构与性质 / 第 1 节 化学键（电子式与结构式）；第 2 节 分子结构与性质 / 价层电子对互斥模型,中心原子价层电子对数的计算公式
CHEMISTRY,0050,48,第六章 化学键 分子和晶体的结构与性质 / 第 1 节 化学键（电子式与结构式）；第 2 节 分子结构与性质 / 价层电子对互斥模型,孤电子对数的计算
CHEMISTRY,0050,48,第六章 化学键 分子和晶体的结构与性质 / 第 1 节 化学键（电子式与结构式）；第 2 节 分子结构与性质 / 价层电子对互斥模型,离子中中心原子价电子数的修正
CHEMISTRY,0051,49,第六章 化学键 分子和晶体的结构与性质 / 第 2 节 分子结构与性质 / 杂化轨道理论、等电子原理、分子间作用力,杂化轨道理论的要点
CHEMISTRY,0051,49,第六章 化学键 分子和晶体的结构与性质 / 第 2 节 分子结构与性质 / 杂化轨道理论、等电子原理、分子间作用力,sp、sp²、sp³ 杂化轨道
CHEMISTRY,0051,49,第六章 化学键 分子和晶体的结构与性质 / 第 2 节 分子结构与性质 / 杂化轨道理论、等电子原理、分子间作用力,杂化轨道类型的判断
CHEMISTRY,0051,49,第六章 化学键 分子和晶体的结构与性质 / 第 2 节 分子结构与性质 / 杂化轨道理论、等电子原理、分子间作用力,价层电子对数与杂化轨道数的关系
CHEMISTRY,0051,49,第六章 化学键 分子和晶体的结构与性质 / 第 2 节 分子结构与性质 / 杂化轨道理论、等电子原理、分子间作用力,分子与离子的空间结构判断
CHEMISTRY,0051,49,第六章 化学键 分子和晶体的结构与性质 / 第 2 节 分子结构与性质 / 杂化轨道理论、等电子原理、分子间作用力,等电子原理
CHEMISTRY,0051,49,第六章 化学键 分子和晶体的结构与性质 / 第 2 节 分子结构与性质 / 杂化轨道理论、等电子原理、分子间作用力,常见等电子体及其空间结构
CHEMISTRY,0051,49,第六章 化学键 分子和晶体的结构与性质 / 第 2 节 分子结构与性质 / 杂化轨道理论、等电子原理、分子间作用力,范德华力及其影响因素
CHEMISTRY,0051,49,第六章 化学键 分子和晶体的结构与性质 / 第 2 节 分子结构与性质 / 杂化轨道理论、等电子原理、分子间作用力,氢键的表示方法
CHEMISTRY,0051,49,第六章 化学键 分子和晶体的结构与性质 / 第 2 节 分子结构与性质 / 杂化轨道理论、等电子原理、分子间作用力,氢键的形成原子与特征
CHEMISTRY,0051,49,第六章 化学键 分子和晶体的结构与性质 / 第 2 节 分子结构与性质 / 杂化轨道理论、等电子原理、分子间作用力,分子间氢键与分子内氢键
CHEMISTRY,0052,50,第六章 化学键 分子和晶体的结构与性质 / 第 2 节 分子结构与性质 / 分子的性质、超分子,氢键的影响因素
CHEMISTRY,0052,50,第六章 化学键 分子和晶体的结构与性质 / 第 2 节 分子结构与性质 / 分子的性质、超分子,氢键对物质性质的影响
CHEMISTRY,0052,50,第六章 化学键 分子和晶体的结构与性质 / 第 2 节 分子结构与性质 / 分子的性质、超分子,分子的手性
CHEMISTRY,0052,50,第六章 化学键 分子和晶体的结构与性质 / 第 2 节 分子结构与性质 / 分子的性质、超分子,手性碳原子
CHEMISTRY,0052,50,第六章 化学键 分子和晶体的结构与性质 / 第 2 节 分子结构与性质 / 分子的性质、超分子,极性分子与非极性分子
CHEMISTRY,0052,50,第六章 化学键 分子和晶体的结构与性质 / 第 2 节 分子结构与性质 / 分子的性质、超分子,键的极性对酸性的影响
CHEMISTRY,0052,50,第六章 化学键 分子和晶体的结构与性质 / 第 2 节 分子结构与性质 / 分子的性质、超分子,推电子基团与吸电子基团
CHEMISTRY,0052,50,第六章 化学键 分子和晶体的结构与性质 / 第 2 节 分子结构与性质 / 分子的性质、超分子,电子云密度对碱性的影响
CHEMISTRY,0052,50,第六章 化学键 分子和晶体的结构与性质 / 第 2 节 分子结构与性质 / 分子的性质、超分子,相似相溶规律
CHEMISTRY,0052,50,第六章 化学键 分子和晶体的结构与性质 / 第 2 节 分子结构与性质 / 分子的性质、超分子,氢键对溶解性的影响
CHEMISTRY,0052,50,第六章 化学键 分子和晶体的结构与性质 / 第 2 节 分子结构与性质 / 分子的性质、超分子,超分子的概念
CHEMISTRY,0052,50,第六章 化学键 分子和晶体的结构与性质 / 第 2 节 分子结构与性质 / 分子的性质、超分子,超分子内的作用力
CHEMISTRY,0052,50,第六章 化学键 分子和晶体的结构与性质 / 第 2 节 分子结构与性质 / 分子的性质、超分子,分子识别与自组装
CHEMISTRY,0052,50,第六章 化学键 分子和晶体的结构与性质 / 第 2 节 分子结构与性质 / 分子的性质、超分子,超分子的应用
CHEMISTRY,0053,51,第六章 化学键 分子和晶体的结构与性质 / 考法突破 5 杂化轨道类型及分子极性的判断 / 杂化轨道类型判断、分子极性判断,由价层电子对数判断杂化轨道类型
CHEMISTRY,0053,51,第六章 化学键 分子和晶体的结构与性质 / 考法突破 5 杂化轨道类型及分子极性的判断 / 杂化轨道类型判断、分子极性判断,由空间结构判断杂化轨道类型
CHEMISTRY,0053,51,第六章 化学键 分子和晶体的结构与性质 / 考法突破 5 杂化轨道类型及分子极性的判断 / 杂化轨道类型判断、分子极性判断,由结构式判断杂化轨道类型
CHEMISTRY,0053,51,第六章 化学键 分子和晶体的结构与性质 / 考法突破 5 杂化轨道类型及分子极性的判断 / 杂化轨道类型判断、分子极性判断,取代法判断杂化轨道类型
CHEMISTRY,0053,51,第六章 化学键 分子和晶体的结构与性质 / 考法突破 5 杂化轨道类型及分子极性的判断 / 杂化轨道类型判断、分子极性判断,V 形结构杂化类型的多样性
CHEMISTRY,0053,51,第六章 化学键 分子和晶体的结构与性质 / 考法突破 5 杂化轨道类型及分子极性的判断 / 杂化轨道类型判断、分子极性判断,共价键极性与分子极性的关系
CHEMISTRY,0053,51,第六章 化学键 分子和晶体的结构与性质 / 考法突破 5 杂化轨道类型及分子极性的判断 / 杂化轨道类型判断、分子极性判断,常见极性分子与非极性分子
CHEMISTRY,0053,51,第六章 化学键 分子和晶体的结构与性质 / 考法突破 5 杂化轨道类型及分子极性的判断 / 杂化轨道类型判断、分子极性判断,ABₙ 型分子极性的经验规律
CHEMISTRY,0054,52,第六章 化学键 分子和晶体的结构与性质 / 考法突破 5（续）、考法突破 6 键参数大小的比较 大 π 键分析 / 键参数大小的比较,键长与键能的比较方法
CHEMISTRY,0054,52,第六章 化学键 分子和晶体的结构与性质 / 考法突破 5（续）、考法突破 6 键参数大小的比较 大 π 键分析 / 键参数大小的比较,原子半径对键长、键能的影响
CHEMISTRY,0054,52,第六章 化学键 分子和晶体的结构与性质 / 考法突破 5（续）、考法突破 6 键参数大小的比较 大 π 键分析 / 键参数大小的比较,共用电子对数对键长、键能的影响
CHEMISTRY,0054,52,第六章 化学键 分子和晶体的结构与性质 / 考法突破 5（续）、考法突破 6 键参数大小的比较 大 π 键分析 / 键参数大小的比较,键角大小的比较模型
CHEMISTRY,0054,52,第六章 化学键 分子和晶体的结构与性质 / 考法突破 5（续）、考法突破 6 键参数大小的比较 大 π 键分析 / 键参数大小的比较,杂化类型与键角大小的关系
CHEMISTRY,0054,52,第六章 化学键 分子和晶体的结构与性质 / 考法突破 5（续）、考法突破 6 键参数大小的比较 大 π 键分析 / 键参数大小的比较,孤电子对数对键角的影响
CHEMISTRY,0054,52,第六章 化学键 分子和晶体的结构与性质 / 考法突破 5（续）、考法突破 6 键参数大小的比较 大 π 键分析 / 键参数大小的比较,电负性对键角的影响
CHEMISTRY,0054,52,第六章 化学键 分子和晶体的结构与性质 / 考法突破 5（续）、考法突破 6 键参数大小的比较 大 π 键分析 / 键参数大小的比较,多重键对键角的影响
CHEMISTRY,0055,53,第六章 化学键 分子和晶体的结构与性质 / 考法突破 6 键参数大小的比较 大 π 键分析 / 大 π 键分析方法,大 π 键的概念
CHEMISTRY,0055,53,第六章 化学键 分子和晶体的结构与性质 / 考法突破 6 键参数大小的比较 大 π 键分析 / 大 π 键分析方法,大 π 键的形成条件
CHEMISTRY,0055,53,第六章 化学键 分子和晶体的结构与性质 / 考法突破 6 键参数大小的比较 大 π 键分析 / 大 π 键分析方法,大 π 键的表示方法
CHEMISTRY,0055,53,第六章 化学键 分子和晶体的结构与性质 / 考法突破 6 键参数大小的比较 大 π 键分析 / 大 π 键分析方法,用电子式法确定大 π 键电子数
CHEMISTRY,0055,53,第六章 化学键 分子和晶体的结构与性质 / 考法突破 6 键参数大小的比较 大 π 键分析 / 大 π 键分析方法,用化合价法确定大 π 键电子数
CHEMISTRY,0055,53,第六章 化学键 分子和晶体的结构与性质 / 考法突破 6 键参数大小的比较 大 π 键分析 / 大 π 键分析方法,离子中大 π 键电子数的修正
CHEMISTRY,0055,53,第六章 化学键 分子和晶体的结构与性质 / 考法突破 6 键参数大小的比较 大 π 键分析 / 大 π 键分析方法,常见分子或离子中的大 π 键
CHEMISTRY,0056,54,第十一章（物质结构与性质） / 第2节（续）→ 第3节 晶体结构与性质 / 知识清单,晶体的结构特征
CHEMISTRY,0056,54,第十一章（物质结构与性质） / 第2节（续）→ 第3节 晶体结构与性质 / 知识清单,晶体的性质特征
CHEMISTRY,0056,54,第十一章（物质结构与性质） / 第2节（续）→ 第3节 晶体结构与性质 / 知识清单,晶体的获得途径
CHEMISTRY,0056,54,第十一章（物质结构与性质） / 第2节（续）→ 第3节 晶体结构与性质 / 知识清单,X 射线衍射测定晶体结构
CHEMISTRY,0056,54,第十一章（物质结构与性质） / 第2节（续）→ 第3节 晶体结构与性质 / 知识清单,晶胞
CHEMISTRY,0056,54,第十一章（物质结构与性质） / 第2节（续）→ 第3节 晶体结构与性质 / 知识清单,晶胞的无隙并置
CHEMISTRY,0056,54,第十一章（物质结构与性质） / 第2节（续）→ 第3节 晶体结构与性质 / 知识清单,平行六面体晶胞
CHEMISTRY,0056,54,第十一章（物质结构与性质） / 第2节（续）→ 第3节 晶体结构与性质 / 知识清单,离子晶体中的配位数
CHEMISTRY,0056,54,第十一章（物质结构与性质） / 第2节（续）→ 第3节 晶体结构与性质 / 知识清单,金属晶体中的配位数
CHEMISTRY,0056,54,第十一章（物质结构与性质） / 第2节（续）→ 第3节 晶体结构与性质 / 知识清单,金刚石晶体结构
CHEMISTRY,0056,54,第十一章（物质结构与性质） / 第2节（续）→ 第3节 晶体结构与性质 / 知识清单,金刚石中碳环与键数比
CHEMISTRY,0056,54,第十一章（物质结构与性质） / 第2节（续）→ 第3节 晶体结构与性质 / 知识清单,二氧化硅晶体结构
CHEMISTRY,0056,54,第十一章（物质结构与性质） / 第2节（续）→ 第3节 晶体结构与性质 / 知识清单,二氧化硅中原子个数比
CHEMISTRY,0056,54,第十一章（物质结构与性质） / 第2节（续）→ 第3节 晶体结构与性质 / 知识清单,二氧化硅最小环的原子数
CHEMISTRY,0057,55,第六章 化学键 分子和晶体的结构与性质 / 晶体结构与性质 / 典型晶体的结构、微粒间作用力及性质比较；过渡晶体和混合型晶体,干冰晶体的分子排列
CHEMISTRY,0057,55,第六章 化学键 分子和晶体的结构与性质 / 晶体结构与性质 / 典型晶体的结构、微粒间作用力及性质比较；过渡晶体和混合型晶体,分子晶体中分子的配位数
CHEMISTRY,0057,55,第六章 化学键 分子和晶体的结构与性质 / 晶体结构与性质 / 典型晶体的结构、微粒间作用力及性质比较；过渡晶体和混合型晶体,NaCl 型晶胞结构
CHEMISTRY,0057,55,第六章 化学键 分子和晶体的结构与性质 / 晶体结构与性质 / 典型晶体的结构、微粒间作用力及性质比较；过渡晶体和混合型晶体,CsCl 型晶胞结构
CHEMISTRY,0057,55,第六章 化学键 分子和晶体的结构与性质 / 晶体结构与性质 / 典型晶体的结构、微粒间作用力及性质比较；过渡晶体和混合型晶体,晶胞中微粒数目的计算
CHEMISTRY,0057,55,第六章 化学键 分子和晶体的结构与性质 / 晶体结构与性质 / 典型晶体的结构、微粒间作用力及性质比较；过渡晶体和混合型晶体,常见晶体中共价键数目
CHEMISTRY,0057,55,第六章 化学键 分子和晶体的结构与性质 / 晶体结构与性质 / 典型晶体的结构、微粒间作用力及性质比较；过渡晶体和混合型晶体,晶体类型与构成微粒
CHEMISTRY,0057,55,第六章 化学键 分子和晶体的结构与性质 / 晶体结构与性质 / 典型晶体的结构、微粒间作用力及性质比较；过渡晶体和混合型晶体,微粒间作用力类型
CHEMISTRY,0057,55,第六章 化学键 分子和晶体的结构与性质 / 晶体结构与性质 / 典型晶体的结构、微粒间作用力及性质比较；过渡晶体和混合型晶体,晶体溶解性比较
CHEMISTRY,0057,55,第六章 化学键 分子和晶体的结构与性质 / 晶体结构与性质 / 典型晶体的结构、微粒间作用力及性质比较；过渡晶体和混合型晶体,晶体熔沸点比较
CHEMISTRY,0057,55,第六章 化学键 分子和晶体的结构与性质 / 晶体结构与性质 / 典型晶体的结构、微粒间作用力及性质比较；过渡晶体和混合型晶体,晶体硬度比较
CHEMISTRY,0057,55,第六章 化学键 分子和晶体的结构与性质 / 晶体结构与性质 / 典型晶体的结构、微粒间作用力及性质比较；过渡晶体和混合型晶体,晶体导电性比较
CHEMISTRY,0057,55,第六章 化学键 分子和晶体的结构与性质 / 晶体结构与性质 / 典型晶体的结构、微粒间作用力及性质比较；过渡晶体和混合型晶体,过渡晶体
CHEMISTRY,0057,55,第六章 化学键 分子和晶体的结构与性质 / 晶体结构与性质 / 典型晶体的结构、微粒间作用力及性质比较；过渡晶体和混合型晶体,离子键成分与电负性差值
CHEMISTRY,0057,55,第六章 化学键 分子和晶体的结构与性质 / 晶体结构与性质 / 典型晶体的结构、微粒间作用力及性质比较；过渡晶体和混合型晶体,混合型晶体
CHEMISTRY,0057,55,第六章 化学键 分子和晶体的结构与性质 / 晶体结构与性质 / 典型晶体的结构、微粒间作用力及性质比较；过渡晶体和混合型晶体,石墨的 sp² 杂化与层状结构
CHEMISTRY,0057,55,第六章 化学键 分子和晶体的结构与性质 / 晶体结构与性质 / 典型晶体的结构、微粒间作用力及性质比较；过渡晶体和混合型晶体,石墨的导电性成因
CHEMISTRY,0058,56,第六章 化学键 分子和晶体的结构与性质 / 考法突破 7 物质熔、沸点高低的比较,晶体熔沸点高低的一般规律
CHEMISTRY,0058,56,第六章 化学键 分子和晶体的结构与性质 / 考法突破 7 物质熔、沸点高低的比较,分子间氢键对熔沸点的影响
CHEMISTRY,0058,56,第六章 化学键 分子和晶体的结构与性质 / 考法突破 7 物质熔、沸点高低的比较,分子内氢键对熔沸点的影响
CHEMISTRY,0058,56,第六章 化学键 分子和晶体的结构与性质 / 考法突破 7 物质熔、沸点高低的比较,相对分子质量与范德华力
CHEMISTRY,0058,56,第六章 化学键 分子和晶体的结构与性质 / 考法突破 7 物质熔、沸点高低的比较,分子极性与熔沸点
CHEMISTRY,0058,56,第六章 化学键 分子和晶体的结构与性质 / 考法突破 7 物质熔、沸点高低的比较,同分异构体烷烃的沸点比较
CHEMISTRY,0058,56,第六章 化学键 分子和晶体的结构与性质 / 考法突破 7 物质熔、沸点高低的比较,金属键强弱与熔沸点
CHEMISTRY,0058,56,第六章 化学键 分子和晶体的结构与性质 / 考法突破 7 物质熔、沸点高低的比较,共价键键能与熔沸点
CHEMISTRY,0058,56,第六章 化学键 分子和晶体的结构与性质 / 考法突破 7 物质熔、沸点高低的比较,离子键强弱与熔沸点
CHEMISTRY,0059,57,第六章 化学键 分子和晶体的结构与性质 / 微专题 2 晶胞结构分析与计算,均摊法
CHEMISTRY,0059,57,第六章 化学键 分子和晶体的结构与性质 / 微专题 2 晶胞结构分析与计算,长方体晶胞的均摊规则
CHEMISTRY,0059,57,第六章 化学键 分子和晶体的结构与性质 / 微专题 2 晶胞结构分析与计算,非长方体结构单元的均摊规则
CHEMISTRY,0059,57,第六章 化学键 分子和晶体的结构与性质 / 微专题 2 晶胞结构分析与计算,由晶胞粒子数确定化学式
CHEMISTRY,0059,57,第六章 化学键 分子和晶体的结构与性质 / 微专题 2 晶胞结构分析与计算,分子结构与晶体结构化学式的区别
CHEMISTRY,0059,57,第六章 化学键 分子和晶体的结构与性质 / 微专题 2 晶胞结构分析与计算,立方体中粒子周围粒子数的判断
CHEMISTRY,0059,57,第六章 化学键 分子和晶体的结构与性质 / 微专题 2 晶胞结构分析与计算,晶胞密度的计算
CHEMISTRY,0059,57,第六章 化学键 分子和晶体的结构与性质 / 微专题 2 晶胞结构分析与计算,晶胞质量与体积的求算
CHEMISTRY,0060,58,第六章 化学键 分子和晶体的结构与性质 / 微专题 2 晶胞结构分析与计算（续）,晶胞密度公式中阿伏加德罗常数的含义
CHEMISTRY,0060,58,第六章 化学键 分子和晶体的结构与性质 / 微专题 2 晶胞结构分析与计算（续）,长度单位换算
CHEMISTRY,0060,58,第六章 化学键 分子和晶体的结构与性质 / 微专题 2 晶胞结构分析与计算（续）,截距法判断原子分数坐标
CHEMISTRY,0060,58,第六章 化学键 分子和晶体的结构与性质 / 微专题 2 晶胞结构分析与计算（续）,金刚石晶胞的原子分数坐标
CHEMISTRY,0060,58,第六章 化学键 分子和晶体的结构与性质 / 微专题 2 晶胞结构分析与计算（续）,原子间距的计算方法
CHEMISTRY,0060,58,第六章 化学键 分子和晶体的结构与性质 / 微专题 2 晶胞结构分析与计算（续）,简单立方晶胞的原子最短距离
CHEMISTRY,0060,58,第六章 化学键 分子和晶体的结构与性质 / 微专题 2 晶胞结构分析与计算（续）,体心立方晶胞的原子最短距离
CHEMISTRY,0060,58,第六章 化学键 分子和晶体的结构与性质 / 微专题 2 晶胞结构分析与计算（续）,面心立方晶胞的原子最短距离
CHEMISTRY,0060,58,第六章 化学键 分子和晶体的结构与性质 / 微专题 2 晶胞结构分析与计算（续）,金刚石型晶胞的原子最短距离
CHEMISTRY,0060,58,第六章 化学键 分子和晶体的结构与性质 / 微专题 2 晶胞结构分析与计算（续）,由分数坐标计算原子间距
CHEMISTRY,0060,58,第六章 化学键 分子和晶体的结构与性质 / 微专题 2 晶胞结构分析与计算（续）,晶胞投影图分析
CHEMISTRY,0060,58,第六章 化学键 分子和晶体的结构与性质 / 微专题 2 晶胞结构分析与计算（续）,体心立方晶胞的投影图
CHEMISTRY,0060,58,第六章 化学键 分子和晶体的结构与性质 / 微专题 2 晶胞结构分析与计算（续）,面心立方晶胞的投影图
CHEMISTRY,0061,59,第六章 化学键 分子和晶体的结构与性质 / 微专题 2 晶胞结构分析与计算（续）,面心立方晶胞的俯视图投影
CHEMISTRY,0061,59,第六章 化学键 分子和晶体的结构与性质 / 微专题 2 晶胞结构分析与计算（续）,面心立方晶胞的体对角线投影
CHEMISTRY,0061,59,第六章 化学键 分子和晶体的结构与性质 / 微专题 2 晶胞结构分析与计算（续）,金刚石晶胞的俯视图投影
CHEMISTRY,0061,59,第六章 化学键 分子和晶体的结构与性质 / 微专题 2 晶胞结构分析与计算（续）,金刚石晶胞的体对角线投影
CHEMISTRY,0062,60,第七章 化学反应的热效应 / 第 1 节 化学反应中的能量变化 / 知识清单,反应热
CHEMISTRY,0062,60,第七章 化学反应的热效应 / 第 1 节 化学反应中的能量变化 / 知识清单,焓变
CHEMISTRY,0062,60,第七章 化学反应的热效应 / 第 1 节 化学反应中的能量变化 / 知识清单,吸热反应与放热反应
CHEMISTRY,0062,60,第七章 化学反应的热效应 / 第 1 节 化学反应中的能量变化 / 知识清单,由能量高低判断吸放热
CHEMISTRY,0062,60,第七章 化学反应的热效应 / 第 1 节 化学反应中的能量变化 / 知识清单,正反应与逆反应的活化能
CHEMISTRY,0062,60,第七章 化学反应的热效应 / 第 1 节 化学反应中的能量变化 / 知识清单,化学键断裂与形成中的能量变化
CHEMISTRY,0062,60,第七章 化学反应的热效应 / 第 1 节 化学反应中的能量变化 / 知识清单,催化剂对活化能与反应热的影响
CHEMISTRY,0062,60,第七章 化学反应的热效应 / 第 1 节 化学反应中的能量变化 / 知识清单,常见的吸热反应
CHEMISTRY,0062,60,第七章 化学反应的热效应 / 第 1 节 化学反应中的能量变化 / 知识清单,常见的放热反应
CHEMISTRY,0062,60,第七章 化学反应的热效应 / 第 1 节 化学反应中的能量变化 / 知识清单,燃烧热
CHEMISTRY,0062,60,第七章 化学反应的热效应 / 第 1 节 化学反应中的能量变化 / 知识清单,中和反应反应热
CHEMISTRY,0062,60,第七章 化学反应的热效应 / 第 1 节 化学反应中的能量变化 / 知识清单,燃烧热的指定产物
CHEMISTRY,0062,60,第七章 化学反应的热效应 / 第 1 节 化学反应中的能量变化 / 知识清单,中和反应反应热的测定装置
CHEMISTRY,0062,60,第七章 化学反应的热效应 / 第 1 节 化学反应中的能量变化 / 知识清单,中和反应反应热的计算公式
CHEMISTRY,0063,61,第七章 化学反应的热效应 / 第 1 节 化学反应中的能量变化 / 中和反应反应热的测定（续）；即练即清,中和反应反应热计算公式中各符号的含义
CHEMISTRY,0063,61,第七章 化学反应的热效应 / 第 1 节 化学反应中的能量变化 / 中和反应反应热的测定（续）；即练即清,简易量热计的保温措施
CHEMISTRY,0063,61,第七章 化学反应的热效应 / 第 1 节 化学反应中的能量变化 / 中和反应反应热的测定（续）；即练即清,中和反应热测定中碱稍过量
CHEMISTRY,0063,61,第七章 化学反应的热效应 / 第 1 节 化学反应中的能量变化 / 中和反应反应热的测定（续）；即练即清,终止温度的读取
CHEMISTRY,0064,62,第七章 化学反应的热效应 / 第 2 节 热化学方程式 盖斯定律 / 知识清单,热化学方程式的意义
CHEMISTRY,0064,62,第七章 化学反应的热效应 / 第 2 节 热化学方程式 盖斯定律 / 知识清单,热化学方程式的书写要求
CHEMISTRY,0064,62,第七章 化学反应的热效应 / 第 2 节 热化学方程式 盖斯定律 / 知识清单,物质聚集状态的标注
CHEMISTRY,0064,62,第七章 化学反应的热效应 / 第 2 节 热化学方程式 盖斯定律 / 知识清单,化学计量数与焓变数值的对应
CHEMISTRY,0064,62,第七章 化学反应的热效应 / 第 2 节 热化学方程式 盖斯定律 / 知识清单,热化学方程式的倍数与逆写规则
CHEMISTRY,0064,62,第七章 化学反应的热效应 / 第 2 节 热化学方程式 盖斯定律 / 知识清单,可逆反应热化学方程式中焓变的含义
CHEMISTRY,0064,62,第七章 化学反应的热效应 / 第 2 节 热化学方程式 盖斯定律 / 知识清单,盖斯定律
CHEMISTRY,0064,62,第七章 化学反应的热效应 / 第 2 节 热化学方程式 盖斯定律 / 知识清单,由反应物与生成物能量计算反应热
CHEMISTRY,0064,62,第七章 化学反应的热效应 / 第 2 节 热化学方程式 盖斯定律 / 知识清单,由键能计算反应热
CHEMISTRY,0064,62,第七章 化学反应的热效应 / 第 2 节 热化学方程式 盖斯定律 / 知识清单,由活化能计算反应热
CHEMISTRY,0064,62,第七章 化学反应的热效应 / 第 2 节 热化学方程式 盖斯定律 / 知识清单,虚拟路径法
CHEMISTRY,0064,62,第七章 化学反应的热效应 / 第 2 节 热化学方程式 盖斯定律 / 知识清单,留元法
CHEMISTRY,0065,63,第七章 化学反应的热效应 / 第 2 节 热化学方程式 盖斯定律 / 计算反应热的常用方法（续）；反应热大小的比较,消元法
CHEMISTRY,0065,63,第七章 化学反应的热效应 / 第 2 节 热化学方程式 盖斯定律 / 计算反应热的常用方法（续）；反应热大小的比较,留元法与消元法的综合运用
CHEMISTRY,0065,63,第七章 化学反应的热效应 / 第 2 节 热化学方程式 盖斯定律 / 计算反应热的常用方法（续）；反应热大小的比较,反应热大小的比较
CHEMISTRY,0065,63,第七章 化学反应的热效应 / 第 2 节 热化学方程式 盖斯定律 / 计算反应热的常用方法（续）；反应热大小的比较,由能量变化比较反应热
CHEMISTRY,0065,63,第七章 化学反应的热效应 / 第 2 节 热化学方程式 盖斯定律 / 计算反应热的常用方法（续）；反应热大小的比较,由物质状态比较反应热
CHEMISTRY,0065,63,第七章 化学反应的热效应 / 第 2 节 热化学方程式 盖斯定律 / 计算反应热的常用方法（续）；反应热大小的比较,由反应程度比较反应热
CHEMISTRY,0065,63,第七章 化学反应的热效应 / 第 2 节 热化学方程式 盖斯定律 / 计算反应热的常用方法（续）；反应热大小的比较,由反应关系比较反应热
CHEMISTRY,0065,63,第七章 化学反应的热效应 / 第 2 节 热化学方程式 盖斯定律 / 计算反应热的常用方法（续）；反应热大小的比较,用能量图比较反应热
CHEMISTRY,0066,64,第七章 化学反应的热效应 / 考法突破 8 反应历程图像分析,由反应历程曲线图判断吸放热
CHEMISTRY,0066,64,第七章 化学反应的热效应 / 考法突破 8 反应历程图像分析,决速步的判断
CHEMISTRY,0066,64,第七章 化学反应的热效应 / 考法突破 8 反应历程图像分析,活化能与物质稳定性
CHEMISTRY,0066,64,第七章 化学反应的热效应 / 考法突破 8 反应历程图像分析,催化剂对反应历程的影响
CHEMISTRY,0066,64,第七章 化学反应的热效应 / 考法突破 8 反应历程图像分析,中间产物与过渡态的区分
CHEMISTRY,0066,64,第七章 化学反应的热效应 / 考法突破 8 反应历程图像分析,能垒图
CHEMISTRY,0066,64,第七章 化学反应的热效应 / 考法突破 8 反应历程图像分析,由能垒判断决速步
CHEMISTRY,0066,64,第七章 化学反应的热效应 / 考法突破 8 反应历程图像分析,催化剂降低活化能不改变焓变
CHEMISTRY,0067,65,第七章 化学反应的热效应 / 考法突破 8 反应历程图像分析 / 循环图式,循环图式
CHEMISTRY,0067,65,第七章 化学反应的热效应 / 考法突破 8 反应历程图像分析 / 循环图式,循环图中反应物的判断
CHEMISTRY,0067,65,第七章 化学反应的热效应 / 考法突破 8 反应历程图像分析 / 循环图式,循环图中生成物的判断
CHEMISTRY,0067,65,第七章 化学反应的热效应 / 考法突破 8 反应历程图像分析 / 循环图式,循环图中催化剂的判断
CHEMISTRY,0067,65,第七章 化学反应的热效应 / 考法突破 8 反应历程图像分析 / 循环图式,循环图中中间产物的判断
CHEMISTRY,0068,66,第八章 化学反应与电能 / 第 1 节 原电池原理及其应用 / 知识清单,原电池
CHEMISTRY,0068,66,第八章 化学反应与电能 / 第 1 节 原电池原理及其应用 / 知识清单,原电池的构成条件
CHEMISTRY,0068,66,第八章 化学反应与电能 / 第 1 节 原电池原理及其应用 / 知识清单,原电池的工作原理
CHEMISTRY,0068,66,第八章 化学反应与电能 / 第 1 节 原电池原理及其应用 / 知识清单,铜锌原电池的电极反应
CHEMISTRY,0068,66,第八章 化学反应与电能 / 第 1 节 原电池原理及其应用 / 知识清单,盐桥及其离子移动方向
CHEMISTRY,0068,66,第八章 化学反应与电能 / 第 1 节 原电池原理及其应用 / 知识清单,原电池正负极的判断依据
CHEMISTRY,0068,66,第八章 化学反应与电能 / 第 1 节 原电池原理及其应用 / 知识清单,化学电源
CHEMISTRY,0068,66,第八章 化学反应与电能 / 第 1 节 原电池原理及其应用 / 知识清单,一次电池
CHEMISTRY,0068,66,第八章 化学反应与电能 / 第 1 节 原电池原理及其应用 / 知识清单,碱性锌锰电池
CHEMISTRY,0068,66,第八章 化学反应与电能 / 第 1 节 原电池原理及其应用 / 知识清单,二次电池
CHEMISTRY,0068,66,第八章 化学反应与电能 / 第 1 节 原电池原理及其应用 / 知识清单,铅酸蓄电池的充放电反应
CHEMISTRY,0068,66,第八章 化学反应与电能 / 第 1 节 原电池原理及其应用 / 知识清单,燃料电池
CHEMISTRY,0068,66,第八章 化学反应与电能 / 第 1 节 原电池原理及其应用 / 知识清单,氢氧燃料电池的电极反应
CHEMISTRY,0069,67,第八章 化学反应与电能 / 第 1 节 原电池原理及其应用 / 燃料电池（续）；原电池原理的应用,氢氧燃料电池的正极反应
CHEMISTRY,0069,67,第八章 化学反应与电能 / 第 1 节 原电池原理及其应用 / 燃料电池（续）；原电池原理的应用,氢氧燃料电池的总反应
CHEMISTRY,0069,67,第八章 化学反应与电能 / 第 1 节 原电池原理及其应用 / 燃料电池（续）；原电池原理的应用,燃料电池电极不参与反应
CHEMISTRY,0069,67,第八章 化学反应与电能 / 第 1 节 原电池原理及其应用 / 燃料电池（续）；原电池原理的应用,甲烷燃料电池的电极反应
CHEMISTRY,0069,67,第八章 化学反应与电能 / 第 1 节 原电池原理及其应用 / 燃料电池（续）；原电池原理的应用,甲醇燃料电池的电极反应
CHEMISTRY,0069,67,第八章 化学反应与电能 / 第 1 节 原电池原理及其应用 / 燃料电池（续）；原电池原理的应用,原电池加快反应速率
CHEMISTRY,0069,67,第八章 化学反应与电能 / 第 1 节 原电池原理及其应用 / 燃料电池（续）；原电池原理的应用,比较金属活动性强弱
CHEMISTRY,0069,67,第八章 化学反应与电能 / 第 1 节 原电池原理及其应用 / 燃料电池（续）；原电池原理的应用,Mg、Al 在 NaOH 溶液中的原电池
CHEMISTRY,0069,67,第八章 化学反应与电能 / 第 1 节 原电池原理及其应用 / 燃料电池（续）；原电池原理的应用,设计制作化学电源
CHEMISTRY,0069,67,第八章 化学反应与电能 / 第 1 节 原电池原理及其应用 / 燃料电池（续）；原电池原理的应用,牺牲阳极法
CHEMISTRY,0070,68,第八章 化学反应与电能 / 第 2 节 电解原理及其应用 / 知识清单,电解池
CHEMISTRY,0070,68,第八章 化学反应与电能 / 第 2 节 电解原理及其应用 / 知识清单,电解池的构成条件
CHEMISTRY,0070,68,第八章 化学反应与电能 / 第 2 节 电解原理及其应用 / 知识清单,电解池工作原理
CHEMISTRY,0070,68,第八章 化学反应与电能 / 第 2 节 电解原理及其应用 / 知识清单,阴极放电顺序
CHEMISTRY,0070,68,第八章 化学反应与电能 / 第 2 节 电解原理及其应用 / 知识清单,阳极放电顺序
CHEMISTRY,0070,68,第八章 化学反应与电能 / 第 2 节 电解原理及其应用 / 知识清单,活性电极与惰性电极
CHEMISTRY,0070,68,第八章 化学反应与电能 / 第 2 节 电解原理及其应用 / 知识清单,铁作阳极的氧化产物
CHEMISTRY,0070,68,第八章 化学反应与电能 / 第 2 节 电解原理及其应用 / 知识清单,用惰性电极电解电解质溶液的类型
CHEMISTRY,0070,68,第八章 化学反应与电能 / 第 2 节 电解原理及其应用 / 知识清单,电解水型
CHEMISTRY,0070,68,第八章 化学反应与电能 / 第 2 节 电解原理及其应用 / 知识清单,电解电解质型
CHEMISTRY,0070,68,第八章 化学反应与电能 / 第 2 节 电解原理及其应用 / 知识清单,放氢生碱型
CHEMISTRY,0070,68,第八章 化学反应与电能 / 第 2 节 电解原理及其应用 / 知识清单,放氧生酸型
CHEMISTRY,0070,68,第八章 化学反应与电能 / 第 2 节 电解原理及其应用 / 知识清单,电解后电解质溶液的复原
CHEMISTRY,0071,69,第八章 化学反应与电能 / 第 2 节 电解原理及其应用 / 电解原理的应用,电解原理的应用
CHEMISTRY,0071,69,第八章 化学反应与电能 / 第 2 节 电解原理及其应用 / 电解原理的应用,氯碱工业
CHEMISTRY,0071,69,第八章 化学反应与电能 / 第 2 节 电解原理及其应用 / 电解原理的应用,离子交换膜电解饱和食盐水
CHEMISTRY,0071,69,第八章 化学反应与电能 / 第 2 节 电解原理及其应用 / 电解原理的应用,电镀
CHEMISTRY,0071,69,第八章 化学反应与电能 / 第 2 节 电解原理及其应用 / 电解原理的应用,电镀液的特点
CHEMISTRY,0071,69,第八章 化学反应与电能 / 第 2 节 电解原理及其应用 / 电解原理的应用,电解精炼铜
CHEMISTRY,0071,69,第八章 化学反应与电能 / 第 2 节 电解原理及其应用 / 电解原理的应用,阳极泥
CHEMISTRY,0071,69,第八章 化学反应与电能 / 第 2 节 电解原理及其应用 / 电解原理的应用,电冶金
CHEMISTRY,0071,69,第八章 化学反应与电能 / 第 2 节 电解原理及其应用 / 电解原理的应用,电解熔融氯化钠制钠
CHEMISTRY,0071,69,第八章 化学反应与电能 / 第 2 节 电解原理及其应用 / 电解原理的应用,电解熔融氧化铝制铝
CHEMISTRY,0072,70,第八章 化学反应与电能 / 第 3 节 金属的腐蚀与防护 / 知识清单,金属腐蚀的本质
CHEMISTRY,0072,70,第八章 化学反应与电能 / 第 3 节 金属的腐蚀与防护 / 知识清单,化学腐蚀
CHEMISTRY,0072,70,第八章 化学反应与电能 / 第 3 节 金属的腐蚀与防护 / 知识清单,电化学腐蚀
CHEMISTRY,0072,70,第八章 化学反应与电能 / 第 3 节 金属的腐蚀与防护 / 知识清单,析氢腐蚀
CHEMISTRY,0072,70,第八章 化学反应与电能 / 第 3 节 金属的腐蚀与防护 / 知识清单,吸氧腐蚀
CHEMISTRY,0072,70,第八章 化学反应与电能 / 第 3 节 金属的腐蚀与防护 / 知识清单,金属腐蚀快慢的影响因素
CHEMISTRY,0072,70,第八章 化学反应与电能 / 第 3 节 金属的腐蚀与防护 / 知识清单,金属的防护
CHEMISTRY,0072,70,第八章 化学反应与电能 / 第 3 节 金属的腐蚀与防护 / 知识清单,改变金属材料的组成
CHEMISTRY,0072,70,第八章 化学反应与电能 / 第 3 节 金属的腐蚀与防护 / 知识清单,覆盖保护层
CHEMISTRY,0072,70,第八章 化学反应与电能 / 第 3 节 金属的腐蚀与防护 / 知识清单,牺牲阳极法
CHEMISTRY,0072,70,第八章 化学反应与电能 / 第 3 节 金属的腐蚀与防护 / 知识清单,外加电流法
CHEMISTRY,0073,71,第八章 化学反应与电能 / 考法突破 9 电极反应式的书写,电极反应式的一般书写方法
CHEMISTRY,0073,71,第八章 化学反应与电能 / 考法突破 9 电极反应式的书写,电极反应式配电荷守恒
CHEMISTRY,0073,71,第八章 化学反应与电能 / 考法突破 9 电极反应式的书写,不同介质中电极反应式的离子选择
CHEMISTRY,0073,71,第八章 化学反应与电能 / 考法突破 9 电极反应式的书写,电极反应式配原子守恒
CHEMISTRY,0073,71,第八章 化学反应与电能 / 考法突破 9 电极反应式的书写,燃料电池总反应式的书写
CHEMISTRY,0073,71,第八章 化学反应与电能 / 考法突破 9 电极反应式的书写,氧气在不同环境中的还原反应式
CHEMISTRY,0073,71,第八章 化学反应与电能 / 考法突破 9 电极反应式的书写,燃料电池负极反应式的书写
CHEMISTRY,0073,71,第八章 化学反应与电能 / 考法突破 9 电极反应式的书写,有机燃料中碳元素化合价的判断
CHEMISTRY,0073,71,第八章 化学反应与电能 / 考法突破 9 电极反应式的书写,碱性燃料电池中二氧化碳的产物形式
CHEMISTRY,0074,72,第八章 化学反应与电能 / 考法突破 9 电极反应式的书写 / 二次电池与电解池电极反应式的书写,二次电池电极反应式的书写
CHEMISTRY,0074,72,第八章 化学反应与电能 / 考法突破 9 电极反应式的书写 / 二次电池与电解池电极反应式的书写,由总反应式与简单极求复杂极
CHEMISTRY,0074,72,第八章 化学反应与电能 / 考法突破 9 电极反应式的书写 / 二次电池与电解池电极反应式的书写,充放电电极反应的互逆关系
CHEMISTRY,0074,72,第八章 化学反应与电能 / 考法突破 9 电极反应式的书写 / 二次电池与电解池电极反应式的书写,电极反应式中转移电子数的确定
CHEMISTRY,0074,72,第八章 化学反应与电能 / 考法突破 9 电极反应式的书写 / 二次电池与电解池电极反应式的书写,电解池中电极反应式的书写
CHEMISTRY,0074,72,第八章 化学反应与电能 / 考法突破 9 电极反应式的书写 / 二次电池与电解池电极反应式的书写,惰性电极与活性电极的判断
CHEMISTRY,0074,72,第八章 化学反应与电能 / 考法突破 9 电极反应式的书写 / 二次电池与电解池电极反应式的书写,阴离子放电顺序
CHEMISTRY,0074,72,第八章 化学反应与电能 / 考法突破 9 电极反应式的书写 / 二次电池与电解池电极反应式的书写,阳离子放电顺序
CHEMISTRY,0074,72,第八章 化学反应与电能 / 考法突破 9 电极反应式的书写 / 二次电池与电解池电极反应式的书写,电解总反应式的书写
CHEMISTRY,0075,73,第八章 化学反应与电能 / 考法突破 10 新型电化学装置分析及相关计算,新型电化学装置的分析步骤
CHEMISTRY,0075,73,第八章 化学反应与电能 / 考法突破 10 新型电化学装置分析及相关计算,原电池与电解池的判断
CHEMISTRY,0075,73,第八章 化学反应与电能 / 考法突破 10 新型电化学装置分析及相关计算,电极名称的判断方法
CHEMISTRY,0075,73,第八章 化学反应与电能 / 考法突破 10 新型电化学装置分析及相关计算,电化学装置中电子流向与离子移向
CHEMISTRY,0075,73,第八章 化学反应与电能 / 考法突破 10 新型电化学装置分析及相关计算,电势高低的判断
CHEMISTRY,0075,73,第八章 化学反应与电能 / 考法突破 10 新型电化学装置分析及相关计算,外接电源与电极的连接判断
CHEMISTRY,0075,73,第八章 化学反应与电能 / 考法突破 10 新型电化学装置分析及相关计算,离子交换膜的种类判断
CHEMISTRY,0076,74,第八章 化学反应与电能 / 考法突破 10 新型电化学装置分析及相关计算 / 常见新型电化学装置,锂电池
CHEMISTRY,0076,74,第八章 化学反应与电能 / 考法突破 10 新型电化学装置分析及相关计算 / 常见新型电化学装置,锂离子电池
CHEMISTRY,0076,74,第八章 化学反应与电能 / 考法突破 10 新型电化学装置分析及相关计算 / 常见新型电化学装置,锂离子电池的嵌入脱嵌原理
CHEMISTRY,0076,74,第八章 化学反应与电能 / 考法突破 10 新型电化学装置分析及相关计算 / 常见新型电化学装置,锂离子电池的正负极材料
CHEMISTRY,0076,74,第八章 化学反应与电能 / 考法突破 10 新型电化学装置分析及相关计算 / 常见新型电化学装置,金属—空气电池
CHEMISTRY,0076,74,第八章 化学反应与电能 / 考法突破 10 新型电化学装置分析及相关计算 / 常见新型电化学装置,有机物电极反应的氧化还原判断
CHEMISTRY,0076,74,第八章 化学反应与电能 / 考法突破 10 新型电化学装置分析及相关计算 / 常见新型电化学装置,醌酚互变反应
CHEMISTRY,0076,74,第八章 化学反应与电能 / 考法突破 10 新型电化学装置分析及相关计算 / 常见新型电化学装置,醛羧酸互变反应
CHEMISTRY,0076,74,第八章 化学反应与电能 / 考法突破 10 新型电化学装置分析及相关计算 / 常见新型电化学装置,有机物转移电子数的计算
CHEMISTRY,0076,74,第八章 化学反应与电能 / 考法突破 10 新型电化学装置分析及相关计算 / 常见新型电化学装置,高分子链节的转移电子数
CHEMISTRY,0076,74,第八章 化学反应与电能 / 考法突破 10 新型电化学装置分析及相关计算 / 常见新型电化学装置,浓差电池
CHEMISTRY,0078,75,第八章 化学反应与电能 / 考法突破 10 新型电化学装置分析及相关计算 / 浓差电池（续）；电化学计算,浓差电池的电极反应
CHEMISTRY,0078,75,第八章 化学反应与电能 / 考法突破 10 新型电化学装置分析及相关计算 / 浓差电池（续）；电化学计算,浓差电池中离子交换膜的作用
CHEMISTRY,0078,75,第八章 化学反应与电能 / 考法突破 10 新型电化学装置分析及相关计算 / 浓差电池（续）；电化学计算,总反应为非氧化还原反应的电池
CHEMISTRY,0078,75,第八章 化学反应与电能 / 考法突破 10 新型电化学装置分析及相关计算 / 浓差电池（续）；电化学计算,电化学计算的三种方法
CHEMISTRY,0078,75,第八章 化学反应与电能 / 考法突破 10 新型电化学装置分析及相关计算 / 浓差电池（续）；电化学计算,根据总反应式进行电化学计算
CHEMISTRY,0078,75,第八章 化学反应与电能 / 考法突破 10 新型电化学装置分析及相关计算 / 浓差电池（续）；电化学计算,根据电子转移守恒进行电化学计算
CHEMISTRY,0078,75,第八章 化学反应与电能 / 考法突破 10 新型电化学装置分析及相关计算 / 浓差电池（续）；电化学计算,根据关系式进行电化学计算
CHEMISTRY,0078,75,第八章 化学反应与电能 / 考法突破 10 新型电化学装置分析及相关计算 / 浓差电池（续）；电化学计算,电化学计算中的电荷量公式
CHEMISTRY,0078,75,第八章 化学反应与电能 / 考法突破 10 新型电化学装置分析及相关计算 / 浓差电池（续）；电化学计算,串联电路中电子转移守恒
CHEMISTRY,0079,76,第八章 化学反应与电能 / 考法突破 10 新型电化学装置分析及相关计算 / 相关计算（续）,法拉第效率
CHEMISTRY,0079,76,第八章 化学反应与电能 / 考法突破 10 新型电化学装置分析及相关计算 / 相关计算（续）,法拉第效率的计算公式
CHEMISTRY,0079,76,第八章 化学反应与电能 / 考法突破 10 新型电化学装置分析及相关计算 / 相关计算（续）,双极膜
CHEMISTRY,0080,77,第八章 化学反应与电能 / 考法突破 11 离子交换膜在电化学中的应用,离子交换膜的分类
CHEMISTRY,0080,77,第八章 化学反应与电能 / 考法突破 11 离子交换膜在电化学中的应用,阳离子交换膜
CHEMISTRY,0080,77,第八章 化学反应与电能 / 考法突破 11 离子交换膜在电化学中的应用,阴离子交换膜
CHEMISTRY,0080,77,第八章 化学反应与电能 / 考法突破 11 离子交换膜在电化学中的应用,质子交换膜
CHEMISTRY,0080,77,第八章 化学反应与电能 / 考法突破 11 离子交换膜在电化学中的应用,离子交换膜的应用
CHEMISTRY,0080,77,第八章 化学反应与电能 / 考法突破 11 离子交换膜在电化学中的应用,双极膜
CHEMISTRY,0080,77,第八章 化学反应与电能 / 考法突破 11 离子交换膜在电化学中的应用,离子交换膜类型的判断方法
CHEMISTRY,0080,77,第八章 化学反应与电能 / 考法突破 11 离子交换膜在电化学中的应用,氯碱工业中离子交换膜的选择
CHEMISTRY,0081,78,第八章 化学反应与电能 / 考法突破 11 离子交换膜在电化学中的应用 / 即练即清,氨基酸的等电点
CHEMISTRY,0081,78,第八章 化学反应与电能 / 考法突破 11 离子交换膜在电化学中的应用 / 即练即清,氨基酸的两性离子形式
CHEMISTRY,0081,78,第八章 化学反应与电能 / 考法突破 11 离子交换膜在电化学中的应用 / 即练即清,双极膜
CHEMISTRY,0081,78,第八章 化学反应与电能 / 考法突破 11 离子交换膜在电化学中的应用 / 即练即清,离子交换膜在物质分离中的应用
CHEMISTRY,0082,79,第九章 化学反应速率与化学平衡 / 第 1 节 化学反应速率 / 知识清单,化学反应速率的表达式
CHEMISTRY,0082,79,第九章 化学反应速率与化学平衡 / 第 1 节 化学反应速率 / 知识清单,化学反应速率的单位
CHEMISTRY,0082,79,第九章 化学反应速率与化学平衡 / 第 1 节 化学反应速率 / 知识清单,不能用固体或纯液体表示反应速率
CHEMISTRY,0082,79,第九章 化学反应速率与化学平衡 / 第 1 节 化学反应速率 / 知识清单,平均反应速率与瞬时速率
CHEMISTRY,0082,79,第九章 化学反应速率与化学平衡 / 第 1 节 化学反应速率 / 知识清单,化学反应速率的计算
CHEMISTRY,0082,79,第九章 化学反应速率与化学平衡 / 第 1 节 化学反应速率 / 知识清单,反应速率大小比较的归一法
CHEMISTRY,0082,79,第九章 化学反应速率与化学平衡 / 第 1 节 化学反应速率 / 知识清单,反应速率大小比较的比值法
CHEMISTRY,0082,79,第九章 化学反应速率与化学平衡 / 第 1 节 化学反应速率 / 知识清单,反应速率大小比较的条件法
CHEMISTRY,0082,79,第九章 化学反应速率与化学平衡 / 第 1 节 化学反应速率 / 知识清单,平衡移动法比较速率
CHEMISTRY,0082,79,第九章 化学反应速率与化学平衡 / 第 1 节 化学反应速率 / 知识清单,影响化学反应速率的因素
CHEMISTRY,0082,79,第九章 化学反应速率与化学平衡 / 第 1 节 化学反应速率 / 知识清单,浓度对反应速率的影响
CHEMISTRY,0082,79,第九章 化学反应速率与化学平衡 / 第 1 节 化学反应速率 / 知识清单,压强对反应速率的影响
CHEMISTRY,0082,79,第九章 化学反应速率与化学平衡 / 第 1 节 化学反应速率 / 知识清单,温度对反应速率的影响
CHEMISTRY,0082,79,第九章 化学反应速率与化学平衡 / 第 1 节 化学反应速率 / 知识清单,催化剂对反应速率的影响
CHEMISTRY,0082,79,第九章 化学反应速率与化学平衡 / 第 1 节 化学反应速率 / 知识清单,充入无关气体对反应速率的影响
CHEMISTRY,0082,79,第九章 化学反应速率与化学平衡 / 第 1 节 化学反应速率 / 知识清单,有效碰撞理论
CHEMISTRY,0082,79,第九章 化学反应速率与化学平衡 / 第 1 节 化学反应速率 / 知识清单,活化分子与活化分子百分数
CHEMISTRY,0083,80,第九章 化学反应速率与化学平衡 / 第 2 节 化学平衡 / 知识清单,可逆反应
CHEMISTRY,0083,80,第九章 化学反应速率与化学平衡 / 第 2 节 化学平衡 / 知识清单,可逆反应的特点
CHEMISTRY,0083,80,第九章 化学反应速率与化学平衡 / 第 2 节 化学平衡 / 知识清单,化学平衡状态的特征
CHEMISTRY,0083,80,第九章 化学反应速率与化学平衡 / 第 2 节 化学平衡 / 知识清单,化学平衡状态的判断
CHEMISTRY,0083,80,第九章 化学反应速率与化学平衡 / 第 2 节 化学平衡 / 知识清单,由正逆反应速率相等判断平衡
CHEMISTRY,0083,80,第九章 化学反应速率与化学平衡 / 第 2 节 化学平衡 / 知识清单,由变量不变判断平衡
CHEMISTRY,0083,80,第九章 化学反应速率与化学平衡 / 第 2 节 化学平衡 / 知识清单,由压强判断平衡状态
CHEMISTRY,0083,80,第九章 化学反应速率与化学平衡 / 第 2 节 化学平衡 / 知识清单,由平均相对分子质量判断平衡
CHEMISTRY,0083,80,第九章 化学反应速率与化学平衡 / 第 2 节 化学平衡 / 知识清单,由密度判断平衡状态
CHEMISTRY,0083,80,第九章 化学反应速率与化学平衡 / 第 2 节 化学平衡 / 知识清单,由颜色判断平衡状态
CHEMISTRY,0083,80,第九章 化学反应速率与化学平衡 / 第 2 节 化学平衡 / 知识清单,由浓度商与平衡常数判断平衡
CHEMISTRY,0084,81,第九章 化学反应速率与化学平衡 / 第 2 节 化学平衡 / 改变条件对平衡的影响；等效平衡,改变条件对化学平衡的影响
CHEMISTRY,0084,81,第九章 化学反应速率与化学平衡 / 第 2 节 化学平衡 / 改变条件对平衡的影响；等效平衡,浓度对平衡移动的影响
CHEMISTRY,0084,81,第九章 化学反应速率与化学平衡 / 第 2 节 化学平衡 / 改变条件对平衡的影响；等效平衡,压强对平衡移动的影响
CHEMISTRY,0084,81,第九章 化学反应速率与化学平衡 / 第 2 节 化学平衡 / 改变条件对平衡的影响；等效平衡,温度对平衡移动的影响
CHEMISTRY,0084,81,第九章 化学反应速率与化学平衡 / 第 2 节 化学平衡 / 改变条件对平衡的影响；等效平衡,催化剂对化学平衡的影响
CHEMISTRY,0084,81,第九章 化学反应速率与化学平衡 / 第 2 节 化学平衡 / 改变条件对平衡的影响；等效平衡,充入无关气体对平衡的影响
CHEMISTRY,0084,81,第九章 化学反应速率与化学平衡 / 第 2 节 化学平衡 / 改变条件对平衡的影响；等效平衡,判断化学平衡移动方向的思维流程
CHEMISTRY,0084,81,第九章 化学反应速率与化学平衡 / 第 2 节 化学平衡 / 改变条件对平衡的影响；等效平衡,勒夏特列原理
CHEMISTRY,0084,81,第九章 化学反应速率与化学平衡 / 第 2 节 化学平衡 / 改变条件对平衡的影响；等效平衡,等效平衡
CHEMISTRY,0084,81,第九章 化学反应速率与化学平衡 / 第 2 节 化学平衡 / 改变条件对平衡的影响；等效平衡,恒温恒容下的等效平衡
CHEMISTRY,0084,81,第九章 化学反应速率与化学平衡 / 第 2 节 化学平衡 / 改变条件对平衡的影响；等效平衡,恒温恒压下的等效平衡
CHEMISTRY,0085,82,"等效平衡与化学平衡转化率分析（承接""等效平衡""考点） / 转化率分析",等效平衡
CHEMISTRY,0085,82,"等效平衡与化学平衡转化率分析（承接""等效平衡""考点） / 转化率分析",极值换算（一边倒）法
CHEMISTRY,0085,82,"等效平衡与化学平衡转化率分析（承接""等效平衡""考点） / 转化率分析",恒温恒容等效平衡
CHEMISTRY,0085,82,"等效平衡与化学平衡转化率分析（承接""等效平衡""考点） / 转化率分析",平衡转化率
CHEMISTRY,0085,82,"等效平衡与化学平衡转化率分析（承接""等效平衡""考点） / 转化率分析",化学计量数与转化率的关系
CHEMISTRY,0085,82,"等效平衡与化学平衡转化率分析（承接""等效平衡""考点） / 转化率分析",改变投料对转化率的影响
CHEMISTRY,0085,82,"等效平衡与化学平衡转化率分析（承接""等效平衡""考点） / 转化率分析",温度对转化率的影响
CHEMISTRY,0085,82,"等效平衡与化学平衡转化率分析（承接""等效平衡""考点） / 转化率分析",催化剂对转化率的影响
CHEMISTRY,0085,82,"等效平衡与化学平衡转化率分析（承接""等效平衡""考点） / 转化率分析",催化剂的选择性
CHEMISTRY,0085,82,"等效平衡与化学平衡转化率分析（承接""等效平衡""考点） / 转化率分析",平衡转化率与反应速率的区分
CHEMISTRY,0086,83,第九章 化学反应速率与化学平衡 / 第3节 化学平衡常数及其相关计算 / 化学平衡常数·知识清单,化学平衡常数
CHEMISTRY,0086,83,第九章 化学反应速率与化学平衡 / 第3节 化学平衡常数及其相关计算 / 化学平衡常数·知识清单,平衡常数表达式
CHEMISTRY,0086,83,第九章 化学反应速率与化学平衡 / 第3节 化学平衡常数及其相关计算 / 化学平衡常数·知识清单,固体与纯液体不计入平衡常数
CHEMISTRY,0086,83,第九章 化学反应速率与化学平衡 / 第3节 化学平衡常数及其相关计算 / 化学平衡常数·知识清单,正逆反应平衡常数互为倒数
CHEMISTRY,0086,83,第九章 化学反应速率与化学平衡 / 第3节 化学平衡常数及其相关计算 / 化学平衡常数·知识清单,化学方程式系数与平衡常数幂次
CHEMISTRY,0086,83,第九章 化学反应速率与化学平衡 / 第3节 化学平衡常数及其相关计算 / 化学平衡常数·知识清单,多重平衡规则
CHEMISTRY,0086,83,第九章 化学反应速率与化学平衡 / 第3节 化学平衡常数及其相关计算 / 化学平衡常数·知识清单,平衡常数的意义
CHEMISTRY,0086,83,第九章 化学反应速率与化学平衡 / 第3节 化学平衡常数及其相关计算 / 化学平衡常数·知识清单,平衡常数只受温度影响
CHEMISTRY,0086,83,第九章 化学反应速率与化学平衡 / 第3节 化学平衡常数及其相关计算 / 化学平衡常数·知识清单,浓度商
CHEMISTRY,0086,83,第九章 化学反应速率与化学平衡 / 第3节 化学平衡常数及其相关计算 / 化学平衡常数·知识清单,用 Q 与 K 判断反应方向
CHEMISTRY,0086,83,第九章 化学反应速率与化学平衡 / 第3节 化学平衡常数及其相关计算 / 化学平衡常数·知识清单,由 K 随温度变化判断反应热效应
CHEMISTRY,0086,83,第九章 化学反应速率与化学平衡 / 第3节 化学平衡常数及其相关计算 / 化学平衡常数·知识清单,三段式法
CHEMISTRY,0086,83,第九章 化学反应速率与化学平衡 / 第3节 化学平衡常数及其相关计算 / 化学平衡常数·知识清单,平衡转化率计算
CHEMISTRY,0086,83,第九章 化学反应速率与化学平衡 / 第3节 化学平衡常数及其相关计算 / 化学平衡常数·知识清单,平衡时体积分数计算
CHEMISTRY,0086,83,第九章 化学反应速率与化学平衡 / 第3节 化学平衡常数及其相关计算 / 化学平衡常数·知识清单,平衡压强比计算
CHEMISTRY,0087,84,第九章 化学反应速率与化学平衡 / 第3节 化学平衡常数及其相关计算 / 考法突破12 分压平衡常数的计算,分压平衡常数
CHEMISTRY,0087,84,第九章 化学反应速率与化学平衡 / 第3节 化学平衡常数及其相关计算 / 考法突破12 分压平衡常数的计算,分压的计算
CHEMISTRY,0087,84,第九章 化学反应速率与化学平衡 / 第3节 化学平衡常数及其相关计算 / 考法突破12 分压平衡常数的计算,分压平衡常数只受温度影响
CHEMISTRY,0087,84,第九章 化学反应速率与化学平衡 / 第3节 化学平衡常数及其相关计算 / 考法突破12 分压平衡常数的计算,分压三段式法
CHEMISTRY,0087,84,第九章 化学反应速率与化学平衡 / 第3节 化学平衡常数及其相关计算 / 考法突破12 分压平衡常数的计算,分压平衡常数计算模板
CHEMISTRY,0087,84,第九章 化学反应速率与化学平衡 / 第3节 化学平衡常数及其相关计算 / 考法突破12 分压平衡常数的计算,恒温恒容下压强与物质的量成正比
CHEMISTRY,0088,85,第九章 化学反应速率与化学平衡 / 第3节 化学平衡常数及其相关计算 / 考法突破12 分压平衡常数的计算（变式训练）,充入不参与反应的气体对平衡的影响
CHEMISTRY,0088,85,第九章 化学反应速率与化学平衡 / 第3节 化学平衡常数及其相关计算 / 考法突破12 分压平衡常数的计算（变式训练）,恒压条件下惰性气体对转化率的影响
CHEMISTRY,0088,85,第九章 化学反应速率与化学平衡 / 第3节 化学平衡常数及其相关计算 / 考法突破12 分压平衡常数的计算（变式训练）,分压的计算
CHEMISTRY,0088,85,第九章 化学反应速率与化学平衡 / 第3节 化学平衡常数及其相关计算 / 考法突破12 分压平衡常数的计算（变式训练）,用分压表示平衡常数 Kp
CHEMISTRY,0088,85,第九章 化学反应速率与化学平衡 / 第3节 化学平衡常数及其相关计算 / 考法突破12 分压平衡常数的计算（变式训练）,CO 的选择性
CHEMISTRY,0088,85,第九章 化学反应速率与化学平衡 / 第3节 化学平衡常数及其相关计算 / 考法突破12 分压平衡常数的计算（变式训练）,标准平衡常数
CHEMISTRY,0088,85,第九章 化学反应速率与化学平衡 / 第3节 化学平衡常数及其相关计算 / 考法突破12 分压平衡常数的计算（变式训练）,由多重平衡计算目标反应的平衡常数
CHEMISTRY,0088,85,第九章 化学反应速率与化学平衡 / 第3节 化学平衡常数及其相关计算 / 考法突破12 分压平衡常数的计算（变式训练）,盖斯定律求反应焓变
CHEMISTRY,0089,86,第九章 化学反应速率与化学平衡 / 第3节 化学平衡常数及其相关计算 / 考法突破13 反应速率常数的应用,基元反应
CHEMISTRY,0089,86,第九章 化学反应速率与化学平衡 / 第3节 化学平衡常数及其相关计算 / 考法突破13 反应速率常数的应用,反应速率常数
CHEMISTRY,0089,86,第九章 化学反应速率与化学平衡 / 第3节 化学平衡常数及其相关计算 / 考法突破13 反应速率常数的应用,速率常数的影响因素
CHEMISTRY,0089,86,第九章 化学反应速率与化学平衡 / 第3节 化学平衡常数及其相关计算 / 考法突破13 反应速率常数的应用,基元反应的速率方程
CHEMISTRY,0089,86,第九章 化学反应速率与化学平衡 / 第3节 化学平衡常数及其相关计算 / 考法突破13 反应速率常数的应用,用浓度幂表示反应速率
CHEMISTRY,0089,86,第九章 化学反应速率与化学平衡 / 第3节 化学平衡常数及其相关计算 / 考法突破13 反应速率常数的应用,用物质的量分数或分压表达速率方程
CHEMISTRY,0089,86,第九章 化学反应速率与化学平衡 / 第3节 化学平衡常数及其相关计算 / 考法突破13 反应速率常数的应用,复杂反应
CHEMISTRY,0089,86,第九章 化学反应速率与化学平衡 / 第3节 化学平衡常数及其相关计算 / 考法突破13 反应速率常数的应用,决速步
CHEMISTRY,0089,86,第九章 化学反应速率与化学平衡 / 第3节 化学平衡常数及其相关计算 / 考法突破13 反应速率常数的应用,速率常数与化学平衡常数的关系
CHEMISTRY,0089,86,第九章 化学反应速率与化学平衡 / 第3节 化学平衡常数及其相关计算 / 考法突破13 反应速率常数的应用,由正逆速率常数之比求平衡常数
CHEMISTRY,0089,86,第九章 化学反应速率与化学平衡 / 第3节 化学平衡常数及其相关计算 / 考法突破13 反应速率常数的应用,lgk 与 1/T 关系图像
CHEMISTRY,0090,87,第九章 化学反应速率与化学平衡 / 第3节 考法突破13（续）→ 第4节 化学反应的方向与调控 / 知识清单,阿伦尼乌斯公式
CHEMISTRY,0090,87,第九章 化学反应速率与化学平衡 / 第3节 考法突破13（续）→ 第4节 化学反应的方向与调控 / 知识清单,活化能
CHEMISTRY,0090,87,第九章 化学反应速率与化学平衡 / 第3节 考法突破13（续）→ 第4节 化学反应的方向与调控 / 知识清单,由 Rlnk 与 1/T 图像求活化能
CHEMISTRY,0090,87,第九章 化学反应速率与化学平衡 / 第3节 考法突破13（续）→ 第4节 化学反应的方向与调控 / 知识清单,反应进行方向的焓判据
CHEMISTRY,0090,87,第九章 化学反应速率与化学平衡 / 第3节 考法突破13（续）→ 第4节 化学反应的方向与调控 / 知识清单,反应进行方向的熵判据
CHEMISTRY,0090,87,第九章 化学反应速率与化学平衡 / 第3节 考法突破13（续）→ 第4节 化学反应的方向与调控 / 知识清单,熵值大小的比较
CHEMISTRY,0090,87,第九章 化学反应速率与化学平衡 / 第3节 考法突破13（续）→ 第4节 化学反应的方向与调控 / 知识清单,复合判据
CHEMISTRY,0090,87,第九章 化学反应速率与化学平衡 / 第3节 考法突破13（续）→ 第4节 化学反应的方向与调控 / 知识清单,吉布斯自由能判据
CHEMISTRY,0090,87,第九章 化学反应速率与化学平衡 / 第3节 考法突破13（续）→ 第4节 化学反应的方向与调控 / 知识清单,焓变熵变与温度对反应方向的共同影响
CHEMISTRY,0090,87,第九章 化学反应速率与化学平衡 / 第3节 考法突破13（续）→ 第4节 化学反应的方向与调控 / 知识清单,化工生产适宜条件的一般原则
CHEMISTRY,0090,87,第九章 化学反应速率与化学平衡 / 第3节 考法突破13（续）→ 第4节 化学反应的方向与调控 / 知识清单,化学反应的调控
CHEMISTRY,0091,88,第九章 化学反应速率与化学平衡 / 第4节 化学反应的方向与调控 / 化学反应的调控,控制反应速率的措施
CHEMISTRY,0091,88,第九章 化学反应速率与化学平衡 / 第4节 化学反应的方向与调控 / 化学反应的调控,提高平衡转化率的措施
CHEMISTRY,0091,88,第九章 化学反应速率与化学平衡 / 第4节 化学反应的方向与调控 / 化学反应的调控,合成氨反应原理
CHEMISTRY,0091,88,第九章 化学反应速率与化学平衡 / 第4节 化学反应的方向与调控 / 化学反应的调控,合成氨反应特点
CHEMISTRY,0091,88,第九章 化学反应速率与化学平衡 / 第4节 化学反应的方向与调控 / 化学反应的调控,合成氨投料比的选择
CHEMISTRY,0091,88,第九章 化学反应速率与化学平衡 / 第4节 化学反应的方向与调控 / 化学反应的调控,合成氨压强的选择
CHEMISTRY,0091,88,第九章 化学反应速率与化学平衡 / 第4节 化学反应的方向与调控 / 化学反应的调控,合成氨温度的选择
CHEMISTRY,0091,88,第九章 化学反应速率与化学平衡 / 第4节 化学反应的方向与调控 / 化学反应的调控,合成氨催化剂与催化剂中毒
CHEMISTRY,0091,88,第九章 化学反应速率与化学平衡 / 第4节 化学反应的方向与调控 / 化学反应的调控,压强对设备的要求与工业选择的权衡
CHEMISTRY,0091,88,第九章 化学反应速率与化学平衡 / 第4节 化学反应的方向与调控 / 化学反应的调控,催化剂活性对温度选择的影响
CHEMISTRY,0092,89,第九章 化学反应速率与化学平衡 / 第4节 化学反应的方向与调控 / 考法突破14 反应速率和平衡图像分析,反应速率与平衡图像的三看一判断
CHEMISTRY,0092,89,第九章 化学反应速率与化学平衡 / 第4节 化学反应的方向与调控 / 考法突破14 反应速率和平衡图像分析,速率—时间图像
CHEMISTRY,0092,89,第九章 化学反应速率与化学平衡 / 第4节 化学反应的方向与调控 / 考法突破14 反应速率和平衡图像分析,由速率—时间图像判断外界条件改变
CHEMISTRY,0092,89,第九章 化学反应速率与化学平衡 / 第4节 化学反应的方向与调控 / 考法突破14 反应速率和平衡图像分析,增大浓度对正逆反应速率的影响
CHEMISTRY,0092,89,第九章 化学反应速率与化学平衡 / 第4节 化学反应的方向与调控 / 考法突破14 反应速率和平衡图像分析,升高温度对正逆反应速率的影响
CHEMISTRY,0092,89,第九章 化学反应速率与化学平衡 / 第4节 化学反应的方向与调控 / 考法突破14 反应速率和平衡图像分析,减小压强对正逆反应速率的影响
CHEMISTRY,0092,89,第九章 化学反应速率与化学平衡 / 第4节 化学反应的方向与调控 / 考法突破14 反应速率和平衡图像分析,催化剂对正逆反应速率的影响
CHEMISTRY,0092,89,第九章 化学反应速率与化学平衡 / 第4节 化学反应的方向与调控 / 考法突破14 反应速率和平衡图像分析,先拐先平数值大原则
CHEMISTRY,0092,89,第九章 化学反应速率与化学平衡 / 第4节 化学反应的方向与调控 / 考法突破14 反应速率和平衡图像分析,由含量—时间图像判断反应热效应
CHEMISTRY,0092,89,第九章 化学反应速率与化学平衡 / 第4节 化学反应的方向与调控 / 考法突破14 反应速率和平衡图像分析,由含量—时间图像判断气体分子数变化
CHEMISTRY,0092,89,第九章 化学反应速率与化学平衡 / 第4节 化学反应的方向与调控 / 考法突破14 反应速率和平衡图像分析,定一议二原则
CHEMISTRY,0092,89,第九章 化学反应速率与化学平衡 / 第4节 化学反应的方向与调控 / 考法突破14 反应速率和平衡图像分析,恒温线与等压线的辅助线分析法
CHEMISTRY,0093,90,第九章 化学反应速率与化学平衡 / 第4节 化学反应的方向与调控 / 考法突破14 反应速率和平衡图像分析,非平衡量与平衡量的区分
CHEMISTRY,0093,90,第九章 化学反应速率与化学平衡 / 第4节 化学反应的方向与调控 / 考法突破14 反应速率和平衡图像分析,含量—温度图像的极值点含义
CHEMISTRY,0093,90,第九章 化学反应速率与化学平衡 / 第4节 化学反应的方向与调控 / 考法突破14 反应速率和平衡图像分析,由含量—温度图像极值点后段判断反应热效应
CHEMISTRY,0093,90,第九章 化学反应速率与化学平衡 / 第4节 化学反应的方向与调控 / 考法突破14 反应速率和平衡图像分析,平衡曲线外非平衡点的移动方向判断
CHEMISTRY,0093,90,第九章 化学反应速率与化学平衡 / 第4节 化学反应的方向与调控 / 考法突破14 反应速率和平衡图像分析,由 A% 与平衡曲线位置判断 v正 与 v逆 的大小
CHEMISTRY,0093,90,第九章 化学反应速率与化学平衡 / 第4节 化学反应的方向与调控 / 考法突破14 反应速率和平衡图像分析,复合图像的分离分析法
CHEMISTRY,0093,90,第九章 化学反应速率与化学平衡 / 第4节 化学反应的方向与调控 / 考法突破14 反应速率和平衡图像分析,催化剂活性与温度的关系
CHEMISTRY,0093,90,第九章 化学反应速率与化学平衡 / 第4节 化学反应的方向与调控 / 考法突破14 反应速率和平衡图像分析,竞争反应
CHEMISTRY,0093,90,第九章 化学反应速率与化学平衡 / 第4节 化学反应的方向与调控 / 考法突破14 反应速率和平衡图像分析,选择性
CHEMISTRY,0093,90,第九章 化学反应速率与化学平衡 / 第4节 化学反应的方向与调控 / 考法突破14 反应速率和平衡图像分析,由竞争反应的 ΔH 分析选择性变化
CHEMISTRY,0093,90,第九章 化学反应速率与化学平衡 / 第4节 化学反应的方向与调控 / 考法突破14 反应速率和平衡图像分析,副反应对转化率的影响
CHEMISTRY,0095,92,第九章 化学反应速率与化学平衡 / 微专题3 化工生产中多重平衡体系分析,多重平衡体系
CHEMISTRY,0095,92,第九章 化学反应速率与化学平衡 / 微专题3 化工生产中多重平衡体系分析,连续反应
CHEMISTRY,0095,92,第九章 化学反应速率与化学平衡 / 微专题3 化工生产中多重平衡体系分析,竞争反应
CHEMISTRY,0095,92,第九章 化学反应速率与化学平衡 / 微专题3 化工生产中多重平衡体系分析,连续反应的中间产物浓度变化
CHEMISTRY,0095,92,第九章 化学反应速率与化学平衡 / 微专题3 化工生产中多重平衡体系分析,由速率常数比判断中间产物含量
CHEMISTRY,0095,92,第九章 化学反应速率与化学平衡 / 微专题3 化工生产中多重平衡体系分析,中间产物浓度的叠加计算
CHEMISTRY,0095,92,第九章 化学反应速率与化学平衡 / 微专题3 化工生产中多重平衡体系分析,竞争反应的主要产物判断
CHEMISTRY,0095,92,第九章 化学反应速率与化学平衡 / 微专题3 化工生产中多重平衡体系分析,活化能与竞争反应产物选择性
CHEMISTRY,0095,92,第九章 化学反应速率与化学平衡 / 微专题3 化工生产中多重平衡体系分析,多重平衡中产物调控的速率角度
CHEMISTRY,0095,92,第九章 化学反应速率与化学平衡 / 微专题3 化工生产中多重平衡体系分析,多重平衡中产物调控的限度角度
CHEMISTRY,0095,92,第九章 化学反应速率与化学平衡 / 微专题3 化工生产中多重平衡体系分析,温度对竞争反应速率的影响
CHEMISTRY,0095,92,第九章 化学反应速率与化学平衡 / 微专题3 化工生产中多重平衡体系分析,压强对多重平衡移动的影响
CHEMISTRY,0095,92,第九章 化学反应速率与化学平衡 / 微专题3 化工生产中多重平衡体系分析,多重平衡的三段式法
CHEMISTRY,0095,92,第九章 化学反应速率与化学平衡 / 微专题3 化工生产中多重平衡体系分析,竞争型多重平衡的浓度计算
CHEMISTRY,0095,92,第九章 化学反应速率与化学平衡 / 微专题3 化工生产中多重平衡体系分析,连续型多重平衡的计算方法
CHEMISTRY,0096,93,第九章 化学反应速率与化学平衡 / 微专题3 化工生产中多重平衡体系分析（续）,连续型多重平衡的三段式法
CHEMISTRY,0096,93,第九章 化学反应速率与化学平衡 / 微专题3 化工生产中多重平衡体系分析（续）,连续反应平衡量作为下一步起始量
CHEMISTRY,0096,93,第九章 化学反应速率与化学平衡 / 微专题3 化工生产中多重平衡体系分析（续）,原子守恒法
CHEMISTRY,0096,93,第九章 化学反应速率与化学平衡 / 微专题3 化工生产中多重平衡体系分析（续）,原子守恒法的三步流程
CHEMISTRY,0096,93,第九章 化学反应速率与化学平衡 / 微专题3 化工生产中多重平衡体系分析（续）,多重平衡体系图像的分析方法
CHEMISTRY,0096,93,第九章 化学反应速率与化学平衡 / 微专题3 化工生产中多重平衡体系分析（续）,由物理量实际变化趋势判断主导平衡
CHEMISTRY,0097,94,第九章 化学反应速率与化学平衡 / 微专题3 化工生产中多重平衡体系分析（变式训练）,CO2 的平衡转化率
CHEMISTRY,0097,94,第九章 化学反应速率与化学平衡 / 微专题3 化工生产中多重平衡体系分析（变式训练）,CH3OH 的平衡产率
CHEMISTRY,0097,94,第九章 化学反应速率与化学平衡 / 微专题3 化工生产中多重平衡体系分析（变式训练）,CH3OH 的选择性
CHEMISTRY,0097,94,第九章 化学反应速率与化学平衡 / 微专题3 化工生产中多重平衡体系分析（变式训练）,用物质的量分数表示的速率方程
CHEMISTRY,0097,94,第九章 化学反应速率与化学平衡 / 微专题3 化工生产中多重平衡体系分析（变式训练）,由正逆速率常数大小比较温度高低
CHEMISTRY,0097,94,第九章 化学反应速率与化学平衡 / 微专题3 化工生产中多重平衡体系分析（变式训练）,多重平衡中产率与选择性的区别
CHEMISTRY,0098,95,第十章 水溶液中的离子反应与平衡 / 第1节 弱电解质的电离平衡 / 知识清单,弱电解质
CHEMISTRY,0098,95,第十章 水溶液中的离子反应与平衡 / 第1节 弱电解质的电离平衡 / 知识清单,弱电解质的种类
CHEMISTRY,0098,95,第十章 水溶液中的离子反应与平衡 / 第1节 弱电解质的电离平衡 / 知识清单,弱电解质电离方程式的书写
CHEMISTRY,0098,95,第十章 水溶液中的离子反应与平衡 / 第1节 弱电解质的电离平衡 / 知识清单,多元弱酸分步电离
CHEMISTRY,0098,95,第十章 水溶液中的离子反应与平衡 / 第1节 弱电解质的电离平衡 / 知识清单,多元弱碱一步电离
CHEMISTRY,0098,95,第十章 水溶液中的离子反应与平衡 / 第1节 弱电解质的电离平衡 / 知识清单,电离平衡
CHEMISTRY,0098,95,第十章 水溶液中的离子反应与平衡 / 第1节 弱电解质的电离平衡 / 知识清单,温度对电离平衡的影响
CHEMISTRY,0098,95,第十章 水溶液中的离子反应与平衡 / 第1节 弱电解质的电离平衡 / 知识清单,稀释对电离平衡的影响
CHEMISTRY,0098,95,第十章 水溶液中的离子反应与平衡 / 第1节 弱电解质的电离平衡 / 知识清单,同离子效应
CHEMISTRY,0098,95,第十章 水溶液中的离子反应与平衡 / 第1节 弱电解质的电离平衡 / 知识清单,电离平衡移动与电离度变化的区别
CHEMISTRY,0098,95,第十章 水溶液中的离子反应与平衡 / 第1节 弱电解质的电离平衡 / 知识清单,电解质溶液的导电能力
CHEMISTRY,0098,95,第十章 水溶液中的离子反应与平衡 / 第1节 弱电解质的电离平衡 / 知识清单,导电能力与电解质强弱的区别
CHEMISTRY,0098,95,第十章 水溶液中的离子反应与平衡 / 第1节 弱电解质的电离平衡 / 知识清单,电离度
CHEMISTRY,0098,95,第十章 水溶液中的离子反应与平衡 / 第1节 弱电解质的电离平衡 / 知识清单,电离度的计算方法
CHEMISTRY,0098,95,第十章 水溶液中的离子反应与平衡 / 第1节 弱电解质的电离平衡 / 知识清单,浓度与温度对电离度的影响
CHEMISTRY,0098,95,第十章 水溶液中的离子反应与平衡 / 第1节 弱电解质的电离平衡 / 知识清单,电离平衡常数
CHEMISTRY,0098,95,第十章 水溶液中的离子反应与平衡 / 第1节 弱电解质的电离平衡 / 知识清单,Ka 与 Kb 的表达式
CHEMISTRY,0098,95,第十章 水溶液中的离子反应与平衡 / 第1节 弱电解质的电离平衡 / 知识清单,电离平衡常数只与温度有关
CHEMISTRY,0099,96,第十章 水溶液中的离子反应与平衡 / 第1节 弱电解质的电离平衡 / 电离平衡常数的应用·强酸与弱酸的比较,多元弱酸酸性主要由第一步电离决定
CHEMISTRY,0099,96,第十章 水溶液中的离子反应与平衡 / 第1节 弱电解质的电离平衡 / 电离平衡常数的应用·强酸与弱酸的比较,由电离平衡常数判断弱酸相对强弱
CHEMISTRY,0099,96,第十章 水溶液中的离子反应与平衡 / 第1节 弱电解质的电离平衡 / 电离平衡常数的应用·强酸与弱酸的比较,强酸制弱酸
CHEMISTRY,0099,96,第十章 水溶液中的离子反应与平衡 / 第1节 弱电解质的电离平衡 / 电离平衡常数的应用·强酸与弱酸的比较,由电离平衡常数判断酸与盐的反应
CHEMISTRY,0099,96,第十章 水溶液中的离子反应与平衡 / 第1节 弱电解质的电离平衡 / 电离平衡常数的应用·强酸与弱酸的比较,由电离平衡常数判断粒子浓度比值变化
CHEMISTRY,0099,96,第十章 水溶液中的离子反应与平衡 / 第1节 弱电解质的电离平衡 / 电离平衡常数的应用·强酸与弱酸的比较,酸式酸根离子电离与水解程度的比较
CHEMISTRY,0099,96,第十章 水溶液中的离子反应与平衡 / 第1节 弱电解质的电离平衡 / 电离平衡常数的应用·强酸与弱酸的比较,水解常数的计算
CHEMISTRY,0099,96,第十章 水溶液中的离子反应与平衡 / 第1节 弱电解质的电离平衡 / 电离平衡常数的应用·强酸与弱酸的比较,由起始浓度与氢离子浓度求 Ka
CHEMISTRY,0099,96,第十章 水溶液中的离子反应与平衡 / 第1节 弱电解质的电离平衡 / 电离平衡常数的应用·强酸与弱酸的比较,由 Ka 与起始浓度求氢离子浓度
CHEMISTRY,0099,96,第十章 水溶液中的离子反应与平衡 / 第1节 弱电解质的电离平衡 / 电离平衡常数的应用·强酸与弱酸的比较,一元强酸与一元弱酸的比较
CHEMISTRY,0099,96,第十章 水溶液中的离子反应与平衡 / 第1节 弱电解质的电离平衡 / 电离平衡常数的应用·强酸与弱酸的比较,中和碱的能力
CHEMISTRY,0099,96,第十章 水溶液中的离子反应与平衡 / 第1节 弱电解质的电离平衡 / 电离平衡常数的应用·强酸与弱酸的比较,与活泼金属反应产生氢气的量
CHEMISTRY,0099,96,第十章 水溶液中的离子反应与平衡 / 第1节 弱电解质的电离平衡 / 电离平衡常数的应用·强酸与弱酸的比较,强酸与弱酸的稀释图像
CHEMISTRY,0099,96,第十章 水溶液中的离子反应与平衡 / 第1节 弱电解质的电离平衡 / 电离平衡常数的应用·强酸与弱酸的比较,加水稀释倍数与 pH 变化的关系
CHEMISTRY,0099,96,第十章 水溶液中的离子反应与平衡 / 第1节 弱电解质的电离平衡 / 电离平衡常数的应用·强酸与弱酸的比较,强酸与弱酸的判断方法
CHEMISTRY,0100,97,第十章 水溶液中的离子反应与平衡 / 第1节（续）→ 第2节 溶液的酸碱性 酸碱中和滴定 / 水的电离,强酸与弱酸的判断方法
CHEMISTRY,0100,97,第十章 水溶液中的离子反应与平衡 / 第1节（续）→ 第2节 溶液的酸碱性 酸碱中和滴定 / 水的电离,由稀释后 pH 变化判断弱酸
CHEMISTRY,0100,97,第十章 水溶液中的离子反应与平衡 / 第1节（续）→ 第2节 溶液的酸碱性 酸碱中和滴定 / 水的电离,由中和碱的量判断弱酸
CHEMISTRY,0100,97,第十章 水溶液中的离子反应与平衡 / 第1节（续）→ 第2节 溶液的酸碱性 酸碱中和滴定 / 水的电离,由与金属反应速率判断弱酸
CHEMISTRY,0100,97,第十章 水溶液中的离子反应与平衡 / 第1节（续）→ 第2节 溶液的酸碱性 酸碱中和滴定 / 水的电离,水的电离平衡
CHEMISTRY,0100,97,第十章 水溶液中的离子反应与平衡 / 第1节（续）→ 第2节 溶液的酸碱性 酸碱中和滴定 / 水的电离,水的离子积常数
CHEMISTRY,0100,97,第十章 水溶液中的离子反应与平衡 / 第1节（续）→ 第2节 溶液的酸碱性 酸碱中和滴定 / 水的电离,Kw 只与温度有关
CHEMISTRY,0100,97,第十章 水溶液中的离子反应与平衡 / 第1节（续）→ 第2节 溶液的酸碱性 酸碱中和滴定 / 水的电离,Kw 的适用范围
CHEMISTRY,0100,97,第十章 水溶液中的离子反应与平衡 / 第1节（续）→ 第2节 溶液的酸碱性 酸碱中和滴定 / 水的电离,温度对水的电离的影响
CHEMISTRY,0100,97,第十章 水溶液中的离子反应与平衡 / 第1节（续）→ 第2节 溶液的酸碱性 酸碱中和滴定 / 水的电离,酸和碱对水的电离的抑制
CHEMISTRY,0100,97,第十章 水溶液中的离子反应与平衡 / 第1节（续）→ 第2节 溶液的酸碱性 酸碱中和滴定 / 水的电离,能水解的盐对水的电离的促进
CHEMISTRY,0100,97,第十章 水溶液中的离子反应与平衡 / 第1节（续）→ 第2节 溶液的酸碱性 酸碱中和滴定 / 水的电离,钠与水反应对水的电离的影响
CHEMISTRY,0101,98,第十章 水溶液中的离子反应与平衡 / 第2节 溶液的酸碱性 酸碱中和滴定 / 溶液的酸碱性·pH计算·酸碱中和滴定,溶液酸碱性的判断
CHEMISTRY,0101,98,第十章 水溶液中的离子反应与平衡 / 第2节 溶液的酸碱性 酸碱中和滴定 / 溶液的酸碱性·pH计算·酸碱中和滴定,pH 的计算公式
CHEMISTRY,0101,98,第十章 水溶液中的离子反应与平衡 / 第2节 溶液的酸碱性 酸碱中和滴定 / 溶液的酸碱性·pH计算·酸碱中和滴定,pH 的适用范围
CHEMISTRY,0101,98,第十章 水溶液中的离子反应与平衡 / 第2节 溶液的酸碱性 酸碱中和滴定 / 溶液的酸碱性·pH计算·酸碱中和滴定,pH 试纸的使用方法
CHEMISTRY,0101,98,第十章 水溶液中的离子反应与平衡 / 第2节 溶液的酸碱性 酸碱中和滴定 / 溶液的酸碱性·pH计算·酸碱中和滴定,pH 计测量法
CHEMISTRY,0101,98,第十章 水溶液中的离子反应与平衡 / 第2节 溶液的酸碱性 酸碱中和滴定 / 溶液的酸碱性·pH计算·酸碱中和滴定,溶液 pH 计算的一般思维模型
CHEMISTRY,0101,98,第十章 水溶液中的离子反应与平衡 / 第2节 溶液的酸碱性 酸碱中和滴定 / 溶液的酸碱性·pH计算·酸碱中和滴定,酸碱混合后 pH 的计算
CHEMISTRY,0101,98,第十章 水溶液中的离子反应与平衡 / 第2节 溶液的酸碱性 酸碱中和滴定 / 溶液的酸碱性·pH计算·酸碱中和滴定,酸碱中和滴定
CHEMISTRY,0101,98,第十章 水溶液中的离子反应与平衡 / 第2节 溶液的酸碱性 酸碱中和滴定 / 溶液的酸碱性·pH计算·酸碱中和滴定,酸式滴定管与碱式滴定管
CHEMISTRY,0101,98,第十章 水溶液中的离子反应与平衡 / 第2节 溶液的酸碱性 酸碱中和滴定 / 溶液的酸碱性·pH计算·酸碱中和滴定,滴定管的读数规则
CHEMISTRY,0101,98,第十章 水溶液中的离子反应与平衡 / 第2节 溶液的酸碱性 酸碱中和滴定 / 溶液的酸碱性·pH计算·酸碱中和滴定,滴定管的选择
CHEMISTRY,0101,98,第十章 水溶液中的离子反应与平衡 / 第2节 溶液的酸碱性 酸碱中和滴定 / 溶液的酸碱性·pH计算·酸碱中和滴定,聚四氟乙烯活塞滴定管
CHEMISTRY,0101,98,第十章 水溶液中的离子反应与平衡 / 第2节 溶液的酸碱性 酸碱中和滴定 / 溶液的酸碱性·pH计算·酸碱中和滴定,中和滴定指示剂的选择
CHEMISTRY,0101,98,第十章 水溶液中的离子反应与平衡 / 第2节 溶液的酸碱性 酸碱中和滴定 / 溶液的酸碱性·pH计算·酸碱中和滴定,石蕊不能作中和滴定指示剂
CHEMISTRY,0101,98,第十章 水溶液中的离子反应与平衡 / 第2节 溶液的酸碱性 酸碱中和滴定 / 溶液的酸碱性·pH计算·酸碱中和滴定,滴定前的准备步骤
CHEMISTRY,0101,98,第十章 水溶液中的离子反应与平衡 / 第2节 溶液的酸碱性 酸碱中和滴定 / 溶液的酸碱性·pH计算·酸碱中和滴定,滴定管的检漏、洗涤与润洗
CHEMISTRY,0101,98,第十章 水溶液中的离子反应与平衡 / 第2节 溶液的酸碱性 酸碱中和滴定 / 溶液的酸碱性·pH计算·酸碱中和滴定,排除滴定管气泡的方法
CHEMISTRY,0101,98,第十章 水溶液中的离子反应与平衡 / 第2节 溶液的酸碱性 酸碱中和滴定 / 溶液的酸碱性·pH计算·酸碱中和滴定,滴定操作中左右手与眼睛的分工
CHEMISTRY,0101,98,第十章 水溶液中的离子反应与平衡 / 第2节 溶液的酸碱性 酸碱中和滴定 / 溶液的酸碱性·pH计算·酸碱中和滴定,半滴溶液的加入方法
CHEMISTRY,0101,98,第十章 水溶液中的离子反应与平衡 / 第2节 溶液的酸碱性 酸碱中和滴定 / 溶液的酸碱性·pH计算·酸碱中和滴定,滴定终点的判断
CHEMISTRY,0101,98,第十章 水溶液中的离子反应与平衡 / 第2节 溶液的酸碱性 酸碱中和滴定 / 溶液的酸碱性·pH计算·酸碱中和滴定,中和滴定的数据处理
CHEMISTRY,0102,99,第十章 水溶液中的离子反应与平衡 / 第2节 溶液的酸碱性 酸碱中和滴定 / 滴定误差分析与滴定曲线,中和滴定的误差分析
CHEMISTRY,0102,99,第十章 水溶液中的离子反应与平衡 / 第2节 溶液的酸碱性 酸碱中和滴定 / 滴定误差分析与滴定曲线,滴定管未润洗引起的误差
CHEMISTRY,0102,99,第十章 水溶液中的离子反应与平衡 / 第2节 溶液的酸碱性 酸碱中和滴定 / 滴定误差分析与滴定曲线,锥形瓶润洗引起的误差
CHEMISTRY,0102,99,第十章 水溶液中的离子反应与平衡 / 第2节 溶液的酸碱性 酸碱中和滴定 / 滴定误差分析与滴定曲线,气泡对滴定结果的影响
CHEMISTRY,0102,99,第十章 水溶液中的离子反应与平衡 / 第2节 溶液的酸碱性 酸碱中和滴定 / 滴定误差分析与滴定曲线,滴定读数仰视俯视引起的误差
CHEMISTRY,0102,99,第十章 水溶液中的离子反应与平衡 / 第2节 溶液的酸碱性 酸碱中和滴定 / 滴定误差分析与滴定曲线,滴定终点判断的答题模板
CHEMISTRY,0102,99,第十章 水溶液中的离子反应与平衡 / 第2节 溶液的酸碱性 酸碱中和滴定 / 滴定误差分析与滴定曲线,滴定曲线分析
CHEMISTRY,0102,99,第十章 水溶液中的离子反应与平衡 / 第2节 溶液的酸碱性 酸碱中和滴定 / 滴定误差分析与滴定曲线,滴定曲线起点的比较
CHEMISTRY,0102,99,第十章 水溶液中的离子反应与平衡 / 第2节 溶液的酸碱性 酸碱中和滴定 / 滴定误差分析与滴定曲线,滴定突变范围
CHEMISTRY,0102,99,第十章 水溶液中的离子反应与平衡 / 第2节 溶液的酸碱性 酸碱中和滴定 / 滴定误差分析与滴定曲线,强酸强碱滴定的突变范围大于弱酸弱碱
CHEMISTRY,0103,100,第十章 水溶液中的离子反应与平衡 / 第3节 盐类的水解 / 知识清单,盐类水解的实质
CHEMISTRY,0103,100,第十章 水溶液中的离子反应与平衡 / 第3节 盐类的水解 / 知识清单,盐类水解的规律
CHEMISTRY,0103,100,第十章 水溶液中的离子反应与平衡 / 第3节 盐类的水解 / 知识清单,有弱才水解，越弱越水解
CHEMISTRY,0103,100,第十章 水溶液中的离子反应与平衡 / 第3节 盐类的水解 / 知识清单,谁强显谁性，同强显中性
CHEMISTRY,0103,100,第十章 水溶液中的离子反应与平衡 / 第3节 盐类的水解 / 知识清单,正盐水解程度大于酸式盐
CHEMISTRY,0103,100,第十章 水溶液中的离子反应与平衡 / 第3节 盐类的水解 / 知识清单,酸式盐溶液酸碱性的判断
CHEMISTRY,0103,100,第十章 水溶液中的离子反应与平衡 / 第3节 盐类的水解 / 知识清单,强酸酸式盐只电离不水解
CHEMISTRY,0103,100,第十章 水溶液中的离子反应与平衡 / 第3节 盐类的水解 / 知识清单,酸式酸根离子电离与水解程度的比较
CHEMISTRY,0103,100,第十章 水溶液中的离子反应与平衡 / 第3节 盐类的水解 / 知识清单,盐类水解的影响因素
CHEMISTRY,0103,100,第十章 水溶液中的离子反应与平衡 / 第3节 盐类的水解 / 知识清单,温度对盐类水解的影响
CHEMISTRY,0103,100,第十章 水溶液中的离子反应与平衡 / 第3节 盐类的水解 / 知识清单,浓度对盐类水解的影响
CHEMISTRY,0103,100,第十章 水溶液中的离子反应与平衡 / 第3节 盐类的水解 / 知识清单,加水稀释对水解程度的影响
CHEMISTRY,0103,100,第十章 水溶液中的离子反应与平衡 / 第3节 盐类的水解 / 知识清单,外加酸碱对盐类水解的影响
CHEMISTRY,0103,100,第十章 水溶液中的离子反应与平衡 / 第3节 盐类的水解 / 知识清单,水解方程式的书写
CHEMISTRY,0103,100,第十章 水溶液中的离子反应与平衡 / 第3节 盐类的水解 / 知识清单,多元弱酸盐分步水解
CHEMISTRY,0103,100,第十章 水溶液中的离子反应与平衡 / 第3节 盐类的水解 / 知识清单,相互促进的水解反应
CHEMISTRY,0103,100,第十章 水溶液中的离子反应与平衡 / 第3节 盐类的水解 / 知识清单,双水解完全进行的条件
CHEMISTRY,0103,100,第十章 水溶液中的离子反应与平衡 / 第3节 盐类的水解 / 知识清单,完全双水解的符号表示
CHEMISTRY,0104,101,第十章 水溶液中的离子反应与平衡 / 第3节 盐类的水解 / 水解常数与盐类水解的应用,不是双水解的离子反应辨析
CHEMISTRY,0104,101,第十章 水溶液中的离子反应与平衡 / 第3节 盐类的水解 / 水解常数与盐类水解的应用,相互促进水解而不能大量共存的离子组合
CHEMISTRY,0104,101,第十章 水溶液中的离子反应与平衡 / 第3节 盐类的水解 / 水解常数与盐类水解的应用,完全双水解离子方程式的书写步骤
CHEMISTRY,0104,101,第十章 水溶液中的离子反应与平衡 / 第3节 盐类的水解 / 水解常数与盐类水解的应用,双水解方程式的电荷配平
CHEMISTRY,0104,101,第十章 水溶液中的离子反应与平衡 / 第3节 盐类的水解 / 水解常数与盐类水解的应用,双水解方程式中水的确定
CHEMISTRY,0104,101,第十章 水溶液中的离子反应与平衡 / 第3节 盐类的水解 / 水解常数与盐类水解的应用,盐的水解常数
CHEMISTRY,0104,101,第十章 水溶液中的离子反应与平衡 / 第3节 盐类的水解 / 水解常数与盐类水解的应用,水解常数与 Kw、Ka 的关系
CHEMISTRY,0104,101,第十章 水溶液中的离子反应与平衡 / 第3节 盐类的水解 / 水解常数与盐类水解的应用,水解常数只受温度影响
CHEMISTRY,0104,101,第十章 水溶液中的离子反应与平衡 / 第3节 盐类的水解 / 水解常数与盐类水解的应用,由水解常数与电离常数判断酸式盐的酸碱性
CHEMISTRY,0104,101,第十章 水溶液中的离子反应与平衡 / 第3节 盐类的水解 / 水解常数与盐类水解的应用,盐类水解的应用
CHEMISTRY,0104,101,第十章 水溶液中的离子反应与平衡 / 第3节 盐类的水解 / 水解常数与盐类水解的应用,由盐溶液 pH 判断弱酸酸性强弱
CHEMISTRY,0104,101,第十章 水溶液中的离子反应与平衡 / 第3节 盐类的水解 / 水解常数与盐类水解的应用,配制易水解盐溶液的方法
CHEMISTRY,0104,101,第十章 水溶液中的离子反应与平衡 / 第3节 盐类的水解 / 水解常数与盐类水解的应用,氢氧化铁胶体的制取
CHEMISTRY,0104,101,第十章 水溶液中的离子反应与平衡 / 第3节 盐类的水解 / 水解常数与盐类水解的应用,明矾净水原理
CHEMISTRY,0104,101,第十章 水溶液中的离子反应与平衡 / 第3节 盐类的水解 / 水解常数与盐类水解的应用,泡沫灭火器原理
CHEMISTRY,0104,101,第十章 水溶液中的离子反应与平衡 / 第3节 盐类的水解 / 水解常数与盐类水解的应用,盐作除锈剂的原理
CHEMISTRY,0104,101,第十章 水溶液中的离子反应与平衡 / 第3节 盐类的水解 / 水解常数与盐类水解的应用,由 TiCl4 制备 TiO2
CHEMISTRY,0104,101,第十章 水溶液中的离子反应与平衡 / 第3节 盐类的水解 / 水解常数与盐类水解的应用,盐溶液蒸干所得产物的判断
CHEMISTRY,0104,101,第十章 水溶液中的离子反应与平衡 / 第3节 盐类的水解 / 水解常数与盐类水解的应用,易水解盐溶液在 HCl 气流中蒸发
CHEMISTRY,0105,102,第十章 水溶液中的离子反应与平衡 / 第3节（续）→ 第4节 沉淀溶解平衡 / 知识清单,沉淀溶解平衡
CHEMISTRY,0105,102,第十章 水溶液中的离子反应与平衡 / 第3节（续）→ 第4节 沉淀溶解平衡 / 知识清单,沉淀溶解平衡的特点
CHEMISTRY,0105,102,第十章 水溶液中的离子反应与平衡 / 第3节（续）→ 第4节 沉淀溶解平衡 / 知识清单,沉淀溶解平衡的影响因素
CHEMISTRY,0105,102,第十章 水溶液中的离子反应与平衡 / 第3节（续）→ 第4节 沉淀溶解平衡 / 知识清单,稀释对沉淀溶解平衡的影响
CHEMISTRY,0105,102,第十章 水溶液中的离子反应与平衡 / 第3节（续）→ 第4节 沉淀溶解平衡 / 知识清单,温度对沉淀溶解平衡的影响
CHEMISTRY,0105,102,第十章 水溶液中的离子反应与平衡 / 第3节（续）→ 第4节 沉淀溶解平衡 / 知识清单,同离子效应
CHEMISTRY,0105,102,第十章 水溶液中的离子反应与平衡 / 第3节（续）→ 第4节 沉淀溶解平衡 / 知识清单,向沉淀溶解方向移动的前提
CHEMISTRY,0105,102,第十章 水溶液中的离子反应与平衡 / 第3节（续）→ 第4节 沉淀溶解平衡 / 知识清单,溶度积
CHEMISTRY,0105,102,第十章 水溶液中的离子反应与平衡 / 第3节（续）→ 第4节 沉淀溶解平衡 / 知识清单,溶度积表达式
CHEMISTRY,0105,102,第十章 水溶液中的离子反应与平衡 / 第3节（续）→ 第4节 沉淀溶解平衡 / 知识清单,溶度积只受温度影响
CHEMISTRY,0105,102,第十章 水溶液中的离子反应与平衡 / 第3节（续）→ 第4节 沉淀溶解平衡 / 知识清单,溶度积规则
CHEMISTRY,0105,102,第十章 水溶液中的离子反应与平衡 / 第3节（续）→ 第4节 沉淀溶解平衡 / 知识清单,由 Q 与 Ksp 判断沉淀的生成与溶解
CHEMISTRY,0106,103,第十章 水溶液中的离子反应与平衡 / 第4节 沉淀溶解平衡 / 沉淀溶解平衡的应用,沉淀的生成
CHEMISTRY,0106,103,第十章 水溶液中的离子反应与平衡 / 第4节 沉淀溶解平衡 / 沉淀溶解平衡的应用,加沉淀剂法
CHEMISTRY,0106,103,第十章 水溶液中的离子反应与平衡 / 第4节 沉淀溶解平衡 / 沉淀溶解平衡的应用,调节 pH 法除去杂质离子
CHEMISTRY,0106,103,第十章 水溶液中的离子反应与平衡 / 第4节 沉淀溶解平衡 / 沉淀溶解平衡的应用,沉淀完全的判断标准
CHEMISTRY,0106,103,第十章 水溶液中的离子反应与平衡 / 第4节 沉淀溶解平衡 / 沉淀溶解平衡的应用,混合溶液体积变化对 Q 的影响
CHEMISTRY,0106,103,第十章 水溶液中的离子反应与平衡 / 第4节 沉淀溶解平衡 / 沉淀溶解平衡的应用,沉淀的溶解
CHEMISTRY,0106,103,第十章 水溶液中的离子反应与平衡 / 第4节 沉淀溶解平衡 / 沉淀溶解平衡的应用,酸碱溶解法
CHEMISTRY,0106,103,第十章 水溶液中的离子反应与平衡 / 第4节 沉淀溶解平衡 / 沉淀溶解平衡的应用,氧化还原法溶解沉淀
CHEMISTRY,0106,103,第十章 水溶液中的离子反应与平衡 / 第4节 沉淀溶解平衡 / 沉淀溶解平衡的应用,生成配合物法溶解沉淀
CHEMISTRY,0106,103,第十章 水溶液中的离子反应与平衡 / 第4节 沉淀溶解平衡 / 沉淀溶解平衡的应用,盐溶解法
CHEMISTRY,0106,103,第十章 水溶液中的离子反应与平衡 / 第4节 沉淀溶解平衡 / 沉淀溶解平衡的应用,沉淀的转化
CHEMISTRY,0106,103,第十章 水溶液中的离子反应与平衡 / 第4节 沉淀溶解平衡 / 沉淀溶解平衡的应用,沉淀转化与 Ksp 的关系
CHEMISTRY,0106,103,第十章 水溶液中的离子反应与平衡 / 第4节 沉淀溶解平衡 / 沉淀溶解平衡的应用,沉淀转化的实质
CHEMISTRY,0106,103,第十章 水溶液中的离子反应与平衡 / 第4节 沉淀溶解平衡 / 沉淀溶解平衡的应用,难溶物向更难溶物转化
CHEMISTRY,0106,103,第十章 水溶液中的离子反应与平衡 / 第4节 沉淀溶解平衡 / 沉淀溶解平衡的应用,由沉淀先后次序比较 Ksp
CHEMISTRY,0106,103,第十章 水溶液中的离子反应与平衡 / 第4节 沉淀溶解平衡 / 沉淀溶解平衡的应用,由 Ksp 计算沉淀某离子的 pH 范围
CHEMISTRY,0107,104,第十章 水溶液中的离子反应与平衡 / 第4节（续）→ 考法突破15 溶液中微粒浓度关系判断,单一盐溶液中微粒浓度大小的比较
CHEMISTRY,0107,104,第十章 水溶液中的离子反应与平衡 / 第4节（续）→ 考法突破15 溶液中微粒浓度关系判断,不同盐溶液中同一离子浓度的比较
CHEMISTRY,0107,104,第十章 水溶液中的离子反应与平衡 / 第4节（续）→ 考法突破15 溶液中微粒浓度关系判断,混合溶液中微粒浓度的比较
CHEMISTRY,0107,104,第十章 水溶液中的离子反应与平衡 / 第4节（续）→ 考法突破15 溶液中微粒浓度关系判断,盐溶液混合后微粒浓度的分析方法
CHEMISTRY,0107,104,第十章 水溶液中的离子反应与平衡 / 第4节（续）→ 考法突破15 溶液中微粒浓度关系判断,电荷守恒
CHEMISTRY,0107,104,第十章 水溶液中的离子反应与平衡 / 第4节（续）→ 考法突破15 溶液中微粒浓度关系判断,元素守恒
CHEMISTRY,0107,104,第十章 水溶液中的离子反应与平衡 / 第4节（续）→ 考法突破15 溶液中微粒浓度关系判断,质子守恒
CHEMISTRY,0107,104,第十章 水溶液中的离子反应与平衡 / 第4节（续）→ 考法突破15 溶液中微粒浓度关系判断,三大守恒的联立关系
CHEMISTRY,0107,104,第十章 水溶液中的离子反应与平衡 / 第4节（续）→ 考法突破15 溶液中微粒浓度关系判断,质子守恒的得质子失质子分析法
CHEMISTRY,0108,105,第十章 水溶液中的离子反应与平衡 / 考法突破15 溶液中微粒浓度关系判断 / 方法技巧与解题模型,微粒浓度大小的定性比较法
CHEMISTRY,0108,105,第十章 水溶液中的离子反应与平衡 / 考法突破15 溶液中微粒浓度关系判断 / 方法技巧与解题模型,溶质微粒与平衡产物的层次比较
CHEMISTRY,0108,105,第十章 水溶液中的离子反应与平衡 / 考法突破15 溶液中微粒浓度关系判断 / 方法技巧与解题模型,微粒浓度大小的定量比较法
CHEMISTRY,0108,105,第十章 水溶液中的离子反应与平衡 / 考法突破15 溶液中微粒浓度关系判断 / 方法技巧与解题模型,守恒法比较微粒浓度
CHEMISTRY,0108,105,第十章 水溶液中的离子反应与平衡 / 考法突破15 溶液中微粒浓度关系判断 / 方法技巧与解题模型,常数法比较微粒浓度
CHEMISTRY,0108,105,第十章 水溶液中的离子反应与平衡 / 考法突破15 溶液中微粒浓度关系判断 / 方法技巧与解题模型,微粒浓度关系的解题模型
CHEMISTRY,0108,105,第十章 水溶液中的离子反应与平衡 / 考法突破15 溶液中微粒浓度关系判断 / 方法技巧与解题模型,由溶质成分判断溶液酸碱性
CHEMISTRY,0108,105,第十章 水溶液中的离子反应与平衡 / 考法突破15 溶液中微粒浓度关系判断 / 方法技巧与解题模型,由守恒式类型识别等式来源
CHEMISTRY,0109,106,第十章 水溶液中的离子反应与平衡 / 微专题4 溶液中离子平衡图像分析,离子平衡图像的解题策略
CHEMISTRY,0109,106,第十章 水溶液中的离子反应与平衡 / 微专题4 溶液中离子平衡图像分析,坐标轴意义的识别
CHEMISTRY,0109,106,第十章 水溶液中的离子反应与平衡 / 微专题4 溶液中离子平衡图像分析,曲线变化趋势的分析
CHEMISTRY,0109,106,第十章 水溶液中的离子反应与平衡 / 微专题4 溶液中离子平衡图像分析,中和滴定图像的关键点
CHEMISTRY,0109,106,第十章 水溶液中的离子反应与平衡 / 微专题4 溶液中离子平衡图像分析,由起点 pH 判断酸强弱
CHEMISTRY,0109,106,第十章 水溶液中的离子反应与平衡 / 微专题4 溶液中离子平衡图像分析,中和一半点的溶质与浓度关系
CHEMISTRY,0109,106,第十章 水溶液中的离子反应与平衡 / 微专题4 溶液中离子平衡图像分析,中性点的微粒浓度关系
CHEMISTRY,0109,106,第十章 水溶液中的离子反应与平衡 / 微专题4 溶液中离子平衡图像分析,恰好中和点的微粒浓度关系
CHEMISTRY,0109,106,第十章 水溶液中的离子反应与平衡 / 微专题4 溶液中离子平衡图像分析,过量一倍点的微粒浓度关系
CHEMISTRY,0109,106,第十章 水溶液中的离子反应与平衡 / 微专题4 溶液中离子平衡图像分析,沉淀溶解平衡图像
CHEMISTRY,0109,106,第十章 水溶液中的离子反应与平衡 / 微专题4 溶液中离子平衡图像分析,沉淀溶解平衡曲线上的点与线外点
CHEMISTRY,0109,106,第十章 水溶液中的离子反应与平衡 / 微专题4 溶液中离子平衡图像分析,溶度积与 Q 的大小比较
CHEMISTRY,0109,106,第十章 水溶液中的离子反应与平衡 / 微专题4 溶液中离子平衡图像分析,沉淀溶解平衡图像坐标的对数化
CHEMISTRY,0109,106,第十章 水溶液中的离子反应与平衡 / 微专题4 溶液中离子平衡图像分析,分布系数
CHEMISTRY,0109,106,第十章 水溶液中的离子反应与平衡 / 微专题4 溶液中离子平衡图像分析,分布系数曲线的交点含义
CHEMISTRY,0110,107,第十章 水溶液中的离子反应与平衡 / 微专题4 溶液中离子平衡图像分析（续）,分布系数曲线代表的微粒
CHEMISTRY,0110,107,第十章 水溶液中的离子反应与平衡 / 微专题4 溶液中离子平衡图像分析（续）,由总浓度与分布系数求平衡浓度
CHEMISTRY,0110,107,第十章 水溶液中的离子反应与平衡 / 微专题4 溶液中离子平衡图像分析（续）,由相邻曲线交点求电离常数
CHEMISTRY,0110,107,第十章 水溶液中的离子反应与平衡 / 微专题4 溶液中离子平衡图像分析（续）,由分布系数交点求特定点的 pH
CHEMISTRY,0110,107,第十章 水溶液中的离子反应与平衡 / 微专题4 溶液中离子平衡图像分析（续）,分布系数图像中电荷守恒的书写
CHEMISTRY,0110,107,第十章 水溶液中的离子反应与平衡 / 微专题4 溶液中离子平衡图像分析（续）,配位平衡
CHEMISTRY,0110,107,第十章 水溶液中的离子反应与平衡 / 微专题4 溶液中离子平衡图像分析（续）,配位平衡图像
CHEMISTRY,0110,107,第十章 水溶液中的离子反应与平衡 / 微专题4 溶液中离子平衡图像分析（续）,由配位平衡曲线交点求配合物稳定常数
CHEMISTRY,0110,107,第十章 水溶液中的离子反应与平衡 / 微专题4 溶液中离子平衡图像分析（续）,平均配位数
CHEMISTRY,0110,107,第十章 水溶液中的离子反应与平衡 / 微专题4 溶液中离子平衡图像分析（续）,对数图像
CHEMISTRY,0110,107,第十章 水溶液中的离子反应与平衡 / 微专题4 溶液中离子平衡图像分析（续）,负对数图像
CHEMISTRY,0110,107,第十章 水溶液中的离子反应与平衡 / 微专题4 溶液中离子平衡图像分析（续）,酸度 AG 的含义
CHEMISTRY,0110,107,第十章 水溶液中的离子反应与平衡 / 微专题4 溶液中离子平衡图像分析（续）,对数与负对数图像的解题关键
CHEMISTRY,0111,108,第十章 水溶液中的离子反应与平衡 / 微专题4 溶液中离子平衡图像分析（续）,pOH—pH 图像
CHEMISTRY,0111,108,第十章 水溶液中的离子反应与平衡 / 微专题4 溶液中离子平衡图像分析（续）,由 pOH—pH 图像判断溶液酸碱性
CHEMISTRY,0111,108,第十章 水溶液中的离子反应与平衡 / 微专题4 溶液中离子平衡图像分析（续）,等温线上不同点的 Kw 相同
CHEMISTRY,0111,108,第十章 水溶液中的离子反应与平衡 / 微专题4 溶液中离子平衡图像分析（续）,复合图像
CHEMISTRY,0111,108,第十章 水溶液中的离子反应与平衡 / 微专题4 溶液中离子平衡图像分析（续）,复合图像的坐标系区分方法
CHEMISTRY,0111,108,第十章 水溶液中的离子反应与平衡 / 微专题4 溶液中离子平衡图像分析（续）,由曲线变化趋势识别坐标系归属
CHEMISTRY,0113,110,第十一章 有机物的结构 烃和烃的衍生物 / 第1节 有机物的结构特点 / 知识清单（一、有机物的分类；二、有机物的命名）,烃与烃的衍生物
CHEMISTRY,0113,110,第十一章 有机物的结构 烃和烃的衍生物 / 第1节 有机物的结构特点 / 知识清单（一、有机物的分类；二、有机物的命名）,有机物的碳骨架分类
CHEMISTRY,0113,110,第十一章 有机物的结构 烃和烃的衍生物 / 第1节 有机物的结构特点 / 知识清单（一、有机物的分类；二、有机物的命名）,有机物的官能团分类
CHEMISTRY,0113,110,第十一章 有机物的结构 烃和烃的衍生物 / 第1节 有机物的结构特点 / 知识清单（一、有机物的分类；二、有机物的命名）,常见官能团名称与结构
CHEMISTRY,0113,110,第十一章 有机物的结构 烃和烃的衍生物 / 第1节 有机物的结构特点 / 知识清单（一、有机物的分类；二、有机物的命名）,烷烃的系统命名法
CHEMISTRY,0113,110,第十一章 有机物的结构 烃和烃的衍生物 / 第1节 有机物的结构特点 / 知识清单（一、有机物的分类；二、有机物的命名）,主链选择原则
CHEMISTRY,0113,110,第十一章 有机物的结构 烃和烃的衍生物 / 第1节 有机物的结构特点 / 知识清单（一、有机物的分类；二、有机物的命名）,主链编号原则
CHEMISTRY,0113,110,第十一章 有机物的结构 烃和烃的衍生物 / 第1节 有机物的结构特点 / 知识清单（一、有机物的分类；二、有机物的命名）,取代基书写规则
CHEMISTRY,0113,110,第十一章 有机物的结构 烃和烃的衍生物 / 第1节 有机物的结构特点 / 知识清单（一、有机物的分类；二、有机物的命名）,烷烃的习惯命名法
CHEMISTRY,0113,110,第十一章 有机物的结构 烃和烃的衍生物 / 第1节 有机物的结构特点 / 知识清单（一、有机物的分类；二、有机物的命名）,正戊烷与异戊烷
CHEMISTRY,0114,111,第十一章 有机物的结构 烃和烃的衍生物 / 第1节 有机物的结构特点 / 知识清单（二、有机物的命名（续）；三、有机物组成和结构的确定）,含官能团链状有机物的命名
CHEMISTRY,0114,111,第十一章 有机物的结构 烃和烃的衍生物 / 第1节 有机物的结构特点 / 知识清单（二、有机物的命名（续）；三、有机物组成和结构的确定）,卤代烃的命名
CHEMISTRY,0114,111,第十一章 有机物的结构 烃和烃的衍生物 / 第1节 有机物的结构特点 / 知识清单（二、有机物的命名（续）；三、有机物组成和结构的确定）,酯的命名
CHEMISTRY,0114,111,第十一章 有机物的结构 烃和烃的衍生物 / 第1节 有机物的结构特点 / 知识清单（二、有机物的命名（续）；三、有机物组成和结构的确定）,含苯环有机物的命名
CHEMISTRY,0114,111,第十一章 有机物的结构 烃和烃的衍生物 / 第1节 有机物的结构特点 / 知识清单（二、有机物的命名（续）；三、有机物组成和结构的确定）,苯环取代基的邻间对表示
CHEMISTRY,0114,111,第十一章 有机物的结构 烃和烃的衍生物 / 第1节 有机物的结构特点 / 知识清单（二、有机物的命名（续）；三、有机物组成和结构的确定）,研究有机物的一般方法
CHEMISTRY,0114,111,第十一章 有机物的结构 烃和烃的衍生物 / 第1节 有机物的结构特点 / 知识清单（二、有机物的命名（续）；三、有机物组成和结构的确定）,元素定性分析与定量分析
CHEMISTRY,0114,111,第十一章 有机物的结构 烃和烃的衍生物 / 第1节 有机物的结构特点 / 知识清单（二、有机物的命名（续）；三、有机物组成和结构的确定）,实验式的确定
CHEMISTRY,0114,111,第十一章 有机物的结构 烃和烃的衍生物 / 第1节 有机物的结构特点 / 知识清单（二、有机物的命名（续）；三、有机物组成和结构的确定）,质谱法测相对分子质量
CHEMISTRY,0114,111,第十一章 有机物的结构 烃和烃的衍生物 / 第1节 有机物的结构特点 / 知识清单（二、有机物的命名（续）；三、有机物组成和结构的确定）,红外光谱确定官能团
CHEMISTRY,0114,111,第十一章 有机物的结构 烃和烃的衍生物 / 第1节 有机物的结构特点 / 知识清单（二、有机物的命名（续）；三、有机物组成和结构的确定）,核磁共振氢谱确定氢原子种类
CHEMISTRY,0114,111,第十一章 有机物的结构 烃和烃的衍生物 / 第1节 有机物的结构特点 / 知识清单（二、有机物的命名（续）；三、有机物组成和结构的确定）,X 射线衍射测键长键角
CHEMISTRY,0114,111,第十一章 有机物的结构 烃和烃的衍生物 / 第1节 有机物的结构特点 / 知识清单（二、有机物的命名（续）；三、有机物组成和结构的确定）,有机物不饱和度计算
CHEMISTRY,0115,112,第十一章 有机物的结构 烃和烃的衍生物 / 第1节 有机物的结构特点 / 知识清单（三、有机物组成和结构的确定（续）；四、同系物和同分异构体；五、有机反应基本类型）,含氮有机物的不饱和度计算
CHEMISTRY,0115,112,第十一章 有机物的结构 烃和烃的衍生物 / 第1节 有机物的结构特点 / 知识清单（三、有机物组成和结构的确定（续）；四、同系物和同分异构体；五、有机反应基本类型）,由结构片段判断不饱和度
CHEMISTRY,0115,112,第十一章 有机物的结构 烃和烃的衍生物 / 第1节 有机物的结构特点 / 知识清单（三、有机物组成和结构的确定（续）；四、同系物和同分异构体；五、有机反应基本类型）,同系物的判断
CHEMISTRY,0115,112,第十一章 有机物的结构 烃和烃的衍生物 / 第1节 有机物的结构特点 / 知识清单（三、有机物组成和结构的确定（续）；四、同系物和同分异构体；五、有机反应基本类型）,同分异构体的类型
CHEMISTRY,0115,112,第十一章 有机物的结构 烃和烃的衍生物 / 第1节 有机物的结构特点 / 知识清单（三、有机物组成和结构的确定（续）；四、同系物和同分异构体；五、有机反应基本类型）,碳架异构
CHEMISTRY,0115,112,第十一章 有机物的结构 烃和烃的衍生物 / 第1节 有机物的结构特点 / 知识清单（三、有机物组成和结构的确定（续）；四、同系物和同分异构体；五、有机反应基本类型）,位置异构
CHEMISTRY,0115,112,第十一章 有机物的结构 烃和烃的衍生物 / 第1节 有机物的结构特点 / 知识清单（三、有机物组成和结构的确定（续）；四、同系物和同分异构体；五、有机反应基本类型）,官能团异构
CHEMISTRY,0115,112,第十一章 有机物的结构 烃和烃的衍生物 / 第1节 有机物的结构特点 / 知识清单（三、有机物组成和结构的确定（续）；四、同系物和同分异构体；五、有机反应基本类型）,顺反异构
CHEMISTRY,0115,112,第十一章 有机物的结构 烃和烃的衍生物 / 第1节 有机物的结构特点 / 知识清单（三、有机物组成和结构的确定（续）；四、同系物和同分异构体；五、有机反应基本类型）,对映异构
CHEMISTRY,0115,112,第十一章 有机物的结构 烃和烃的衍生物 / 第1节 有机物的结构特点 / 知识清单（三、有机物组成和结构的确定（续）；四、同系物和同分异构体；五、有机反应基本类型）,手性碳原子与手性分子
CHEMISTRY,0115,112,第十一章 有机物的结构 烃和烃的衍生物 / 第1节 有机物的结构特点 / 知识清单（三、有机物组成和结构的确定（续）；四、同系物和同分异构体；五、有机反应基本类型）,有机反应基本类型
CHEMISTRY,0115,112,第十一章 有机物的结构 烃和烃的衍生物 / 第1节 有机物的结构特点 / 知识清单（三、有机物组成和结构的确定（续）；四、同系物和同分异构体；五、有机反应基本类型）,取代反应
CHEMISTRY,0115,112,第十一章 有机物的结构 烃和烃的衍生物 / 第1节 有机物的结构特点 / 知识清单（三、有机物组成和结构的确定（续）；四、同系物和同分异构体；五、有机反应基本类型）,酯化反应
CHEMISTRY,0115,112,第十一章 有机物的结构 烃和烃的衍生物 / 第1节 有机物的结构特点 / 知识清单（三、有机物组成和结构的确定（续）；四、同系物和同分异构体；五、有机反应基本类型）,水解反应
CHEMISTRY,0115,112,第十一章 有机物的结构 烃和烃的衍生物 / 第1节 有机物的结构特点 / 知识清单（三、有机物组成和结构的确定（续）；四、同系物和同分异构体；五、有机反应基本类型）,加成反应
CHEMISTRY,0115,112,第十一章 有机物的结构 烃和烃的衍生物 / 第1节 有机物的结构特点 / 知识清单（三、有机物组成和结构的确定（续）；四、同系物和同分异构体；五、有机反应基本类型）,消去反应
CHEMISTRY,0115,112,第十一章 有机物的结构 烃和烃的衍生物 / 第1节 有机物的结构特点 / 知识清单（三、有机物组成和结构的确定（续）；四、同系物和同分异构体；五、有机反应基本类型）,加聚反应
CHEMISTRY,0115,112,第十一章 有机物的结构 烃和烃的衍生物 / 第1节 有机物的结构特点 / 知识清单（三、有机物组成和结构的确定（续）；四、同系物和同分异构体；五、有机反应基本类型）,缩聚反应
CHEMISTRY,0115,112,第十一章 有机物的结构 烃和烃的衍生物 / 第1节 有机物的结构特点 / 知识清单（三、有机物组成和结构的确定（续）；四、同系物和同分异构体；五、有机反应基本类型）,有机氧化反应
CHEMISTRY,0115,112,第十一章 有机物的结构 烃和烃的衍生物 / 第1节 有机物的结构特点 / 知识清单（三、有机物组成和结构的确定（续）；四、同系物和同分异构体；五、有机反应基本类型）,有机还原反应
CHEMISTRY,0116,113,第十一章 有机物的结构 烃和烃的衍生物 / 第1节 即练即清；第2节 烃和卤代烃 / 知识清单（一、脂肪烃）,烷烃、单烯烃、单炔烃的通式
CHEMISTRY,0116,113,第十一章 有机物的结构 烃和烃的衍生物 / 第1节 即练即清；第2节 烃和卤代烃 / 知识清单（一、脂肪烃）,脂肪烃的物理性质递变规律
CHEMISTRY,0116,113,第十一章 有机物的结构 烃和烃的衍生物 / 第1节 即练即清；第2节 烃和卤代烃 / 知识清单（一、脂肪烃）,烷烃的取代反应
CHEMISTRY,0116,113,第十一章 有机物的结构 烃和烃的衍生物 / 第1节 即练即清；第2节 烃和卤代烃 / 知识清单（一、脂肪烃）,烯烃的取代反应
CHEMISTRY,0116,113,第十一章 有机物的结构 烃和烃的衍生物 / 第1节 即练即清；第2节 烃和卤代烃 / 知识清单（一、脂肪烃）,烯烃与卤素、卤化氢、水的加成
CHEMISTRY,0116,113,第十一章 有机物的结构 烃和烃的衍生物 / 第1节 即练即清；第2节 烃和卤代烃 / 知识清单（一、脂肪烃）,乙炔与氯化氢加成制氯乙烯
CHEMISTRY,0116,113,第十一章 有机物的结构 烃和烃的衍生物 / 第1节 即练即清；第2节 烃和卤代烃 / 知识清单（一、脂肪烃）,乙炔水化制乙醛
CHEMISTRY,0116,113,第十一章 有机物的结构 烃和烃的衍生物 / 第1节 即练即清；第2节 烃和卤代烃 / 知识清单（一、脂肪烃）,烯烃、炔烃的加聚反应
CHEMISTRY,0116,113,第十一章 有机物的结构 烃和烃的衍生物 / 第1节 即练即清；第2节 烃和卤代烃 / 知识清单（一、脂肪烃）,"二烯烃的 1,2-加成与 1,4-加成"
CHEMISTRY,0116,113,第十一章 有机物的结构 烃和烃的衍生物 / 第1节 即练即清；第2节 烃和卤代烃 / 知识清单（一、脂肪烃）,烃的燃烧通式
CHEMISTRY,0116,113,第十一章 有机物的结构 烃和烃的衍生物 / 第1节 即练即清；第2节 烃和卤代烃 / 知识清单（一、脂肪烃）,烷烃与烯烃炔烃的鉴别
CHEMISTRY,0117,114,第十一章 有机物的结构 烃和烃的衍生物 / 第2节 烃和卤代烃 / 知识清单（一、脂肪烃（续）；二、芳香烃；三、煤和石油的利用；四、卤代烃）,实验室制乙烯的原理与装置
CHEMISTRY,0117,114,第十一章 有机物的结构 烃和烃的衍生物 / 第2节 烃和卤代烃 / 知识清单（一、脂肪烃（续）；二、芳香烃；三、煤和石油的利用；四、卤代烃）,实验室制乙炔的原理与装置
CHEMISTRY,0117,114,第十一章 有机物的结构 烃和烃的衍生物 / 第2节 烃和卤代烃 / 知识清单（一、脂肪烃（续）；二、芳香烃；三、煤和石油的利用；四、卤代烃）,制乙烯时浓硫酸的作用与体积比
CHEMISTRY,0117,114,第十一章 有机物的结构 烃和烃的衍生物 / 第2节 烃和卤代烃 / 知识清单（一、脂肪烃（续）；二、芳香烃；三、煤和石油的利用；四、卤代烃）,制乙炔用饱和食盐水的原因
CHEMISTRY,0117,114,第十一章 有机物的结构 烃和烃的衍生物 / 第2节 烃和卤代烃 / 知识清单（一、脂肪烃（续）；二、芳香烃；三、煤和石油的利用；四、卤代烃）,乙烯、乙炔气体的除杂与检验
CHEMISTRY,0117,114,第十一章 有机物的结构 烃和烃的衍生物 / 第2节 烃和卤代烃 / 知识清单（一、脂肪烃（续）；二、芳香烃；三、煤和石油的利用；四、卤代烃）,芳香烃的定义
CHEMISTRY,0117,114,第十一章 有机物的结构 烃和烃的衍生物 / 第2节 烃和卤代烃 / 知识清单（一、脂肪烃（续）；二、芳香烃；三、煤和石油的利用；四、卤代烃）,苯的同系物的侧链卤代
CHEMISTRY,0117,114,第十一章 有机物的结构 烃和烃的衍生物 / 第2节 烃和卤代烃 / 知识清单（一、脂肪烃（续）；二、芳香烃；三、煤和石油的利用；四、卤代烃）,苯环的卤代反应
CHEMISTRY,0117,114,第十一章 有机物的结构 烃和烃的衍生物 / 第2节 烃和卤代烃 / 知识清单（一、脂肪烃（续）；二、芳香烃；三、煤和石油的利用；四、卤代烃）,苯及其同系物的硝化反应
CHEMISTRY,0117,114,第十一章 有机物的结构 烃和烃的衍生物 / 第2节 烃和卤代烃 / 知识清单（一、脂肪烃（续）；二、芳香烃；三、煤和石油的利用；四、卤代烃）,苯的磺化反应
CHEMISTRY,0117,114,第十一章 有机物的结构 烃和烃的衍生物 / 第2节 烃和卤代烃 / 知识清单（一、脂肪烃（续）；二、芳香烃；三、煤和石油的利用；四、卤代烃）,苯环的加成反应
CHEMISTRY,0117,114,第十一章 有机物的结构 烃和烃的衍生物 / 第2节 烃和卤代烃 / 知识清单（一、脂肪烃（续）；二、芳香烃；三、煤和石油的利用；四、卤代烃）,苯的同系物的氧化反应
CHEMISTRY,0117,114,第十一章 有机物的结构 烃和烃的衍生物 / 第2节 烃和卤代烃 / 知识清单（一、脂肪烃（续）；二、芳香烃；三、煤和石油的利用；四、卤代烃）,苯不能被酸性高锰酸钾氧化
CHEMISTRY,0117,114,第十一章 有机物的结构 烃和烃的衍生物 / 第2节 烃和卤代烃 / 知识清单（一、脂肪烃（续）；二、芳香烃；三、煤和石油的利用；四、卤代烃）,煤的气化、液化、干馏
CHEMISTRY,0117,114,第十一章 有机物的结构 烃和烃的衍生物 / 第2节 烃和卤代烃 / 知识清单（一、脂肪烃（续）；二、芳香烃；三、煤和石油的利用；四、卤代烃）,石油的分馏、裂化、裂解
CHEMISTRY,0117,114,第十一章 有机物的结构 烃和烃的衍生物 / 第2节 烃和卤代烃 / 知识清单（一、脂肪烃（续）；二、芳香烃；三、煤和石油的利用；四、卤代烃）,卤代烃的通式与官能团
CHEMISTRY,0117,114,第十一章 有机物的结构 烃和烃的衍生物 / 第2节 烃和卤代烃 / 知识清单（一、脂肪烃（续）；二、芳香烃；三、煤和石油的利用；四、卤代烃）,卤代烃的物理性质
CHEMISTRY,0117,114,第十一章 有机物的结构 烃和烃的衍生物 / 第2节 烃和卤代烃 / 知识清单（一、脂肪烃（续）；二、芳香烃；三、煤和石油的利用；四、卤代烃）,卤代烃的水解反应
CHEMISTRY,0118,115,第十一章 有机物的结构 烃和烃的衍生物 / 第2节 烃和卤代烃 / 知识清单（四、卤代烃（续））与即练即清；第3节 醇和酚 / 知识清单（一、醇）,卤代烃的消去反应
CHEMISTRY,0118,115,第十一章 有机物的结构 烃和烃的衍生物 / 第2节 烃和卤代烃 / 知识清单（四、卤代烃（续））与即练即清；第3节 醇和酚 / 知识清单（一、醇）,α-碳、β-碳与 α-氢、β-氢
CHEMISTRY,0118,115,第十一章 有机物的结构 烃和烃的衍生物 / 第2节 烃和卤代烃 / 知识清单（四、卤代烃（续））与即练即清；第3节 醇和酚 / 知识清单（一、醇）,卤代烃发生消去反应的条件
CHEMISTRY,0118,115,第十一章 有机物的结构 烃和烃的衍生物 / 第2节 烃和卤代烃 / 知识清单（四、卤代烃（续））与即练即清；第3节 醇和酚 / 知识清单（一、醇）,卤代烃中卤素原子的检验
CHEMISTRY,0118,115,第十一章 有机物的结构 烃和烃的衍生物 / 第2节 烃和卤代烃 / 知识清单（四、卤代烃（续））与即练即清；第3节 醇和酚 / 知识清单（一、醇）,醇的分子结构
CHEMISTRY,0118,115,第十一章 有机物的结构 烃和烃的衍生物 / 第2节 烃和卤代烃 / 知识清单（四、卤代烃（续））与即练即清；第3节 醇和酚 / 知识清单（一、醇）,饱和一元醇的通式
CHEMISTRY,0118,115,第十一章 有机物的结构 烃和烃的衍生物 / 第2节 烃和卤代烃 / 知识清单（四、卤代烃（续））与即练即清；第3节 醇和酚 / 知识清单（一、醇）,醇的沸点递变规律
CHEMISTRY,0118,115,第十一章 有机物的结构 烃和烃的衍生物 / 第2节 烃和卤代烃 / 知识清单（四、卤代烃（续））与即练即清；第3节 醇和酚 / 知识清单（一、醇）,氢键对醇沸点的影响
CHEMISTRY,0118,115,第十一章 有机物的结构 烃和烃的衍生物 / 第2节 烃和卤代烃 / 知识清单（四、卤代烃（续））与即练即清；第3节 醇和酚 / 知识清单（一、醇）,醇的溶解性
CHEMISTRY,0119,116,第十一章 有机物的结构 烃和烃的衍生物 / 第3节 醇和酚 / 知识清单（一、醇（续）；二、酚）,乙醇分子中键的断裂方式
CHEMISTRY,0119,116,第十一章 有机物的结构 烃和烃的衍生物 / 第3节 醇和酚 / 知识清单（一、醇（续）；二、酚）,乙醇与钠的反应
CHEMISTRY,0119,116,第十一章 有机物的结构 烃和烃的衍生物 / 第3节 醇和酚 / 知识清单（一、醇（续）；二、酚）,乙醇与卤化氢的反应
CHEMISTRY,0119,116,第十一章 有机物的结构 烃和烃的衍生物 / 第3节 醇和酚 / 知识清单（一、醇（续）；二、酚）,醇的分子间脱水
CHEMISTRY,0119,116,第十一章 有机物的结构 烃和烃的衍生物 / 第3节 醇和酚 / 知识清单（一、醇（续）；二、酚）,醇的消去反应
CHEMISTRY,0119,116,第十一章 有机物的结构 烃和烃的衍生物 / 第3节 醇和酚 / 知识清单（一、醇（续）；二、酚）,醇的酯化反应
CHEMISTRY,0119,116,第十一章 有机物的结构 烃和烃的衍生物 / 第3节 醇和酚 / 知识清单（一、醇（续）；二、酚）,醇的催化氧化反应
CHEMISTRY,0119,116,第十一章 有机物的结构 烃和烃的衍生物 / 第3节 醇和酚 / 知识清单（一、醇（续）；二、酚）,乙醇被酸性高锰酸钾、酸性重铬酸钾氧化
CHEMISTRY,0119,116,第十一章 有机物的结构 烃和烃的衍生物 / 第3节 醇和酚 / 知识清单（一、醇（续）；二、酚）,醇发生消去反应的条件
CHEMISTRY,0119,116,第十一章 有机物的结构 烃和烃的衍生物 / 第3节 醇和酚 / 知识清单（一、醇（续）；二、酚）,醇催化氧化产物与 α-H 个数的关系
CHEMISTRY,0119,116,第十一章 有机物的结构 烃和烃的衍生物 / 第3节 醇和酚 / 知识清单（一、醇（续）；二、酚）,酚的分子结构
CHEMISTRY,0119,116,第十一章 有机物的结构 烃和烃的衍生物 / 第3节 醇和酚 / 知识清单（一、醇（续）；二、酚）,苯酚的物理性质
CHEMISTRY,0119,116,第十一章 有机物的结构 烃和烃的衍生物 / 第3节 醇和酚 / 知识清单（一、醇（续）；二、酚）,苯酚的弱酸性
CHEMISTRY,0119,116,第十一章 有机物的结构 烃和烃的衍生物 / 第3节 醇和酚 / 知识清单（一、醇（续）；二、酚）,苯酚与钠、氢氧化钠的反应
CHEMISTRY,0119,116,第十一章 有机物的结构 烃和烃的衍生物 / 第3节 醇和酚 / 知识清单（一、醇（续）；二、酚）,苯酚与浓溴水的取代反应
CHEMISTRY,0119,116,第十一章 有机物的结构 烃和烃的衍生物 / 第3节 醇和酚 / 知识清单（一、醇（续）；二、酚）,苯酚的显色反应
CHEMISTRY,0119,116,第十一章 有机物的结构 烃和烃的衍生物 / 第3节 醇和酚 / 知识清单（一、醇（续）；二、酚）,苯酚的氧化反应
CHEMISTRY,0119,116,第十一章 有机物的结构 烃和烃的衍生物 / 第3节 醇和酚 / 知识清单（一、醇（续）；二、酚）,苯酚与碳酸、碳酸氢根酸性的比较
CHEMISTRY,0119,116,第十一章 有机物的结构 烃和烃的衍生物 / 第3节 醇和酚 / 知识清单（一、醇（续）；二、酚）,苯酚钠与二氧化碳的反应
CHEMISTRY,0120,117,第十一章 有机物的结构 烃和烃的衍生物 / 第3节 醇和酚 即练即清；第4节 醛和酮 羧酸及其衍生物 / 知识清单（一、醛和酮）,醇羟基、酚羟基、羧基氢原子活泼性比较
CHEMISTRY,0120,117,第十一章 有机物的结构 烃和烃的衍生物 / 第3节 醇和酚 即练即清；第4节 醛和酮 羧酸及其衍生物 / 知识清单（一、醛和酮）,醇羟基、酚羟基、羧基与钠、氢氧化钠、碳酸钠、碳酸氢钠的反应差异
CHEMISTRY,0120,117,第十一章 有机物的结构 烃和烃的衍生物 / 第3节 醇和酚 即练即清；第4节 醛和酮 羧酸及其衍生物 / 知识清单（一、醛和酮）,醛的结构与醛基
CHEMISTRY,0120,117,第十一章 有机物的结构 烃和烃的衍生物 / 第3节 醇和酚 即练即清；第4节 醛和酮 羧酸及其衍生物 / 知识清单（一、醛和酮）,甲醛是最简单的醛
CHEMISTRY,0120,117,第十一章 有机物的结构 烃和烃的衍生物 / 第3节 醇和酚 即练即清；第4节 醛和酮 羧酸及其衍生物 / 知识清单（一、醛和酮）,饱和一元醛的通式
CHEMISTRY,0120,117,第十一章 有机物的结构 烃和烃的衍生物 / 第3节 醇和酚 即练即清；第4节 醛和酮 羧酸及其衍生物 / 知识清单（一、醛和酮）,酮的结构与酮羰基
CHEMISTRY,0120,117,第十一章 有机物的结构 烃和烃的衍生物 / 第3节 醇和酚 即练即清；第4节 醛和酮 羧酸及其衍生物 / 知识清单（一、醛和酮）,丙酮
CHEMISTRY,0121,118,第十一章 有机物的结构 烃和烃的衍生物 / 第4节 醛和酮 羧酸及其衍生物 / 知识清单（一、醛和酮（续）；二、羧酸；三、羧酸衍生物）,醛的银镜反应
CHEMISTRY,0121,118,第十一章 有机物的结构 烃和烃的衍生物 / 第4节 醛和酮 羧酸及其衍生物 / 知识清单（一、醛和酮（续）；二、羧酸；三、羧酸衍生物）,醛与新制氢氧化铜的反应
CHEMISTRY,0121,118,第十一章 有机物的结构 烃和烃的衍生物 / 第4节 醛和酮 羧酸及其衍生物 / 知识清单（一、醛和酮（续）；二、羧酸；三、羧酸衍生物）,醛的催化氧化
CHEMISTRY,0121,118,第十一章 有机物的结构 烃和烃的衍生物 / 第4节 醛和酮 羧酸及其衍生物 / 知识清单（一、醛和酮（续）；二、羧酸；三、羧酸衍生物）,醛被酸性高锰酸钾、溴水氧化
CHEMISTRY,0121,118,第十一章 有机物的结构 烃和烃的衍生物 / 第4节 醛和酮 羧酸及其衍生物 / 知识清单（一、醛和酮（续）；二、羧酸；三、羧酸衍生物）,醛的催化加氢
CHEMISTRY,0121,118,第十一章 有机物的结构 烃和烃的衍生物 / 第4节 醛和酮 羧酸及其衍生物 / 知识清单（一、醛和酮（续）；二、羧酸；三、羧酸衍生物）,醛与 HCN 的加成
CHEMISTRY,0121,118,第十一章 有机物的结构 烃和烃的衍生物 / 第4节 醛和酮 羧酸及其衍生物 / 知识清单（一、醛和酮（续）；二、羧酸；三、羧酸衍生物）,羟醛缩合反应
CHEMISTRY,0121,118,第十一章 有机物的结构 烃和烃的衍生物 / 第4节 醛和酮 羧酸及其衍生物 / 知识清单（一、醛和酮（续）；二、羧酸；三、羧酸衍生物）,醛基与碳碳双键共存时的检验顺序
CHEMISTRY,0121,118,第十一章 有机物的结构 烃和烃的衍生物 / 第4节 醛和酮 羧酸及其衍生物 / 知识清单（一、醛和酮（续）；二、羧酸；三、羧酸衍生物）,酮的加成反应
CHEMISTRY,0121,118,第十一章 有机物的结构 烃和烃的衍生物 / 第4节 醛和酮 羧酸及其衍生物 / 知识清单（一、醛和酮（续）；二、羧酸；三、羧酸衍生物）,羧酸的分子结构与通式
CHEMISTRY,0121,118,第十一章 有机物的结构 烃和烃的衍生物 / 第4节 醛和酮 羧酸及其衍生物 / 知识清单（一、醛和酮（续）；二、羧酸；三、羧酸衍生物）,羧酸的酸性与酸的通性
CHEMISTRY,0121,118,第十一章 有机物的结构 烃和烃的衍生物 / 第4节 醛和酮 羧酸及其衍生物 / 知识清单（一、醛和酮（续）；二、羧酸；三、羧酸衍生物）,"酯化反应中""酸脱羟基醇脱氢"""
CHEMISTRY,0121,118,第十一章 有机物的结构 烃和烃的衍生物 / 第4节 醛和酮 羧酸及其衍生物 / 知识清单（一、醛和酮（续）；二、羧酸；三、羧酸衍生物）,羧酸与氨生成酰胺
CHEMISTRY,0121,118,第十一章 有机物的结构 烃和烃的衍生物 / 第4节 醛和酮 羧酸及其衍生物 / 知识清单（一、醛和酮（续）；二、羧酸；三、羧酸衍生物）,羧酸的 α-H 取代
CHEMISTRY,0121,118,第十一章 有机物的结构 烃和烃的衍生物 / 第4节 醛和酮 羧酸及其衍生物 / 知识清单（一、醛和酮（续）；二、羧酸；三、羧酸衍生物）,羧酸被氢化铝锂还原
CHEMISTRY,0121,118,第十一章 有机物的结构 烃和烃的衍生物 / 第4节 醛和酮 羧酸及其衍生物 / 知识清单（一、醛和酮（续）；二、羧酸；三、羧酸衍生物）,甲酸、苯甲酸、乙二酸的用途
CHEMISTRY,0121,118,第十一章 有机物的结构 烃和烃的衍生物 / 第4节 醛和酮 羧酸及其衍生物 / 知识清单（一、醛和酮（续）；二、羧酸；三、羧酸衍生物）,羧酸衍生物的分类
CHEMISTRY,0121,118,第十一章 有机物的结构 烃和烃的衍生物 / 第4节 醛和酮 羧酸及其衍生物 / 知识清单（一、醛和酮（续）；二、羧酸；三、羧酸衍生物）,酯的结构与酯基
CHEMISTRY,0122,119,第十一章 有机物的结构 烃和烃的衍生物 / 第4节 醛和酮 羧酸及其衍生物 / 知识清单（三、羧酸衍生物（续））与即练即清,酯的酸性水解与碱性水解
CHEMISTRY,0122,119,第十一章 有机物的结构 烃和烃的衍生物 / 第4节 醛和酮 羧酸及其衍生物 / 知识清单（三、羧酸衍生物（续））与即练即清,酚酯水解消耗氢氧化钠的量
CHEMISTRY,0122,119,第十一章 有机物的结构 烃和烃的衍生物 / 第4节 醛和酮 羧酸及其衍生物 / 知识清单（三、羧酸衍生物（续））与即练即清,乙酸乙酯的实验室制法
CHEMISTRY,0122,119,第十一章 有机物的结构 烃和烃的衍生物 / 第4节 醛和酮 羧酸及其衍生物 / 知识清单（三、羧酸衍生物（续））与即练即清,酯化反应中浓硫酸的作用
CHEMISTRY,0122,119,第十一章 有机物的结构 烃和烃的衍生物 / 第4节 醛和酮 羧酸及其衍生物 / 知识清单（三、羧酸衍生物（续））与即练即清,饱和碳酸钠溶液在酯化实验中的作用
CHEMISTRY,0122,119,第十一章 有机物的结构 烃和烃的衍生物 / 第4节 醛和酮 羧酸及其衍生物 / 知识清单（三、羧酸衍生物（续））与即练即清,胺的定义与氨基
CHEMISTRY,0122,119,第十一章 有机物的结构 烃和烃的衍生物 / 第4节 醛和酮 羧酸及其衍生物 / 知识清单（三、羧酸衍生物（续））与即练即清,胺的碱性
CHEMISTRY,0122,119,第十一章 有机物的结构 烃和烃的衍生物 / 第4节 醛和酮 羧酸及其衍生物 / 知识清单（三、羧酸衍生物（续））与即练即清,酰胺的定义与酰胺基
CHEMISTRY,0122,119,第十一章 有机物的结构 烃和烃的衍生物 / 第4节 醛和酮 羧酸及其衍生物 / 知识清单（三、羧酸衍生物（续））与即练即清,酰胺的水解
CHEMISTRY,0123,120,第十一章 有机物的结构 烃和烃的衍生物 / 考法突破 16 有机物分子中原子共线、共面问题,单键旋转思想
CHEMISTRY,0123,120,第十一章 有机物的结构 烃和烃的衍生物 / 考法突破 16 有机物分子中原子共线、共面问题,碳碳双键与三键不能旋转
CHEMISTRY,0123,120,第十一章 有机物的结构 烃和烃的衍生物 / 考法突破 16 有机物分子中原子共线、共面问题,定平面规律
CHEMISTRY,0123,120,第十一章 有机物的结构 烃和烃的衍生物 / 考法突破 16 有机物分子中原子共线、共面问题,定直线规律
CHEMISTRY,0123,120,第十一章 有机物的结构 烃和烃的衍生物 / 考法突破 16 有机物分子中原子共线、共面问题,饱和碳原子导致所有原子不共面
CHEMISTRY,0123,120,第十一章 有机物的结构 烃和烃的衍生物 / 考法突破 16 有机物分子中原子共线、共面问题,苯环至少有 12 个原子共平面
CHEMISTRY,0123,120,第十一章 有机物的结构 烃和烃的衍生物 / 考法突破 16 有机物分子中原子共线、共面问题,碳碳双键至少有 6 个原子共平面
CHEMISTRY,0123,120,第十一章 有机物的结构 烃和烃的衍生物 / 考法突破 16 有机物分子中原子共线、共面问题,甲烷、乙烯、乙炔、苯、甲醛的空间构型
CHEMISTRY,0123,120,第十一章 有机物的结构 烃和烃的衍生物 / 考法突破 16 有机物分子中原子共线、共面问题,有机物分子中共线原子数的判断
CHEMISTRY,0123,120,第十一章 有机物的结构 烃和烃的衍生物 / 考法突破 16 有机物分子中原子共线、共面问题,有机物分子中共面原子数的判断
CHEMISTRY,0123,120,第十一章 有机物的结构 烃和烃的衍生物 / 考法突破 16 有机物分子中原子共线、共面问题,环状结构中成环单键不能旋转
CHEMISTRY,0124,121,第十一章 有机物的结构 烃和烃的衍生物 / 考法突破 17 同分异构体的判断与书写,常见烷烃同分异构体数目
CHEMISTRY,0124,121,第十一章 有机物的结构 烃和烃的衍生物 / 考法突破 17 同分异构体的判断与书写,苯环多元取代同分异构体数目
CHEMISTRY,0124,121,第十一章 有机物的结构 烃和烃的衍生物 / 考法突破 17 同分异构体的判断与书写,等效氢原子法
CHEMISTRY,0124,121,第十一章 有机物的结构 烃和烃的衍生物 / 考法突破 17 同分异构体的判断与书写,烷基种数法
CHEMISTRY,0124,121,第十一章 有机物的结构 烃和烃的衍生物 / 考法突破 17 同分异构体的判断与书写,定一移一法
CHEMISTRY,0124,121,第十一章 有机物的结构 烃和烃的衍生物 / 考法突破 17 同分异构体的判断与书写,叠加相乘法
CHEMISTRY,0124,121,第十一章 有机物的结构 烃和烃的衍生物 / 考法突破 17 同分异构体的判断与书写,替代法
CHEMISTRY,0124,121,第十一章 有机物的结构 烃和烃的衍生物 / 考法突破 17 同分异构体的判断与书写,含氮有机物同分异构体的书写
CHEMISTRY,0124,121,第十一章 有机物的结构 烃和烃的衍生物 / 考法突破 17 同分异构体的判断与书写,碎片拼装法
CHEMISTRY,0124,121,第十一章 有机物的结构 烃和烃的衍生物 / 考法突破 17 同分异构体的判断与书写,限定条件下同分异构体的书写
CHEMISTRY,0124,121,第十一章 有机物的结构 烃和烃的衍生物 / 考法突破 17 同分异构体的判断与书写,不饱和度在推断同分异构体中的应用
CHEMISTRY,0124,121,第十一章 有机物的结构 烃和烃的衍生物 / 考法突破 17 同分异构体的判断与书写,核磁共振氢谱峰面积比与结构对称性
CHEMISTRY,0126,123,第十二章 生命活动的物质基础 有机合成 / 第1节 生命活动的物质基础 / 知识清单（一、糖类）,糖类的概念与分类
CHEMISTRY,0126,123,第十二章 生命活动的物质基础 有机合成 / 第1节 生命活动的物质基础 / 知识清单（一、糖类）,葡萄糖的结构与官能团
CHEMISTRY,0126,123,第十二章 生命活动的物质基础 有机合成 / 第1节 生命活动的物质基础 / 知识清单（一、糖类）,果糖的结构与官能团
CHEMISTRY,0126,123,第十二章 生命活动的物质基础 有机合成 / 第1节 生命活动的物质基础 / 知识清单（一、糖类）,葡萄糖的还原性
CHEMISTRY,0126,123,第十二章 生命活动的物质基础 有机合成 / 第1节 生命活动的物质基础 / 知识清单（一、糖类）,葡萄糖的加成反应
CHEMISTRY,0126,123,第十二章 生命活动的物质基础 有机合成 / 第1节 生命活动的物质基础 / 知识清单（一、糖类）,葡萄糖的酯化反应
CHEMISTRY,0126,123,第十二章 生命活动的物质基础 有机合成 / 第1节 生命活动的物质基础 / 知识清单（一、糖类）,葡萄糖的发酵
CHEMISTRY,0126,123,第十二章 生命活动的物质基础 有机合成 / 第1节 生命活动的物质基础 / 知识清单（一、糖类）,核糖与脱氧核糖
CHEMISTRY,0126,123,第十二章 生命活动的物质基础 有机合成 / 第1节 生命活动的物质基础 / 知识清单（一、糖类）,蔗糖与麦芽糖的结构差异
CHEMISTRY,0126,123,第十二章 生命活动的物质基础 有机合成 / 第1节 生命活动的物质基础 / 知识清单（一、糖类）,麦芽糖的还原性
CHEMISTRY,0126,123,第十二章 生命活动的物质基础 有机合成 / 第1节 生命活动的物质基础 / 知识清单（一、糖类）,二糖的水解产物
CHEMISTRY,0126,123,第十二章 生命活动的物质基础 有机合成 / 第1节 生命活动的物质基础 / 知识清单（一、糖类）,淀粉与纤维素的组成
CHEMISTRY,0126,123,第十二章 生命活动的物质基础 有机合成 / 第1节 生命活动的物质基础 / 知识清单（一、糖类）,淀粉与纤维素的化学性质
CHEMISTRY,0126,123,第十二章 生命活动的物质基础 有机合成 / 第1节 生命活动的物质基础 / 知识清单（一、糖类）,淀粉水解程度的判断
CHEMISTRY,0126,123,第十二章 生命活动的物质基础 有机合成 / 第1节 生命活动的物质基础 / 知识清单（一、糖类）,检验水解产物前需中和硫酸的原因
CHEMISTRY,0127,124,第十二章 生命活动的物质基础 有机合成 / 第1节 生命活动的物质基础 / 知识清单（二、油脂；三、蛋白质）,油脂的概念与结构
CHEMISTRY,0127,124,第十二章 生命活动的物质基础 有机合成 / 第1节 生命活动的物质基础 / 知识清单（二、油脂；三、蛋白质）,常见高级脂肪酸
CHEMISTRY,0127,124,第十二章 生命活动的物质基础 有机合成 / 第1节 生命活动的物质基础 / 知识清单（二、油脂；三、蛋白质）,油脂的氢化
CHEMISTRY,0127,124,第十二章 生命活动的物质基础 有机合成 / 第1节 生命活动的物质基础 / 知识清单（二、油脂；三、蛋白质）,油脂的皂化反应
CHEMISTRY,0127,124,第十二章 生命活动的物质基础 有机合成 / 第1节 生命活动的物质基础 / 知识清单（二、油脂；三、蛋白质）,油脂与高分子
CHEMISTRY,0127,124,第十二章 生命活动的物质基础 有机合成 / 第1节 生命活动的物质基础 / 知识清单（二、油脂；三、蛋白质）,不饱和油脂的检验
CHEMISTRY,0127,124,第十二章 生命活动的物质基础 有机合成 / 第1节 生命活动的物质基础 / 知识清单（二、油脂；三、蛋白质）,α-氨基酸的通式与官能团
CHEMISTRY,0127,124,第十二章 生命活动的物质基础 有机合成 / 第1节 生命活动的物质基础 / 知识清单（二、油脂；三、蛋白质）,氨基酸的两性
CHEMISTRY,0127,124,第十二章 生命活动的物质基础 有机合成 / 第1节 生命活动的物质基础 / 知识清单（二、油脂；三、蛋白质）,氨基酸的成肽反应与肽键
CHEMISTRY,0127,124,第十二章 生命活动的物质基础 有机合成 / 第1节 生命活动的物质基础 / 知识清单（二、油脂；三、蛋白质）,链状二肽的种数
CHEMISTRY,0127,124,第十二章 生命活动的物质基础 有机合成 / 第1节 生命活动的物质基础 / 知识清单（二、油脂；三、蛋白质）,蛋白质的组成元素
CHEMISTRY,0127,124,第十二章 生命活动的物质基础 有机合成 / 第1节 生命活动的物质基础 / 知识清单（二、油脂；三、蛋白质）,蛋白质的水解
CHEMISTRY,0127,124,第十二章 生命活动的物质基础 有机合成 / 第1节 生命活动的物质基础 / 知识清单（二、油脂；三、蛋白质）,蛋白质的两性
CHEMISTRY,0127,124,第十二章 生命活动的物质基础 有机合成 / 第1节 生命活动的物质基础 / 知识清单（二、油脂；三、蛋白质）,蛋白质的盐析
CHEMISTRY,0127,124,第十二章 生命活动的物质基础 有机合成 / 第1节 生命活动的物质基础 / 知识清单（二、油脂；三、蛋白质）,蛋白质的变性
CHEMISTRY,0127,124,第十二章 生命活动的物质基础 有机合成 / 第1节 生命活动的物质基础 / 知识清单（二、油脂；三、蛋白质）,蛋白质的显色反应
CHEMISTRY,0127,124,第十二章 生命活动的物质基础 有机合成 / 第1节 生命活动的物质基础 / 知识清单（二、油脂；三、蛋白质）,蛋白质的灼烧反应
CHEMISTRY,0128,125,第十二章 生命活动的物质基础 有机合成 / 第1节 生命活动的物质基础 / 知识清单（三、蛋白质（续）四、核酸）与即练即清；第2节 合成高分子 / 知识清单（一、合成高分子的两个基本反应）,酶的概念与催化特点
CHEMISTRY,0128,125,第十二章 生命活动的物质基础 有机合成 / 第1节 生命活动的物质基础 / 知识清单（三、蛋白质（续）四、核酸）与即练即清；第2节 合成高分子 / 知识清单（一、合成高分子的两个基本反应）,核酸的组成元素
CHEMISTRY,0128,125,第十二章 生命活动的物质基础 有机合成 / 第1节 生命活动的物质基础 / 知识清单（三、蛋白质（续）四、核酸）与即练即清；第2节 合成高分子 / 知识清单（一、合成高分子的两个基本反应）,核苷酸的组成
CHEMISTRY,0128,125,第十二章 生命活动的物质基础 有机合成 / 第1节 生命活动的物质基础 / 知识清单（三、蛋白质（续）四、核酸）与即练即清；第2节 合成高分子 / 知识清单（一、合成高分子的两个基本反应）,核糖核苷酸与脱氧核糖核苷酸
CHEMISTRY,0128,125,第十二章 生命活动的物质基础 有机合成 / 第1节 生命活动的物质基础 / 知识清单（三、蛋白质（续）四、核酸）与即练即清；第2节 合成高分子 / 知识清单（一、合成高分子的两个基本反应）,DNA 与 RNA 的结构与功能
CHEMISTRY,0128,125,第十二章 生命活动的物质基础 有机合成 / 第1节 生命活动的物质基础 / 知识清单（三、蛋白质（续）四、核酸）与即练即清；第2节 合成高分子 / 知识清单（一、合成高分子的两个基本反应）,加聚反应
CHEMISTRY,0128,125,第十二章 生命活动的物质基础 有机合成 / 第1节 生命活动的物质基础 / 知识清单（三、蛋白质（续）四、核酸）与即练即清；第2节 合成高分子 / 知识清单（一、合成高分子的两个基本反应）,缩聚反应
CHEMISTRY,0128,125,第十二章 生命活动的物质基础 有机合成 / 第1节 生命活动的物质基础 / 知识清单（三、蛋白质（续）四、核酸）与即练即清；第2节 合成高分子 / 知识清单（一、合成高分子的两个基本反应）,由二元醇与二元酸合成聚酯
CHEMISTRY,0128,125,第十二章 生命活动的物质基础 有机合成 / 第1节 生命活动的物质基础 / 知识清单（三、蛋白质（续）四、核酸）与即练即清；第2节 合成高分子 / 知识清单（一、合成高分子的两个基本反应）,由氨基酸合成聚酰胺
CHEMISTRY,0128,125,第十二章 生命活动的物质基础 有机合成 / 第1节 生命活动的物质基础 / 知识清单（三、蛋白质（续）四、核酸）与即练即清；第2节 合成高分子 / 知识清单（一、合成高分子的两个基本反应）,酚醛树脂的合成
CHEMISTRY,0129,126,第十二章 生命活动的物质基础 有机合成 / 第2节 合成高分子 / 知识清单（一、合成高分子的两个基本反应（续）；二、根据高分子的结构推断单体的方法；三、高分子材料）,加聚反应与缩聚反应单体的结构特征
CHEMISTRY,0129,126,第十二章 生命活动的物质基础 有机合成 / 第2节 合成高分子 / 知识清单（一、合成高分子的两个基本反应（续）；二、根据高分子的结构推断单体的方法；三、高分子材料）,加聚产物与缩聚产物链节的组成差异
CHEMISTRY,0129,126,第十二章 生命活动的物质基础 有机合成 / 第2节 合成高分子 / 知识清单（一、合成高分子的两个基本反应（续）；二、根据高分子的结构推断单体的方法；三、高分子材料）,弯箭头法判断加聚产物单体
CHEMISTRY,0129,126,第十二章 生命活动的物质基础 有机合成 / 第2节 合成高分子 / 知识清单（一、合成高分子的两个基本反应（续）；二、根据高分子的结构推断单体的方法；三、高分子材料）,缩聚产物单体的判断方法
CHEMISTRY,0129,126,第十二章 生命活动的物质基础 有机合成 / 第2节 合成高分子 / 知识清单（一、合成高分子的两个基本反应（续）；二、根据高分子的结构推断单体的方法；三、高分子材料）,由聚酰胺推断单体
CHEMISTRY,0129,126,第十二章 生命活动的物质基础 有机合成 / 第2节 合成高分子 / 知识清单（一、合成高分子的两个基本反应（续）；二、根据高分子的结构推断单体的方法；三、高分子材料）,由聚酯推断单体
CHEMISTRY,0129,126,第十二章 生命活动的物质基础 有机合成 / 第2节 合成高分子 / 知识清单（一、合成高分子的两个基本反应（续）；二、根据高分子的结构推断单体的方法；三、高分子材料）,苯酚与醛的缩聚产物
CHEMISTRY,0129,126,第十二章 生命活动的物质基础 有机合成 / 第2节 合成高分子 / 知识清单（一、合成高分子的两个基本反应（续）；二、根据高分子的结构推断单体的方法；三、高分子材料）,环氧乙烷型开环聚合
CHEMISTRY,0129,126,第十二章 生命活动的物质基础 有机合成 / 第2节 合成高分子 / 知识清单（一、合成高分子的两个基本反应（续）；二、根据高分子的结构推断单体的方法；三、高分子材料）,塑料的主要成分与加工助剂
CHEMISTRY,0129,126,第十二章 生命活动的物质基础 有机合成 / 第2节 合成高分子 / 知识清单（一、合成高分子的两个基本反应（续）；二、根据高分子的结构推断单体的方法；三、高分子材料）,热塑性塑料与热固性塑料
CHEMISTRY,0129,126,第十二章 生命活动的物质基础 有机合成 / 第2节 合成高分子 / 知识清单（一、合成高分子的两个基本反应（续）；二、根据高分子的结构推断单体的方法；三、高分子材料）,酚醛树脂的酸催化合成
CHEMISTRY,0129,126,第十二章 生命活动的物质基础 有机合成 / 第2节 合成高分子 / 知识清单（一、合成高分子的两个基本反应（续）；二、根据高分子的结构推断单体的方法；三、高分子材料）,酚醛树脂的碱催化合成
CHEMISTRY,0130,127,第十二章 生命活动的物质基础 有机合成 / 第2节 合成高分子 / 知识清单（三、高分子材料（续））,多羟甲基苯酚中间体
CHEMISTRY,0130,127,第十二章 生命活动的物质基础 有机合成 / 第2节 合成高分子 / 知识清单（三、高分子材料（续））,网状结构酚醛树脂
CHEMISTRY,0130,127,第十二章 生命活动的物质基础 有机合成 / 第2节 合成高分子 / 知识清单（三、高分子材料（续））,纤维的分类
CHEMISTRY,0130,127,第十二章 生命活动的物质基础 有机合成 / 第2节 合成高分子 / 知识清单（三、高分子材料（续））,合成纤维的主要品种
CHEMISTRY,0130,127,第十二章 生命活动的物质基础 有机合成 / 第2节 合成高分子 / 知识清单（三、高分子材料（续））,涤纶（聚对苯二甲酸乙二酯）的合成
CHEMISTRY,0130,127,第十二章 生命活动的物质基础 有机合成 / 第2节 合成高分子 / 知识清单（三、高分子材料（续））,锦纶 66（聚己二酰己二胺）的合成
CHEMISTRY,0130,127,第十二章 生命活动的物质基础 有机合成 / 第2节 合成高分子 / 知识清单（三、高分子材料（续））,芳纶纤维的合成
CHEMISTRY,0130,127,第十二章 生命活动的物质基础 有机合成 / 第2节 合成高分子 / 知识清单（三、高分子材料（续））,橡胶的分类
CHEMISTRY,0130,127,第十二章 生命活动的物质基础 有机合成 / 第2节 合成高分子 / 知识清单（三、高分子材料（续））,合成橡胶的原料与性能
CHEMISTRY,0130,127,第十二章 生命活动的物质基础 有机合成 / 第2节 合成高分子 / 知识清单（三、高分子材料（续））,顺丁橡胶的合成
CHEMISTRY,0130,127,第十二章 生命活动的物质基础 有机合成 / 第2节 合成高分子 / 知识清单（三、高分子材料（续））,橡胶的硫化
CHEMISTRY,0130,127,第十二章 生命活动的物质基础 有机合成 / 第2节 合成高分子 / 知识清单（三、高分子材料（续））,天然橡胶的结构与单体
CHEMISTRY,0130,127,第十二章 生命活动的物质基础 有机合成 / 第2节 合成高分子 / 知识清单（三、高分子材料（续））,硫化程度对橡胶性能的影响
CHEMISTRY,0131,128,第十二章 生命活动的物质基础 有机合成 / 第2节 合成高分子 即练即清；第3节 有机合成 / 知识清单（一、有机合成常用方法）,碳链增长的方法
CHEMISTRY,0131,128,第十二章 生命活动的物质基础 有机合成 / 第2节 合成高分子 即练即清；第3节 有机合成 / 知识清单（一、有机合成常用方法）,醛、酮与 HCN 的加成
CHEMISTRY,0131,128,第十二章 生命活动的物质基础 有机合成 / 第2节 合成高分子 即练即清；第3节 有机合成 / 知识清单（一、有机合成常用方法）,氰醇的水解
CHEMISTRY,0131,128,第十二章 生命活动的物质基础 有机合成 / 第2节 合成高分子 即练即清；第3节 有机合成 / 知识清单（一、有机合成常用方法）,腈的催化加氢制胺
CHEMISTRY,0131,128,第十二章 生命活动的物质基础 有机合成 / 第2节 合成高分子 即练即清；第3节 有机合成 / 知识清单（一、有机合成常用方法）,乙炔与 HCN 加成制丙烯腈
CHEMISTRY,0131,128,第十二章 生命活动的物质基础 有机合成 / 第2节 合成高分子 即练即清；第3节 有机合成 / 知识清单（一、有机合成常用方法）,腈的水解制羧酸
CHEMISTRY,0132,129,第十二章 生命活动的物质基础 有机合成 / 第3节 有机合成 / 知识清单（一、有机合成常用方法（续））,碳链缩短的方法
CHEMISTRY,0132,129,第十二章 生命活动的物质基础 有机合成 / 第3节 有机合成 / 知识清单（一、有机合成常用方法（续））,羧酸盐脱羧反应
CHEMISTRY,0132,129,第十二章 生命活动的物质基础 有机合成 / 第3节 有机合成 / 知识清单（一、有机合成常用方法（续））,烯烃、炔烃被酸性高锰酸钾氧化断链
CHEMISTRY,0132,129,第十二章 生命活动的物质基础 有机合成 / 第3节 有机合成 / 知识清单（一、有机合成常用方法（续））,芳香烃侧链的氧化
CHEMISTRY,0132,129,第十二章 生命活动的物质基础 有机合成 / 第3节 有机合成 / 知识清单（一、有机合成常用方法（续））,成环反应
CHEMISTRY,0132,129,第十二章 生命活动的物质基础 有机合成 / 第3节 有机合成 / 知识清单（一、有机合成常用方法（续））,环酯、环肽、环醚的形成
CHEMISTRY,0132,129,第十二章 生命活动的物质基础 有机合成 / 第3节 有机合成 / 知识清单（一、有机合成常用方法（续））,乙炔聚合成苯
CHEMISTRY,0132,129,第十二章 生命活动的物质基础 有机合成 / 第3节 有机合成 / 知识清单（一、有机合成常用方法（续））,双烯合成
CHEMISTRY,0132,129,第十二章 生命活动的物质基础 有机合成 / 第3节 有机合成 / 知识清单（一、有机合成常用方法（续））,官能团的引入方法
CHEMISTRY,0132,129,第十二章 生命活动的物质基础 有机合成 / 第3节 有机合成 / 知识清单（一、有机合成常用方法（续））,羟基的引入
CHEMISTRY,0132,129,第十二章 生命活动的物质基础 有机合成 / 第3节 有机合成 / 知识清单（一、有机合成常用方法（续））,卤素原子的引入
CHEMISTRY,0132,129,第十二章 生命活动的物质基础 有机合成 / 第3节 有机合成 / 知识清单（一、有机合成常用方法（续））,碳碳双键的引入
CHEMISTRY,0132,129,第十二章 生命活动的物质基础 有机合成 / 第3节 有机合成 / 知识清单（一、有机合成常用方法（续））,羧基的引入
CHEMISTRY,0132,129,第十二章 生命活动的物质基础 有机合成 / 第3节 有机合成 / 知识清单（一、有机合成常用方法（续））,官能团的消除
CHEMISTRY,0132,129,第十二章 生命活动的物质基础 有机合成 / 第3节 有机合成 / 知识清单（一、有机合成常用方法（续））,酚羟基的保护
CHEMISTRY,0132,129,第十二章 生命活动的物质基础 有机合成 / 第3节 有机合成 / 知识清单（一、有机合成常用方法（续））,碳碳双键的保护
CHEMISTRY,0132,129,第十二章 生命活动的物质基础 有机合成 / 第3节 有机合成 / 知识清单（一、有机合成常用方法（续））,氨基的保护
CHEMISTRY,0132,129,第十二章 生命活动的物质基础 有机合成 / 第3节 有机合成 / 知识清单（一、有机合成常用方法（续））,醛基的保护
CHEMISTRY,0133,130,有机化学基础 / 有机合成 / 官能团衍变与合成路线设计,官能团间的衍变
CHEMISTRY,0133,130,有机化学基础 / 有机合成 / 官能团衍变与合成路线设计,官能团种类改变
CHEMISTRY,0133,130,有机化学基础 / 有机合成 / 官能团衍变与合成路线设计,官能团数目和种类改变
CHEMISTRY,0133,130,有机化学基础 / 有机合成 / 官能团衍变与合成路线设计,官能团位置改变
CHEMISTRY,0133,130,有机化学基础 / 有机合成 / 官能团衍变与合成路线设计,正合成分析法
CHEMISTRY,0133,130,有机化学基础 / 有机合成 / 官能团衍变与合成路线设计,逆合成分析法
CHEMISTRY,0133,130,有机化学基础 / 有机合成 / 官能团衍变与合成路线设计,有机合成路线的思维程序
CHEMISTRY,0133,130,有机化学基础 / 有机合成 / 官能团衍变与合成路线设计,由乙烯合成草酸二乙酯的路线
CHEMISTRY,0133,130,有机化学基础 / 有机合成 / 官能团衍变与合成路线设计,二元羧酸与一元醇形成的酯
CHEMISTRY,0133,130,有机化学基础 / 有机合成 / 官能团衍变与合成路线设计,有机合成中官能团的保护
CHEMISTRY,0134,131,第十二章 生命活动的物质基础　有机合成 / 微专题5 有机合成与推断题解题策略,由反应条件推断有机反应类型
CHEMISTRY,0134,131,第十二章 生命活动的物质基础　有机合成 / 微专题5 有机合成与推断题解题策略,卤代烃的水解与消去条件
CHEMISTRY,0134,131,第十二章 生命活动的物质基础　有机合成 / 微专题5 有机合成与推断题解题策略,浓硫酸加热条件下的有机反应
CHEMISTRY,0134,131,第十二章 生命活动的物质基础　有机合成 / 微专题5 有机合成与推断题解题策略,醇的催化氧化条件
CHEMISTRY,0134,131,第十二章 生命活动的物质基础　有机合成 / 微专题5 有机合成与推断题解题策略,醛的氧化反应条件
CHEMISTRY,0134,131,第十二章 生命活动的物质基础　有机合成 / 微专题5 有机合成与推断题解题策略,由有机物性质推断官能团
CHEMISTRY,0134,131,第十二章 生命活动的物质基础　有机合成 / 微专题5 有机合成与推断题解题策略,溴水与酸性高锰酸钾褪色的区别
CHEMISTRY,0134,131,第十二章 生命活动的物质基础　有机合成 / 微专题5 有机合成与推断题解题策略,银镜反应与砖红色沉淀
CHEMISTRY,0134,131,第十二章 生命活动的物质基础　有机合成 / 微专题5 有机合成与推断题解题策略,酚羟基的检验
CHEMISTRY,0134,131,第十二章 生命活动的物质基础　有机合成 / 微专题5 有机合成与推断题解题策略,由定量关系推断官能团数目
CHEMISTRY,0134,131,第十二章 生命活动的物质基础　有机合成 / 微专题5 有机合成与推断题解题策略,银镜反应的定量关系
CHEMISTRY,0134,131,第十二章 生命活动的物质基础　有机合成 / 微专题5 有机合成与推断题解题策略,羧基与碳酸钠、碳酸氢钠反应的定量关系
CHEMISTRY,0134,131,第十二章 生命活动的物质基础　有机合成 / 微专题5 有机合成与推断题解题策略,醇羟基催化氧化的定量关系
CHEMISTRY,0134,131,第十二章 生命活动的物质基础　有机合成 / 微专题5 有机合成与推断题解题策略,由产物推断反应物结构
CHEMISTRY,0134,131,第十二章 生命活动的物质基础　有机合成 / 微专题5 有机合成与推断题解题策略,醇能否被催化氧化的结构条件
CHEMISTRY,0134,131,第十二章 生命活动的物质基础　有机合成 / 微专题5 有机合成与推断题解题策略,卤代烃与醇消去反应的结构条件
CHEMISTRY,0135,132,第十二章 生命活动的物质基础　有机合成 / 微专题5 有机合成与推断题解题策略（续）,由苯环一卤代物数目推断取代基位置
CHEMISTRY,0135,132,第十二章 生命活动的物质基础　有机合成 / 微专题5 有机合成与推断题解题策略（续）,有机推断模型的构建
CHEMISTRY,0135,132,第十二章 生命活动的物质基础　有机合成 / 微专题5 有机合成与推断题解题策略（续）,有机合成的三先三后策略
CHEMISTRY,0135,132,第十二章 生命活动的物质基础　有机合成 / 微专题5 有机合成与推断题解题策略（续）,先消后加策略
CHEMISTRY,0135,132,第十二章 生命活动的物质基础　有机合成 / 微专题5 有机合成与推断题解题策略（续）,苯环定位效应与先占后除
CHEMISTRY,0135,132,第十二章 生命活动的物质基础　有机合成 / 微专题5 有机合成与推断题解题策略（续）,官能团的保护与复原
CHEMISTRY,0135,132,第十二章 生命活动的物质基础　有机合成 / 微专题5 有机合成与推断题解题策略（续）,巧用陌生反应设计合成路线
CHEMISTRY,0135,132,第十二章 生命活动的物质基础　有机合成 / 微专题5 有机合成与推断题解题策略（续）,顺推法与逆推法
CHEMISTRY,0135,132,第十二章 生命活动的物质基础　有机合成 / 微专题5 有机合成与推断题解题策略（续）,卤代烃与氰化钠反应增长碳链
CHEMISTRY,0135,132,第十二章 生命活动的物质基础　有机合成 / 微专题5 有机合成与推断题解题策略（续）,烯烃的臭氧化
CHEMISTRY,0135,132,第十二章 生命活动的物质基础　有机合成 / 微专题5 有机合成与推断题解题策略（续）,由烯烃氧化产物推断烯烃结构
CHEMISTRY,0135,132,第十二章 生命活动的物质基础　有机合成 / 微专题5 有机合成与推断题解题策略（续）,双烯合成
CHEMISTRY,0136,133,第十二章 生命活动的物质基础　有机合成 / 微专题5 有机合成与推断题解题策略 / 常见新型有机反应,羟醛缩合反应
CHEMISTRY,0136,133,第十二章 生命活动的物质基础　有机合成 / 微专题5 有机合成与推断题解题策略 / 常见新型有机反应,β-羟基醛的生成与脱水
CHEMISTRY,0136,133,第十二章 生命活动的物质基础　有机合成 / 微专题5 有机合成与推断题解题策略 / 常见新型有机反应,苯环上硝基的还原
CHEMISTRY,0136,133,第十二章 生命活动的物质基础　有机合成 / 微专题5 有机合成与推断题解题策略 / 常见新型有机反应,格氏试剂与醛酮的加成
CHEMISTRY,0136,133,第十二章 生命活动的物质基础　有机合成 / 微专题5 有机合成与推断题解题策略 / 常见新型有机反应,由格氏试剂制备醇
CHEMISTRY,0136,133,第十二章 生命活动的物质基础　有机合成 / 微专题5 有机合成与推断题解题策略 / 常见新型有机反应,酯交换反应
CHEMISTRY,0136,133,第十二章 生命活动的物质基础　有机合成 / 微专题5 有机合成与推断题解题策略 / 常见新型有机反应,羧酸转化为酰氯
CHEMISTRY,0136,133,第十二章 生命活动的物质基础　有机合成 / 微专题5 有机合成与推断题解题策略 / 常见新型有机反应,苯环上的烷基化反应
CHEMISTRY,0137,134,第十二章 生命活动的物质基础　有机合成 / 微专题5 有机合成与推断题解题策略（即练即清·变式）,醛酮与伯胺缩合生成亚胺
CHEMISTRY,0137,134,第十二章 生命活动的物质基础　有机合成 / 微专题5 有机合成与推断题解题策略（即练即清·变式）,芳香醚的脱甲基反应
CHEMISTRY,0137,134,第十二章 生命活动的物质基础　有机合成 / 微专题5 有机合成与推断题解题策略（即练即清·变式）,48% HBr 断裂醚键
CHEMISTRY,0137,134,第十二章 生命活动的物质基础　有机合成 / 微专题5 有机合成与推断题解题策略（即练即清·变式）,胺的烷基化反应
CHEMISTRY,0137,134,第十二章 生命活动的物质基础　有机合成 / 微专题5 有机合成与推断题解题策略（即练即清·变式）,同系物与同分异构体数目的判断
CHEMISTRY,0138,135,第十三章 化学实验基本方法 / 第1节 常见仪器的使用和实验基本操作 / 知识清单,可直接加热的仪器
CHEMISTRY,0138,135,第十三章 化学实验基本方法 / 第1节 常见仪器的使用和实验基本操作 / 知识清单,试管加热液体与固体的注意事项
CHEMISTRY,0138,135,第十三章 化学实验基本方法 / 第1节 常见仪器的使用和实验基本操作 / 知识清单,蒸发皿的使用与搅拌
CHEMISTRY,0138,135,第十三章 化学实验基本方法 / 第1节 常见仪器的使用和实验基本操作 / 知识清单,坩埚与坩埚钳的使用
CHEMISTRY,0138,135,第十三章 化学实验基本方法 / 第1节 常见仪器的使用和实验基本操作 / 知识清单,垫陶土网加热的仪器
CHEMISTRY,0138,135,第十三章 化学实验基本方法 / 第1节 常见仪器的使用和实验基本操作 / 知识清单,三颈烧瓶的盛液量
CHEMISTRY,0138,135,第十三章 化学实验基本方法 / 第1节 常见仪器的使用和实验基本操作 / 知识清单,锥形瓶滴定时的盛液量
CHEMISTRY,0138,135,第十三章 化学实验基本方法 / 第1节 常见仪器的使用和实验基本操作 / 知识清单,量筒的使用与规格选取原则
CHEMISTRY,0138,135,第十三章 化学实验基本方法 / 第1节 常见仪器的使用和实验基本操作 / 知识清单,容量瓶的使用与检漏
CHEMISTRY,0138,135,第十三章 化学实验基本方法 / 第1节 常见仪器的使用和实验基本操作 / 知识清单,酸式滴定管与碱式滴定管的选择
CHEMISTRY,0138,135,第十三章 化学实验基本方法 / 第1节 常见仪器的使用和实验基本操作 / 知识清单,聚四氟乙烯活塞滴定管
CHEMISTRY,0138,135,第十三章 化学实验基本方法 / 第1节 常见仪器的使用和实验基本操作 / 知识清单,滴定管的读数精确度
CHEMISTRY,0138,135,第十三章 化学实验基本方法 / 第1节 常见仪器的使用和实验基本操作 / 知识清单,托盘天平的使用与称量规则
CHEMISTRY,0138,135,第十三章 化学实验基本方法 / 第1节 常见仪器的使用和实验基本操作 / 知识清单,温度计水银球的位置
CHEMISTRY,0138,135,第十三章 化学实验基本方法 / 第1节 常见仪器的使用和实验基本操作 / 知识清单,酒精灯的使用与外焰加热
CHEMISTRY,0139,136,第十三章 化学实验基本方法 / 第1节 常见仪器的使用和实验基本操作 / 其他常用仪器与试剂保存,干燥管的用途与气体流向
CHEMISTRY,0139,136,第十三章 化学实验基本方法 / 第1节 常见仪器的使用和实验基本操作 / 其他常用仪器与试剂保存,固体吸收剂的选用
CHEMISTRY,0139,136,第十三章 化学实验基本方法 / 第1节 常见仪器的使用和实验基本操作 / 其他常用仪器与试剂保存,胶头滴管的使用方法
CHEMISTRY,0139,136,第十三章 化学实验基本方法 / 第1节 常见仪器的使用和实验基本操作 / 其他常用仪器与试剂保存,广口瓶与细口瓶的用途区别
CHEMISTRY,0139,136,第十三章 化学实验基本方法 / 第1节 常见仪器的使用和实验基本操作 / 其他常用仪器与试剂保存,棕色瓶的使用
CHEMISTRY,0139,136,第十三章 化学实验基本方法 / 第1节 常见仪器的使用和实验基本操作 / 其他常用仪器与试剂保存,玻璃塞与橡胶塞的选择
CHEMISTRY,0139,136,第十三章 化学实验基本方法 / 第1节 常见仪器的使用和实验基本操作 / 其他常用仪器与试剂保存,集气瓶的使用与安全措施
CHEMISTRY,0139,136,第十三章 化学实验基本方法 / 第1节 常见仪器的使用和实验基本操作 / 其他常用仪器与试剂保存,分液漏斗的使用与分液操作
CHEMISTRY,0139,136,第十三章 化学实验基本方法 / 第1节 常见仪器的使用和实验基本操作 / 其他常用仪器与试剂保存,"过滤的""一贴二低三靠"""
CHEMISTRY,0139,136,第十三章 化学实验基本方法 / 第1节 常见仪器的使用和实验基本操作 / 其他常用仪器与试剂保存,长颈漏斗的液封
CHEMISTRY,0139,136,第十三章 化学实验基本方法 / 第1节 常见仪器的使用和实验基本操作 / 其他常用仪器与试剂保存,恒压滴液漏斗
CHEMISTRY,0139,136,第十三章 化学实验基本方法 / 第1节 常见仪器的使用和实验基本操作 / 其他常用仪器与试剂保存,冷凝管的类型与冷凝水方向
CHEMISTRY,0139,136,第十三章 化学实验基本方法 / 第1节 常见仪器的使用和实验基本操作 / 其他常用仪器与试剂保存,广口瓶的一材多用
CHEMISTRY,0139,136,第十三章 化学实验基本方法 / 第1节 常见仪器的使用和实验基本操作 / 其他常用仪器与试剂保存,洗气瓶的进出气方向
CHEMISTRY,0139,136,第十三章 化学实验基本方法 / 第1节 常见仪器的使用和实验基本操作 / 其他常用仪器与试剂保存,量气瓶的进气方式
CHEMISTRY,0139,136,第十三章 化学实验基本方法 / 第1节 常见仪器的使用和实验基本操作 / 其他常用仪器与试剂保存,防倒吸安全瓶
CHEMISTRY,0139,136,第十三章 化学实验基本方法 / 第1节 常见仪器的使用和实验基本操作 / 其他常用仪器与试剂保存,监控气体流速的装置
CHEMISTRY,0139,136,第十三章 化学实验基本方法 / 第1节 常见仪器的使用和实验基本操作 / 其他常用仪器与试剂保存,特殊试剂的保存方法
CHEMISTRY,0139,136,第十三章 化学实验基本方法 / 第1节 常见仪器的使用和实验基本操作 / 其他常用仪器与试剂保存,防氧化、防水解、防挥发、防腐蚀的保存措施
CHEMISTRY,0140,137,第十三章 化学实验基本方法 / 第1节 常见仪器的使用和实验基本操作 / 化学实验基本操作与安全措施,药品取用的三忌原则
CHEMISTRY,0140,137,第十三章 化学实验基本方法 / 第1节 常见仪器的使用和实验基本操作 / 化学实验基本操作与安全措施,固体药品的取用方法
CHEMISTRY,0140,137,第十三章 化学实验基本方法 / 第1节 常见仪器的使用和实验基本操作 / 化学实验基本操作与安全措施,液体药品的取用方法
CHEMISTRY,0140,137,第十三章 化学实验基本方法 / 第1节 常见仪器的使用和实验基本操作 / 化学实验基本操作与安全措施,药品取用量的规定
CHEMISTRY,0140,137,第十三章 化学实验基本方法 / 第1节 常见仪器的使用和实验基本操作 / 化学实验基本操作与安全措施,物质的溶解与加快溶解的措施
CHEMISTRY,0140,137,第十三章 化学实验基本方法 / 第1节 常见仪器的使用和实验基本操作 / 化学实验基本操作与安全措施,浓硫酸的稀释
CHEMISTRY,0140,137,第十三章 化学实验基本方法 / 第1节 常见仪器的使用和实验基本操作 / 化学实验基本操作与安全措施,浓硫酸与浓硝酸的混合顺序
CHEMISTRY,0140,137,第十三章 化学实验基本方法 / 第1节 常见仪器的使用和实验基本操作 / 化学实验基本操作与安全措施,气体溶解与防倒吸
CHEMISTRY,0140,137,第十三章 化学实验基本方法 / 第1节 常见仪器的使用和实验基本操作 / 化学实验基本操作与安全措施,加热操作与容器外壁干燥
CHEMISTRY,0140,137,第十三章 化学实验基本方法 / 第1节 常见仪器的使用和实验基本操作 / 化学实验基本操作与安全措施,水浴加热与油浴加热的选用
CHEMISTRY,0140,137,第十三章 化学实验基本方法 / 第1节 常见仪器的使用和实验基本操作 / 化学实验基本操作与安全措施,试纸的种类及用途
CHEMISTRY,0140,137,第十三章 化学实验基本方法 / 第1节 常见仪器的使用和实验基本操作 / 化学实验基本操作与安全措施,试纸检测溶液与气体的方法
CHEMISTRY,0140,137,第十三章 化学实验基本方法 / 第1节 常见仪器的使用和实验基本操作 / 化学实验基本操作与安全措施,使用试纸的注意事项
CHEMISTRY,0140,137,第十三章 化学实验基本方法 / 第1节 常见仪器的使用和实验基本操作 / 化学实验基本操作与安全措施,装置气密性的检查
CHEMISTRY,0140,137,第十三章 化学实验基本方法 / 第1节 常见仪器的使用和实验基本操作 / 化学实验基本操作与安全措施,微热法、液差法、滴液法
CHEMISTRY,0140,137,第十三章 化学实验基本方法 / 第1节 常见仪器的使用和实验基本操作 / 化学实验基本操作与安全措施,仪器的洗涤与污物清洗试剂
CHEMISTRY,0140,137,第十三章 化学实验基本方法 / 第1节 常见仪器的使用和实验基本操作 / 化学实验基本操作与安全措施,实验室五防措施
CHEMISTRY,0140,137,第十三章 化学实验基本方法 / 第1节 常见仪器的使用和实验基本操作 / 化学实验基本操作与安全措施,防倒吸装置的原理
CHEMISTRY,0141,138,"第十三章 化学实验基本方法 / 第1节 化学实验基础 / 三、化学实验安全措施（1.实验室""五防""措施 续表；2.实验常见事故的处理）＋ 即练即清",防堵塞装置
CHEMISTRY,0141,138,"第十三章 化学实验基本方法 / 第1节 化学实验基础 / 三、化学实验安全措施（1.实验室""五防""措施 续表；2.实验常见事故的处理）＋ 即练即清",液封与恒压滴液装置
CHEMISTRY,0141,138,"第十三章 化学实验基本方法 / 第1节 化学实验基础 / 三、化学实验安全措施（1.实验室""五防""措施 续表；2.实验常见事故的处理）＋ 即练即清",尾气处理装置
CHEMISTRY,0141,138,"第十三章 化学实验基本方法 / 第1节 化学实验基础 / 三、化学实验安全措施（1.实验室""五防""措施 续表；2.实验常见事故的处理）＋ 即练即清",可燃性气体点燃前验纯
CHEMISTRY,0141,138,"第十三章 化学实验基本方法 / 第1节 化学实验基础 / 三、化学实验安全措施（1.实验室""五防""措施 续表；2.实验常见事故的处理）＋ 即练即清",防暴沸与沸石
CHEMISTRY,0141,138,"第十三章 化学实验基本方法 / 第1节 化学实验基础 / 三、化学实验安全措施（1.实验室""五防""措施 续表；2.实验常见事故的处理）＋ 即练即清",实验常见事故的处理
CHEMISTRY,0141,138,"第十三章 化学实验基本方法 / 第1节 化学实验基础 / 三、化学实验安全措施（1.实验室""五防""措施 续表；2.实验常见事故的处理）＋ 即练即清",皮肤沾酸碱的急救处理
CHEMISTRY,0141,138,"第十三章 化学实验基本方法 / 第1节 化学实验基础 / 三、化学实验安全措施（1.实验室""五防""措施 续表；2.实验常见事故的处理）＋ 即练即清",误食重金属盐的急救
CHEMISTRY,0141,138,"第十三章 化学实验基本方法 / 第1节 化学实验基础 / 三、化学实验安全措施（1.实验室""五防""措施 续表；2.实验常见事故的处理）＋ 即练即清",汞洒落的处理
CHEMISTRY,0141,138,"第十三章 化学实验基本方法 / 第1节 化学实验基础 / 三、化学实验安全措施（1.实验室""五防""措施 续表；2.实验常见事故的处理）＋ 即练即清",磷灼伤的冲洗
CHEMISTRY,0141,138,"第十三章 化学实验基本方法 / 第1节 化学实验基础 / 三、化学实验安全措施（1.实验室""五防""措施 续表；2.实验常见事故的处理）＋ 即练即清",化学试剂的保存方法
CHEMISTRY,0141,138,"第十三章 化学实验基本方法 / 第1节 化学实验基础 / 三、化学实验安全措施（1.实验室""五防""措施 续表；2.实验常见事故的处理）＋ 即练即清",玻璃仪器的选用
CHEMISTRY,0141,138,"第十三章 化学实验基本方法 / 第1节 化学实验基础 / 三、化学实验安全措施（1.实验室""五防""措施 续表；2.实验常见事故的处理）＋ 即练即清",量筒与滴定管的精确度
CHEMISTRY,0142,139,第十三章 化学实验基本方法 / 第1节 化学实验基础（即练即清第 5、6 题）＋ 第2节 物质的检验和鉴别 / 知识清单,物质的检验
CHEMISTRY,0142,139,第十三章 化学实验基本方法 / 第1节 化学实验基础（即练即清第 5、6 题）＋ 第2节 物质的检验和鉴别 / 知识清单,物质的鉴别
CHEMISTRY,0142,139,第十三章 化学实验基本方法 / 第1节 化学实验基础（即练即清第 5、6 题）＋ 第2节 物质的检验和鉴别 / 知识清单,物质检验和鉴别的原则
CHEMISTRY,0142,139,第十三章 化学实验基本方法 / 第1节 化学实验基础（即练即清第 5、6 题）＋ 第2节 物质的检验和鉴别 / 知识清单,物质检验的物理方法
CHEMISTRY,0142,139,第十三章 化学实验基本方法 / 第1节 化学实验基础（即练即清第 5、6 题）＋ 第2节 物质的检验和鉴别 / 知识清单,物质检验的化学方法
CHEMISTRY,0142,139,第十三章 化学实验基本方法 / 第1节 化学实验基础（即练即清第 5、6 题）＋ 第2节 物质的检验和鉴别 / 知识清单,检验物质的基本要求
CHEMISTRY,0142,139,第十三章 化学实验基本方法 / 第1节 化学实验基础（即练即清第 5、6 题）＋ 第2节 物质的检验和鉴别 / 知识清单,检验中排除干扰离子
CHEMISTRY,0142,139,第十三章 化学实验基本方法 / 第1节 化学实验基础（即练即清第 5、6 题）＋ 第2节 物质的检验和鉴别 / 知识清单,物质检验的步骤
CHEMISTRY,0142,139,第十三章 化学实验基本方法 / 第1节 化学实验基础（即练即清第 5、6 题）＋ 第2节 物质的检验和鉴别 / 知识清单,常见气体的检验
CHEMISTRY,0142,139,第十三章 化学实验基本方法 / 第1节 化学实验基础（即练即清第 5、6 题）＋ 第2节 物质的检验和鉴别 / 知识清单,可燃性气体（$\mathrm{H_2}$、$\mathrm{CO}$、$\mathrm{CH_4}$、乙烯）的检验
CHEMISTRY,0142,139,第十三章 化学实验基本方法 / 第1节 化学实验基础（即练即清第 5、6 题）＋ 第2节 物质的检验和鉴别 / 知识清单,酸性气体（$\mathrm{CO_2}$、$\mathrm{SO_2}$、$\mathrm{HCl}$）的检验
CHEMISTRY,0142,139,第十三章 化学实验基本方法 / 第1节 化学实验基础（即练即清第 5、6 题）＋ 第2节 物质的检验和鉴别 / 知识清单,焰色试验
CHEMISTRY,0143,140,第十三章 化学实验基本方法 / 第2节 物质的检验和鉴别 / 知识清单（5.常见气体的检验 续表；注意：气体检验中干扰因素的排除；6.常见离子的检验）＋ 归纳总结 ＋ 即练即清,常见气体的检验
CHEMISTRY,0143,140,第十三章 化学实验基本方法 / 第2节 物质的检验和鉴别 / 知识清单（5.常见气体的检验 续表；注意：气体检验中干扰因素的排除；6.常见离子的检验）＋ 归纳总结 ＋ 即练即清,气体检验中干扰因素的排除
CHEMISTRY,0143,140,第十三章 化学实验基本方法 / 第2节 物质的检验和鉴别 / 知识清单（5.常见气体的检验 续表；注意：气体检验中干扰因素的排除；6.常见离子的检验）＋ 归纳总结 ＋ 即练即清,混合气体检验顺序的设计
CHEMISTRY,0143,140,第十三章 化学实验基本方法 / 第2节 物质的检验和鉴别 / 知识清单（5.常见气体的检验 续表；注意：气体检验中干扰因素的排除；6.常见离子的检验）＋ 归纳总结 ＋ 即练即清,常见离子的检验
CHEMISTRY,0143,140,第十三章 化学实验基本方法 / 第2节 物质的检验和鉴别 / 知识清单（5.常见气体的检验 续表；注意：气体检验中干扰因素的排除；6.常见离子的检验）＋ 归纳总结 ＋ 即练即清,沉淀法检验离子
CHEMISTRY,0143,140,第十三章 化学实验基本方法 / 第2节 物质的检验和鉴别 / 知识清单（5.常见气体的检验 续表；注意：气体检验中干扰因素的排除；6.常见离子的检验）＋ 归纳总结 ＋ 即练即清,气体法检验离子
CHEMISTRY,0143,140,第十三章 化学实验基本方法 / 第2节 物质的检验和鉴别 / 知识清单（5.常见气体的检验 续表；注意：气体检验中干扰因素的排除；6.常见离子的检验）＋ 归纳总结 ＋ 即练即清,显色法检验离子
CHEMISTRY,0143,140,第十三章 化学实验基本方法 / 第2节 物质的检验和鉴别 / 知识清单（5.常见气体的检验 续表；注意：气体检验中干扰因素的排除；6.常见离子的检验）＋ 归纳总结 ＋ 即练即清,离子检验中干扰离子与排除措施
CHEMISTRY,0143,140,第十三章 化学实验基本方法 / 第2节 物质的检验和鉴别 / 知识清单（5.常见气体的检验 续表；注意：气体检验中干扰因素的排除；6.常见离子的检验）＋ 归纳总结 ＋ 即练即清,焰色试验
CHEMISTRY,0144,141,第十三章 化学实验基本方法 / 第2节 物质的检验和鉴别（即练即清第 2~4 题）＋ 第3节 物质的分离和提纯 / 知识清单,物质的分离
CHEMISTRY,0144,141,第十三章 化学实验基本方法 / 第2节 物质的检验和鉴别（即练即清第 2~4 题）＋ 第3节 物质的分离和提纯 / 知识清单,物质的提纯
CHEMISTRY,0144,141,第十三章 化学实验基本方法 / 第2节 物质的检验和鉴别（即练即清第 2~4 题）＋ 第3节 物质的分离和提纯 / 知识清单,"分离提纯的""四原则"""
CHEMISTRY,0144,141,第十三章 化学实验基本方法 / 第2节 物质的检验和鉴别（即练即清第 2~4 题）＋ 第3节 物质的分离和提纯 / 知识清单,"分离提纯的""四必须"""
CHEMISTRY,0144,141,第十三章 化学实验基本方法 / 第2节 物质的检验和鉴别（即练即清第 2~4 题）＋ 第3节 物质的分离和提纯 / 知识清单,过滤
CHEMISTRY,0144,141,第十三章 化学实验基本方法 / 第2节 物质的检验和鉴别（即练即清第 2~4 题）＋ 第3节 物质的分离和提纯 / 知识清单,"过滤操作的""一贴、二低、三靠"""
CHEMISTRY,0144,141,第十三章 化学实验基本方法 / 第2节 物质的检验和鉴别（即练即清第 2~4 题）＋ 第3节 物质的分离和提纯 / 知识清单,蒸发结晶
CHEMISTRY,0144,141,第十三章 化学实验基本方法 / 第2节 物质的检验和鉴别（即练即清第 2~4 题）＋ 第3节 物质的分离和提纯 / 知识清单,冷却结晶
CHEMISTRY,0144,141,第十三章 化学实验基本方法 / 第2节 物质的检验和鉴别（即练即清第 2~4 题）＋ 第3节 物质的分离和提纯 / 知识清单,萃取剂的选择
CHEMISTRY,0144,141,第十三章 化学实验基本方法 / 第2节 物质的检验和鉴别（即练即清第 2~4 题）＋ 第3节 物质的分离和提纯 / 知识清单,分液操作
CHEMISTRY,0145,142,第十三章 化学实验基本方法 / 第3节 物质的分离和提纯 / 知识清单（3.物质分离与提纯的方法 续表；4.物质分离与提纯的常见类型）,升华
CHEMISTRY,0145,142,第十三章 化学实验基本方法 / 第3节 物质的分离和提纯 / 知识清单（3.物质分离与提纯的方法 续表；4.物质分离与提纯的常见类型）,蒸馏
CHEMISTRY,0145,142,第十三章 化学实验基本方法 / 第3节 物质的分离和提纯 / 知识清单（3.物质分离与提纯的方法 续表；4.物质分离与提纯的常见类型）,蒸馏操作的注意事项
CHEMISTRY,0145,142,第十三章 化学实验基本方法 / 第3节 物质的分离和提纯 / 知识清单（3.物质分离与提纯的方法 续表；4.物质分离与提纯的常见类型）,洗气
CHEMISTRY,0145,142,第十三章 化学实验基本方法 / 第3节 物质的分离和提纯 / 知识清单（3.物质分离与提纯的方法 续表；4.物质分离与提纯的常见类型）,渗析
CHEMISTRY,0145,142,第十三章 化学实验基本方法 / 第3节 物质的分离和提纯 / 知识清单（3.物质分离与提纯的方法 续表；4.物质分离与提纯的常见类型）,重结晶
CHEMISTRY,0145,142,第十三章 化学实验基本方法 / 第3节 物质的分离和提纯 / 知识清单（3.物质分离与提纯的方法 续表；4.物质分离与提纯的常见类型）,除杂的常用化学方法
CHEMISTRY,0145,142,第十三章 化学实验基本方法 / 第3节 物质的分离和提纯 / 知识清单（3.物质分离与提纯的方法 续表；4.物质分离与提纯的常见类型）,沉淀法除杂
CHEMISTRY,0145,142,第十三章 化学实验基本方法 / 第3节 物质的分离和提纯 / 知识清单（3.物质分离与提纯的方法 续表；4.物质分离与提纯的常见类型）,化气法除杂
CHEMISTRY,0145,142,第十三章 化学实验基本方法 / 第3节 物质的分离和提纯 / 知识清单（3.物质分离与提纯的方法 续表；4.物质分离与提纯的常见类型）,杂转纯法
CHEMISTRY,0145,142,第十三章 化学实验基本方法 / 第3节 物质的分离和提纯 / 知识清单（3.物质分离与提纯的方法 续表；4.物质分离与提纯的常见类型）,氧化还原法除杂
CHEMISTRY,0145,142,第十三章 化学实验基本方法 / 第3节 物质的分离和提纯 / 知识清单（3.物质分离与提纯的方法 续表；4.物质分离与提纯的常见类型）,热分解法除杂
CHEMISTRY,0145,142,第十三章 化学实验基本方法 / 第3节 物质的分离和提纯 / 知识清单（3.物质分离与提纯的方法 续表；4.物质分离与提纯的常见类型）,酸碱溶解法除杂
CHEMISTRY,0145,142,第十三章 化学实验基本方法 / 第3节 物质的分离和提纯 / 知识清单（3.物质分离与提纯的方法 续表；4.物质分离与提纯的常见类型）,"""固＋固""""固＋液""""液＋液""""气＋气""混合物的分离与提纯"
CHEMISTRY,0147,144,第十四章 实验方案的设计与评价 / 第1节 制备实验方案的设计与评价 / 知识清单,物质制备实验思维模型
CHEMISTRY,0147,144,第十四章 实验方案的设计与评价 / 第1节 制备实验方案的设计与评价 / 知识清单,制备实验方案的评价视角
CHEMISTRY,0147,144,第十四章 实验方案的设计与评价 / 第1节 制备实验方案的设计与评价 / 知识清单,制备方案的绿色化学评价
CHEMISTRY,0147,144,第十四章 实验方案的设计与评价 / 第1节 制备实验方案的设计与评价 / 知识清单,制备方案的安全性评价
CHEMISTRY,0147,144,第十四章 实验方案的设计与评价 / 第1节 制备实验方案的设计与评价 / 知识清单,制备方案的规范性评价
CHEMISTRY,0147,144,第十四章 实验方案的设计与评价 / 第1节 制备实验方案的设计与评价 / 知识清单,气体制备的装置连接顺序
CHEMISTRY,0147,144,第十四章 实验方案的设计与评价 / 第1节 制备实验方案的设计与评价 / 知识清单,气体发生装置的选取依据
CHEMISTRY,0147,144,第十四章 实验方案的设计与评价 / 第1节 制备实验方案的设计与评价 / 知识清单,固体加热型气体发生装置
CHEMISTRY,0147,144,第十四章 实验方案的设计与评价 / 第1节 制备实验方案的设计与评价 / 知识清单,固液常温型气体发生装置
CHEMISTRY,0147,144,第十四章 实验方案的设计与评价 / 第1节 制备实验方案的设计与评价 / 知识清单,启普发生器的使用条件
CHEMISTRY,0147,144,第十四章 实验方案的设计与评价 / 第1节 制备实验方案的设计与评价 / 知识清单,气体净化装置
CHEMISTRY,0147,144,第十四章 实验方案的设计与评价 / 第1节 制备实验方案的设计与评价 / 知识清单,防倒吸装置
CHEMISTRY,0147,144,第十四章 实验方案的设计与评价 / 第1节 制备实验方案的设计与评价 / 知识清单,冷凝回流装置
CHEMISTRY,0148,145,第十四章 实验方案的设计与评价 / 第1节 制备实验方案的设计与评价 / 知识清单（三、气体制备综合分析 续表：3.净化方法～6.尾气处理）＋ 即练即清,常见气体杂质的净化剂选择
CHEMISTRY,0148,145,第十四章 实验方案的设计与评价 / 第1节 制备实验方案的设计与评价 / 知识清单（三、气体制备综合分析 续表：3.净化方法～6.尾气处理）＋ 即练即清,气体净化装置
CHEMISTRY,0148,145,第十四章 实验方案的设计与评价 / 第1节 制备实验方案的设计与评价 / 知识清单（三、气体制备综合分析 续表：3.净化方法～6.尾气处理）＋ 即练即清,干燥剂的选用原则
CHEMISTRY,0148,145,第十四章 实验方案的设计与评价 / 第1节 制备实验方案的设计与评价 / 知识清单（三、气体制备综合分析 续表：3.净化方法～6.尾气处理）＋ 即练即清,酸性干燥剂
CHEMISTRY,0148,145,第十四章 实验方案的设计与评价 / 第1节 制备实验方案的设计与评价 / 知识清单（三、气体制备综合分析 续表：3.净化方法～6.尾气处理）＋ 即练即清,碱性干燥剂
CHEMISTRY,0148,145,第十四章 实验方案的设计与评价 / 第1节 制备实验方案的设计与评价 / 知识清单（三、气体制备综合分析 续表：3.净化方法～6.尾气处理）＋ 即练即清,中性干燥剂
CHEMISTRY,0148,145,第十四章 实验方案的设计与评价 / 第1节 制备实验方案的设计与评价 / 知识清单（三、气体制备综合分析 续表：3.净化方法～6.尾气处理）＋ 即练即清,气体收集方法
CHEMISTRY,0148,145,第十四章 实验方案的设计与评价 / 第1节 制备实验方案的设计与评价 / 知识清单（三、气体制备综合分析 续表：3.净化方法～6.尾气处理）＋ 即练即清,排水法收集气体
CHEMISTRY,0148,145,第十四章 实验方案的设计与评价 / 第1节 制备实验方案的设计与评价 / 知识清单（三、气体制备综合分析 续表：3.净化方法～6.尾气处理）＋ 即练即清,排空气法收集气体
CHEMISTRY,0148,145,第十四章 实验方案的设计与评价 / 第1节 制备实验方案的设计与评价 / 知识清单（三、气体制备综合分析 续表：3.净化方法～6.尾气处理）＋ 即练即清,尾气处理与防倒吸
CHEMISTRY,0149,146,第十四章 实验方案的设计与评价 / 第1节 制备实验方案的设计与评价（即练即清第 3、4 题）＋ 第2节 探究实验方案的设计与评价 / 知识清单,探究物质性质实验方案的设计过程
CHEMISTRY,0149,146,第十四章 实验方案的设计与评价 / 第1节 制备实验方案的设计与评价（即练即清第 3、4 题）＋ 第2节 探究实验方案的设计与评价 / 知识清单,探究实验方案的评价类型
CHEMISTRY,0149,146,第十四章 实验方案的设计与评价 / 第1节 制备实验方案的设计与评价（即练即清第 3、4 题）＋ 第2节 探究实验方案的设计与评价 / 知识清单,装置评价型
CHEMISTRY,0149,146,第十四章 实验方案的设计与评价 / 第1节 制备实验方案的设计与评价（即练即清第 3、4 题）＋ 第2节 探究实验方案的设计与评价 / 知识清单,原理评价型
CHEMISTRY,0149,146,第十四章 实验方案的设计与评价 / 第1节 制备实验方案的设计与评价（即练即清第 3、4 题）＋ 第2节 探究实验方案的设计与评价 / 知识清单,探究实验方案的评价角度
CHEMISTRY,0149,146,第十四章 实验方案的设计与评价 / 第1节 制备实验方案的设计与评价（即练即清第 3、4 题）＋ 第2节 探究实验方案的设计与评价 / 知识清单,实验用品选择的评价
CHEMISTRY,0149,146,第十四章 实验方案的设计与评价 / 第1节 制备实验方案的设计与评价（即练即清第 3、4 题）＋ 第2节 探究实验方案的设计与评价 / 知识清单,最佳方案的选用
CHEMISTRY,0149,146,第十四章 实验方案的设计与评价 / 第1节 制备实验方案的设计与评价（即练即清第 3、4 题）＋ 第2节 探究实验方案的设计与评价 / 知识清单,"""实验操作、现象与结论""的正误判断"
CHEMISTRY,0151,148,第十四章 实验方案的设计与评价 / 微专题 6 制备实验综合题的解题策略,物质制备的一般流程
CHEMISTRY,0151,148,第十四章 实验方案的设计与评价 / 微专题 6 制备实验综合题的解题策略,气体净化与干燥的先后顺序
CHEMISTRY,0151,148,第十四章 实验方案的设计与评价 / 微专题 6 制备实验综合题的解题策略,有机物制备的反应装置
CHEMISTRY,0151,148,第十四章 实验方案的设计与评价 / 微专题 6 制备实验综合题的解题策略,恒压滴液漏斗
CHEMISTRY,0151,148,第十四章 实验方案的设计与评价 / 微专题 6 制备实验综合题的解题策略,球形冷凝管
CHEMISTRY,0151,148,第十四章 实验方案的设计与评价 / 微专题 6 制备实验综合题的解题策略,蒸馏装置
CHEMISTRY,0151,148,第十四章 实验方案的设计与评价 / 微专题 6 制备实验综合题的解题策略,分水器
CHEMISTRY,0151,148,第十四章 实验方案的设计与评价 / 微专题 6 制备实验综合题的解题策略,有机物制备实验题的思维流程
CHEMISTRY,0151,148,第十四章 实验方案的设计与评价 / 微专题 6 制备实验综合题的解题策略,产率的计算
CHEMISTRY,0151,148,第十四章 实验方案的设计与评价 / 微专题 6 制备实验综合题的解题策略,实验操作类答题语言规范
CHEMISTRY,0152,149,第十四章 实验方案的设计与评价 / 微专题 6 制备实验综合题的解题策略 / 三、实验操作类答题语言规范（续表）；四、实验设计类规范语言表述,证明沉淀完全
CHEMISTRY,0152,149,第十四章 实验方案的设计与评价 / 微专题 6 制备实验综合题的解题策略 / 三、实验操作类答题语言规范（续表）；四、实验设计类规范语言表述,沉淀洗涤的操作
CHEMISTRY,0152,149,第十四章 实验方案的设计与评价 / 微专题 6 制备实验综合题的解题策略 / 三、实验操作类答题语言规范（续表）；四、实验设计类规范语言表述,判断沉淀是否洗净
CHEMISTRY,0152,149,第十四章 实验方案的设计与评价 / 微专题 6 制备实验综合题的解题策略 / 三、实验操作类答题语言规范（续表）；四、实验设计类规范语言表述,常用洗涤剂的选择
CHEMISTRY,0152,149,第十四章 实验方案的设计与评价 / 微专题 6 制备实验综合题的解题策略 / 三、实验操作类答题语言规范（续表）；四、实验设计类规范语言表述,萃取、分液操作规范表述
CHEMISTRY,0152,149,第十四章 实验方案的设计与评价 / 微专题 6 制备实验综合题的解题策略 / 三、实验操作类答题语言规范（续表）；四、实验设计类规范语言表述,润洗滴定管
CHEMISTRY,0152,149,第十四章 实验方案的设计与评价 / 微专题 6 制备实验综合题的解题策略 / 三、实验操作类答题语言规范（续表）；四、实验设计类规范语言表述,滴定管赶气泡
CHEMISTRY,0152,149,第十四章 实验方案的设计与评价 / 微专题 6 制备实验综合题的解题策略 / 三、实验操作类答题语言规范（续表）；四、实验设计类规范语言表述,判断滴定终点
CHEMISTRY,0152,149,第十四章 实验方案的设计与评价 / 微专题 6 制备实验综合题的解题策略 / 三、实验操作类答题语言规范（续表）；四、实验设计类规范语言表述,滴加半滴液体
CHEMISTRY,0152,149,第十四章 实验方案的设计与评价 / 微专题 6 制备实验综合题的解题策略 / 三、实验操作类答题语言规范（续表）；四、实验设计类规范语言表述,实验设计的答题模板
CHEMISTRY,0152,149,第十四章 实验方案的设计与评价 / 微专题 6 制备实验综合题的解题策略 / 三、实验操作类答题语言规范（续表）；四、实验设计类规范语言表述,实验现象的描述规范
CHEMISTRY,0152,149,第十四章 实验方案的设计与评价 / 微专题 6 制备实验综合题的解题策略 / 三、实验操作类答题语言规范（续表）；四、实验设计类规范语言表述,仪器或装置的作用表述
CHEMISTRY,0152,149,第十四章 实验方案的设计与评价 / 微专题 6 制备实验综合题的解题策略 / 三、实验操作类答题语言规范（续表）；四、实验设计类规范语言表述,原因、理由类表述
CHEMISTRY,0153,150,第十四章 实验方案的设计与评价 / 微专题 6 制备实验综合题的解题策略 / 四、实验设计类规范语言表述（续）；五、实验操作、条件控制的目的 ＋ 即练即清,"原因、理由类答题的""正说""与""反说"""
CHEMISTRY,0153,150,第十四章 实验方案的设计与评价 / 微专题 6 制备实验综合题的解题策略 / 四、实验设计类规范语言表述（续）；五、实验操作、条件控制的目的 ＋ 即练即清,分批加入的目的
CHEMISTRY,0153,150,第十四章 实验方案的设计与评价 / 微专题 6 制备实验综合题的解题策略 / 四、实验设计类规范语言表述（续）；五、实验操作、条件控制的目的 ＋ 即练即清,缓缓通入气体的目的
CHEMISTRY,0153,150,第十四章 实验方案的设计与评价 / 微专题 6 制备实验综合题的解题策略 / 四、实验设计类规范语言表述（续）；五、实验操作、条件控制的目的 ＋ 即练即清,加热至恒重的目的
CHEMISTRY,0153,150,第十四章 实验方案的设计与评价 / 微专题 6 制备实验综合题的解题策略 / 四、实验设计类规范语言表述（续）；五、实验操作、条件控制的目的 ＋ 即练即清,调节溶液 pH 的目的
CHEMISTRY,0153,150,第十四章 实验方案的设计与评价 / 微专题 6 制备实验综合题的解题策略 / 四、实验设计类规范语言表述（续）；五、实验操作、条件控制的目的 ＋ 即练即清,控制体系温度的目的
CHEMISTRY,0153,150,第十四章 实验方案的设计与评价 / 微专题 6 制备实验综合题的解题策略 / 四、实验设计类规范语言表述（续）；五、实验操作、条件控制的目的 ＋ 即练即清,调节体系压强的目的
CHEMISTRY,0153,150,第十四章 实验方案的设计与评价 / 微专题 6 制备实验综合题的解题策略 / 四、实验设计类规范语言表述（续）；五、实验操作、条件控制的目的 ＋ 即练即清,反应物配比选择的目的
CHEMISTRY,0153,150,第十四章 实验方案的设计与评价 / 微专题 6 制备实验综合题的解题策略 / 四、实验设计类规范语言表述（续）；五、实验操作、条件控制的目的 ＋ 即练即清,冷凝回流的目的
CHEMISTRY,0153,150,第十四章 实验方案的设计与评价 / 微专题 6 制备实验综合题的解题策略 / 四、实验设计类规范语言表述（续）；五、实验操作、条件控制的目的 ＋ 即练即清,配制溶液时先煮沸水的目的
CHEMISTRY,0153,150,第十四章 实验方案的设计与评价 / 微专题 6 制备实验综合题的解题策略 / 四、实验设计类规范语言表述（续）；五、实验操作、条件控制的目的 ＋ 即练即清,实验前通入气体的目的
CHEMISTRY,0153,150,第十四章 实验方案的设计与评价 / 微专题 6 制备实验综合题的解题策略 / 四、实验设计类规范语言表述（续）；五、实验操作、条件控制的目的 ＋ 即练即清,实验中通入气体的目的
CHEMISTRY,0153,150,第十四章 实验方案的设计与评价 / 微专题 6 制备实验综合题的解题策略 / 四、实验设计类规范语言表述（续）；五、实验操作、条件控制的目的 ＋ 即练即清,实验后通入气体的目的
CHEMISTRY,0153,150,第十四章 实验方案的设计与评价 / 微专题 6 制备实验综合题的解题策略 / 四、实验设计类规范语言表述（续）；五、实验操作、条件控制的目的 ＋ 即练即清,末端放置干燥管的目的
CHEMISTRY,0155,152,第十四章 实验方案的设计与评价 / 微专题 6 制备实验综合题的解题策略（变式）＋ 微专题 7 定量分析实验综合题的解题策略 / 一、定量测定数据的方法,定量测定数据的方法
CHEMISTRY,0155,152,第十四章 实验方案的设计与评价 / 微专题 6 制备实验综合题的解题策略（变式）＋ 微专题 7 定量分析实验综合题的解题策略 / 一、定量测定数据的方法,测沉淀质量法
CHEMISTRY,0155,152,第十四章 实验方案的设计与评价 / 微专题 6 制备实验综合题的解题策略（变式）＋ 微专题 7 定量分析实验综合题的解题策略 / 一、定量测定数据的方法,测气体体积法
CHEMISTRY,0155,152,第十四章 实验方案的设计与评价 / 微专题 6 制备实验综合题的解题策略（变式）＋ 微专题 7 定量分析实验综合题的解题策略 / 一、定量测定数据的方法,测量气体体积的实验装置
CHEMISTRY,0156,153,第十四章 实验方案的设计与评价 / 微专题 7 定量分析实验综合题的解题策略 / 一、定量测定数据的方法（续）；二、定量实验数据的处理方法；三、定量分析实验的常用计算方法,量气时的注意事项
CHEMISTRY,0156,153,第十四章 实验方案的设计与评价 / 微专题 7 定量分析实验综合题的解题策略 / 一、定量测定数据的方法（续）；二、定量实验数据的处理方法；三、定量分析实验的常用计算方法,测气体质量法
CHEMISTRY,0156,153,第十四章 实验方案的设计与评价 / 微专题 7 定量分析实验综合题的解题策略 / 一、定量测定数据的方法（续）；二、定量实验数据的处理方法；三、定量分析实验的常用计算方法,滴定法
CHEMISTRY,0156,153,第十四章 实验方案的设计与评价 / 微专题 7 定量分析实验综合题的解题策略 / 一、定量测定数据的方法（续）；二、定量实验数据的处理方法；三、定量分析实验的常用计算方法,氧化还原滴定法
CHEMISTRY,0156,153,第十四章 实验方案的设计与评价 / 微专题 7 定量分析实验综合题的解题策略 / 一、定量测定数据的方法（续）；二、定量实验数据的处理方法；三、定量分析实验的常用计算方法,滴定指示剂
CHEMISTRY,0156,153,第十四章 实验方案的设计与评价 / 微专题 7 定量分析实验综合题的解题策略 / 一、定量测定数据的方法（续）；二、定量实验数据的处理方法；三、定量分析实验的常用计算方法,沉淀滴定法
CHEMISTRY,0156,153,第十四章 实验方案的设计与评价 / 微专题 7 定量分析实验综合题的解题策略 / 一、定量测定数据的方法（续）；二、定量实验数据的处理方法；三、定量分析实验的常用计算方法,沉淀指示剂
CHEMISTRY,0156,153,第十四章 实验方案的设计与评价 / 微专题 7 定量分析实验综合题的解题策略 / 一、定量测定数据的方法（续）；二、定量实验数据的处理方法；三、定量分析实验的常用计算方法,热重法
CHEMISTRY,0156,153,第十四章 实验方案的设计与评价 / 微专题 7 定量分析实验综合题的解题策略 / 一、定量测定数据的方法（续）；二、定量实验数据的处理方法；三、定量分析实验的常用计算方法,定量实验数据的处理方法
CHEMISTRY,0156,153,第十四章 实验方案的设计与评价 / 微专题 7 定量分析实验综合题的解题策略 / 一、定量测定数据的方法（续）；二、定量实验数据的处理方法；三、定量分析实验的常用计算方法,关系式法
CHEMISTRY,0157,154,第十四章 实验方案的设计与评价 / 微专题 7 定量分析实验综合题的解题策略 / 三、定量分析实验的常用计算方法（续）＋ 即练即清,关系式法
CHEMISTRY,0157,154,第十四章 实验方案的设计与评价 / 微专题 7 定量分析实验综合题的解题策略 / 三、定量分析实验的常用计算方法（续）＋ 即练即清,守恒法
CHEMISTRY,0157,154,第十四章 实验方案的设计与评价 / 微专题 7 定量分析实验综合题的解题策略 / 三、定量分析实验的常用计算方法（续）＋ 即练即清,质量守恒
CHEMISTRY,0157,154,第十四章 实验方案的设计与评价 / 微专题 7 定量分析实验综合题的解题策略 / 三、定量分析实验的常用计算方法（续）＋ 即练即清,电荷守恒
CHEMISTRY,0157,154,第十四章 实验方案的设计与评价 / 微专题 7 定量分析实验综合题的解题策略 / 三、定量分析实验的常用计算方法（续）＋ 即练即清,得失电子守恒
CHEMISTRY,0157,154,第十四章 实验方案的设计与评价 / 微专题 7 定量分析实验综合题的解题策略 / 三、定量分析实验的常用计算方法（续）＋ 即练即清,多步滴定计算
CHEMISTRY,0157,154,第十四章 实验方案的设计与评价 / 微专题 7 定量分析实验综合题的解题策略 / 三、定量分析实验的常用计算方法（续）＋ 即练即清,连续滴定法
CHEMISTRY,0157,154,第十四章 实验方案的设计与评价 / 微专题 7 定量分析实验综合题的解题策略 / 三、定量分析实验的常用计算方法（续）＋ 即练即清,返滴定法
CHEMISTRY,0157,154,第十四章 实验方案的设计与评价 / 微专题 7 定量分析实验综合题的解题策略 / 三、定量分析实验的常用计算方法（续）＋ 即练即清,热重曲线计算
BIOLOGY,0005,1,第一部分 分子与细胞 / 第一章 走近细胞 / 知识清单,真核细胞
BIOLOGY,0005,1,第一部分 分子与细胞 / 第一章 走近细胞 / 知识清单,原核细胞
BIOLOGY,0005,1,第一部分 分子与细胞 / 第一章 走近细胞 / 知识清单,肽聚糖细胞壁
BIOLOGY,0005,1,第一部分 分子与细胞 / 第一章 走近细胞 / 知识清单,几丁质细胞壁
BIOLOGY,0005,1,第一部分 分子与细胞 / 第一章 走近细胞 / 知识清单,拟核
BIOLOGY,0005,1,第一部分 分子与细胞 / 第一章 走近细胞 / 知识清单,二分裂
BIOLOGY,0005,1,第一部分 分子与细胞 / 第一章 走近细胞 / 知识清单,环状DNA
BIOLOGY,0005,1,第一部分 分子与细胞 / 第一章 走近细胞 / 知识清单,病毒无细胞结构
BIOLOGY,0005,1,第一部分 分子与细胞 / 第一章 走近细胞 / 知识清单,病毒遗传物质类型
BIOLOGY,0005,1,第一部分 分子与细胞 / 第一章 走近细胞 / 知识清单,蓝细菌光合自养
BIOLOGY,0005,1,第一部分 分子与细胞 / 第一章 走近细胞 / 知识清单,支原体无细胞壁
BIOLOGY,0005,1,第一部分 分子与细胞 / 第一章 走近细胞 / 知识清单,共用一套遗传密码
BIOLOGY,0005,1,第一部分 分子与细胞 / 第一章 走近细胞 / 知识清单,病毒营寄生生活
BIOLOGY,0006,2,第一部分 分子与细胞 / 第二章 组成细胞的分子 / 第1节 细胞中的元素和无机物 / 知识清单,大量元素
BIOLOGY,0006,2,第一部分 分子与细胞 / 第二章 组成细胞的分子 / 第1节 细胞中的元素和无机物 / 知识清单,微量元素
BIOLOGY,0006,2,第一部分 分子与细胞 / 第二章 组成细胞的分子 / 第1节 细胞中的元素和无机物 / 知识清单,自由水
BIOLOGY,0006,2,第一部分 分子与细胞 / 第二章 组成细胞的分子 / 第1节 细胞中的元素和无机物 / 知识清单,结合水
BIOLOGY,0006,2,第一部分 分子与细胞 / 第二章 组成细胞的分子 / 第1节 细胞中的元素和无机物 / 知识清单,自由水与结合水比值
BIOLOGY,0006,2,第一部分 分子与细胞 / 第二章 组成细胞的分子 / 第1节 细胞中的元素和无机物 / 知识清单,水的极性分子
BIOLOGY,0006,2,第一部分 分子与细胞 / 第二章 组成细胞的分子 / 第1节 细胞中的元素和无机物 / 知识清单,氢键
BIOLOGY,0006,2,第一部分 分子与细胞 / 第二章 组成细胞的分子 / 第1节 细胞中的元素和无机物 / 知识清单,水的比热容
BIOLOGY,0006,2,第一部分 分子与细胞 / 第二章 组成细胞的分子 / 第1节 细胞中的元素和无机物 / 知识清单,无机盐离子形式
BIOLOGY,0006,2,第一部分 分子与细胞 / 第二章 组成细胞的分子 / 第1节 细胞中的元素和无机物 / 知识清单,无机盐组成化合物
BIOLOGY,0006,2,第一部分 分子与细胞 / 第二章 组成细胞的分子 / 第1节 细胞中的元素和无机物 / 知识清单,缓冲对
BIOLOGY,0006,2,第一部分 分子与细胞 / 第二章 组成细胞的分子 / 第1节 细胞中的元素和无机物 / 知识清单,细胞外液渗透压
BIOLOGY,0006,2,第一部分 分子与细胞 / 第二章 组成细胞的分子 / 第1节 细胞中的元素和无机物 / 知识清单,钙离子与肌无力抽搐
BIOLOGY,0006,2,第一部分 分子与细胞 / 第二章 组成细胞的分子 / 第1节 细胞中的元素和无机物 / 知识清单,结合水与抗逆性
BIOLOGY,0007,3,第一部分 分子与细胞 / 第二章 组成细胞的分子 / 第2节 细胞中的糖类和脂质 / 知识清单,葡萄糖
BIOLOGY,0007,3,第一部分 分子与细胞 / 第二章 组成细胞的分子 / 第2节 细胞中的糖类和脂质 / 知识清单,核糖与脱氧核糖
BIOLOGY,0007,3,第一部分 分子与细胞 / 第二章 组成细胞的分子 / 第2节 细胞中的糖类和脂质 / 知识清单,蔗糖麦芽糖乳糖组成
BIOLOGY,0007,3,第一部分 分子与细胞 / 第二章 组成细胞的分子 / 第2节 细胞中的糖类和脂质 / 知识清单,淀粉
BIOLOGY,0007,3,第一部分 分子与细胞 / 第二章 组成细胞的分子 / 第2节 细胞中的糖类和脂质 / 知识清单,纤维素
BIOLOGY,0007,3,第一部分 分子与细胞 / 第二章 组成细胞的分子 / 第2节 细胞中的糖类和脂质 / 知识清单,糖原
BIOLOGY,0007,3,第一部分 分子与细胞 / 第二章 组成细胞的分子 / 第2节 细胞中的糖类和脂质 / 知识清单,几丁质
BIOLOGY,0007,3,第一部分 分子与细胞 / 第二章 组成细胞的分子 / 第2节 细胞中的糖类和脂质 / 知识清单,还原糖
BIOLOGY,0007,3,第一部分 分子与细胞 / 第二章 组成细胞的分子 / 第2节 细胞中的糖类和脂质 / 知识清单,斐林试剂
BIOLOGY,0007,3,第一部分 分子与细胞 / 第二章 组成细胞的分子 / 第2节 细胞中的糖类和脂质 / 知识清单,苏丹Ⅲ染液
BIOLOGY,0007,3,第一部分 分子与细胞 / 第二章 组成细胞的分子 / 第2节 细胞中的糖类和脂质 / 知识清单,脂肪
BIOLOGY,0007,3,第一部分 分子与细胞 / 第二章 组成细胞的分子 / 第2节 细胞中的糖类和脂质 / 知识清单,磷脂
BIOLOGY,0007,3,第一部分 分子与细胞 / 第二章 组成细胞的分子 / 第2节 细胞中的糖类和脂质 / 知识清单,固醇
BIOLOGY,0007,3,第一部分 分子与细胞 / 第二章 组成细胞的分子 / 第2节 细胞中的糖类和脂质 / 知识清单,维生素D与钙磷吸收
BIOLOGY,0007,3,第一部分 分子与细胞 / 第二章 组成细胞的分子 / 第2节 细胞中的糖类和脂质 / 知识清单,脂肪与糖类供能比较
BIOLOGY,0008,4,第一部分 分子与细胞 / 第二章 组成细胞的分子 / 第2节 细胞中的糖类和脂质 / 考教衔接·知识归纳·即练即清,饱和脂肪酸
BIOLOGY,0008,4,第一部分 分子与细胞 / 第二章 组成细胞的分子 / 第2节 细胞中的糖类和脂质 / 考教衔接·知识归纳·即练即清,不饱和脂肪酸
BIOLOGY,0008,4,第一部分 分子与细胞 / 第二章 组成细胞的分子 / 第2节 细胞中的糖类和脂质 / 考教衔接·知识归纳·即练即清,脂肪熔点与凝固
BIOLOGY,0008,4,第一部分 分子与细胞 / 第二章 组成细胞的分子 / 第2节 细胞中的糖类和脂质 / 考教衔接·知识归纳·即练即清,几丁质用途
BIOLOGY,0008,4,第一部分 分子与细胞 / 第二章 组成细胞的分子 / 第2节 细胞中的糖类和脂质 / 考教衔接·知识归纳·即练即清,几丁质吸附重金属
BIOLOGY,0008,4,第一部分 分子与细胞 / 第二章 组成细胞的分子 / 第2节 细胞中的糖类和脂质 / 考教衔接·知识归纳·即练即清,磷脂结构特点
BIOLOGY,0008,4,第一部分 分子与细胞 / 第二章 组成细胞的分子 / 第2节 细胞中的糖类和脂质 / 考教衔接·知识归纳·即练即清,种子形成糖脂转化
BIOLOGY,0008,4,第一部分 分子与细胞 / 第二章 组成细胞的分子 / 第2节 细胞中的糖类和脂质 / 考教衔接·知识归纳·即练即清,种子萌发糖脂转化
BIOLOGY,0008,4,第一部分 分子与细胞 / 第二章 组成细胞的分子 / 第2节 细胞中的糖类和脂质 / 考教衔接·知识归纳·即练即清,种子干重与鲜重变化
BIOLOGY,0008,4,第一部分 分子与细胞 / 第二章 组成细胞的分子 / 第2节 细胞中的糖类和脂质 / 考教衔接·知识归纳·即练即清,脂肪转化为糖类增氧
BIOLOGY,0009,5,第一部分 分子与细胞 / 第二章 组成细胞的分子 / 第3节 蛋白质和核酸 / 知识清单（蛋白质部分）,氨基酸结构通式
BIOLOGY,0009,5,第一部分 分子与细胞 / 第二章 组成细胞的分子 / 第3节 蛋白质和核酸 / 知识清单（蛋白质部分）,R基
BIOLOGY,0009,5,第一部分 分子与细胞 / 第二章 组成细胞的分子 / 第3节 蛋白质和核酸 / 知识清单（蛋白质部分）,必需氨基酸
BIOLOGY,0009,5,第一部分 分子与细胞 / 第二章 组成细胞的分子 / 第3节 蛋白质和核酸 / 知识清单（蛋白质部分）,非必需氨基酸
BIOLOGY,0009,5,第一部分 分子与细胞 / 第二章 组成细胞的分子 / 第3节 蛋白质和核酸 / 知识清单（蛋白质部分）,脱水缩合
BIOLOGY,0009,5,第一部分 分子与细胞 / 第二章 组成细胞的分子 / 第3节 蛋白质和核酸 / 知识清单（蛋白质部分）,肽键
BIOLOGY,0009,5,第一部分 分子与细胞 / 第二章 组成细胞的分子 / 第3节 蛋白质和核酸 / 知识清单（蛋白质部分）,二硫键
BIOLOGY,0009,5,第一部分 分子与细胞 / 第二章 组成细胞的分子 / 第3节 蛋白质和核酸 / 知识清单（蛋白质部分）,蛋白质结构多样性
BIOLOGY,0009,5,第一部分 分子与细胞 / 第二章 组成细胞的分子 / 第3节 蛋白质和核酸 / 知识清单（蛋白质部分）,蛋白质功能多样性
BIOLOGY,0009,5,第一部分 分子与细胞 / 第二章 组成细胞的分子 / 第3节 蛋白质和核酸 / 知识清单（蛋白质部分）,血红蛋白
BIOLOGY,0009,5,第一部分 分子与细胞 / 第二章 组成细胞的分子 / 第3节 蛋白质和核酸 / 知识清单（蛋白质部分）,转运蛋白
BIOLOGY,0009,5,第一部分 分子与细胞 / 第二章 组成细胞的分子 / 第3节 蛋白质和核酸 / 知识清单（蛋白质部分）,双缩脲试剂
BIOLOGY,0009,5,第一部分 分子与细胞 / 第二章 组成细胞的分子 / 第3节 蛋白质和核酸 / 知识清单（蛋白质部分）,斐林试剂与双缩脲试剂差异
BIOLOGY,0009,5,第一部分 分子与细胞 / 第二章 组成细胞的分子 / 第3节 蛋白质和核酸 / 知识清单（蛋白质部分）,氨基酸数与肽键数计算
BIOLOGY,0009,5,第一部分 分子与细胞 / 第二章 组成细胞的分子 / 第3节 蛋白质和核酸 / 知识清单（蛋白质部分）,蛋白质检测
BIOLOGY,0010,6,第一部分 分子与细胞 / 第二章 组成细胞的分子 / 第3节 蛋白质和核酸 / 知识清单（核酸、生物大分子部分）,核苷酸
BIOLOGY,0010,6,第一部分 分子与细胞 / 第二章 组成细胞的分子 / 第3节 蛋白质和核酸 / 知识清单（核酸、生物大分子部分）,核苷
BIOLOGY,0010,6,第一部分 分子与细胞 / 第二章 组成细胞的分子 / 第3节 蛋白质和核酸 / 知识清单（核酸、生物大分子部分）,脱氧核糖核苷酸
BIOLOGY,0010,6,第一部分 分子与细胞 / 第二章 组成细胞的分子 / 第3节 蛋白质和核酸 / 知识清单（核酸、生物大分子部分）,核糖核苷酸
BIOLOGY,0010,6,第一部分 分子与细胞 / 第二章 组成细胞的分子 / 第3节 蛋白质和核酸 / 知识清单（核酸、生物大分子部分）,含氮碱基种类
BIOLOGY,0010,6,第一部分 分子与细胞 / 第二章 组成细胞的分子 / 第3节 蛋白质和核酸 / 知识清单（核酸、生物大分子部分）,DNA双螺旋结构
BIOLOGY,0010,6,第一部分 分子与细胞 / 第二章 组成细胞的分子 / 第3节 蛋白质和核酸 / 知识清单（核酸、生物大分子部分）,核酶
BIOLOGY,0010,6,第一部分 分子与细胞 / 第二章 组成细胞的分子 / 第3节 蛋白质和核酸 / 知识清单（核酸、生物大分子部分）,mRNA
BIOLOGY,0010,6,第一部分 分子与细胞 / 第二章 组成细胞的分子 / 第3节 蛋白质和核酸 / 知识清单（核酸、生物大分子部分）,tRNA
BIOLOGY,0010,6,第一部分 分子与细胞 / 第二章 组成细胞的分子 / 第3节 蛋白质和核酸 / 知识清单（核酸、生物大分子部分）,rRNA
BIOLOGY,0010,6,第一部分 分子与细胞 / 第二章 组成细胞的分子 / 第3节 蛋白质和核酸 / 知识清单（核酸、生物大分子部分）,核酸的分布
BIOLOGY,0010,6,第一部分 分子与细胞 / 第二章 组成细胞的分子 / 第3节 蛋白质和核酸 / 知识清单（核酸、生物大分子部分）,细胞生物的遗传物质
BIOLOGY,0010,6,第一部分 分子与细胞 / 第二章 组成细胞的分子 / 第3节 蛋白质和核酸 / 知识清单（核酸、生物大分子部分）,病毒的遗传物质
BIOLOGY,0010,6,第一部分 分子与细胞 / 第二章 组成细胞的分子 / 第3节 蛋白质和核酸 / 知识清单（核酸、生物大分子部分）,单体与多聚体
BIOLOGY,0010,6,第一部分 分子与细胞 / 第二章 组成细胞的分子 / 第3节 蛋白质和核酸 / 知识清单（核酸、生物大分子部分）,脂肪不属于生物大分子
BIOLOGY,0011,7,第二章 组成细胞的分子 /（本页未印节号）/ 考法 蛋白质的构象与活性,蛋白质一级结构
BIOLOGY,0011,7,第二章 组成细胞的分子 /（本页未印节号）/ 考法 蛋白质的构象与活性,蛋白质二级结构
BIOLOGY,0011,7,第二章 组成细胞的分子 /（本页未印节号）/ 考法 蛋白质的构象与活性,蛋白质三级结构
BIOLOGY,0011,7,第二章 组成细胞的分子 /（本页未印节号）/ 考法 蛋白质的构象与活性,蛋白质四级结构
BIOLOGY,0011,7,第二章 组成细胞的分子 /（本页未印节号）/ 考法 蛋白质的构象与活性,蛋白质构象与活性
BIOLOGY,0011,7,第二章 组成细胞的分子 /（本页未印节号）/ 考法 蛋白质的构象与活性,蛋白质变性
BIOLOGY,0011,7,第二章 组成细胞的分子 /（本页未印节号）/ 考法 蛋白质的构象与活性,蛋白质水解
BIOLOGY,0011,7,第二章 组成细胞的分子 /（本页未印节号）/ 考法 蛋白质的构象与活性,蛋白质修饰
BIOLOGY,0011,7,第二章 组成细胞的分子 /（本页未印节号）/ 考法 蛋白质的构象与活性,蛋白质磷酸化
BIOLOGY,0011,7,第二章 组成细胞的分子 /（本页未印节号）/ 考法 蛋白质的构象与活性,肽键
BIOLOGY,0011,7,第二章 组成细胞的分子 /（本页未印节号）/ 考法 蛋白质的构象与活性,二硫键
BIOLOGY,0011,7,第二章 组成细胞的分子 /（本页未印节号）/ 考法 蛋白质的构象与活性,双缩脲反应
BIOLOGY,0012,8,第三章 细胞的基本结构 / 第1节 细胞膜和细胞核的结构与功能 / 细胞膜,细胞膜制备选材
BIOLOGY,0012,8,第三章 细胞的基本结构 / 第1节 细胞膜和细胞核的结构与功能 / 细胞膜,细胞膜成分
BIOLOGY,0012,8,第三章 细胞的基本结构 / 第1节 细胞膜和细胞核的结构与功能 / 细胞膜,磷脂双分子层
BIOLOGY,0012,8,第三章 细胞的基本结构 / 第1节 细胞膜和细胞核的结构与功能 / 细胞膜,流动镶嵌模型
BIOLOGY,0012,8,第三章 细胞的基本结构 / 第1节 细胞膜和细胞核的结构与功能 / 细胞膜,糖被
BIOLOGY,0012,8,第三章 细胞的基本结构 / 第1节 细胞膜和细胞核的结构与功能 / 细胞膜,膜蛋白功能
BIOLOGY,0012,8,第三章 细胞的基本结构 / 第1节 细胞膜和细胞核的结构与功能 / 细胞膜,细胞膜不对称性
BIOLOGY,0012,8,第三章 细胞的基本结构 / 第1节 细胞膜和细胞核的结构与功能 / 细胞膜,细胞膜流动性
BIOLOGY,0012,8,第三章 细胞的基本结构 / 第1节 细胞膜和细胞核的结构与功能 / 细胞膜,胆固醇的双重调节
BIOLOGY,0012,8,第三章 细胞的基本结构 / 第1节 细胞膜和细胞核的结构与功能 / 细胞膜,细胞膜选择透过性
BIOLOGY,0012,8,第三章 细胞的基本结构 / 第1节 细胞膜和细胞核的结构与功能 / 细胞膜,细胞膜的功能
BIOLOGY,0012,8,第三章 细胞的基本结构 / 第1节 细胞膜和细胞核的结构与功能 / 细胞膜,细胞间信息交流
BIOLOGY,0012,8,第三章 细胞的基本结构 / 第1节 细胞膜和细胞核的结构与功能 / 细胞膜,胞间连丝
BIOLOGY,0012,8,第三章 细胞的基本结构 / 第1节 细胞膜和细胞核的结构与功能 / 细胞膜,脂质体
BIOLOGY,0012,8,第三章 细胞的基本结构 / 第1节 细胞膜和细胞核的结构与功能 / 细胞膜,水通道蛋白
BIOLOGY,0013,9,第三章 细胞的基本结构 / 第1节 细胞膜和细胞核的结构与功能 / 细胞核,核膜
BIOLOGY,0013,9,第三章 细胞的基本结构 / 第1节 细胞膜和细胞核的结构与功能 / 细胞核,核仁
BIOLOGY,0013,9,第三章 细胞的基本结构 / 第1节 细胞膜和细胞核的结构与功能 / 细胞核,染色质
BIOLOGY,0013,9,第三章 细胞的基本结构 / 第1节 细胞膜和细胞核的结构与功能 / 细胞核,染色体
BIOLOGY,0013,9,第三章 细胞的基本结构 / 第1节 细胞膜和细胞核的结构与功能 / 细胞核,核孔
BIOLOGY,0013,9,第三章 细胞的基本结构 / 第1节 细胞膜和细胞核的结构与功能 / 细胞核,核孔复合体
BIOLOGY,0013,9,第三章 细胞的基本结构 / 第1节 细胞膜和细胞核的结构与功能 / 细胞核,核定位信号
BIOLOGY,0013,9,第三章 细胞的基本结构 / 第1节 细胞膜和细胞核的结构与功能 / 细胞核,细胞核的功能
BIOLOGY,0013,9,第三章 细胞的基本结构 / 第1节 细胞膜和细胞核的结构与功能 / 细胞核,核质物质交换
BIOLOGY,0013,9,第三章 细胞的基本结构 / 第1节 细胞膜和细胞核的结构与功能 / 细胞核,无核真核细胞
BIOLOGY,0014,10,第三章 细胞的基本结构 / 第2节 细胞器之间的分工合作 / 细胞器之间的分工,差速离心法
BIOLOGY,0014,10,第三章 细胞的基本结构 / 第2节 细胞器之间的分工合作 / 细胞器之间的分工,叶绿体
BIOLOGY,0014,10,第三章 细胞的基本结构 / 第2节 细胞器之间的分工合作 / 细胞器之间的分工,线粒体
BIOLOGY,0014,10,第三章 细胞的基本结构 / 第2节 细胞器之间的分工合作 / 细胞器之间的分工,半自主性细胞器
BIOLOGY,0014,10,第三章 细胞的基本结构 / 第2节 细胞器之间的分工合作 / 细胞器之间的分工,内质网
BIOLOGY,0014,10,第三章 细胞的基本结构 / 第2节 细胞器之间的分工合作 / 细胞器之间的分工,高尔基体
BIOLOGY,0014,10,第三章 细胞的基本结构 / 第2节 细胞器之间的分工合作 / 细胞器之间的分工,溶酶体
BIOLOGY,0014,10,第三章 细胞的基本结构 / 第2节 细胞器之间的分工合作 / 细胞器之间的分工,液泡
BIOLOGY,0014,10,第三章 细胞的基本结构 / 第2节 细胞器之间的分工合作 / 细胞器之间的分工,核糖体
BIOLOGY,0014,10,第三章 细胞的基本结构 / 第2节 细胞器之间的分工合作 / 细胞器之间的分工,中心体
BIOLOGY,0014,10,第三章 细胞的基本结构 / 第2节 细胞器之间的分工合作 / 细胞器之间的分工,细胞骨架
BIOLOGY,0014,10,第三章 细胞的基本结构 / 第2节 细胞器之间的分工合作 / 细胞器之间的分工,细胞质流动
BIOLOGY,0014,10,第三章 细胞的基本结构 / 第2节 细胞器之间的分工合作 / 细胞器之间的分工,显微结构
BIOLOGY,0014,10,第三章 细胞的基本结构 / 第2节 细胞器之间的分工合作 / 细胞器之间的分工,亚显微结构
BIOLOGY,0014,10,第三章 细胞的基本结构 / 第2节 细胞器之间的分工合作 / 细胞器之间的分工,细胞器分工
BIOLOGY,0015,11,第三章 细胞的基本结构 / 第2节 细胞器之间的分工合作（续）/ 细胞器之间的协调配合,分泌蛋白
BIOLOGY,0015,11,第三章 细胞的基本结构 / 第2节 细胞器之间的分工合作（续）/ 细胞器之间的协调配合,分泌蛋白的合成与运输过程
BIOLOGY,0015,11,第三章 细胞的基本结构 / 第2节 细胞器之间的分工合作（续）/ 细胞器之间的协调配合,同位素标记法
BIOLOGY,0015,11,第三章 细胞的基本结构 / 第2节 细胞器之间的分工合作（续）/ 细胞器之间的协调配合,细胞的生物膜系统
BIOLOGY,0015,11,第三章 细胞的基本结构 / 第2节 细胞器之间的分工合作（续）/ 细胞器之间的协调配合,生物膜系统的功能
BIOLOGY,0015,11,第三章 细胞的基本结构 / 第2节 细胞器之间的分工合作（续）/ 细胞器之间的协调配合,生物膜之间的联系
BIOLOGY,0015,11,第三章 细胞的基本结构 / 第2节 细胞器之间的分工合作（续）/ 细胞器之间的协调配合,内质网膜与核膜、细胞膜的直接联系
BIOLOGY,0015,11,第三章 细胞的基本结构 / 第2节 细胞器之间的分工合作（续）/ 细胞器之间的协调配合,囊泡运输
BIOLOGY,0015,11,第三章 细胞的基本结构 / 第2节 细胞器之间的分工合作（续）/ 细胞器之间的协调配合,胞吐与膜的流动性
BIOLOGY,0015,11,第三章 细胞的基本结构 / 第2节 细胞器之间的分工合作（续）/ 细胞器之间的协调配合,示踪同位素的放射性与非放射性区分
BIOLOGY,0016,12,第三章 细胞的基本结构 / 考法清单：溶酶体,溶酶体的起源
BIOLOGY,0016,12,第三章 细胞的基本结构 / 考法清单：溶酶体,初级溶酶体
BIOLOGY,0016,12,第三章 细胞的基本结构 / 考法清单：溶酶体,次级溶酶体
BIOLOGY,0016,12,第三章 细胞的基本结构 / 考法清单：溶酶体,自噬溶酶体与异噬溶酶体
BIOLOGY,0016,12,第三章 细胞的基本结构 / 考法清单：溶酶体,溶酶体消化作用的三种途径
BIOLOGY,0016,12,第三章 细胞的基本结构 / 考法清单：溶酶体,溶酶体的自溶作用
BIOLOGY,0016,12,第三章 细胞的基本结构 / 考法清单：溶酶体,溶酶体膜不被自身水解酶水解的原因
BIOLOGY,0016,12,第三章 细胞的基本结构 / 考法清单：溶酶体,溶酶体水解产物可被细胞再利用
BIOLOGY,0016,12,第三章 细胞的基本结构 / 考法清单：溶酶体,自噬体的形成与降解途径
BIOLOGY,0017,13,第三章 细胞的基本结构 / 微专题 蛋白质分选,蛋白质分选
BIOLOGY,0017,13,第三章 细胞的基本结构 / 微专题 蛋白质分选,蛋白质分选信号
BIOLOGY,0017,13,第三章 细胞的基本结构 / 微专题 蛋白质分选,信号序列在定向转移后被切除
BIOLOGY,0017,13,第三章 细胞的基本结构 / 微专题 蛋白质分选,后翻译转运途径
BIOLOGY,0017,13,第三章 细胞的基本结构 / 微专题 蛋白质分选,共翻译转运途径
BIOLOGY,0017,13,第三章 细胞的基本结构 / 微专题 蛋白质分选,细胞质基质的可溶性驻留蛋白与骨架蛋白
BIOLOGY,0017,13,第三章 细胞的基本结构 / 微专题 蛋白质分选,粗面内质网在分泌蛋白合成中的作用
BIOLOGY,0017,13,第三章 细胞的基本结构 / 微专题 蛋白质分选,膜围绕细胞结构的蛋白质定向运输
BIOLOGY,0018,14,第四章 细胞的物质输入和输出 / 第1节 细胞的吸水和失水 / 知识清单,渗透作用
BIOLOGY,0018,14,第四章 细胞的物质输入和输出 / 第1节 细胞的吸水和失水 / 知识清单,渗透作用的发生条件
BIOLOGY,0018,14,第四章 细胞的物质输入和输出 / 第1节 细胞的吸水和失水 / 知识清单,渗透方向
BIOLOGY,0018,14,第四章 细胞的物质输入和输出 / 第1节 细胞的吸水和失水 / 知识清单,渗透平衡与液面差
BIOLOGY,0018,14,第四章 细胞的物质输入和输出 / 第1节 细胞的吸水和失水 / 知识清单,动物细胞的吸水和失水
BIOLOGY,0018,14,第四章 细胞的物质输入和输出 / 第1节 细胞的吸水和失水 / 知识清单,细胞膜可看作半透膜
BIOLOGY,0018,14,第四章 细胞的物质输入和输出 / 第1节 细胞的吸水和失水 / 知识清单,细胞吸水膨胀、失水皱缩与动态平衡
BIOLOGY,0018,14,第四章 细胞的物质输入和输出 / 第1节 细胞的吸水和失水 / 知识清单,原生质层
BIOLOGY,0018,14,第四章 细胞的物质输入和输出 / 第1节 细胞的吸水和失水 / 知识清单,细胞壁的伸缩性小于原生质层
BIOLOGY,0018,14,第四章 细胞的物质输入和输出 / 第1节 细胞的吸水和失水 / 知识清单,质壁分离
BIOLOGY,0018,14,第四章 细胞的物质输入和输出 / 第1节 细胞的吸水和失水 / 知识清单,质壁分离复原
BIOLOGY,0018,14,第四章 细胞的物质输入和输出 / 第1节 细胞的吸水和失水 / 知识清单,质壁分离自动复原
BIOLOGY,0019,15,第四章 细胞的物质输入和输出 / 第1节（续）/ 考法清单：植物细胞吸水和失水的拓展,植物细胞吸水和失水的判断方法
BIOLOGY,0019,15,第四章 细胞的物质输入和输出 / 第1节（续）/ 考法清单：植物细胞吸水和失水的拓展,细胞液浓度与外界溶液浓度的大小关系对吸水失水的决定作用
BIOLOGY,0019,15,第四章 细胞的物质输入和输出 / 第1节（续）/ 考法清单：植物细胞吸水和失水的拓展,水分子交换平衡时细胞液浓度、吸水能力与外界溶液浓度的变化
BIOLOGY,0019,15,第四章 细胞的物质输入和输出 / 第1节（续）/ 考法清单：植物细胞吸水和失水的拓展,外界溶液溶质不进入细胞时细胞与溶液间无溶质交换
BIOLOGY,0020,16,第四章 细胞的物质输入和输出 / 第2节 物质进出细胞的方式及影响因素 / 知识清单,被动运输
BIOLOGY,0020,16,第四章 细胞的物质输入和输出 / 第2节 物质进出细胞的方式及影响因素 / 知识清单,自由扩散
BIOLOGY,0020,16,第四章 细胞的物质输入和输出 / 第2节 物质进出细胞的方式及影响因素 / 知识清单,协助扩散
BIOLOGY,0020,16,第四章 细胞的物质输入和输出 / 第2节 物质进出细胞的方式及影响因素 / 知识清单,转运蛋白
BIOLOGY,0020,16,第四章 细胞的物质输入和输出 / 第2节 物质进出细胞的方式及影响因素 / 知识清单,水通道蛋白
BIOLOGY,0020,16,第四章 细胞的物质输入和输出 / 第2节 物质进出细胞的方式及影响因素 / 知识清单,主动运输
BIOLOGY,0020,16,第四章 细胞的物质输入和输出 / 第2节 物质进出细胞的方式及影响因素 / 知识清单,主动运输消耗 ATP 并需要载体蛋白
BIOLOGY,0020,16,第四章 细胞的物质输入和输出 / 第2节 物质进出细胞的方式及影响因素 / 知识清单,胞吞
BIOLOGY,0020,16,第四章 细胞的物质输入和输出 / 第2节 物质进出细胞的方式及影响因素 / 知识清单,胞吐
BIOLOGY,0020,16,第四章 细胞的物质输入和输出 / 第2节 物质进出细胞的方式及影响因素 / 知识清单,膜的流动性在胞吞胞吐中的作用
BIOLOGY,0020,16,第四章 细胞的物质输入和输出 / 第2节 物质进出细胞的方式及影响因素 / 知识清单,物质进出细胞方式的比较
BIOLOGY,0020,16,第四章 细胞的物质输入和输出 / 第2节 物质进出细胞的方式及影响因素 / 知识清单,温度对物质运输的影响
BIOLOGY,0021,17,第4章 细胞的物质输入和输出 / 第1—2节（被动运输；主动运输与胞吞、胞吐）/ 物质跨膜运输方式的影响因素（续表）,自由扩散影响因素
BIOLOGY,0021,17,第4章 细胞的物质输入和输出 / 第1—2节（被动运输；主动运输与胞吞、胞吐）/ 物质跨膜运输方式的影响因素（续表）,协助扩散饱和现象
BIOLOGY,0021,17,第4章 细胞的物质输入和输出 / 第1—2节（被动运输；主动运输与胞吞、胞吐）/ 物质跨膜运输方式的影响因素（续表）,载体蛋白饱和性
BIOLOGY,0021,17,第4章 细胞的物质输入和输出 / 第1—2节（被动运输；主动运输与胞吞、胞吐）/ 物质跨膜运输方式的影响因素（续表）,通道蛋白无饱和性
BIOLOGY,0021,17,第4章 细胞的物质输入和输出 / 第1—2节（被动运输；主动运输与胞吞、胞吐）/ 物质跨膜运输方式的影响因素（续表）,主动运输能量需求
BIOLOGY,0021,17,第4章 细胞的物质输入和输出 / 第1—2节（被动运输；主动运输与胞吞、胞吐）/ 物质跨膜运输方式的影响因素（续表）,主动运输氧浓度曲线
BIOLOGY,0021,17,第4章 细胞的物质输入和输出 / 第1—2节（被动运输；主动运输与胞吞、胞吐）/ 物质跨膜运输方式的影响因素（续表）,无氧呼吸供能
BIOLOGY,0021,17,第4章 细胞的物质输入和输出 / 第1—2节（被动运输；主动运输与胞吞、胞吐）/ 物质跨膜运输方式的影响因素（续表）,红细胞主动运输特点
BIOLOGY,0021,17,第4章 细胞的物质输入和输出 / 第1—2节（被动运输；主动运输与胞吞、胞吐）/ 物质跨膜运输方式的影响因素（续表）,胞吞胞吐耗能
BIOLOGY,0021,17,第4章 细胞的物质输入和输出 / 第1—2节（被动运输；主动运输与胞吞、胞吐）/ 物质跨膜运输方式的影响因素（续表）,转运蛋白
BIOLOGY,0021,17,第4章 细胞的物质输入和输出 / 第1—2节（被动运输；主动运输与胞吞、胞吐）/ 物质跨膜运输方式的影响因素（续表）,载体蛋白
BIOLOGY,0021,17,第4章 细胞的物质输入和输出 / 第1—2节（被动运输；主动运输与胞吞、胞吐）/ 物质跨膜运输方式的影响因素（续表）,通道蛋白
BIOLOGY,0021,17,第4章 细胞的物质输入和输出 / 第1—2节（被动运输；主动运输与胞吞、胞吐）/ 物质跨膜运输方式的影响因素（续表）,载体蛋白构象改变
BIOLOGY,0021,17,第4章 细胞的物质输入和输出 / 第1—2节（被动运输；主动运输与胞吞、胞吐）/ 物质跨膜运输方式的影响因素（续表）,离子通道
BIOLOGY,0022,18,第4章 细胞的物质输入和输出 / 考法 物质运输方式的判断,物质运输方式判断依据
BIOLOGY,0022,18,第4章 细胞的物质输入和输出 / 考法 物质运输方式的判断,依据物质种类判断
BIOLOGY,0022,18,第4章 细胞的物质输入和输出 / 考法 物质运输方式的判断,依据模型判断
BIOLOGY,0022,18,第4章 细胞的物质输入和输出 / 考法 物质运输方式的判断,依据运输条件判断
BIOLOGY,0022,18,第4章 细胞的物质输入和输出 / 考法 物质运输方式的判断,气体分子自由扩散
BIOLOGY,0022,18,第4章 细胞的物质输入和输出 / 考法 物质运输方式的判断,脂溶性物质自由扩散
BIOLOGY,0022,18,第4章 细胞的物质输入和输出 / 考法 物质运输方式的判断,大分子胞吞胞吐
BIOLOGY,0022,18,第4章 细胞的物质输入和输出 / 考法 物质运输方式的判断,逆浓度梯度运输
BIOLOGY,0022,18,第4章 细胞的物质输入和输出 / 考法 物质运输方式的判断,耗能运输途径
BIOLOGY,0022,18,第4章 细胞的物质输入和输出 / 考法 物质运输方式的判断,ATP直接供能
BIOLOGY,0022,18,第4章 细胞的物质输入和输出 / 考法 物质运输方式的判断,离子电化学梯度势能
BIOLOGY,0022,18,第4章 细胞的物质输入和输出 / 考法 物质运输方式的判断,光驱动运输
BIOLOGY,0022,18,第4章 细胞的物质输入和输出 / 考法 物质运输方式的判断,囊泡运输
BIOLOGY,0022,18,第4章 细胞的物质输入和输出 / 考法 物质运输方式的判断,胞吞胞吐膜蛋白协助
BIOLOGY,0022,18,第4章 细胞的物质输入和输出 / 考法 物质运输方式的判断,通道蛋白与协助扩散
BIOLOGY,0023,19,第4章 细胞的物质输入和输出 / 微专题 主动运输的类型,主动运输特点
BIOLOGY,0023,19,第4章 细胞的物质输入和输出 / 微专题 主动运输的类型,主动运输命题规律
BIOLOGY,0023,19,第4章 细胞的物质输入和输出 / 微专题 主动运输的类型,主动运输与呼吸作用
BIOLOGY,0023,19,第4章 细胞的物质输入和输出 / 微专题 主动运输的类型,主动运输与光合作用
BIOLOGY,0023,19,第4章 细胞的物质输入和输出 / 微专题 主动运输的类型,主动运输与神经调节
BIOLOGY,0023,19,第4章 细胞的物质输入和输出 / 微专题 主动运输的类型,ATP驱动泵
BIOLOGY,0023,19,第4章 细胞的物质输入和输出 / 微专题 主动运输的类型,协同转运蛋白
BIOLOGY,0023,19,第4章 细胞的物质输入和输出 / 微专题 主动运输的类型,质子泵
BIOLOGY,0023,19,第4章 细胞的物质输入和输出 / 微专题 主动运输的类型,钠钾泵
BIOLOGY,0023,19,第4章 细胞的物质输入和输出 / 微专题 主动运输的类型,逆向转运蛋白
BIOLOGY,0023,19,第4章 细胞的物质输入和输出 / 微专题 主动运输的类型,钠钙交换体
BIOLOGY,0023,19,第4章 细胞的物质输入和输出 / 微专题 主动运输的类型,电化学梯度驱动转运
BIOLOGY,0024,20,第4章 细胞的物质输入和输出 / 微专题 主动运输的类型 / 二 光驱动泵、突破指南,主动运输类型划分
BIOLOGY,0024,20,第4章 细胞的物质输入和输出 / 微专题 主动运输的类型 / 二 光驱动泵、突破指南,ATP驱动泵
BIOLOGY,0024,20,第4章 细胞的物质输入和输出 / 微专题 主动运输的类型 / 二 光驱动泵、突破指南,协同转运蛋白
BIOLOGY,0024,20,第4章 细胞的物质输入和输出 / 微专题 主动运输的类型 / 二 光驱动泵、突破指南,光驱动泵
BIOLOGY,0024,20,第4章 细胞的物质输入和输出 / 微专题 主动运输的类型 / 二 光驱动泵、突破指南,电化学势能驱动
BIOLOGY,0024,20,第4章 细胞的物质输入和输出 / 微专题 主动运输的类型 / 二 光驱动泵、突破指南,同向转运
BIOLOGY,0024,20,第4章 细胞的物质输入和输出 / 微专题 主动运输的类型 / 二 光驱动泵、突破指南,逆向转运
BIOLOGY,0024,20,第4章 细胞的物质输入和输出 / 微专题 主动运输的类型 / 二 光驱动泵、突破指南,光能驱动质子泵
BIOLOGY,0024,20,第4章 细胞的物质输入和输出 / 微专题 主动运输的类型 / 二 光驱动泵、突破指南,细菌紫膜质
BIOLOGY,0024,20,第4章 细胞的物质输入和输出 / 微专题 主动运输的类型 / 二 光驱动泵、突破指南,解偶联剂
BIOLOGY,0024,20,第4章 细胞的物质输入和输出 / 微专题 主动运输的类型 / 二 光驱动泵、突破指南,转运蛋白兼具酶活性
BIOLOGY,0024,20,第4章 细胞的物质输入和输出 / 微专题 主动运输的类型 / 二 光驱动泵、突破指南,直接供能与间接供能辨析
BIOLOGY,0025,21,第5章 细胞的能量供应和利用 / 第1节 降低化学反应活化能的酶 / 知识清单（酶的概念、本质及作用；酶的特性）,酶的概念
BIOLOGY,0025,21,第5章 细胞的能量供应和利用 / 第1节 降低化学反应活化能的酶 / 知识清单（酶的概念、本质及作用；酶的特性）,酶的本质
BIOLOGY,0025,21,第5章 细胞的能量供应和利用 / 第1节 降低化学反应活化能的酶 / 知识清单（酶的概念、本质及作用；酶的特性）,酶在细胞内外均起作用
BIOLOGY,0025,21,第5章 细胞的能量供应和利用 / 第1节 降低化学反应活化能的酶 / 知识清单（酶的概念、本质及作用；酶的特性）,酶作用验证实验
BIOLOGY,0025,21,第5章 细胞的能量供应和利用 / 第1节 降低化学反应活化能的酶 / 知识清单（酶的概念、本质及作用；酶的特性）,过氧化氢酶
BIOLOGY,0025,21,第5章 细胞的能量供应和利用 / 第1节 降低化学反应活化能的酶 / 知识清单（酶的概念、本质及作用；酶的特性）,无机催化剂对照
BIOLOGY,0025,21,第5章 细胞的能量供应和利用 / 第1节 降低化学反应活化能的酶 / 知识清单（酶的概念、本质及作用；酶的特性）,阳性对照
BIOLOGY,0025,21,第5章 细胞的能量供应和利用 / 第1节 降低化学反应活化能的酶 / 知识清单（酶的概念、本质及作用；酶的特性）,活化能
BIOLOGY,0025,21,第5章 细胞的能量供应和利用 / 第1节 降低化学反应活化能的酶 / 知识清单（酶的概念、本质及作用；酶的特性）,降低活化能机理
BIOLOGY,0025,21,第5章 细胞的能量供应和利用 / 第1节 降低化学反应活化能的酶 / 知识清单（酶的概念、本质及作用；酶的特性）,酶可重复利用
BIOLOGY,0025,21,第5章 细胞的能量供应和利用 / 第1节 降低化学反应活化能的酶 / 知识清单（酶的概念、本质及作用；酶的特性）,酶的高效性
BIOLOGY,0025,21,第5章 细胞的能量供应和利用 / 第1节 降低化学反应活化能的酶 / 知识清单（酶的概念、本质及作用；酶的特性）,酶的专一性
BIOLOGY,0025,21,第5章 细胞的能量供应和利用 / 第1节 降低化学反应活化能的酶 / 知识清单（酶的概念、本质及作用；酶的特性）,脲酶
BIOLOGY,0025,21,第5章 细胞的能量供应和利用 / 第1节 降低化学反应活化能的酶 / 知识清单（酶的概念、本质及作用；酶的特性）,作用条件较温和
BIOLOGY,0025,21,第5章 细胞的能量供应和利用 / 第1节 降低化学反应活化能的酶 / 知识清单（酶的概念、本质及作用；酶的特性）,酶制剂低温保存
BIOLOGY,0026,22,第五章 细胞的能量供应和利用 / 第1节（续）/ 影响酶促反应速率的因素及探究实验,影响酶促反应速率的因素
BIOLOGY,0026,22,第五章 细胞的能量供应和利用 / 第1节（续）/ 影响酶促反应速率的因素及探究实验,温度对酶活性的影响
BIOLOGY,0026,22,第五章 细胞的能量供应和利用 / 第1节（续）/ 影响酶促反应速率的因素及探究实验,pH 对酶活性的影响
BIOLOGY,0026,22,第五章 细胞的能量供应和利用 / 第1节（续）/ 影响酶促反应速率的因素及探究实验,底物浓度对酶促反应速率的影响
BIOLOGY,0026,22,第五章 细胞的能量供应和利用 / 第1节（续）/ 影响酶促反应速率的因素及探究实验,酶浓度对酶促反应速率的影响
BIOLOGY,0026,22,第五章 细胞的能量供应和利用 / 第1节（续）/ 影响酶促反应速率的因素及探究实验,酶量限制下的反应速率平台
BIOLOGY,0026,22,第五章 细胞的能量供应和利用 / 第1节（续）/ 影响酶促反应速率的因素及探究实验,底物浓度和酶浓度不改变酶的活性
BIOLOGY,0026,22,第五章 细胞的能量供应和利用 / 第1节（续）/ 影响酶促反应速率的因素及探究实验,竞争性抑制剂
BIOLOGY,0026,22,第五章 细胞的能量供应和利用 / 第1节（续）/ 影响酶促反应速率的因素及探究实验,非竞争性抑制剂
BIOLOGY,0026,22,第五章 细胞的能量供应和利用 / 第1节（续）/ 影响酶促反应速率的因素及探究实验,探究温度对酶活性影响的实验设计
BIOLOGY,0026,22,第五章 细胞的能量供应和利用 / 第1节（续）/ 影响酶促反应速率的因素及探究实验,探究 pH 对酶活性影响的实验设计
BIOLOGY,0026,22,第五章 细胞的能量供应和利用 / 第1节（续）/ 影响酶促反应速率的因素及探究实验,碘液检测淀粉水解程度
BIOLOGY,0027,23,第五章 细胞的能量供应和利用 / 考法清单：实验设计与分析,实验设计的单一变量原则
BIOLOGY,0027,23,第五章 细胞的能量供应和利用 / 考法清单：实验设计与分析,空白对照
BIOLOGY,0027,23,第五章 细胞的能量供应和利用 / 考法清单：实验设计与分析,自身对照
BIOLOGY,0027,23,第五章 细胞的能量供应和利用 / 考法清单：实验设计与分析,相互对照
BIOLOGY,0027,23,第五章 细胞的能量供应和利用 / 考法清单：实验设计与分析,条件对照
BIOLOGY,0027,23,第五章 细胞的能量供应和利用 / 考法清单：实验设计与分析,平行重复原则
BIOLOGY,0027,23,第五章 细胞的能量供应和利用 / 考法清单：实验设计与分析,实验设计的科学性原则
BIOLOGY,0027,23,第五章 细胞的能量供应和利用 / 考法清单：实验设计与分析,自变量
BIOLOGY,0027,23,第五章 细胞的能量供应和利用 / 考法清单：实验设计与分析,加法原理与减法原理
BIOLOGY,0027,23,第五章 细胞的能量供应和利用 / 考法清单：实验设计与分析,因变量与可观测指标
BIOLOGY,0027,23,第五章 细胞的能量供应和利用 / 考法清单：实验设计与分析,无关变量及其控制
BIOLOGY,0028,24,第五章 细胞的能量供应和利用 / 考法清单：实验设计与分析（续）/ 实验分析的一般步骤,实验分析的一般步骤
BIOLOGY,0028,24,第五章 细胞的能量供应和利用 / 考法清单：实验设计与分析（续）/ 实验分析的一般步骤,由实验目的确定自变量与因变量
BIOLOGY,0028,24,第五章 细胞的能量供应和利用 / 考法清单：实验设计与分析（续）/ 实验分析的一般步骤,由处理条件与检测指标对应关系判断变量
BIOLOGY,0028,24,第五章 细胞的能量供应和利用 / 考法清单：实验设计与分析（续）/ 实验分析的一般步骤,实验组与对照组的分析
BIOLOGY,0028,24,第五章 细胞的能量供应和利用 / 考法清单：实验设计与分析（续）/ 实验分析的一般步骤,两个及以上自变量实验的单一变量处理
BIOLOGY,0028,24,第五章 细胞的能量供应和利用 / 考法清单：实验设计与分析（续）/ 实验分析的一般步骤,实验结果的描述规范
BIOLOGY,0028,24,第五章 细胞的能量供应和利用 / 考法清单：实验设计与分析（续）/ 实验分析的一般步骤,实验结论的描述规范
BIOLOGY,0029,25,"第五章 细胞的能量供应和利用 / 第2节 细胞的能量""货币"" ATP / 知识清单",腺苷三磷酸
BIOLOGY,0029,25,"第五章 细胞的能量供应和利用 / 第2节 细胞的能量""货币"" ATP / 知识清单",ATP 的组成元素
BIOLOGY,0029,25,"第五章 细胞的能量供应和利用 / 第2节 细胞的能量""货币"" ATP / 知识清单",ATP 的结构简式与特殊化学键
BIOLOGY,0029,25,"第五章 细胞的能量供应和利用 / 第2节 细胞的能量""货币"" ATP / 知识清单",腺苷的组成
BIOLOGY,0029,25,"第五章 细胞的能量供应和利用 / 第2节 细胞的能量""货币"" ATP / 知识清单",ATP 是高能磷酸化合物
BIOLOGY,0029,25,"第五章 细胞的能量供应和利用 / 第2节 细胞的能量""货币"" ATP / 知识清单",ATP 是驱动细胞生命活动的直接能源物质
BIOLOGY,0029,25,"第五章 细胞的能量供应和利用 / 第2节 细胞的能量""货币"" ATP / 知识清单",ATP 与 ADP 的相互转化
BIOLOGY,0029,25,"第五章 细胞的能量供应和利用 / 第2节 细胞的能量""货币"" ATP / 知识清单",ATP 合成与水解的场所
BIOLOGY,0029,25,"第五章 细胞的能量供应和利用 / 第2节 细胞的能量""货币"" ATP / 知识清单",ATP 合成与水解的能量来源与去路
BIOLOGY,0029,25,"第五章 细胞的能量供应和利用 / 第2节 细胞的能量""货币"" ATP / 知识清单",ATP 与 ADP 转化速度快而含量少
BIOLOGY,0029,25,"第五章 细胞的能量供应和利用 / 第2节 细胞的能量""货币"" ATP / 知识清单",ATP 合成伴随放能反应、水解伴随吸能反应
BIOLOGY,0029,25,"第五章 细胞的能量供应和利用 / 第2节 细胞的能量""货币"" ATP / 知识清单",ATP 水解与合成不是可逆反应
BIOLOGY,0029,25,"第五章 细胞的能量供应和利用 / 第2节 细胞的能量""货币"" ATP / 知识清单",ATP 为主动运输供能的机制
BIOLOGY,0029,25,"第五章 细胞的能量供应和利用 / 第2节 细胞的能量""货币"" ATP / 知识清单",载体蛋白的磷酸化与构象改变
BIOLOGY,0029,25,"第五章 细胞的能量供应和利用 / 第2节 细胞的能量""货币"" ATP / 知识清单",ATP 与 RNA 的关系
BIOLOGY,0029,25,"第五章 细胞的能量供应和利用 / 第2节 细胞的能量""货币"" ATP / 知识清单","各物质中""A""的含义辨析"
BIOLOGY,0030,26,"第5章 细胞的能量供应和利用 / 第2节 细胞的能量""货币""ATP / 考法·磷酸化与去磷酸化",磷酸化
BIOLOGY,0030,26,"第5章 细胞的能量供应和利用 / 第2节 细胞的能量""货币""ATP / 考法·磷酸化与去磷酸化",去磷酸化
BIOLOGY,0030,26,"第5章 细胞的能量供应和利用 / 第2节 细胞的能量""货币""ATP / 考法·磷酸化与去磷酸化",蛋白质磷酸化
BIOLOGY,0030,26,"第5章 细胞的能量供应和利用 / 第2节 细胞的能量""货币""ATP / 考法·磷酸化与去磷酸化",蛋白激酶
BIOLOGY,0030,26,"第5章 细胞的能量供应和利用 / 第2节 细胞的能量""货币""ATP / 考法·磷酸化与去磷酸化",蛋白磷酸酶
BIOLOGY,0030,26,"第5章 细胞的能量供应和利用 / 第2节 细胞的能量""货币""ATP / 考法·磷酸化与去磷酸化",可逆磷酸化调节
BIOLOGY,0030,26,"第5章 细胞的能量供应和利用 / 第2节 细胞的能量""货币""ATP / 考法·磷酸化与去磷酸化",细胞信号转导
BIOLOGY,0030,26,"第5章 细胞的能量供应和利用 / 第2节 细胞的能量""货币""ATP / 考法·磷酸化与去磷酸化",蛋白质构象改变
BIOLOGY,0030,26,"第5章 细胞的能量供应和利用 / 第2节 细胞的能量""货币""ATP / 考法·磷酸化与去磷酸化",活化与失活开关
BIOLOGY,0030,26,"第5章 细胞的能量供应和利用 / 第2节 细胞的能量""货币""ATP / 考法·磷酸化与去磷酸化",ATP磷酸基团转移
BIOLOGY,0031,27,第5章 细胞的能量供应和利用 / 第3节 细胞呼吸的方式 / 知识清单（探究酵母菌细胞的呼吸方式、细胞呼吸）,酵母菌兼性厌氧
BIOLOGY,0031,27,第5章 细胞的能量供应和利用 / 第3节 细胞呼吸的方式 / 知识清单（探究酵母菌细胞的呼吸方式、细胞呼吸）,对比实验
BIOLOGY,0031,27,第5章 细胞的能量供应和利用 / 第3节 细胞呼吸的方式 / 知识清单（探究酵母菌细胞的呼吸方式、细胞呼吸）,NaOH吸收二氧化碳
BIOLOGY,0031,27,第5章 细胞的能量供应和利用 / 第3节 细胞呼吸的方式 / 知识清单（探究酵母菌细胞的呼吸方式、细胞呼吸）,澄清石灰水检测二氧化碳
BIOLOGY,0031,27,第5章 细胞的能量供应和利用 / 第3节 细胞呼吸的方式 / 知识清单（探究酵母菌细胞的呼吸方式、细胞呼吸）,溴麝香草酚蓝溶液
BIOLOGY,0031,27,第5章 细胞的能量供应和利用 / 第3节 细胞呼吸的方式 / 知识清单（探究酵母菌细胞的呼吸方式、细胞呼吸）,酸性重铬酸钾检测酒精
BIOLOGY,0031,27,第5章 细胞的能量供应和利用 / 第3节 细胞呼吸的方式 / 知识清单（探究酵母菌细胞的呼吸方式、细胞呼吸）,细胞呼吸的实质
BIOLOGY,0031,27,第5章 细胞的能量供应和利用 / 第3节 细胞呼吸的方式 / 知识清单（探究酵母菌细胞的呼吸方式、细胞呼吸）,有氧呼吸第一阶段
BIOLOGY,0031,27,第5章 细胞的能量供应和利用 / 第3节 细胞呼吸的方式 / 知识清单（探究酵母菌细胞的呼吸方式、细胞呼吸）,糖酵解
BIOLOGY,0031,27,第5章 细胞的能量供应和利用 / 第3节 细胞呼吸的方式 / 知识清单（探究酵母菌细胞的呼吸方式、细胞呼吸）,丙酮酸
BIOLOGY,0031,27,第5章 细胞的能量供应和利用 / 第3节 细胞呼吸的方式 / 知识清单（探究酵母菌细胞的呼吸方式、细胞呼吸）,有氧呼吸第二阶段
BIOLOGY,0031,27,第5章 细胞的能量供应和利用 / 第3节 细胞呼吸的方式 / 知识清单（探究酵母菌细胞的呼吸方式、细胞呼吸）,有氧呼吸第三阶段
BIOLOGY,0031,27,第5章 细胞的能量供应和利用 / 第3节 细胞呼吸的方式 / 知识清单（探究酵母菌细胞的呼吸方式、细胞呼吸）,酒精发酵
BIOLOGY,0031,27,第5章 细胞的能量供应和利用 / 第3节 细胞呼吸的方式 / 知识清单（探究酵母菌细胞的呼吸方式、细胞呼吸）,乳酸发酵
BIOLOGY,0031,27,第5章 细胞的能量供应和利用 / 第3节 细胞呼吸的方式 / 知识清单（探究酵母菌细胞的呼吸方式、细胞呼吸）,细胞呼吸的意义
BIOLOGY,0031,27,第5章 细胞的能量供应和利用 / 第3节 细胞呼吸的方式 / 知识清单（探究酵母菌细胞的呼吸方式、细胞呼吸）,代谢枢纽
BIOLOGY,0032,28,第5章 细胞的能量供应和利用 / 第3节 细胞呼吸的方式 / 细胞呼吸方式的判断,瓦堡效应
BIOLOGY,0032,28,第5章 细胞的能量供应和利用 / 第3节 细胞呼吸的方式 / 细胞呼吸方式的判断,无氧呼吸能量去向
BIOLOGY,0032,28,第5章 细胞的能量供应和利用 / 第3节 细胞呼吸的方式 / 细胞呼吸方式的判断,呼吸方式判断依据
BIOLOGY,0032,28,第5章 细胞的能量供应和利用 / 第3节 细胞呼吸的方式 / 细胞呼吸方式的判断,物质的量关系判断法
BIOLOGY,0032,28,第5章 细胞的能量供应和利用 / 第3节 细胞呼吸的方式 / 细胞呼吸方式的判断,二氧化碳释放量与氧气吸收量
BIOLOGY,0032,28,第5章 细胞的能量供应和利用 / 第3节 细胞呼吸的方式 / 细胞呼吸方式的判断,产乳酸的无氧呼吸
BIOLOGY,0032,28,第5章 细胞的能量供应和利用 / 第3节 细胞呼吸的方式 / 细胞呼吸方式的判断,脂质作呼吸底物
BIOLOGY,0032,28,第5章 细胞的能量供应和利用 / 第3节 细胞呼吸的方式 / 细胞呼吸方式的判断,细胞呼吸相关计算
BIOLOGY,0032,28,第5章 细胞的能量供应和利用 / 第3节 细胞呼吸的方式 / 细胞呼吸方式的判断,呼吸作用物质比例
BIOLOGY,0033,29,第5章 细胞的能量供应和利用 / 微专题　糖酵解、三羧酸循环、呼吸电子传递和氧化磷酸化,糖酵解
BIOLOGY,0033,29,第5章 细胞的能量供应和利用 / 微专题　糖酵解、三羧酸循环、呼吸电子传递和氧化磷酸化,三羧酸循环
BIOLOGY,0033,29,第5章 细胞的能量供应和利用 / 微专题　糖酵解、三羧酸循环、呼吸电子传递和氧化磷酸化,柠檬酸循环
BIOLOGY,0033,29,第5章 细胞的能量供应和利用 / 微专题　糖酵解、三羧酸循环、呼吸电子传递和氧化磷酸化,乙酰辅酶A
BIOLOGY,0033,29,第5章 细胞的能量供应和利用 / 微专题　糖酵解、三羧酸循环、呼吸电子传递和氧化磷酸化,草酰乙酸
BIOLOGY,0033,29,第5章 细胞的能量供应和利用 / 微专题　糖酵解、三羧酸循环、呼吸电子传递和氧化磷酸化,丙酮酸羧化
BIOLOGY,0033,29,第5章 细胞的能量供应和利用 / 微专题　糖酵解、三羧酸循环、呼吸电子传递和氧化磷酸化,线粒体基质
BIOLOGY,0033,29,第5章 细胞的能量供应和利用 / 微专题　糖酵解、三羧酸循环、呼吸电子传递和氧化磷酸化,细胞呼吸代谢枢纽
BIOLOGY,0033,29,第5章 细胞的能量供应和利用 / 微专题　糖酵解、三羧酸循环、呼吸电子传递和氧化磷酸化,三羧酸循环中间产物
BIOLOGY,0033,29,第5章 细胞的能量供应和利用 / 微专题　糖酵解、三羧酸循环、呼吸电子传递和氧化磷酸化,呼吸电子传递
BIOLOGY,0033,29,第5章 细胞的能量供应和利用 / 微专题　糖酵解、三羧酸循环、呼吸电子传递和氧化磷酸化,氧化磷酸化
BIOLOGY,0033,29,第5章 细胞的能量供应和利用 / 微专题　糖酵解、三羧酸循环、呼吸电子传递和氧化磷酸化,ATP合酶
BIOLOGY,0034,30,第5章 细胞的能量供应和利用 / 微专题　糖酵解、三羧酸循环、呼吸电子传递和氧化磷酸化（续）,电子传递链
BIOLOGY,0034,30,第5章 细胞的能量供应和利用 / 微专题　糖酵解、三羧酸循环、呼吸电子传递和氧化磷酸化（续）,氧化磷酸化
BIOLOGY,0034,30,第5章 细胞的能量供应和利用 / 微专题　糖酵解、三羧酸循环、呼吸电子传递和氧化磷酸化（续）,质子浓度梯度
BIOLOGY,0034,30,第5章 细胞的能量供应和利用 / 微专题　糖酵解、三羧酸循环、呼吸电子传递和氧化磷酸化（续）,ATP合酶
BIOLOGY,0034,30,第5章 细胞的能量供应和利用 / 微专题　糖酵解、三羧酸循环、呼吸电子传递和氧化磷酸化（续）,化学渗透
BIOLOGY,0034,30,第5章 细胞的能量供应和利用 / 微专题　糖酵解、三羧酸循环、呼吸电子传递和氧化磷酸化（续）,线粒体内膜
BIOLOGY,0034,30,第5章 细胞的能量供应和利用 / 微专题　糖酵解、三羧酸循环、呼吸电子传递和氧化磷酸化（续）,膜间隙
BIOLOGY,0034,30,第5章 细胞的能量供应和利用 / 微专题　糖酵解、三羧酸循环、呼吸电子传递和氧化磷酸化（续）,NADH脱氢酶
BIOLOGY,0034,30,第5章 细胞的能量供应和利用 / 微专题　糖酵解、三羧酸循环、呼吸电子传递和氧化磷酸化（续）,辅酶Q
BIOLOGY,0034,30,第5章 细胞的能量供应和利用 / 微专题　糖酵解、三羧酸循环、呼吸电子传递和氧化磷酸化（续）,细胞色素c
BIOLOGY,0034,30,第5章 细胞的能量供应和利用 / 微专题　糖酵解、三羧酸循环、呼吸电子传递和氧化磷酸化（续）,细胞色素氧化酶
BIOLOGY,0034,30,第5章 细胞的能量供应和利用 / 微专题　糖酵解、三羧酸循环、呼吸电子传递和氧化磷酸化（续）,解偶联剂
BIOLOGY,0035,31,第5章 细胞的能量供应和利用 / 第4节 细胞呼吸的影响因素及应用 / 知识清单,氧气浓度影响细胞呼吸
BIOLOGY,0035,31,第5章 细胞的能量供应和利用 / 第4节 细胞呼吸的影响因素及应用 / 知识清单,温度影响酶活性
BIOLOGY,0035,31,第5章 细胞的能量供应和利用 / 第4节 细胞呼吸的影响因素及应用 / 知识清单,自由水含量
BIOLOGY,0035,31,第5章 细胞的能量供应和利用 / 第4节 细胞呼吸的影响因素及应用 / 知识清单,二氧化碳抑制呼吸
BIOLOGY,0035,31,第5章 细胞的能量供应和利用 / 第4节 细胞呼吸的影响因素及应用 / 知识清单,无氧呼吸消失点
BIOLOGY,0035,31,第5章 细胞的能量供应和利用 / 第4节 细胞呼吸的影响因素及应用 / 知识清单,果蔬储藏条件
BIOLOGY,0035,31,第5章 细胞的能量供应和利用 / 第4节 细胞呼吸的影响因素及应用 / 知识清单,种子储藏条件
BIOLOGY,0035,31,第5章 细胞的能量供应和利用 / 第4节 细胞呼吸的影响因素及应用 / 知识清单,中耕松土
BIOLOGY,0035,31,第5章 细胞的能量供应和利用 / 第4节 细胞呼吸的影响因素及应用 / 知识清单,排涝防烂根
BIOLOGY,0035,31,第5章 细胞的能量供应和利用 / 第4节 细胞呼吸的影响因素及应用 / 知识清单,发酵产品制备
BIOLOGY,0035,31,第5章 细胞的能量供应和利用 / 第4节 细胞呼吸的影响因素及应用 / 知识清单,有氧运动与乳酸
BIOLOGY,0035,31,第5章 细胞的能量供应和利用 / 第4节 细胞呼吸的影响因素及应用 / 知识清单,伤口透气包扎
BIOLOGY,0035,31,第5章 细胞的能量供应和利用 / 第4节 细胞呼吸的影响因素及应用 / 知识清单,种子萌发呼吸变化
BIOLOGY,0036,32,第5章 细胞的能量供应和利用 / 第4节 细胞呼吸的影响因素及应用 / 考法清单　$\mathrm{O_2}$ 浓度对细胞呼吸的影响,氧气浓度与无氧呼吸
BIOLOGY,0036,32,第5章 细胞的能量供应和利用 / 第4节 细胞呼吸的影响因素及应用 / 考法清单　$\mathrm{O_2}$ 浓度对细胞呼吸的影响,Q点只进行无氧呼吸
BIOLOGY,0036,32,第5章 细胞的能量供应和利用 / 第4节 细胞呼吸的影响因素及应用 / 考法清单　$\mathrm{O_2}$ 浓度对细胞呼吸的影响,P点只进行有氧呼吸
BIOLOGY,0036,32,第5章 细胞的能量供应和利用 / 第4节 细胞呼吸的影响因素及应用 / 考法清单　$\mathrm{O_2}$ 浓度对细胞呼吸的影响,有氧无氧呼吸并存
BIOLOGY,0036,32,第5章 细胞的能量供应和利用 / 第4节 细胞呼吸的影响因素及应用 / 考法清单　$\mathrm{O_2}$ 浓度对细胞呼吸的影响,呼吸作用最弱点
BIOLOGY,0036,32,第5章 细胞的能量供应和利用 / 第4节 细胞呼吸的影响因素及应用 / 考法清单　$\mathrm{O_2}$ 浓度对细胞呼吸的影响,蔬菜水果储藏氧浓度
BIOLOGY,0036,32,第5章 细胞的能量供应和利用 / 第4节 细胞呼吸的影响因素及应用 / 考法清单　$\mathrm{O_2}$ 浓度对细胞呼吸的影响,呼吸商
BIOLOGY,0036,32,第5章 细胞的能量供应和利用 / 第4节 细胞呼吸的影响因素及应用 / 考法清单　$\mathrm{O_2}$ 浓度对细胞呼吸的影响,二氧化碳生成量
BIOLOGY,0036,32,第5章 细胞的能量供应和利用 / 第4节 细胞呼吸的影响因素及应用 / 考法清单　$\mathrm{O_2}$ 浓度对细胞呼吸的影响,氧气吸收量
BIOLOGY,0037,33,第5章 细胞的能量供应和利用 / 第5节 捕获光能的色素和光合作用的原理 / 知识清单,光合色素提取原理
BIOLOGY,0037,33,第5章 细胞的能量供应和利用 / 第5节 捕获光能的色素和光合作用的原理 / 知识清单,无水乙醇提取色素
BIOLOGY,0037,33,第5章 细胞的能量供应和利用 / 第5节 捕获光能的色素和光合作用的原理 / 知识清单,二氧化硅助研磨
BIOLOGY,0037,33,第5章 细胞的能量供应和利用 / 第5节 捕获光能的色素和光合作用的原理 / 知识清单,碳酸钙保护叶绿素
BIOLOGY,0037,33,第5章 细胞的能量供应和利用 / 第5节 捕获光能的色素和光合作用的原理 / 知识清单,纸层析法
BIOLOGY,0037,33,第5章 细胞的能量供应和利用 / 第5节 捕获光能的色素和光合作用的原理 / 知识清单,滤液细线画法
BIOLOGY,0037,33,第5章 细胞的能量供应和利用 / 第5节 捕获光能的色素和光合作用的原理 / 知识清单,四种光合色素
BIOLOGY,0037,33,第5章 细胞的能量供应和利用 / 第5节 捕获光能的色素和光合作用的原理 / 知识清单,色素带与含量
BIOLOGY,0037,33,第5章 细胞的能量供应和利用 / 第5节 捕获光能的色素和光合作用的原理 / 知识清单,光合色素吸收光谱
BIOLOGY,0037,33,第5章 细胞的能量供应和利用 / 第5节 捕获光能的色素和光合作用的原理 / 知识清单,叶绿素合成条件
BIOLOGY,0037,33,第5章 细胞的能量供应和利用 / 第5节 捕获光能的色素和光合作用的原理 / 知识清单,水的光解
BIOLOGY,0037,33,第5章 细胞的能量供应和利用 / 第5节 捕获光能的色素和光合作用的原理 / 知识清单,NADPH
BIOLOGY,0037,33,第5章 细胞的能量供应和利用 / 第5节 捕获光能的色素和光合作用的原理 / 知识清单,二氧化碳固定
BIOLOGY,0037,33,第5章 细胞的能量供应和利用 / 第5节 捕获光能的色素和光合作用的原理 / 知识清单,三碳化合物还原
BIOLOGY,0037,33,第5章 细胞的能量供应和利用 / 第5节 捕获光能的色素和光合作用的原理 / 知识清单,卡尔文循环
BIOLOGY,0038,34,第5章 细胞的能量供应和利用 / 第5节 捕获光能的色素和光合作用的原理 / 知识清单（续表）,水的光解
BIOLOGY,0038,34,第5章 细胞的能量供应和利用 / 第5节 捕获光能的色素和光合作用的原理 / 知识清单（续表）,光反应ATP合成
BIOLOGY,0038,34,第5章 细胞的能量供应和利用 / 第5节 捕获光能的色素和光合作用的原理 / 知识清单（续表）,NADPH合成
BIOLOGY,0038,34,第5章 细胞的能量供应和利用 / 第5节 捕获光能的色素和光合作用的原理 / 知识清单（续表）,还原型辅酶Ⅱ
BIOLOGY,0038,34,第5章 细胞的能量供应和利用 / 第5节 捕获光能的色素和光合作用的原理 / 知识清单（续表）,光反应能量变化
BIOLOGY,0038,34,第5章 细胞的能量供应和利用 / 第5节 捕获光能的色素和光合作用的原理 / 知识清单（续表）,暗反应能量变化
BIOLOGY,0038,34,第5章 细胞的能量供应和利用 / 第5节 捕获光能的色素和光合作用的原理 / 知识清单（续表）,光合作用总反应式
BIOLOGY,0038,34,第5章 细胞的能量供应和利用 / 第5节 捕获光能的色素和光合作用的原理 / 知识清单（续表）,NADPH的还原剂作用
BIOLOGY,0038,34,第5章 细胞的能量供应和利用 / 第5节 捕获光能的色素和光合作用的原理 / 知识清单（续表）,光反应与暗反应联系
BIOLOGY,0038,34,第5章 细胞的能量供应和利用 / 第5节 捕获光能的色素和光合作用的原理 / 知识清单（续表）,核酮糖二磷酸
BIOLOGY,0038,34,第5章 细胞的能量供应和利用 / 第5节 捕获光能的色素和光合作用的原理 / 知识清单（续表）,三磷酸甘油酸
BIOLOGY,0038,34,第5章 细胞的能量供应和利用 / 第5节 捕获光能的色素和光合作用的原理 / 知识清单（续表）,光合产物淀粉与蔗糖
BIOLOGY,0038,34,第5章 细胞的能量供应和利用 / 第5节 捕获光能的色素和光合作用的原理 / 知识清单（续表）,淀粉与蔗糖合成场所
BIOLOGY,0038,34,第5章 细胞的能量供应和利用 / 第5节 捕获光能的色素和光合作用的原理 / 知识清单（续表）,化能合成作用
BIOLOGY,0038,34,第5章 细胞的能量供应和利用 / 第5节 捕获光能的色素和光合作用的原理 / 知识清单（续表）,硝化细菌
BIOLOGY,0039,35,第5章 细胞的能量供应和利用 / 第5节 捕获光能的色素和光合作用的原理 / 考法清单　环境改变时，短时间内各物质含量变化的分析,环境变化物质含量分析
BIOLOGY,0039,35,第5章 细胞的能量供应和利用 / 第5节 捕获光能的色素和光合作用的原理 / 考法清单　环境改变时，短时间内各物质含量变化的分析,物质的来源与去路
BIOLOGY,0039,35,第5章 细胞的能量供应和利用 / 第5节 捕获光能的色素和光合作用的原理 / 考法清单　环境改变时，短时间内各物质含量变化的分析,光照减弱C3C5变化
BIOLOGY,0039,35,第5章 细胞的能量供应和利用 / 第5节 捕获光能的色素和光合作用的原理 / 考法清单　环境改变时，短时间内各物质含量变化的分析,CO2减少C3C5变化
BIOLOGY,0039,35,第5章 细胞的能量供应和利用 / 第5节 捕获光能的色素和光合作用的原理 / 考法清单　环境改变时，短时间内各物质含量变化的分析,ATP与NADPH变化
BIOLOGY,0039,35,第5章 细胞的能量供应和利用 / 第5节 捕获光能的色素和光合作用的原理 / 考法清单　环境改变时，短时间内各物质含量变化的分析,光反应与暗反应连锁
BIOLOGY,0039,35,第5章 细胞的能量供应和利用 / 第5节 捕获光能的色素和光合作用的原理 / 考法清单　环境改变时，短时间内各物质含量变化的分析,Rubisco
BIOLOGY,0039,35,第5章 细胞的能量供应和利用 / 第5节 捕获光能的色素和光合作用的原理 / 考法清单　环境改变时，短时间内各物质含量变化的分析,蔗糖运输优点
BIOLOGY,0039,35,第5章 细胞的能量供应和利用 / 第5节 捕获光能的色素和光合作用的原理 / 考法清单　环境改变时，短时间内各物质含量变化的分析,光合色素吸光率
BIOLOGY,0040,36,第5章 细胞的能量供应和利用 / 第6节 光合作用的影响因素及应用 / 知识清单,光补偿点
BIOLOGY,0040,36,第5章 细胞的能量供应和利用 / 第6节 光合作用的影响因素及应用 / 知识清单,光饱和点
BIOLOGY,0040,36,第5章 细胞的能量供应和利用 / 第6节 光合作用的影响因素及应用 / 知识清单,阴生植物与阳生植物
BIOLOGY,0040,36,第5章 细胞的能量供应和利用 / 第6节 光合作用的影响因素及应用 / 知识清单,光照强度影响光反应
BIOLOGY,0040,36,第5章 细胞的能量供应和利用 / 第6节 光合作用的影响因素及应用 / 知识清单,光质影响光合作用
BIOLOGY,0040,36,第5章 细胞的能量供应和利用 / 第6节 光合作用的影响因素及应用 / 知识清单,绿光几乎不被吸收
BIOLOGY,0040,36,第5章 细胞的能量供应和利用 / 第6节 光合作用的影响因素及应用 / 知识清单,CO2补偿点
BIOLOGY,0040,36,第5章 细胞的能量供应和利用 / 第6节 光合作用的影响因素及应用 / 知识清单,CO2饱和点
BIOLOGY,0040,36,第5章 细胞的能量供应和利用 / 第6节 光合作用的影响因素及应用 / 知识清单,温度影响酶活性
BIOLOGY,0040,36,第5章 细胞的能量供应和利用 / 第6节 光合作用的影响因素及应用 / 知识清单,矿质元素与叶绿素
BIOLOGY,0040,36,第5章 细胞的能量供应和利用 / 第6节 光合作用的影响因素及应用 / 知识清单,磷参与ATP形成
BIOLOGY,0040,36,第5章 细胞的能量供应和利用 / 第6节 光合作用的影响因素及应用 / 知识清单,水分与气孔导度
BIOLOGY,0040,36,第5章 细胞的能量供应和利用 / 第6节 光合作用的影响因素及应用 / 知识清单,多因子限制
BIOLOGY,0040,36,第5章 细胞的能量供应和利用 / 第6节 光合作用的影响因素及应用 / 知识清单,昼夜温差与有机物积累
BIOLOGY,0040,36,第5章 细胞的能量供应和利用 / 第6节 光合作用的影响因素及应用 / 知识清单,脱落酸与气孔开闭
BIOLOGY,0041,37,第5章 细胞的能量供应和利用 / 第6节 光合作用的影响因素及应用 / 考法清单　光合作用的影响因素的影响分析,叶圆片上浮法
BIOLOGY,0041,37,第5章 细胞的能量供应和利用 / 第6节 光合作用的影响因素及应用 / 考法清单　光合作用的影响因素的影响分析,抽气使叶片下沉
BIOLOGY,0041,37,第5章 细胞的能量供应和利用 / 第6节 光合作用的影响因素及应用 / 考法清单　光合作用的影响因素的影响分析,NaHCO3提供二氧化碳
BIOLOGY,0041,37,第5章 细胞的能量供应和利用 / 第6节 光合作用的影响因素及应用 / 考法清单　光合作用的影响因素的影响分析,光合作用过程分析法
BIOLOGY,0041,37,第5章 细胞的能量供应和利用 / 第6节 光合作用的影响因素及应用 / 考法清单　光合作用的影响因素的影响分析,反应物生成物反应条件
BIOLOGY,0041,37,第5章 细胞的能量供应和利用 / 第6节 光合作用的影响因素及应用 / 考法清单　光合作用的影响因素的影响分析,二氧化碳浓度与光合速率
BIOLOGY,0041,37,第5章 细胞的能量供应和利用 / 第6节 光合作用的影响因素及应用 / 考法清单　光合作用的影响因素的影响分析,生成物积累限制
BIOLOGY,0041,37,第5章 细胞的能量供应和利用 / 第6节 光合作用的影响因素及应用 / 考法清单　光合作用的影响因素的影响分析,五碳化合物再生限制
BIOLOGY,0042,38,第5章 细胞的能量供应和利用 / 第6节 光合作用的影响因素及应用 / 考法清单（续表）,光合作用影响因素列举
BIOLOGY,0042,38,第5章 细胞的能量供应和利用 / 第6节 光合作用的影响因素及应用 / 考法清单（续表）,干旱与脱落酸
BIOLOGY,0042,38,第5章 细胞的能量供应和利用 / 第6节 光合作用的影响因素及应用 / 考法清单（续表）,气孔开度与二氧化碳供应
BIOLOGY,0042,38,第5章 细胞的能量供应和利用 / 第6节 光合作用的影响因素及应用 / 考法清单（续表）,气孔导度
BIOLOGY,0043,39,第5章 细胞的能量供应和利用 / 第7节 光合作用与细胞呼吸的综合 / 知识清单,光合作用与细胞呼吸物质联系
BIOLOGY,0043,39,第5章 细胞的能量供应和利用 / 第7节 光合作用与细胞呼吸的综合 / 知识清单,光合作用与细胞呼吸能量联系
BIOLOGY,0043,39,第5章 细胞的能量供应和利用 / 第7节 光合作用与细胞呼吸的综合 / 知识清单,净光合速率
BIOLOGY,0043,39,第5章 细胞的能量供应和利用 / 第7节 光合作用与细胞呼吸的综合 / 知识清单,总光合速率
BIOLOGY,0043,39,第5章 细胞的能量供应和利用 / 第7节 光合作用与细胞呼吸的综合 / 知识清单,呼吸速率
BIOLOGY,0043,39,第5章 细胞的能量供应和利用 / 第7节 光合作用与细胞呼吸的综合 / 知识清单,植物三率分析
BIOLOGY,0043,39,第5章 细胞的能量供应和利用 / 第7节 光合作用与细胞呼吸的综合 / 知识清单,光补偿点
BIOLOGY,0043,39,第5章 细胞的能量供应和利用 / 第7节 光合作用与细胞呼吸的综合 / 知识清单,补偿点与饱和点移动规律
BIOLOGY,0043,39,第5章 细胞的能量供应和利用 / 第7节 光合作用与细胞呼吸的综合 / 知识清单,植株与叶肉细胞呼吸差异
BIOLOGY,0043,39,第5章 细胞的能量供应和利用 / 第7节 光合作用与细胞呼吸的综合 / 知识清单,一昼夜代谢曲线
BIOLOGY,0043,39,第5章 细胞的能量供应和利用 / 第7节 光合作用与细胞呼吸的综合 / 知识清单,密闭容器二氧化碳变化
BIOLOGY,0043,39,第5章 细胞的能量供应和利用 / 第7节 光合作用与细胞呼吸的综合 / 知识清单,一昼夜生长判断
BIOLOGY,0044,40,"第5章 细胞的能量供应和利用 / 光合作用与细胞呼吸的关系（承接上页""一昼夜代谢曲线""表）",净光合作用
BIOLOGY,0044,40,"第5章 细胞的能量供应和利用 / 光合作用与细胞呼吸的关系（承接上页""一昼夜代谢曲线""表）",总光合作用
BIOLOGY,0044,40,"第5章 细胞的能量供应和利用 / 光合作用与细胞呼吸的关系（承接上页""一昼夜代谢曲线""表）",光合午休
BIOLOGY,0044,40,"第5章 细胞的能量供应和利用 / 光合作用与细胞呼吸的关系（承接上页""一昼夜代谢曲线""表）",净光合速率
BIOLOGY,0044,40,"第5章 细胞的能量供应和利用 / 光合作用与细胞呼吸的关系（承接上页""一昼夜代谢曲线""表）",总光合速率
BIOLOGY,0044,40,"第5章 细胞的能量供应和利用 / 光合作用与细胞呼吸的关系（承接上页""一昼夜代谢曲线""表）",细胞呼吸速率
BIOLOGY,0044,40,"第5章 细胞的能量供应和利用 / 光合作用与细胞呼吸的关系（承接上页""一昼夜代谢曲线""表）",二氧化碳吸收量
BIOLOGY,0044,40,"第5章 细胞的能量供应和利用 / 光合作用与细胞呼吸的关系（承接上页""一昼夜代谢曲线""表）",二氧化碳固定量
BIOLOGY,0044,40,"第5章 细胞的能量供应和利用 / 光合作用与细胞呼吸的关系（承接上页""一昼夜代谢曲线""表）",有机物积累量
BIOLOGY,0044,40,"第5章 细胞的能量供应和利用 / 光合作用与细胞呼吸的关系（承接上页""一昼夜代谢曲线""表）",总光合与净光合的判定
BIOLOGY,0045,41,第五章 细胞的能量供应和利用 / 微专题 光系统、光合电子传递与光抑制、光呼吸,光系统
BIOLOGY,0045,41,第五章 细胞的能量供应和利用 / 微专题 光系统、光合电子传递与光抑制、光呼吸,光系统Ⅰ
BIOLOGY,0045,41,第五章 细胞的能量供应和利用 / 微专题 光系统、光合电子传递与光抑制、光呼吸,光系统Ⅱ
BIOLOGY,0045,41,第五章 细胞的能量供应和利用 / 微专题 光系统、光合电子传递与光抑制、光呼吸,光合电子传递链
BIOLOGY,0045,41,第五章 细胞的能量供应和利用 / 微专题 光系统、光合电子传递与光抑制、光呼吸,光合磷酸化
BIOLOGY,0045,41,第五章 细胞的能量供应和利用 / 微专题 光系统、光合电子传递与光抑制、光呼吸,ATP合酶
BIOLOGY,0045,41,第五章 细胞的能量供应和利用 / 微专题 光系统、光合电子传递与光抑制、光呼吸,类囊体膜质子梯度
BIOLOGY,0045,41,第五章 细胞的能量供应和利用 / 微专题 光系统、光合电子传递与光抑制、光呼吸,NADPH的形成
BIOLOGY,0045,41,第五章 细胞的能量供应和利用 / 微专题 光系统、光合电子传递与光抑制、光呼吸,水的光解
BIOLOGY,0045,41,第五章 细胞的能量供应和利用 / 微专题 光系统、光合电子传递与光抑制、光呼吸,光抑制
BIOLOGY,0045,41,第五章 细胞的能量供应和利用 / 微专题 光系统、光合电子传递与光抑制、光呼吸,光呼吸
BIOLOGY,0045,41,第五章 细胞的能量供应和利用 / 微专题 光系统、光合电子传递与光抑制、光呼吸,光饱和
BIOLOGY,0045,41,第五章 细胞的能量供应和利用 / 微专题 光系统、光合电子传递与光抑制、光呼吸,光能转化的去向
BIOLOGY,0046,42,第五章 细胞的能量供应和利用 / 微专题 光系统、光合电子传递与光抑制、光呼吸 / 二 光抑制和光呼吸,光抑制
BIOLOGY,0046,42,第五章 细胞的能量供应和利用 / 微专题 光系统、光合电子传递与光抑制、光呼吸 / 二 光抑制和光呼吸,光保护机制
BIOLOGY,0046,42,第五章 细胞的能量供应和利用 / 微专题 光系统、光合电子传递与光抑制、光呼吸 / 二 光抑制和光呼吸,活性氧
BIOLOGY,0046,42,第五章 细胞的能量供应和利用 / 微专题 光系统、光合电子传递与光抑制、光呼吸 / 二 光抑制和光呼吸,光化学耗散
BIOLOGY,0046,42,第五章 细胞的能量供应和利用 / 微专题 光系统、光合电子传递与光抑制、光呼吸 / 二 光抑制和光呼吸,非光化学耗散
BIOLOGY,0046,42,第五章 细胞的能量供应和利用 / 微专题 光系统、光合电子传递与光抑制、光呼吸 / 二 光抑制和光呼吸,PSⅡ光失活
BIOLOGY,0046,42,第五章 细胞的能量供应和利用 / 微专题 光系统、光合电子传递与光抑制、光呼吸 / 二 光抑制和光呼吸,D1蛋白周转
BIOLOGY,0046,42,第五章 细胞的能量供应和利用 / 微专题 光系统、光合电子传递与光抑制、光呼吸 / 二 光抑制和光呼吸,高光胁迫
BIOLOGY,0046,42,第五章 细胞的能量供应和利用 / 微专题 光系统、光合电子传递与光抑制、光呼吸 / 二 光抑制和光呼吸,避光机制
BIOLOGY,0046,42,第五章 细胞的能量供应和利用 / 微专题 光系统、光合电子传递与光抑制、光呼吸 / 二 光抑制和光呼吸,光质筛选
BIOLOGY,0046,42,第五章 细胞的能量供应和利用 / 微专题 光系统、光合电子传递与光抑制、光呼吸 / 二 光抑制和光呼吸,光呼吸碳氧化循环
BIOLOGY,0046,42,第五章 细胞的能量供应和利用 / 微专题 光系统、光合电子传递与光抑制、光呼吸 / 二 光抑制和光呼吸,Rubisco
BIOLOGY,0046,42,第五章 细胞的能量供应和利用 / 微专题 光系统、光合电子传递与光抑制、光呼吸 / 二 光抑制和光呼吸,C5的羧化与氧化
BIOLOGY,0046,42,第五章 细胞的能量供应和利用 / 微专题 光系统、光合电子传递与光抑制、光呼吸 / 二 光抑制和光呼吸,过氧化物酶体
BIOLOGY,0047,43,第五章 细胞的能量供应和利用 / 微专题 光系统、光合电子传递与光抑制、光呼吸 / 二 光抑制和光呼吸（续）,光呼吸
BIOLOGY,0047,43,第五章 细胞的能量供应和利用 / 微专题 光系统、光合电子传递与光抑制、光呼吸 / 二 光抑制和光呼吸（续）,Rubisco的双重催化
BIOLOGY,0047,43,第五章 细胞的能量供应和利用 / 微专题 光系统、光合电子传递与光抑制、光呼吸 / 二 光抑制和光呼吸（续）,加氧反应
BIOLOGY,0047,43,第五章 细胞的能量供应和利用 / 微专题 光系统、光合电子传递与光抑制、光呼吸 / 二 光抑制和光呼吸（续）,羧化反应
BIOLOGY,0047,43,第五章 细胞的能量供应和利用 / 微专题 光系统、光合电子传递与光抑制、光呼吸 / 二 光抑制和光呼吸（续）,磷酸乙醇酸
BIOLOGY,0047,43,第五章 细胞的能量供应和利用 / 微专题 光系统、光合电子传递与光抑制、光呼吸 / 二 光抑制和光呼吸（续）,乙醇酸
BIOLOGY,0047,43,第五章 细胞的能量供应和利用 / 微专题 光系统、光合电子传递与光抑制、光呼吸 / 二 光抑制和光呼吸（续）,光呼吸与暗反应的关系
BIOLOGY,0047,43,第五章 细胞的能量供应和利用 / 微专题 光系统、光合电子传递与光抑制、光呼吸 / 二 光抑制和光呼吸（续）,光呼吸的生理意义
BIOLOGY,0047,43,第五章 细胞的能量供应和利用 / 微专题 光系统、光合电子传递与光抑制、光呼吸 / 二 光抑制和光呼吸（续）,光呼吸保护光合器官
BIOLOGY,0047,43,第五章 细胞的能量供应和利用 / 微专题 光系统、光合电子传递与光抑制、光呼吸 / 二 光抑制和光呼吸（续）,高光照适应
BIOLOGY,0047,43,第五章 细胞的能量供应和利用 / 微专题 光系统、光合电子传递与光抑制、光呼吸 / 二 光抑制和光呼吸（续）,气孔关闭与光抑制
BIOLOGY,0048,44,第五章 细胞的能量供应和利用 / 微专题 $\mathrm{CO_2}$ 浓缩机制,CAM途径
BIOLOGY,0048,44,第五章 细胞的能量供应和利用 / 微专题 $\mathrm{CO_2}$ 浓缩机制,景天科植物
BIOLOGY,0048,44,第五章 细胞的能量供应和利用 / 微专题 $\mathrm{CO_2}$ 浓缩机制,气孔昼闭夜开
BIOLOGY,0048,44,第五章 细胞的能量供应和利用 / 微专题 $\mathrm{CO_2}$ 浓缩机制,PEP羧化酶
BIOLOGY,0048,44,第五章 细胞的能量供应和利用 / 微专题 $\mathrm{CO_2}$ 浓缩机制,草酰乙酸
BIOLOGY,0048,44,第五章 细胞的能量供应和利用 / 微专题 $\mathrm{CO_2}$ 浓缩机制,苹果酸储存在液泡
BIOLOGY,0048,44,第五章 细胞的能量供应和利用 / 微专题 $\mathrm{CO_2}$ 浓缩机制,苹果酸脱羧
BIOLOGY,0048,44,第五章 细胞的能量供应和利用 / 微专题 $\mathrm{CO_2}$ 浓缩机制,卡尔文循环
BIOLOGY,0048,44,第五章 细胞的能量供应和利用 / 微专题 $\mathrm{CO_2}$ 浓缩机制,干旱环境适应
BIOLOGY,0048,44,第五章 细胞的能量供应和利用 / 微专题 $\mathrm{CO_2}$ 浓缩机制,磷酸丙糖
BIOLOGY,0048,44,第五章 细胞的能量供应和利用 / 微专题 $\mathrm{CO_2}$ 浓缩机制,C4途径
BIOLOGY,0048,44,第五章 细胞的能量供应和利用 / 微专题 $\mathrm{CO_2}$ 浓缩机制,蓝细菌HCO3-泵途径
BIOLOGY,0048,44,第五章 细胞的能量供应和利用 / 微专题 $\mathrm{CO_2}$ 浓缩机制,CO2浓缩机制
BIOLOGY,0049,45,第五章 细胞的能量供应和利用 / 微专题 $\mathrm{CO_2}$ 浓缩机制 / 二 $\mathrm{C_4}$ 途径和蓝细菌或藻类的 $\mathrm{HCO_3^-}$ 泵途径,HCO3-泵途径
BIOLOGY,0049,45,第五章 细胞的能量供应和利用 / 微专题 $\mathrm{CO_2}$ 浓缩机制 / 二 $\mathrm{C_4}$ 途径和蓝细菌或藻类的 $\mathrm{HCO_3^-}$ 泵途径,羧化体
BIOLOGY,0049,45,第五章 细胞的能量供应和利用 / 微专题 $\mathrm{CO_2}$ 浓缩机制 / 二 $\mathrm{C_4}$ 途径和蓝细菌或藻类的 $\mathrm{HCO_3^-}$ 泵途径,羧化体蛋白质外壳
BIOLOGY,0049,45,第五章 细胞的能量供应和利用 / 微专题 $\mathrm{CO_2}$ 浓缩机制 / 二 $\mathrm{C_4}$ 途径和蓝细菌或藻类的 $\mathrm{HCO_3^-}$ 泵途径,蓝细菌主动运输HCO3-
BIOLOGY,0049,45,第五章 细胞的能量供应和利用 / 微专题 $\mathrm{CO_2}$ 浓缩机制 / 二 $\mathrm{C_4}$ 途径和蓝细菌或藻类的 $\mathrm{HCO_3^-}$ 泵途径,C4途径
BIOLOGY,0049,45,第五章 细胞的能量供应和利用 / 微专题 $\mathrm{CO_2}$ 浓缩机制 / 二 $\mathrm{C_4}$ 途径和蓝细菌或藻类的 $\mathrm{HCO_3^-}$ 泵途径,PEP羧化酶
BIOLOGY,0049,45,第五章 细胞的能量供应和利用 / 微专题 $\mathrm{CO_2}$ 浓缩机制 / 二 $\mathrm{C_4}$ 途径和蓝细菌或藻类的 $\mathrm{HCO_3^-}$ 泵途径,草酰乙酸
BIOLOGY,0049,45,第五章 细胞的能量供应和利用 / 微专题 $\mathrm{CO_2}$ 浓缩机制 / 二 $\mathrm{C_4}$ 途径和蓝细菌或藻类的 $\mathrm{HCO_3^-}$ 泵途径,维管束鞘细胞
BIOLOGY,0049,45,第五章 细胞的能量供应和利用 / 微专题 $\mathrm{CO_2}$ 浓缩机制 / 二 $\mathrm{C_4}$ 途径和蓝细菌或藻类的 $\mathrm{HCO_3^-}$ 泵途径,苹果酸脱羧
BIOLOGY,0049,45,第五章 细胞的能量供应和利用 / 微专题 $\mathrm{CO_2}$ 浓缩机制 / 二 $\mathrm{C_4}$ 途径和蓝细菌或藻类的 $\mathrm{HCO_3^-}$ 泵途径,质膜扩散屏障
BIOLOGY,0049,45,第五章 细胞的能量供应和利用 / 微专题 $\mathrm{CO_2}$ 浓缩机制 / 二 $\mathrm{C_4}$ 途径和蓝细菌或藻类的 $\mathrm{HCO_3^-}$ 泵途径,CO2泵
BIOLOGY,0049,45,第五章 细胞的能量供应和利用 / 微专题 $\mathrm{CO_2}$ 浓缩机制 / 二 $\mathrm{C_4}$ 途径和蓝细菌或藻类的 $\mathrm{HCO_3^-}$ 泵途径,C4植物减少光呼吸
BIOLOGY,0049,45,第五章 细胞的能量供应和利用 / 微专题 $\mathrm{CO_2}$ 浓缩机制 / 二 $\mathrm{C_4}$ 途径和蓝细菌或藻类的 $\mathrm{HCO_3^-}$ 泵途径,光合产物就近运输
BIOLOGY,0050,46,第五章 细胞的能量供应和利用 / 微专题 影响气孔开闭的多种因素,气孔开闭的影响因素
BIOLOGY,0050,46,第五章 细胞的能量供应和利用 / 微专题 影响气孔开闭的多种因素,气孔是气体交换的门户
BIOLOGY,0050,46,第五章 细胞的能量供应和利用 / 微专题 影响气孔开闭的多种因素,脱落酸调节气孔关闭
BIOLOGY,0050,46,第五章 细胞的能量供应和利用 / 微专题 影响气孔开闭的多种因素,植物应对干旱逆境
BIOLOGY,0050,46,第五章 细胞的能量供应和利用 / 微专题 影响气孔开闭的多种因素,保卫细胞液泡溶质转运
BIOLOGY,0050,46,第五章 细胞的能量供应和利用 / 微专题 影响气孔开闭的多种因素,气孔导度
BIOLOGY,0050,46,第五章 细胞的能量供应和利用 / 微专题 影响气孔开闭的多种因素,光合午休
BIOLOGY,0050,46,第五章 细胞的能量供应和利用 / 微专题 影响气孔开闭的多种因素,光质对气孔导度的影响
BIOLOGY,0050,46,第五章 细胞的能量供应和利用 / 微专题 影响气孔开闭的多种因素,高浓度二氧化碳与气孔关闭
BIOLOGY,0051,47,第五章 细胞的能量供应和利用 / 微专题 影响气孔开闭的多种因素 / 二 内部因素,相关系数
BIOLOGY,0051,47,第五章 细胞的能量供应和利用 / 微专题 影响气孔开闭的多种因素 / 二 内部因素,叶绿素含量与光合速率的相关性
BIOLOGY,0052,48,第五章 细胞的能量供应和利用 / 微专题 影响气孔开闭的多种因素,气孔开闭的调控因素
BIOLOGY,0052,48,第五章 细胞的能量供应和利用 / 微专题 影响气孔开闭的多种因素,光照促进气孔张开
BIOLOGY,0052,48,第五章 细胞的能量供应和利用 / 微专题 影响气孔开闭的多种因素,蔗糖积累与渗透压
BIOLOGY,0052,48,第五章 细胞的能量供应和利用 / 微专题 影响气孔开闭的多种因素,蓝光受体
BIOLOGY,0052,48,第五章 细胞的能量供应和利用 / 微专题 影响气孔开闭的多种因素,质子泵驱动离子吸收
BIOLOGY,0052,48,第五章 细胞的能量供应和利用 / 微专题 影响气孔开闭的多种因素,二氧化碳浓度与气孔开闭
BIOLOGY,0052,48,第五章 细胞的能量供应和利用 / 微专题 影响气孔开闭的多种因素,干旱诱导脱落酸合成
BIOLOGY,0052,48,第五章 细胞的能量供应和利用 / 微专题 影响气孔开闭的多种因素,保卫细胞离子外流
BIOLOGY,0052,48,第五章 细胞的能量供应和利用 / 微专题 影响气孔开闭的多种因素,温度与气孔开度
BIOLOGY,0052,48,第五章 细胞的能量供应和利用 / 微专题 影响气孔开闭的多种因素,脱落酸信号与钙离子
BIOLOGY,0052,48,第五章 细胞的能量供应和利用 / 微专题 影响气孔开闭的多种因素,茉莉酸防御机制
BIOLOGY,0052,48,第五章 细胞的能量供应和利用 / 微专题 影响气孔开闭的多种因素,细胞分裂素
BIOLOGY,0052,48,第五章 细胞的能量供应和利用 / 微专题 影响气孔开闭的多种因素,钾离子与气孔开度
BIOLOGY,0052,48,第五章 细胞的能量供应和利用 / 微专题 影响气孔开闭的多种因素,CAM途径
BIOLOGY,0053,49,第六章 细胞的生命历程 / 第1节 细胞的增殖 / 知识清单 · 一 细胞增殖和细胞周期,细胞增殖
BIOLOGY,0053,49,第六章 细胞的生命历程 / 第1节 细胞的增殖 / 知识清单 · 一 细胞增殖和细胞周期,细胞周期
BIOLOGY,0053,49,第六章 细胞的生命历程 / 第1节 细胞的增殖 / 知识清单 · 一 细胞增殖和细胞周期,分裂间期
BIOLOGY,0053,49,第六章 细胞的生命历程 / 第1节 细胞的增殖 / 知识清单 · 一 细胞增殖和细胞周期,分裂期
BIOLOGY,0053,49,第六章 细胞的生命历程 / 第1节 细胞的增殖 / 知识清单 · 一 细胞增殖和细胞周期,G1期
BIOLOGY,0053,49,第六章 细胞的生命历程 / 第1节 细胞的增殖 / 知识清单 · 一 细胞增殖和细胞周期,S期
BIOLOGY,0053,49,第六章 细胞的生命历程 / 第1节 细胞的增殖 / 知识清单 · 一 细胞增殖和细胞周期,G2期
BIOLOGY,0053,49,第六章 细胞的生命历程 / 第1节 细胞的增殖 / 知识清单 · 一 细胞增殖和细胞周期,无丝分裂
BIOLOGY,0053,49,第六章 细胞的生命历程 / 第1节 细胞的增殖 / 知识清单 · 一 细胞增殖和细胞周期,有丝分裂
BIOLOGY,0053,49,第六章 细胞的生命历程 / 第1节 细胞的增殖 / 知识清单 · 一 细胞增殖和细胞周期,减数分裂
BIOLOGY,0053,49,第六章 细胞的生命历程 / 第1节 细胞的增殖 / 知识清单 · 一 细胞增殖和细胞周期,二分裂
BIOLOGY,0053,49,第六章 细胞的生命历程 / 第1节 细胞的增殖 / 知识清单 · 一 细胞增殖和细胞周期,细胞周期检验点
BIOLOGY,0053,49,第六章 细胞的生命历程 / 第1节 细胞的增殖 / 知识清单 · 一 细胞增殖和细胞周期,细胞周期同步化
BIOLOGY,0053,49,第六章 细胞的生命历程 / 第1节 细胞的增殖 / 知识清单 · 一 细胞增殖和细胞周期,TdR阻断法
BIOLOGY,0053,49,第六章 细胞的生命历程 / 第1节 细胞的增殖 / 知识清单 · 一 细胞增殖和细胞周期,秋水仙素阻断分裂中期
BIOLOGY,0054,50,第六章 细胞的生命历程 / 第1节 细胞的增殖 / 知识清单 · 二 有丝分裂与无丝分裂、三 观察根尖分生区组织细胞的有丝分裂,有丝分裂
BIOLOGY,0054,50,第六章 细胞的生命历程 / 第1节 细胞的增殖 / 知识清单 · 二 有丝分裂与无丝分裂、三 观察根尖分生区组织细胞的有丝分裂,分裂间期
BIOLOGY,0054,50,第六章 细胞的生命历程 / 第1节 细胞的增殖 / 知识清单 · 二 有丝分裂与无丝分裂、三 观察根尖分生区组织细胞的有丝分裂,有丝分裂前期
BIOLOGY,0054,50,第六章 细胞的生命历程 / 第1节 细胞的增殖 / 知识清单 · 二 有丝分裂与无丝分裂、三 观察根尖分生区组织细胞的有丝分裂,有丝分裂中期
BIOLOGY,0054,50,第六章 细胞的生命历程 / 第1节 细胞的增殖 / 知识清单 · 二 有丝分裂与无丝分裂、三 观察根尖分生区组织细胞的有丝分裂,有丝分裂后期
BIOLOGY,0054,50,第六章 细胞的生命历程 / 第1节 细胞的增殖 / 知识清单 · 二 有丝分裂与无丝分裂、三 观察根尖分生区组织细胞的有丝分裂,有丝分裂末期
BIOLOGY,0054,50,第六章 细胞的生命历程 / 第1节 细胞的增殖 / 知识清单 · 二 有丝分裂与无丝分裂、三 观察根尖分生区组织细胞的有丝分裂,纺锤体
BIOLOGY,0054,50,第六章 细胞的生命历程 / 第1节 细胞的增殖 / 知识清单 · 二 有丝分裂与无丝分裂、三 观察根尖分生区组织细胞的有丝分裂,着丝粒分裂
BIOLOGY,0054,50,第六章 细胞的生命历程 / 第1节 细胞的增殖 / 知识清单 · 二 有丝分裂与无丝分裂、三 观察根尖分生区组织细胞的有丝分裂,赤道板
BIOLOGY,0054,50,第六章 细胞的生命历程 / 第1节 细胞的增殖 / 知识清单 · 二 有丝分裂与无丝分裂、三 观察根尖分生区组织细胞的有丝分裂,细胞板
BIOLOGY,0054,50,第六章 细胞的生命历程 / 第1节 细胞的增殖 / 知识清单 · 二 有丝分裂与无丝分裂、三 观察根尖分生区组织细胞的有丝分裂,中心体
BIOLOGY,0054,50,第六章 细胞的生命历程 / 第1节 细胞的增殖 / 知识清单 · 二 有丝分裂与无丝分裂、三 观察根尖分生区组织细胞的有丝分裂,无丝分裂
BIOLOGY,0054,50,第六章 细胞的生命历程 / 第1节 细胞的增殖 / 知识清单 · 二 有丝分裂与无丝分裂、三 观察根尖分生区组织细胞的有丝分裂,有丝分裂的意义
BIOLOGY,0054,50,第六章 细胞的生命历程 / 第1节 细胞的增殖 / 知识清单 · 二 有丝分裂与无丝分裂、三 观察根尖分生区组织细胞的有丝分裂,观察根尖有丝分裂实验
BIOLOGY,0054,50,第六章 细胞的生命历程 / 第1节 细胞的增殖 / 知识清单 · 二 有丝分裂与无丝分裂、三 观察根尖分生区组织细胞的有丝分裂,染色体数目变化规律
BIOLOGY,0055,51,第六章 细胞的生命历程 / 第1节 细胞的增殖 / 三 观察根尖分生区组织细胞的有丝分裂（续表）· 即练即清,解离
BIOLOGY,0055,51,第六章 细胞的生命历程 / 第1节 细胞的增殖 / 三 观察根尖分生区组织细胞的有丝分裂（续表）· 即练即清,漂洗
BIOLOGY,0055,51,第六章 细胞的生命历程 / 第1节 细胞的增殖 / 三 观察根尖分生区组织细胞的有丝分裂（续表）· 即练即清,染色
BIOLOGY,0055,51,第六章 细胞的生命历程 / 第1节 细胞的增殖 / 三 观察根尖分生区组织细胞的有丝分裂（续表）· 即练即清,制片
BIOLOGY,0055,51,第六章 细胞的生命历程 / 第1节 细胞的增殖 / 三 观察根尖分生区组织细胞的有丝分裂（续表）· 即练即清,甲紫溶液染色
BIOLOGY,0055,51,第六章 细胞的生命历程 / 第1节 细胞的增殖 / 三 观察根尖分生区组织细胞的有丝分裂（续表）· 即练即清,解离后细胞死亡
BIOLOGY,0055,51,第六章 细胞的生命历程 / 第1节 细胞的增殖 / 三 观察根尖分生区组织细胞的有丝分裂（续表）· 即练即清,视野中多数细胞处于分裂间期
BIOLOGY,0055,51,第六章 细胞的生命历程 / 第1节 细胞的增殖 / 三 观察根尖分生区组织细胞的有丝分裂（续表）· 即练即清,细胞不能无限长大
BIOLOGY,0055,51,第六章 细胞的生命历程 / 第1节 细胞的增殖 / 三 观察根尖分生区组织细胞的有丝分裂（续表）· 即练即清,表面积与体积比
BIOLOGY,0055,51,第六章 细胞的生命历程 / 第1节 细胞的增殖 / 三 观察根尖分生区组织细胞的有丝分裂（续表）· 即练即清,物质运输效率
BIOLOGY,0056,52,第六章 细胞的生命历程 / 第2节 减数分裂和受精作用 / 知识清单 · 一 减数分裂,减数分裂
BIOLOGY,0056,52,第六章 细胞的生命历程 / 第2节 减数分裂和受精作用 / 知识清单 · 一 减数分裂,同源染色体
BIOLOGY,0056,52,第六章 细胞的生命历程 / 第2节 减数分裂和受精作用 / 知识清单 · 一 减数分裂,姐妹染色单体
BIOLOGY,0056,52,第六章 细胞的生命历程 / 第2节 减数分裂和受精作用 / 知识清单 · 一 减数分裂,非姐妹染色单体
BIOLOGY,0056,52,第六章 细胞的生命历程 / 第2节 减数分裂和受精作用 / 知识清单 · 一 减数分裂,四分体
BIOLOGY,0056,52,第六章 细胞的生命历程 / 第2节 减数分裂和受精作用 / 知识清单 · 一 减数分裂,联会
BIOLOGY,0056,52,第六章 细胞的生命历程 / 第2节 减数分裂和受精作用 / 知识清单 · 一 减数分裂,互换
BIOLOGY,0056,52,第六章 细胞的生命历程 / 第2节 减数分裂和受精作用 / 知识清单 · 一 减数分裂,非同源染色体
BIOLOGY,0056,52,第六章 细胞的生命历程 / 第2节 减数分裂和受精作用 / 知识清单 · 一 减数分裂,减数分裂前的间期
BIOLOGY,0056,52,第六章 细胞的生命历程 / 第2节 减数分裂和受精作用 / 知识清单 · 一 减数分裂,减数分裂Ⅰ前期
BIOLOGY,0056,52,第六章 细胞的生命历程 / 第2节 减数分裂和受精作用 / 知识清单 · 一 减数分裂,同源染色体排列在赤道板两侧
BIOLOGY,0056,52,第六章 细胞的生命历程 / 第2节 减数分裂和受精作用 / 知识清单 · 一 减数分裂,同源染色体分离
BIOLOGY,0056,52,第六章 细胞的生命历程 / 第2节 减数分裂和受精作用 / 知识清单 · 一 减数分裂,非同源染色体自由组合
BIOLOGY,0056,52,第六章 细胞的生命历程 / 第2节 减数分裂和受精作用 / 知识清单 · 一 减数分裂,精原细胞与卵原细胞
BIOLOGY,0057,53,第六章 细胞的生命历程 / 第2节 减数分裂和受精作用 / 知识清单 · 一 减数分裂（续表）、二 受精作用、三 有丝分裂与减数分裂综合,减数分裂Ⅱ
BIOLOGY,0057,53,第六章 细胞的生命历程 / 第2节 减数分裂和受精作用 / 知识清单 · 一 减数分裂（续表）、二 受精作用、三 有丝分裂与减数分裂综合,次级精母细胞
BIOLOGY,0057,53,第六章 细胞的生命历程 / 第2节 减数分裂和受精作用 / 知识清单 · 一 减数分裂（续表）、二 受精作用、三 有丝分裂与减数分裂综合,次级卵母细胞
BIOLOGY,0057,53,第六章 细胞的生命历程 / 第2节 减数分裂和受精作用 / 知识清单 · 一 减数分裂（续表）、二 受精作用、三 有丝分裂与减数分裂综合,第一极体
BIOLOGY,0057,53,第六章 细胞的生命历程 / 第2节 减数分裂和受精作用 / 知识清单 · 一 减数分裂（续表）、二 受精作用、三 有丝分裂与减数分裂综合,配子种类
BIOLOGY,0057,53,第六章 细胞的生命历程 / 第2节 减数分裂和受精作用 / 知识清单 · 一 减数分裂（续表）、二 受精作用、三 有丝分裂与减数分裂综合,受精作用
BIOLOGY,0057,53,第六章 细胞的生命历程 / 第2节 减数分裂和受精作用 / 知识清单 · 一 减数分裂（续表）、二 受精作用、三 有丝分裂与减数分裂综合,受精卵
BIOLOGY,0057,53,第六章 细胞的生命历程 / 第2节 减数分裂和受精作用 / 知识清单 · 一 减数分裂（续表）、二 受精作用、三 有丝分裂与减数分裂综合,减数分裂和受精作用的意义
BIOLOGY,0057,53,第六章 细胞的生命历程 / 第2节 减数分裂和受精作用 / 知识清单 · 一 减数分裂（续表）、二 受精作用、三 有丝分裂与减数分裂综合,有丝分裂与减数分裂的比较
BIOLOGY,0057,53,第六章 细胞的生命历程 / 第2节 减数分裂和受精作用 / 知识清单 · 一 减数分裂（续表）、二 受精作用、三 有丝分裂与减数分裂综合,可遗传变异类型
BIOLOGY,0057,53,第六章 细胞的生命历程 / 第2节 减数分裂和受精作用 / 知识清单 · 一 减数分裂（续表）、二 受精作用、三 有丝分裂与减数分裂综合,染色体组数变化
BIOLOGY,0057,53,第六章 细胞的生命历程 / 第2节 减数分裂和受精作用 / 知识清单 · 一 减数分裂（续表）、二 受精作用、三 有丝分裂与减数分裂综合,基因重组
BIOLOGY,0058,54,第六章 细胞的生命历程 / 微专题（续）/ 有丝分裂与减数分裂的辨析,有丝分裂与减数分裂过程的辨析方法
BIOLOGY,0058,54,第六章 细胞的生命历程 / 微专题（续）/ 有丝分裂与减数分裂的辨析,依据有无同源染色体判断分裂方式
BIOLOGY,0058,54,第六章 细胞的生命历程 / 微专题（续）/ 有丝分裂与减数分裂的辨析,依据同源染色体有无特殊行为判断分裂时期
BIOLOGY,0058,54,第六章 细胞的生命历程 / 微专题（续）/ 有丝分裂与减数分裂的辨析,减数分裂Ⅰ各时期的染色体行为特征
BIOLOGY,0058,54,第六章 细胞的生命历程 / 微专题（续）/ 有丝分裂与减数分裂的辨析,减数分裂Ⅱ各时期的染色体行为特征
BIOLOGY,0058,54,第六章 细胞的生命历程 / 微专题（续）/ 有丝分裂与减数分裂的辨析,有丝分裂各时期的染色体行为特征
BIOLOGY,0058,54,第六章 细胞的生命历程 / 微专题（续）/ 有丝分裂与减数分裂的辨析,有丝分裂与减数分裂的染色体峰值差异
BIOLOGY,0058,54,第六章 细胞的生命历程 / 微专题（续）/ 有丝分裂与减数分裂的辨析,有丝分裂与减数分裂的核 DNA 减半次数差异
BIOLOGY,0058,54,第六章 细胞的生命历程 / 微专题（续）/ 有丝分裂与减数分裂的辨析,有丝分裂与减数分裂的终点染色体数目差异
BIOLOGY,0058,54,第六章 细胞的生命历程 / 微专题（续）/ 有丝分裂与减数分裂的辨析,细胞分裂相关曲线的辨析
BIOLOGY,0059,55,第六章 细胞的生命历程 / 考法清单 · 考法「DNA 复制中的染色体标记问题」,DNA 半保留复制
BIOLOGY,0059,55,第六章 细胞的生命历程 / 考法清单 · 考法「DNA 复制中的染色体标记问题」,染色体标记问题
BIOLOGY,0059,55,第六章 细胞的生命历程 / 考法清单 · 考法「DNA 复制中的染色体标记问题」,姐妹染色单体
BIOLOGY,0059,55,第六章 细胞的生命历程 / 考法清单 · 考法「DNA 复制中的染色体标记问题」,着丝粒分裂
BIOLOGY,0059,55,第六章 细胞的生命历程 / 考法清单 · 考法「DNA 复制中的染色体标记问题」,有丝分裂中标记 DNA 的分配
BIOLOGY,0059,55,第六章 细胞的生命历程 / 考法清单 · 考法「DNA 复制中的染色体标记问题」,减数分裂中标记 DNA 的分配
BIOLOGY,0059,55,第六章 细胞的生命历程 / 考法清单 · 考法「DNA 复制中的染色体标记问题」,同源染色体
BIOLOGY,0059,55,第六章 细胞的生命历程 / 考法清单 · 考法「DNA 复制中的染色体标记问题」,放射性同位素标记法
BIOLOGY,0059,55,第六章 细胞的生命历程 / 考法清单 · 考法「DNA 复制中的染色体标记问题」,精原细胞
BIOLOGY,0059,55,第六章 细胞的生命历程 / 考法清单 · 考法「DNA 复制中的染色体标记问题」,DNA 复制一次分裂两次
BIOLOGY,0060,56,第六章 细胞的生命历程 / 微专题「减数分裂形成配子的过程及变异分析」,减数分裂形成配子的过程
BIOLOGY,0060,56,第六章 细胞的生命历程 / 微专题「减数分裂形成配子的过程及变异分析」,非同源染色体自由组合
BIOLOGY,0060,56,第六章 细胞的生命历程 / 微专题「减数分裂形成配子的过程及变异分析」,交叉互换
BIOLOGY,0060,56,第六章 细胞的生命历程 / 微专题「减数分裂形成配子的过程及变异分析」,非姐妹染色单体
BIOLOGY,0060,56,第六章 细胞的生命历程 / 微专题「减数分裂形成配子的过程及变异分析」,四分体
BIOLOGY,0060,56,第六章 细胞的生命历程 / 微专题「减数分裂形成配子的过程及变异分析」,基因重组
BIOLOGY,0060,56,第六章 细胞的生命历程 / 微专题「减数分裂形成配子的过程及变异分析」,基因突变
BIOLOGY,0060,56,第六章 细胞的生命历程 / 微专题「减数分裂形成配子的过程及变异分析」,亲本型配子与重组型配子
BIOLOGY,0060,56,第六章 细胞的生命历程 / 微专题「减数分裂形成配子的过程及变异分析」,一个精原细胞产生配子种类
BIOLOGY,0060,56,第六章 细胞的生命历程 / 微专题「减数分裂形成配子的过程及变异分析」,染色体数目变异
BIOLOGY,0060,56,第六章 细胞的生命历程 / 微专题「减数分裂形成配子的过程及变异分析」,减数分裂中染色体分配异常
BIOLOGY,0060,56,第六章 细胞的生命历程 / 微专题「减数分裂形成配子的过程及变异分析」,克氏综合征
BIOLOGY,0060,56,第六章 细胞的生命历程 / 微专题「减数分裂形成配子的过程及变异分析」,等位基因
BIOLOGY,0061,57,第六章 细胞的生命历程 / 微专题「减数分裂形成配子的过程及变异分析」/ 二 减数分裂过程中的染色体分配异常——染色体变异,配子异常与减数分裂异常判断
BIOLOGY,0061,57,第六章 细胞的生命历程 / 微专题「减数分裂形成配子的过程及变异分析」/ 二 减数分裂过程中的染色体分配异常——染色体变异,减数分裂Ⅰ同源染色体未分离
BIOLOGY,0061,57,第六章 细胞的生命历程 / 微专题「减数分裂形成配子的过程及变异分析」/ 二 减数分裂过程中的染色体分配异常——染色体变异,减数分裂Ⅱ姐妹染色单体未分离
BIOLOGY,0061,57,第六章 细胞的生命历程 / 微专题「减数分裂形成配子的过程及变异分析」/ 二 减数分裂过程中的染色体分配异常——染色体变异,等位基因与相同基因的配子判定
BIOLOGY,0061,57,第六章 细胞的生命历程 / 微专题「减数分裂形成配子的过程及变异分析」/ 二 减数分裂过程中的染色体分配异常——染色体变异,XXY 异常个体成因
BIOLOGY,0061,57,第六章 细胞的生命历程 / 微专题「减数分裂形成配子的过程及变异分析」/ 二 减数分裂过程中的染色体分配异常——染色体变异,XYY 异常个体成因
BIOLOGY,0061,57,第六章 细胞的生命历程 / 微专题「减数分裂形成配子的过程及变异分析」/ 二 减数分裂过程中的染色体分配异常——染色体变异,异常配子的推断方法
BIOLOGY,0061,57,第六章 细胞的生命历程 / 微专题「减数分裂形成配子的过程及变异分析」/ 二 减数分裂过程中的染色体分配异常——染色体变异,性染色体数目异常
BIOLOGY,0062,58,第六章 细胞的生命历程 / 第 3 节 细胞的分化、衰老和死亡 / 知识清单,细胞分化
BIOLOGY,0062,58,第六章 细胞的生命历程 / 第 3 节 细胞的分化、衰老和死亡 / 知识清单,细胞分化的实质
BIOLOGY,0062,58,第六章 细胞的生命历程 / 第 3 节 细胞的分化、衰老和死亡 / 知识清单,基因的选择性表达
BIOLOGY,0062,58,第六章 细胞的生命历程 / 第 3 节 细胞的分化、衰老和死亡 / 知识清单,细胞的全能性
BIOLOGY,0062,58,第六章 细胞的生命历程 / 第 3 节 细胞的分化、衰老和死亡 / 知识清单,植物组织培养
BIOLOGY,0062,58,第六章 细胞的生命历程 / 第 3 节 细胞的分化、衰老和死亡 / 知识清单,动物克隆
BIOLOGY,0062,58,第六章 细胞的生命历程 / 第 3 节 细胞的分化、衰老和死亡 / 知识清单,干细胞
BIOLOGY,0062,58,第六章 细胞的生命历程 / 第 3 节 细胞的分化、衰老和死亡 / 知识清单,全能干细胞与多能干细胞
BIOLOGY,0062,58,第六章 细胞的生命历程 / 第 3 节 细胞的分化、衰老和死亡 / 知识清单,管家基因
BIOLOGY,0062,58,第六章 细胞的生命历程 / 第 3 节 细胞的分化、衰老和死亡 / 知识清单,奢侈基因
BIOLOGY,0062,58,第六章 细胞的生命历程 / 第 3 节 细胞的分化、衰老和死亡 / 知识清单,细胞衰老
BIOLOGY,0062,58,第六章 细胞的生命历程 / 第 3 节 细胞的分化、衰老和死亡 / 知识清单,自由基学说
BIOLOGY,0062,58,第六章 细胞的生命历程 / 第 3 节 细胞的分化、衰老和死亡 / 知识清单,端粒学说
BIOLOGY,0062,58,第六章 细胞的生命历程 / 第 3 节 细胞的分化、衰老和死亡 / 知识清单,端粒与端粒酶
BIOLOGY,0062,58,第六章 细胞的生命历程 / 第 3 节 细胞的分化、衰老和死亡 / 知识清单,细胞衰老与个体衰老的关系
BIOLOGY,0063,59,第六章 细胞的生命历程 / 第 3 节 细胞的分化、衰老和死亡 / 知识清单（续）· 考教衔接 · 即练即清,细胞凋亡
BIOLOGY,0063,59,第六章 细胞的生命历程 / 第 3 节 细胞的分化、衰老和死亡 / 知识清单（续）· 考教衔接 · 即练即清,细胞坏死
BIOLOGY,0063,59,第六章 细胞的生命历程 / 第 3 节 细胞的分化、衰老和死亡 / 知识清单（续）· 考教衔接 · 即练即清,细胞凋亡与细胞坏死的区别
BIOLOGY,0063,59,第六章 细胞的生命历程 / 第 3 节 细胞的分化、衰老和死亡 / 知识清单（续）· 考教衔接 · 即练即清,细胞程序性死亡
BIOLOGY,0063,59,第六章 细胞的生命历程 / 第 3 节 细胞的分化、衰老和死亡 / 知识清单（续）· 考教衔接 · 即练即清,细胞凋亡的意义
BIOLOGY,0063,59,第六章 细胞的生命历程 / 第 3 节 细胞的分化、衰老和死亡 / 知识清单（续）· 考教衔接 · 即练即清,细胞自噬
BIOLOGY,0064,60,第二部分 遗传与进化 / 第七章 遗传因子的发现 / 第 1 节 基因的分离定律 / 知识清单,孟德尔一对相对性状的杂交实验
BIOLOGY,0064,60,第二部分 遗传与进化 / 第七章 遗传因子的发现 / 第 1 节 基因的分离定律 / 知识清单,假说—演绎法
BIOLOGY,0064,60,第二部分 遗传与进化 / 第七章 遗传因子的发现 / 第 1 节 基因的分离定律 / 知识清单,豌豆作为实验材料的优点
BIOLOGY,0064,60,第二部分 遗传与进化 / 第七章 遗传因子的发现 / 第 1 节 基因的分离定律 / 知识清单,自花传粉与闭花受粉
BIOLOGY,0064,60,第二部分 遗传与进化 / 第七章 遗传因子的发现 / 第 1 节 基因的分离定律 / 知识清单,人工去雄
BIOLOGY,0064,60,第二部分 遗传与进化 / 第七章 遗传因子的发现 / 第 1 节 基因的分离定律 / 知识清单,相对性状
BIOLOGY,0064,60,第二部分 遗传与进化 / 第七章 遗传因子的发现 / 第 1 节 基因的分离定律 / 知识清单,性状分离
BIOLOGY,0064,60,第二部分 遗传与进化 / 第七章 遗传因子的发现 / 第 1 节 基因的分离定律 / 知识清单,显性性状与隐性性状
BIOLOGY,0064,60,第二部分 遗传与进化 / 第七章 遗传因子的发现 / 第 1 节 基因的分离定律 / 知识清单,遗传因子成对存在
BIOLOGY,0064,60,第二部分 遗传与进化 / 第七章 遗传因子的发现 / 第 1 节 基因的分离定律 / 知识清单,配子形成时遗传因子的分离
BIOLOGY,0064,60,第二部分 遗传与进化 / 第七章 遗传因子的发现 / 第 1 节 基因的分离定律 / 知识清单,雌雄配子随机结合
BIOLOGY,0064,60,第二部分 遗传与进化 / 第七章 遗传因子的发现 / 第 1 节 基因的分离定律 / 知识清单,测交
BIOLOGY,0064,60,第二部分 遗传与进化 / 第七章 遗传因子的发现 / 第 1 节 基因的分离定律 / 知识清单,基因的分离定律
BIOLOGY,0065,61,第七章 遗传因子的发现 / 第 1 节 基因的分离定律 / 知识清单（续）· 考教衔接,基因分离定律的实质
BIOLOGY,0065,61,第七章 遗传因子的发现 / 第 1 节 基因的分离定律 / 知识清单（续）· 考教衔接,等位基因随同源染色体分开而分离
BIOLOGY,0065,61,第七章 遗传因子的发现 / 第 1 节 基因的分离定律 / 知识清单（续）· 考教衔接,基因分离定律的适用范围
BIOLOGY,0065,61,第七章 遗传因子的发现 / 第 1 节 基因的分离定律 / 知识清单（续）· 考教衔接,自交法验证分离定律
BIOLOGY,0065,61,第七章 遗传因子的发现 / 第 1 节 基因的分离定律 / 知识清单（续）· 考教衔接,测交法验证分离定律
BIOLOGY,0065,61,第七章 遗传因子的发现 / 第 1 节 基因的分离定律 / 知识清单（续）· 考教衔接,花粉鉴定法
BIOLOGY,0065,61,第七章 遗传因子的发现 / 第 1 节 基因的分离定律 / 知识清单（续）· 考教衔接,性状分离比的模拟实验
BIOLOGY,0065,61,第七章 遗传因子的发现 / 第 1 节 基因的分离定律 / 知识清单（续）· 考教衔接,杂交
BIOLOGY,0065,61,第七章 遗传因子的发现 / 第 1 节 基因的分离定律 / 知识清单（续）· 考教衔接,自交
BIOLOGY,0065,61,第七章 遗传因子的发现 / 第 1 节 基因的分离定律 / 知识清单（续）· 考教衔接,测交
BIOLOGY,0065,61,第七章 遗传因子的发现 / 第 1 节 基因的分离定律 / 知识清单（续）· 考教衔接,正反交
BIOLOGY,0065,61,第七章 遗传因子的发现 / 第 1 节 基因的分离定律 / 知识清单（续）· 考教衔接,回交
BIOLOGY,0065,61,第七章 遗传因子的发现 / 第 1 节 基因的分离定律 / 知识清单（续）· 考教衔接,判断显隐性
BIOLOGY,0065,61,第七章 遗传因子的发现 / 第 1 节 基因的分离定律 / 知识清单（续）· 考教衔接,纯合子与杂合子的判断
BIOLOGY,0065,61,第七章 遗传因子的发现 / 第 1 节 基因的分离定律 / 知识清单（续）· 考教衔接,基因位置的判断
BIOLOGY,0067,62,第七章 遗传因子的发现 / 第 1 节 基因的分离定律 / 即练即清 · 考法清单（考法 1、考法 2）,显隐性性状的判断
BIOLOGY,0067,62,第七章 遗传因子的发现 / 第 1 节 基因的分离定律 / 即练即清 · 考法清单（考法 1、考法 2）,依据子代性状判断显隐性
BIOLOGY,0067,62,第七章 遗传因子的发现 / 第 1 节 基因的分离定律 / 即练即清 · 考法清单（考法 1、考法 2）,依据子代性状比例判断显隐性
BIOLOGY,0067,62,第七章 遗传因子的发现 / 第 1 节 基因的分离定律 / 即练即清 · 考法清单（考法 1、考法 2）,亲代基因型的推断
BIOLOGY,0067,62,第七章 遗传因子的发现 / 第 1 节 基因的分离定律 / 即练即清 · 考法清单（考法 1、考法 2）,双向推断法
BIOLOGY,0067,62,第七章 遗传因子的发现 / 第 1 节 基因的分离定律 / 即练即清 · 考法清单（考法 1、考法 2）,分离定律中的概率计算
BIOLOGY,0067,62,第七章 遗传因子的发现 / 第 1 节 基因的分离定律 / 即练即清 · 考法清单（考法 1、考法 2）,分加法
BIOLOGY,0067,62,第七章 遗传因子的发现 / 第 1 节 基因的分离定律 / 即练即清 · 考法清单（考法 1、考法 2）,棋盘法
BIOLOGY,0067,62,第七章 遗传因子的发现 / 第 1 节 基因的分离定律 / 即练即清 · 考法清单（考法 1、考法 2）,遗传平衡公式
BIOLOGY,0067,62,第七章 遗传因子的发现 / 第 1 节 基因的分离定律 / 即练即清 · 考法清单（考法 1、考法 2）,自由交配
BIOLOGY,0068,63,第七章 遗传因子的发现 / 第 1 节 基因的分离定律 / 考法清单 考法 2「分离定律中的概率计算问题」（续）,分加法
BIOLOGY,0068,63,第七章 遗传因子的发现 / 第 1 节 基因的分离定律 / 考法清单 考法 2「分离定律中的概率计算问题」（续）,棋盘法
BIOLOGY,0068,63,第七章 遗传因子的发现 / 第 1 节 基因的分离定律 / 考法清单 考法 2「分离定律中的概率计算问题」（续）,配子概率的计算
BIOLOGY,0068,63,第七章 遗传因子的发现 / 第 1 节 基因的分离定律 / 考法清单 考法 2「分离定律中的概率计算问题」（续）,遗传平衡定律
BIOLOGY,0068,63,第七章 遗传因子的发现 / 第 1 节 基因的分离定律 / 考法清单 考法 2「分离定律中的概率计算问题」（续）,基因频率与基因型频率
BIOLOGY,0068,63,第七章 遗传因子的发现 / 第 1 节 基因的分离定律 / 考法清单 考法 2「分离定律中的概率计算问题」（续）,Aa 连续自交的计算规律
BIOLOGY,0068,63,第七章 遗传因子的发现 / 第 1 节 基因的分离定律 / 考法清单 考法 2「分离定律中的概率计算问题」（续）,自交与自由交配的区别
BIOLOGY,0068,63,第七章 遗传因子的发现 / 第 1 节 基因的分离定律 / 考法清单 考法 2「分离定律中的概率计算问题」（续）,杂合子比例的计算
BIOLOGY,0068,63,第七章 遗传因子的发现 / 第 1 节 基因的分离定律 / 考法清单 考法 2「分离定律中的概率计算问题」（续）,纯合子比例的计算
BIOLOGY,0069,64,第七章 遗传因子的发现 / 微专题「分离定律的重点题型」/ 一 致死和不育,致死现象
BIOLOGY,0069,64,第七章 遗传因子的发现 / 微专题「分离定律的重点题型」/ 一 致死和不育,显性纯合致死
BIOLOGY,0069,64,第七章 遗传因子的发现 / 微专题「分离定律的重点题型」/ 一 致死和不育,隐性纯合致死
BIOLOGY,0069,64,第七章 遗传因子的发现 / 微专题「分离定律的重点题型」/ 一 致死和不育,配子致死与不育
BIOLOGY,0069,64,第七章 遗传因子的发现 / 微专题「分离定律的重点题型」/ 一 致死和不育,雄配子不育
BIOLOGY,0069,64,第七章 遗传因子的发现 / 微专题「分离定律的重点题型」/ 一 致死和不育,花粉育性
BIOLOGY,0069,64,第七章 遗传因子的发现 / 微专题「分离定律的重点题型」/ 一 致死和不育,致死条件下的子代比例
BIOLOGY,0069,64,第七章 遗传因子的发现 / 微专题「分离定律的重点题型」/ 一 致死和不育,复等位基因
BIOLOGY,0069,64,第七章 遗传因子的发现 / 微专题「分离定律的重点题型」/ 一 致死和不育,细胞质遗传
BIOLOGY,0069,64,第七章 遗传因子的发现 / 微专题「分离定律的重点题型」/ 一 致死和不育,雄性不育
BIOLOGY,0070,65,第七章 遗传因子的发现 / 微专题「分离定律的重点题型」/ 二 不完全显性、共显性、复等位基因,不完全显性
BIOLOGY,0070,65,第七章 遗传因子的发现 / 微专题「分离定律的重点题型」/ 二 不完全显性、共显性、复等位基因,共显性
BIOLOGY,0070,65,第七章 遗传因子的发现 / 微专题「分离定律的重点题型」/ 二 不完全显性、共显性、复等位基因,复等位基因
BIOLOGY,0070,65,第七章 遗传因子的发现 / 微专题「分离定律的重点题型」/ 二 不完全显性、共显性、复等位基因,ABO 血型
BIOLOGY,0070,65,第七章 遗传因子的发现 / 微专题「分离定律的重点题型」/ 二 不完全显性、共显性、复等位基因,抗原与抗体
BIOLOGY,0070,65,第七章 遗传因子的发现 / 微专题「分离定律的重点题型」/ 二 不完全显性、共显性、复等位基因,基因型与表型的关系
BIOLOGY,0070,65,第七章 遗传因子的发现 / 微专题「分离定律的重点题型」/ 二 不完全显性、共显性、复等位基因,1:2:1 的性状分离比
BIOLOGY,0070,65,第七章 遗传因子的发现 / 微专题「分离定律的重点题型」/ 二 不完全显性、共显性、复等位基因,杂交育种
BIOLOGY,0070,65,第七章 遗传因子的发现 / 微专题「分离定律的重点题型」/ 二 不完全显性、共显性、复等位基因,去雄与套袋
BIOLOGY,0071,66,第七章 遗传因子的发现 / 微专题「分离定律的重点题型」/ 三 细胞质遗传、雄性不育和母性影响,细胞质遗传
BIOLOGY,0071,66,第七章 遗传因子的发现 / 微专题「分离定律的重点题型」/ 三 细胞质遗传、雄性不育和母性影响,母系遗传
BIOLOGY,0071,66,第七章 遗传因子的发现 / 微专题「分离定律的重点题型」/ 三 细胞质遗传、雄性不育和母性影响,母性影响
BIOLOGY,0071,66,第七章 遗传因子的发现 / 微专题「分离定律的重点题型」/ 三 细胞质遗传、雄性不育和母性影响,正反交结果差异
BIOLOGY,0071,66,第七章 遗传因子的发现 / 微专题「分离定律的重点题型」/ 三 细胞质遗传、雄性不育和母性影响,雄性不育
BIOLOGY,0071,66,第七章 遗传因子的发现 / 微专题「分离定律的重点题型」/ 三 细胞质遗传、雄性不育和母性影响,细胞质雄性不育
BIOLOGY,0071,66,第七章 遗传因子的发现 / 微专题「分离定律的重点题型」/ 三 细胞质遗传、雄性不育和母性影响,细胞核雄性不育
BIOLOGY,0071,66,第七章 遗传因子的发现 / 微专题「分离定律的重点题型」/ 三 细胞质遗传、雄性不育和母性影响,不育株作母本
BIOLOGY,0071,66,第七章 遗传因子的发现 / 微专题「分离定律的重点题型」/ 三 细胞质遗传、雄性不育和母性影响,回交
BIOLOGY,0071,66,第七章 遗传因子的发现 / 微专题「分离定律的重点题型」/ 三 细胞质遗传、雄性不育和母性影响,表型延迟一代
BIOLOGY,0072,67,第七章 遗传因子的发现 / 第 2 节 基因的自由组合定律 / 知识清单,孟德尔两对相对性状的杂交实验
BIOLOGY,0072,67,第七章 遗传因子的发现 / 第 2 节 基因的自由组合定律 / 知识清单,自由组合现象
BIOLOGY,0072,67,第七章 遗传因子的发现 / 第 2 节 基因的自由组合定律 / 知识清单,9:3:3:1 的性状分离比
BIOLOGY,0072,67,第七章 遗传因子的发现 / 第 2 节 基因的自由组合定律 / 知识清单,F1 产生配子的种类与比例
BIOLOGY,0072,67,第七章 遗传因子的发现 / 第 2 节 基因的自由组合定律 / 知识清单,雌雄配子随机结合
BIOLOGY,0072,67,第七章 遗传因子的发现 / 第 2 节 基因的自由组合定律 / 知识清单,测交法验证自由组合定律
BIOLOGY,0072,67,第七章 遗传因子的发现 / 第 2 节 基因的自由组合定律 / 知识清单,基因的自由组合定律
BIOLOGY,0072,67,第七章 遗传因子的发现 / 第 2 节 基因的自由组合定律 / 知识清单,假说—演绎法
BIOLOGY,0072,67,第七章 遗传因子的发现 / 第 2 节 基因的自由组合定律 / 知识清单,双显、单显与双隐性表型
BIOLOGY,0072,67,第七章 遗传因子的发现 / 第 2 节 基因的自由组合定律 / 知识清单,性状的自由组合
BIOLOGY,0073,68,第七章 遗传因子的发现 / 第 2 节 基因的自由组合定律 / 知识清单（续）· 即练即清 · 考法清单 考法 1,基因自由组合定律的实质
BIOLOGY,0073,68,第七章 遗传因子的发现 / 第 2 节 基因的自由组合定律 / 知识清单（续）· 即练即清 · 考法清单 考法 1,自由组合定律的发生时间
BIOLOGY,0073,68,第七章 遗传因子的发现 / 第 2 节 基因的自由组合定律 / 知识清单（续）· 即练即清 · 考法清单 考法 1,自由组合定律的适用范围
BIOLOGY,0073,68,第七章 遗传因子的发现 / 第 2 节 基因的自由组合定律 / 知识清单（续）· 即练即清 · 考法清单 考法 1,细胞核遗传与细胞质遗传
BIOLOGY,0073,68,第七章 遗传因子的发现 / 第 2 节 基因的自由组合定律 / 知识清单（续）· 即练即清 · 考法清单 考法 1,相同基因
BIOLOGY,0073,68,第七章 遗传因子的发现 / 第 2 节 基因的自由组合定律 / 知识清单（续）· 即练即清 · 考法清单 考法 1,等位基因
BIOLOGY,0073,68,第七章 遗传因子的发现 / 第 2 节 基因的自由组合定律 / 知识清单（续）· 即练即清 · 考法清单 考法 1,非等位基因
BIOLOGY,0073,68,第七章 遗传因子的发现 / 第 2 节 基因的自由组合定律 / 知识清单（续）· 即练即清 · 考法清单 考法 1,同源染色体与非同源染色体
BIOLOGY,0073,68,第七章 遗传因子的发现 / 第 2 节 基因的自由组合定律 / 知识清单（续）· 即练即清 · 考法清单 考法 1,拆分组合法
BIOLOGY,0073,68,第七章 遗传因子的发现 / 第 2 节 基因的自由组合定律 / 知识清单（续）· 即练即清 · 考法清单 考法 1,乘法原理
BIOLOGY,0073,68,第七章 遗传因子的发现 / 第 2 节 基因的自由组合定律 / 知识清单（续）· 即练即清 · 考法清单 考法 1,基因填充法
BIOLOGY,0073,68,第七章 遗传因子的发现 / 第 2 节 基因的自由组合定律 / 知识清单（续）· 即练即清 · 考法清单 考法 1,正向推断与逆向推断
BIOLOGY,0074,69,第七章 遗传因子的发现 / 第 2 节 基因的自由组合定律 / 考法清单 考法 1「自由组合定律的解题思路及致死问题」（续）,分解组合法
BIOLOGY,0074,69,第七章 遗传因子的发现 / 第 2 节 基因的自由组合定律 / 考法清单 考法 1「自由组合定律的解题思路及致死问题」（续）,配子致死
BIOLOGY,0074,69,第七章 遗传因子的发现 / 第 2 节 基因的自由组合定律 / 考法清单 考法 1「自由组合定律的解题思路及致死问题」（续）,配子活力不足
BIOLOGY,0074,69,第七章 遗传因子的发现 / 第 2 节 基因的自由组合定律 / 考法清单 考法 1「自由组合定律的解题思路及致死问题」（续）,合子致死
BIOLOGY,0074,69,第七章 遗传因子的发现 / 第 2 节 基因的自由组合定律 / 考法清单 考法 1「自由组合定律的解题思路及致死问题」（续）,纯合致死基因
BIOLOGY,0074,69,第七章 遗传因子的发现 / 第 2 节 基因的自由组合定律 / 考法清单 考法 1「自由组合定律的解题思路及致死问题」（续）,棋盘法
BIOLOGY,0074,69,第七章 遗传因子的发现 / 第 2 节 基因的自由组合定律 / 考法清单 考法 1「自由组合定律的解题思路及致死问题」（续）,分离定律与自由组合定律的关系
BIOLOGY,0074,69,第七章 遗传因子的发现 / 第 2 节 基因的自由组合定律 / 考法清单 考法 1「自由组合定律的解题思路及致死问题」（续）,致死条件下的性状分离比
BIOLOGY,0075,70,第七章 遗传因子的发现 / 第 2 节 基因的自由组合定律 / 考法清单 考法 2「9:3:3:1 及其变式」,9:3:3:1 的变式
BIOLOGY,0075,70,第七章 遗传因子的发现 / 第 2 节 基因的自由组合定律 / 考法清单 考法 2「9:3:3:1 及其变式」,基因互作
BIOLOGY,0075,70,第七章 遗传因子的发现 / 第 2 节 基因的自由组合定律 / 考法清单 考法 2「9:3:3:1 及其变式」,数量性状的累加效应
BIOLOGY,0075,70,第七章 遗传因子的发现 / 第 2 节 基因的自由组合定律 / 考法清单 考法 2「9:3:3:1 及其变式」,测交后代比例的推导
BIOLOGY,0075,70,第七章 遗传因子的发现 / 第 2 节 基因的自由组合定律 / 考法清单 考法 2「9:3:3:1 及其变式」,表型与基因型对应关系的判断
BIOLOGY,0075,70,第七章 遗传因子的发现 / 第 2 节 基因的自由组合定律 / 考法清单 考法 2「9:3:3:1 及其变式」,由子代比例反推亲本基因型
BIOLOGY,0076,71,第七章 遗传因子的发现 / 微专题「连锁与互换」/ 一 完全连锁,连锁与互换
BIOLOGY,0076,71,第七章 遗传因子的发现 / 微专题「连锁与互换」/ 一 完全连锁,完全连锁
BIOLOGY,0076,71,第七章 遗传因子的发现 / 微专题「连锁与互换」/ 一 完全连锁,基因在染色体上的位置关系
BIOLOGY,0076,71,第七章 遗传因子的发现 / 微专题「连锁与互换」/ 一 完全连锁,基因的连锁遗传
BIOLOGY,0076,71,第七章 遗传因子的发现 / 微专题「连锁与互换」/ 一 完全连锁,蛋白质电泳检测
BIOLOGY,0077,72,第七章 遗传因子的发现 / 微专题「连锁与互换」/ 二 不完全连锁,不完全连锁
BIOLOGY,0077,72,第七章 遗传因子的发现 / 微专题「连锁与互换」/ 二 不完全连锁,完全连锁
BIOLOGY,0077,72,第七章 遗传因子的发现 / 微专题「连锁与互换」/ 二 不完全连锁,连锁与互换
BIOLOGY,0077,72,第七章 遗传因子的发现 / 微专题「连锁与互换」/ 二 不完全连锁,重组型配子
BIOLOGY,0077,72,第七章 遗传因子的发现 / 微专题「连锁与互换」/ 二 不完全连锁,交换率
BIOLOGY,0077,72,第七章 遗传因子的发现 / 微专题「连锁与互换」/ 二 不完全连锁,减数分裂中的交叉互换
BIOLOGY,0077,72,第七章 遗传因子的发现 / 微专题「连锁与互换」/ 二 不完全连锁,基因在染色体上的位置判断
BIOLOGY,0077,72,第七章 遗传因子的发现 / 微专题「连锁与互换」/ 二 不完全连锁,连锁个体的自交后代比例
BIOLOGY,0077,72,第七章 遗传因子的发现 / 微专题「连锁与互换」/ 二 不完全连锁,连锁个体的测交后代比例
BIOLOGY,0078,73,第七章 遗传因子的发现 / 微专题「连锁与互换」/ 突破指南（续表）,不完全连锁的判断
BIOLOGY,0078,73,第七章 遗传因子的发现 / 微专题「连锁与互换」/ 突破指南（续表）,完全连锁的判断
BIOLOGY,0078,73,第七章 遗传因子的发现 / 微专题「连锁与互换」/ 突破指南（续表）,重组型配子
BIOLOGY,0078,73,第七章 遗传因子的发现 / 微专题「连锁与互换」/ 突破指南（续表）,亲本型配子
BIOLOGY,0078,73,第七章 遗传因子的发现 / 微专题「连锁与互换」/ 突破指南（续表）,重组率的计算
BIOLOGY,0078,73,第七章 遗传因子的发现 / 微专题「连锁与互换」/ 突破指南（续表）,配子概率的对称关系
BIOLOGY,0078,73,第七章 遗传因子的发现 / 微专题「连锁与互换」/ 突破指南（续表）,由子代比例反推配子比例
BIOLOGY,0078,73,第七章 遗传因子的发现 / 微专题「连锁与互换」/ 突破指南（续表）,测交法测定重组率
BIOLOGY,0078,73,第七章 遗传因子的发现 / 微专题「连锁与互换」/ 突破指南（续表）,基因在染色体上的位置判断
BIOLOGY,0079,74,第七章 遗传因子的发现 / 微专题「基因位置关系的分析与判断」/ 一 基因在染色体上的位置关系及判断,基因在染色体上的位置关系判断
BIOLOGY,0079,74,第七章 遗传因子的发现 / 微专题「基因位置关系的分析与判断」/ 一 基因在染色体上的位置关系及判断,等位基因
BIOLOGY,0079,74,第七章 遗传因子的发现 / 微专题「基因位置关系的分析与判断」/ 一 基因在染色体上的位置关系及判断,非同源染色体上的非等位基因
BIOLOGY,0079,74,第七章 遗传因子的发现 / 微专题「基因位置关系的分析与判断」/ 一 基因在染色体上的位置关系及判断,同源染色体上的非等位基因
BIOLOGY,0079,74,第七章 遗传因子的发现 / 微专题「基因位置关系的分析与判断」/ 一 基因在染色体上的位置关系及判断,连锁遗传
BIOLOGY,0079,74,第七章 遗传因子的发现 / 微专题「基因位置关系的分析与判断」/ 一 基因在染色体上的位置关系及判断,自交后代比例的判断依据
BIOLOGY,0079,74,第七章 遗传因子的发现 / 微专题「基因位置关系的分析与判断」/ 一 基因在染色体上的位置关系及判断,测交后代比例的判断依据
BIOLOGY,0079,74,第七章 遗传因子的发现 / 微专题「基因位置关系的分析与判断」/ 一 基因在染色体上的位置关系及判断,隐性突变体基因位置的判断
BIOLOGY,0080,75,第七章 遗传因子的发现 / 微专题「基因位置关系的分析与判断」/ 二 外源基因整合到宿主细胞染色体上的位置判断,多个基因位置关系的判断
BIOLOGY,0080,75,第七章 遗传因子的发现 / 微专题「基因位置关系的分析与判断」/ 二 外源基因整合到宿主细胞染色体上的位置判断,隐性突变基因是否互为等位基因的判断
BIOLOGY,0080,75,第七章 遗传因子的发现 / 微专题「基因位置关系的分析与判断」/ 二 外源基因整合到宿主细胞染色体上的位置判断,9:7 表型比与基因位置的对应
BIOLOGY,0080,75,第七章 遗传因子的发现 / 微专题「基因位置关系的分析与判断」/ 二 外源基因整合到宿主细胞染色体上的位置判断,外源基因整合位置
BIOLOGY,0080,75,第七章 遗传因子的发现 / 微专题「基因位置关系的分析与判断」/ 二 外源基因整合到宿主细胞染色体上的位置判断,转基因植株的基因型分析
BIOLOGY,0080,75,第七章 遗传因子的发现 / 微专题「基因位置关系的分析与判断」/ 二 外源基因整合到宿主细胞染色体上的位置判断,隐性纯合个体的比例计算
BIOLOGY,0080,75,第七章 遗传因子的发现 / 微专题「基因位置关系的分析与判断」/ 二 外源基因整合到宿主细胞染色体上的位置判断,自由组合定律在转基因分析中的应用
BIOLOGY,0081,76,第八章 伴性遗传和人类遗传病 / 第 1 节 基因在染色体上和伴性遗传 / 知识清单,萨顿假说
BIOLOGY,0081,76,第八章 伴性遗传和人类遗传病 / 第 1 节 基因在染色体上和伴性遗传 / 知识清单,基因与染色体行为的平行关系
BIOLOGY,0081,76,第八章 伴性遗传和人类遗传病 / 第 1 节 基因在染色体上和伴性遗传 / 知识清单,摩尔根的果蝇眼色实验
BIOLOGY,0081,76,第八章 伴性遗传和人类遗传病 / 第 1 节 基因在染色体上和伴性遗传 / 知识清单,果蝇作为实验材料的优点
BIOLOGY,0081,76,第八章 伴性遗传和人类遗传病 / 第 1 节 基因在染色体上和伴性遗传 / 知识清单,假说—演绎法
BIOLOGY,0081,76,第八章 伴性遗传和人类遗传病 / 第 1 节 基因在染色体上和伴性遗传 / 知识清单,伴性遗传
BIOLOGY,0081,76,第八章 伴性遗传和人类遗传病 / 第 1 节 基因在染色体上和伴性遗传 / 知识清单,X 染色体上的基因
BIOLOGY,0081,76,第八章 伴性遗传和人类遗传病 / 第 1 节 基因在染色体上和伴性遗传 / 知识清单,X、Y 染色体的同源区段
BIOLOGY,0081,76,第八章 伴性遗传和人类遗传病 / 第 1 节 基因在染色体上和伴性遗传 / 知识清单,测交实验
BIOLOGY,0081,76,第八章 伴性遗传和人类遗传病 / 第 1 节 基因在染色体上和伴性遗传 / 知识清单,基因在染色体上呈线性排列
BIOLOGY,0081,76,第八章 伴性遗传和人类遗传病 / 第 1 节 基因在染色体上和伴性遗传 / 知识清单,基因相对位置的测定
BIOLOGY,0082,77,第八章 伴性遗传和人类遗传病 / 第 1 节 基因在染色体上和伴性遗传 / 知识清单（续）,伴性遗传
BIOLOGY,0082,77,第八章 伴性遗传和人类遗传病 / 第 1 节 基因在染色体上和伴性遗传 / 知识清单（续）,伴 X 染色体遗传
BIOLOGY,0082,77,第八章 伴性遗传和人类遗传病 / 第 1 节 基因在染色体上和伴性遗传 / 知识清单（续）,伴 Y 染色体遗传
BIOLOGY,0082,77,第八章 伴性遗传和人类遗传病 / 第 1 节 基因在染色体上和伴性遗传 / 知识清单（续）,XY 同源区段的遗传
BIOLOGY,0082,77,第八章 伴性遗传和人类遗传病 / 第 1 节 基因在染色体上和伴性遗传 / 知识清单（续）,红绿色盲的遗传
BIOLOGY,0082,77,第八章 伴性遗传和人类遗传病 / 第 1 节 基因在染色体上和伴性遗传 / 知识清单（续）,抗维生素 D 佝偻病
BIOLOGY,0082,77,第八章 伴性遗传和人类遗传病 / 第 1 节 基因在染色体上和伴性遗传 / 知识清单（续）,"""同隐异显""法判断性别"
BIOLOGY,0082,77,第八章 伴性遗传和人类遗传病 / 第 1 节 基因在染色体上和伴性遗传 / 知识清单（续）,芦花鸡性别的鉴定
BIOLOGY,0082,77,第八章 伴性遗传和人类遗传病 / 第 1 节 基因在染色体上和伴性遗传 / 知识清单（续）,伴性遗传中的配子致死
BIOLOGY,0082,77,第八章 伴性遗传和人类遗传病 / 第 1 节 基因在染色体上和伴性遗传 / 知识清单（续）,伴性遗传中的个体致死
BIOLOGY,0082,77,第八章 伴性遗传和人类遗传病 / 第 1 节 基因在染色体上和伴性遗传 / 知识清单（续）,性反转现象
BIOLOGY,0082,77,第八章 伴性遗传和人类遗传病 / 第 1 节 基因在染色体上和伴性遗传 / 知识清单（续）,性别决定类型
BIOLOGY,0082,77,第八章 伴性遗传和人类遗传病 / 第 1 节 基因在染色体上和伴性遗传 / 知识清单（续）,染色体组倍数决定性别
BIOLOGY,0083,78,第八章 伴性遗传和人类遗传病 / 第 1 节 基因在染色体上和伴性遗传 / 即练即清 · 考法清单,伴性遗传与常染色体遗传的判断
BIOLOGY,0083,78,第八章 伴性遗传和人类遗传病 / 第 1 节 基因在染色体上和伴性遗传 / 即练即清 · 考法清单,正反交法判断基因位置
BIOLOGY,0083,78,第八章 伴性遗传和人类遗传病 / 第 1 节 基因在染色体上和伴性遗传 / 即练即清 · 考法清单,性状比例在两性间是否一致
BIOLOGY,0083,78,第八章 伴性遗传和人类遗传病 / 第 1 节 基因在染色体上和伴性遗传 / 即练即清 · 考法清单,常染色体遗传的判断依据
BIOLOGY,0083,78,第八章 伴性遗传和人类遗传病 / 第 1 节 基因在染色体上和伴性遗传 / 即练即清 · 考法清单,伴 X 染色体遗传的判断依据
BIOLOGY,0083,78,第八章 伴性遗传和人类遗传病 / 第 1 节 基因在染色体上和伴性遗传 / 即练即清 · 考法清单,显隐性性状的判断
BIOLOGY,0083,78,第八章 伴性遗传和人类遗传病 / 第 1 节 基因在染色体上和伴性遗传 / 即练即清 · 考法清单,由子代表型反推亲本基因型
BIOLOGY,0083,78,第八章 伴性遗传和人类遗传病 / 第 1 节 基因在染色体上和伴性遗传 / 即练即清 · 考法清单,X、Y 染色体同源区段
BIOLOGY,0084,79,第八章 伴性遗传和人类遗传病 / 第 1 节 基因在染色体上和伴性遗传 / 考法清单 考法「伴性遗传与常染色体遗传的判断与鉴定」（续）,同隐异显法
BIOLOGY,0084,79,第八章 伴性遗传和人类遗传病 / 第 1 节 基因在染色体上和伴性遗传 / 考法清单 考法「伴性遗传与常染色体遗传的判断与鉴定」（续）,正反交法鉴定基因位置
BIOLOGY,0084,79,第八章 伴性遗传和人类遗传病 / 第 1 节 基因在染色体上和伴性遗传 / 考法清单 考法「伴性遗传与常染色体遗传的判断与鉴定」（续）,F1 互交法
BIOLOGY,0084,79,第八章 伴性遗传和人类遗传病 / 第 1 节 基因在染色体上和伴性遗传 / 考法清单 考法「伴性遗传与常染色体遗传的判断与鉴定」（续）,基因位于 X 染色体与常染色体的区分
BIOLOGY,0084,79,第八章 伴性遗传和人类遗传病 / 第 1 节 基因在染色体上和伴性遗传 / 考法清单 考法「伴性遗传与常染色体遗传的判断与鉴定」（续）,X、Y 染色体同源区段与非同源区段的区分
BIOLOGY,0084,79,第八章 伴性遗传和人类遗传病 / 第 1 节 基因在染色体上和伴性遗传 / 考法清单 考法「伴性遗传与常染色体遗传的判断与鉴定」（续）,伴性遗传中的性别判断
BIOLOGY,0084,79,第八章 伴性遗传和人类遗传病 / 第 1 节 基因在染色体上和伴性遗传 / 考法清单 考法「伴性遗传与常染色体遗传的判断与鉴定」（续）,相对性状显隐性的判断
BIOLOGY,0085,80,第八章 伴性遗传和人类遗传病 / 第 2 节 人类遗传病 / 知识清单,人类遗传病
BIOLOGY,0085,80,第八章 伴性遗传和人类遗传病 / 第 2 节 人类遗传病 / 知识清单,单基因遗传病
BIOLOGY,0085,80,第八章 伴性遗传和人类遗传病 / 第 2 节 人类遗传病 / 知识清单,常染色体隐性遗传
BIOLOGY,0085,80,第八章 伴性遗传和人类遗传病 / 第 2 节 人类遗传病 / 知识清单,常染色体显性遗传
BIOLOGY,0085,80,第八章 伴性遗传和人类遗传病 / 第 2 节 人类遗传病 / 知识清单,伴 X 染色体隐性遗传
BIOLOGY,0085,80,第八章 伴性遗传和人类遗传病 / 第 2 节 人类遗传病 / 知识清单,伴 X 染色体显性遗传
BIOLOGY,0085,80,第八章 伴性遗传和人类遗传病 / 第 2 节 人类遗传病 / 知识清单,伴 Y 遗传
BIOLOGY,0085,80,第八章 伴性遗传和人类遗传病 / 第 2 节 人类遗传病 / 知识清单,多基因遗传病
BIOLOGY,0085,80,第八章 伴性遗传和人类遗传病 / 第 2 节 人类遗传病 / 知识清单,染色体异常遗传病
BIOLOGY,0085,80,第八章 伴性遗传和人类遗传病 / 第 2 节 人类遗传病 / 知识清单,21 三体综合征
BIOLOGY,0085,80,第八章 伴性遗传和人类遗传病 / 第 2 节 人类遗传病 / 知识清单,猫叫综合征
BIOLOGY,0085,80,第八章 伴性遗传和人类遗传病 / 第 2 节 人类遗传病 / 知识清单,遗传病发病率的调查
BIOLOGY,0085,80,第八章 伴性遗传和人类遗传病 / 第 2 节 人类遗传病 / 知识清单,遗传系谱图
BIOLOGY,0085,80,第八章 伴性遗传和人类遗传病 / 第 2 节 人类遗传病 / 知识清单,遗传咨询
BIOLOGY,0085,80,第八章 伴性遗传和人类遗传病 / 第 2 节 人类遗传病 / 知识清单,产前诊断
BIOLOGY,0085,80,第八章 伴性遗传和人类遗传病 / 第 2 节 人类遗传病 / 知识清单,基因检测
BIOLOGY,0085,80,第八章 伴性遗传和人类遗传病 / 第 2 节 人类遗传病 / 知识清单,基因治疗
BIOLOGY,0086,81,第八章 伴性遗传和人类遗传病 / 第 2 节 人类遗传病 / 考法清单 考法「遗传系谱图」,遗传系谱图的分析
BIOLOGY,0086,81,第八章 伴性遗传和人类遗传病 / 第 2 节 人类遗传病 / 考法清单 考法「遗传系谱图」,伴 Y 遗传的判断
BIOLOGY,0086,81,第八章 伴性遗传和人类遗传病 / 第 2 节 人类遗传病 / 考法清单 考法「遗传系谱图」,无中生有为隐性
BIOLOGY,0086,81,第八章 伴性遗传和人类遗传病 / 第 2 节 人类遗传病 / 考法清单 考法「遗传系谱图」,有中生无为显性
BIOLOGY,0086,81,第八章 伴性遗传和人类遗传病 / 第 2 节 人类遗传病 / 考法清单 考法「遗传系谱图」,隐性遗传看女病
BIOLOGY,0086,81,第八章 伴性遗传和人类遗传病 / 第 2 节 人类遗传病 / 考法清单 考法「遗传系谱图」,显性遗传看男病
BIOLOGY,0086,81,第八章 伴性遗传和人类遗传病 / 第 2 节 人类遗传病 / 考法清单 考法「遗传系谱图」,常染色体遗传与伴性遗传的判断
BIOLOGY,0086,81,第八章 伴性遗传和人类遗传病 / 第 2 节 人类遗传病 / 考法清单 考法「遗传系谱图」,连续遗传与隔代遗传
BIOLOGY,0086,81,第八章 伴性遗传和人类遗传病 / 第 2 节 人类遗传病 / 考法清单 考法「遗传系谱图」,患病概率的计算
BIOLOGY,0086,81,第八章 伴性遗传和人类遗传病 / 第 2 节 人类遗传病 / 考法清单 考法「遗传系谱图」,男孩患病与患病男孩的区别
BIOLOGY,0086,81,第八章 伴性遗传和人类遗传病 / 第 2 节 人类遗传病 / 考法清单 考法「遗传系谱图」,系谱图判断口诀
BIOLOGY,0087,82,第八章 伴性遗传和人类遗传病 / 微专题 基因检测与人类遗传病,电泳鉴定
BIOLOGY,0087,82,第八章 伴性遗传和人类遗传病 / 微专题 基因检测与人类遗传病,电泳原理
BIOLOGY,0087,82,第八章 伴性遗传和人类遗传病 / 微专题 基因检测与人类遗传病,DNA 的迁移速率
BIOLOGY,0087,82,第八章 伴性遗传和人类遗传病 / 微专题 基因检测与人类遗传病,电泳图谱识图
BIOLOGY,0087,82,第八章 伴性遗传和人类遗传病 / 微专题 基因检测与人类遗传病,纯合子与杂合子的电泳判断
BIOLOGY,0087,82,第八章 伴性遗传和人类遗传病 / 微专题 基因检测与人类遗传病,限制酶酶切片段
BIOLOGY,0087,82,第八章 伴性遗传和人类遗传病 / 微专题 基因检测与人类遗传病,碱基对数量与条带位置
BIOLOGY,0087,82,第八章 伴性遗传和人类遗传病 / 微专题 基因检测与人类遗传病,基因突变类型的判断
BIOLOGY,0087,82,第八章 伴性遗传和人类遗传病 / 微专题 基因检测与人类遗传病,基因测序
BIOLOGY,0087,82,第八章 伴性遗传和人类遗传病 / 微专题 基因检测与人类遗传病,遗传病检测的命题链条
BIOLOGY,0088,83,第八章 伴性遗传和人类遗传病 / 微专题 基因检测与人类遗传病 / 二 基因测序,基因测序
BIOLOGY,0088,83,第八章 伴性遗传和人类遗传病 / 微专题 基因检测与人类遗传病 / 二 基因测序,碱基序列比对
BIOLOGY,0088,83,第八章 伴性遗传和人类遗传病 / 微专题 基因检测与人类遗传病 / 二 基因测序,碱基的替换
BIOLOGY,0088,83,第八章 伴性遗传和人类遗传病 / 微专题 基因检测与人类遗传病 / 二 基因测序,碱基的增添
BIOLOGY,0088,83,第八章 伴性遗传和人类遗传病 / 微专题 基因检测与人类遗传病 / 二 基因测序,碱基的缺失
BIOLOGY,0088,83,第八章 伴性遗传和人类遗传病 / 微专题 基因检测与人类遗传病 / 二 基因测序,密码子改变
BIOLOGY,0088,83,第八章 伴性遗传和人类遗传病 / 微专题 基因检测与人类遗传病 / 二 基因测序,蛋白质异常与性状改变
BIOLOGY,0088,83,第八章 伴性遗传和人类遗传病 / 微专题 基因检测与人类遗传病 / 二 基因测序,测序峰图判读
BIOLOGY,0088,83,第八章 伴性遗传和人类遗传病 / 微专题 基因检测与人类遗传病 / 二 基因测序,编码链
BIOLOGY,0088,83,第八章 伴性遗传和人类遗传病 / 微专题 基因检测与人类遗传病 / 二 基因测序,起始密码子与终止密码子
BIOLOGY,0089,84,第八章 伴性遗传和人类遗传病 / 微专题 基因定位拓展——定位于特定染色体,基因定位
BIOLOGY,0089,84,第八章 伴性遗传和人类遗传病 / 微专题 基因定位拓展——定位于特定染色体,单体
BIOLOGY,0089,84,第八章 伴性遗传和人类遗传病 / 微专题 基因定位拓展——定位于特定染色体,三体
BIOLOGY,0089,84,第八章 伴性遗传和人类遗传病 / 微专题 基因定位拓展——定位于特定染色体,单体育性
BIOLOGY,0089,84,第八章 伴性遗传和人类遗传病 / 微专题 基因定位拓展——定位于特定染色体,单体定位法
BIOLOGY,0089,84,第八章 伴性遗传和人类遗传病 / 微专题 基因定位拓展——定位于特定染色体,三体定位法
BIOLOGY,0089,84,第八章 伴性遗传和人类遗传病 / 微专题 基因定位拓展——定位于特定染色体,同源染色体缺失致死
BIOLOGY,0089,84,第八章 伴性遗传和人类遗传病 / 微专题 基因定位拓展——定位于特定染色体,分子标记定位法
BIOLOGY,0089,84,第八章 伴性遗传和人类遗传病 / 微专题 基因定位拓展——定位于特定染色体,SSR
BIOLOGY,0089,84,第八章 伴性遗传和人类遗传病 / 微专题 基因定位拓展——定位于特定染色体,CAPS
BIOLOGY,0089,84,第八章 伴性遗传和人类遗传病 / 微专题 基因定位拓展——定位于特定染色体,SNP
BIOLOGY,0089,84,第八章 伴性遗传和人类遗传病 / 微专题 基因定位拓展——定位于特定染色体,单倍体育种
BIOLOGY,0089,84,第八章 伴性遗传和人类遗传病 / 微专题 基因定位拓展——定位于特定染色体,减数分裂中的染色体互换
BIOLOGY,0090,85,第八章 伴性遗传和人类遗传病 / 微专题 基因定位拓展——定位于特定染色体（典例续）,单体
BIOLOGY,0090,85,第八章 伴性遗传和人类遗传病 / 微专题 基因定位拓展——定位于特定染色体（典例续）,单体定位法
BIOLOGY,0090,85,第八章 伴性遗传和人类遗传病 / 微专题 基因定位拓展——定位于特定染色体（典例续）,单倍体育种
BIOLOGY,0090,85,第八章 伴性遗传和人类遗传病 / 微专题 基因定位拓展——定位于特定染色体（典例续）,SNP
BIOLOGY,0090,85,第八章 伴性遗传和人类遗传病 / 微专题 基因定位拓展——定位于特定染色体（典例续）,SNP 分子标记定位
BIOLOGY,0090,85,第八章 伴性遗传和人类遗传病 / 微专题 基因定位拓展——定位于特定染色体（典例续）,基因的染色体定位
BIOLOGY,0090,85,第八章 伴性遗传和人类遗传病 / 微专题 基因定位拓展——定位于特定染色体（典例续）,染色体互换与基因距离
BIOLOGY,0090,85,第八章 伴性遗传和人类遗传病 / 微专题 基因定位拓展——定位于特定染色体（典例续）,正反交实验分析
BIOLOGY,0090,85,第八章 伴性遗传和人类遗传病 / 微专题 基因定位拓展——定位于特定染色体（典例续）,实验思路与预期结果书写
BIOLOGY,0091,86,第八章 伴性遗传和人类遗传病 / 微专题 基因定位拓展——定位于特定染色体 / 突破指南,单体
BIOLOGY,0091,86,第八章 伴性遗传和人类遗传病 / 微专题 基因定位拓展——定位于特定染色体 / 突破指南,三体
BIOLOGY,0091,86,第八章 伴性遗传和人类遗传病 / 微专题 基因定位拓展——定位于特定染色体 / 突破指南,单体定位法
BIOLOGY,0091,86,第八章 伴性遗传和人类遗传病 / 微专题 基因定位拓展——定位于特定染色体 / 突破指南,三体定位法
BIOLOGY,0091,86,第八章 伴性遗传和人类遗传病 / 微专题 基因定位拓展——定位于特定染色体 / 突破指南,隐性突变基因的定位
BIOLOGY,0091,86,第八章 伴性遗传和人类遗传病 / 微专题 基因定位拓展——定位于特定染色体 / 突破指南,三体自交分离比偏离 $3:1$
BIOLOGY,0091,86,第八章 伴性遗传和人类遗传病 / 微专题 基因定位拓展——定位于特定染色体 / 突破指南,分子标记
BIOLOGY,0091,86,第八章 伴性遗传和人类遗传病 / 微专题 基因定位拓展——定位于特定染色体 / 突破指南,SSR
BIOLOGY,0091,86,第八章 伴性遗传和人类遗传病 / 微专题 基因定位拓展——定位于特定染色体 / 突破指南,SNP
BIOLOGY,0091,86,第八章 伴性遗传和人类遗传病 / 微专题 基因定位拓展——定位于特定染色体 / 突破指南,CAPS
BIOLOGY,0091,86,第八章 伴性遗传和人类遗传病 / 微专题 基因定位拓展——定位于特定染色体 / 突破指南,基因与分子标记的连锁
BIOLOGY,0091,86,第八章 伴性遗传和人类遗传病 / 微专题 基因定位拓展——定位于特定染色体 / 突破指南,完全连锁
BIOLOGY,0091,86,第八章 伴性遗传和人类遗传病 / 微专题 基因定位拓展——定位于特定染色体 / 突破指南,互换
BIOLOGY,0091,86,第八章 伴性遗传和人类遗传病 / 微专题 基因定位拓展——定位于特定染色体 / 突破指南,自由组合定律
BIOLOGY,0092,87,第九章 基因的本质 / 第 1 节 DNA 是主要的遗传物质 / 知识清单 一 肺炎链球菌转化实验,肺炎链球菌
BIOLOGY,0092,87,第九章 基因的本质 / 第 1 节 DNA 是主要的遗传物质 / 知识清单 一 肺炎链球菌转化实验,S 型细菌
BIOLOGY,0092,87,第九章 基因的本质 / 第 1 节 DNA 是主要的遗传物质 / 知识清单 一 肺炎链球菌转化实验,R 型细菌
BIOLOGY,0092,87,第九章 基因的本质 / 第 1 节 DNA 是主要的遗传物质 / 知识清单 一 肺炎链球菌转化实验,荚膜与致病性
BIOLOGY,0092,87,第九章 基因的本质 / 第 1 节 DNA 是主要的遗传物质 / 知识清单 一 肺炎链球菌转化实验,格里菲思转化实验
BIOLOGY,0092,87,第九章 基因的本质 / 第 1 节 DNA 是主要的遗传物质 / 知识清单 一 肺炎链球菌转化实验,转化因子
BIOLOGY,0092,87,第九章 基因的本质 / 第 1 节 DNA 是主要的遗传物质 / 知识清单 一 肺炎链球菌转化实验,基因重组
BIOLOGY,0092,87,第九章 基因的本质 / 第 1 节 DNA 是主要的遗传物质 / 知识清单 一 肺炎链球菌转化实验,艾弗里体外转化实验
BIOLOGY,0092,87,第九章 基因的本质 / 第 1 节 DNA 是主要的遗传物质 / 知识清单 一 肺炎链球菌转化实验,加法原理
BIOLOGY,0092,87,第九章 基因的本质 / 第 1 节 DNA 是主要的遗传物质 / 知识清单 一 肺炎链球菌转化实验,减法原理
BIOLOGY,0092,87,第九章 基因的本质 / 第 1 节 DNA 是主要的遗传物质 / 知识清单 一 肺炎链球菌转化实验,自变量控制
BIOLOGY,0092,87,第九章 基因的本质 / 第 1 节 DNA 是主要的遗传物质 / 知识清单 一 肺炎链球菌转化实验,对照实验
BIOLOGY,0093,88,第九章 基因的本质 / 第 1 节 DNA 是主要的遗传物质 / 知识清单 二 噬菌体侵染细菌的实验、三 DNA 是主要的遗传物质,T2 噬菌体
BIOLOGY,0093,88,第九章 基因的本质 / 第 1 节 DNA 是主要的遗传物质 / 知识清单 二 噬菌体侵染细菌的实验、三 DNA 是主要的遗传物质,噬菌体的结构
BIOLOGY,0093,88,第九章 基因的本质 / 第 1 节 DNA 是主要的遗传物质 / 知识清单 二 噬菌体侵染细菌的实验、三 DNA 是主要的遗传物质,放射性同位素标记技术
BIOLOGY,0093,88,第九章 基因的本质 / 第 1 节 DNA 是主要的遗传物质 / 知识清单 二 噬菌体侵染细菌的实验、三 DNA 是主要的遗传物质,噬菌体侵染细菌的实验
BIOLOGY,0093,88,第九章 基因的本质 / 第 1 节 DNA 是主要的遗传物质 / 知识清单 二 噬菌体侵染细菌的实验、三 DNA 是主要的遗传物质,T2 噬菌体增殖的条件
BIOLOGY,0093,88,第九章 基因的本质 / 第 1 节 DNA 是主要的遗传物质 / 知识清单 二 噬菌体侵染细菌的实验、三 DNA 是主要的遗传物质,保温的目的
BIOLOGY,0093,88,第九章 基因的本质 / 第 1 节 DNA 是主要的遗传物质 / 知识清单 二 噬菌体侵染细菌的实验、三 DNA 是主要的遗传物质,搅拌的目的
BIOLOGY,0093,88,第九章 基因的本质 / 第 1 节 DNA 是主要的遗传物质 / 知识清单 二 噬菌体侵染细菌的实验、三 DNA 是主要的遗传物质,离心的目的
BIOLOGY,0093,88,第九章 基因的本质 / 第 1 节 DNA 是主要的遗传物质 / 知识清单 二 噬菌体侵染细菌的实验、三 DNA 是主要的遗传物质,上清液与沉淀物
BIOLOGY,0093,88,第九章 基因的本质 / 第 1 节 DNA 是主要的遗传物质 / 知识清单 二 噬菌体侵染细菌的实验、三 DNA 是主要的遗传物质,实验误差分析
BIOLOGY,0093,88,第九章 基因的本质 / 第 1 节 DNA 是主要的遗传物质 / 知识清单 二 噬菌体侵染细菌的实验、三 DNA 是主要的遗传物质,烟草花叶病毒侵染实验
BIOLOGY,0093,88,第九章 基因的本质 / 第 1 节 DNA 是主要的遗传物质 / 知识清单 二 噬菌体侵染细菌的实验、三 DNA 是主要的遗传物质,RNA 是遗传物质
BIOLOGY,0093,88,第九章 基因的本质 / 第 1 节 DNA 是主要的遗传物质 / 知识清单 二 噬菌体侵染细菌的实验、三 DNA 是主要的遗传物质,DNA 是主要的遗传物质
BIOLOGY,0094,89,第九章 基因的本质 / 第 2 节 DNA 的结构和复制、基因的本质 / 知识清单 一 DNA 的结构、二 DNA 的复制,DNA 双螺旋结构模型
BIOLOGY,0094,89,第九章 基因的本质 / 第 2 节 DNA 的结构和复制、基因的本质 / 知识清单 一 DNA 的结构、二 DNA 的复制,沃森和克里克
BIOLOGY,0094,89,第九章 基因的本质 / 第 2 节 DNA 的结构和复制、基因的本质 / 知识清单 一 DNA 的结构、二 DNA 的复制,威尔金斯与富兰克林
BIOLOGY,0094,89,第九章 基因的本质 / 第 2 节 DNA 的结构和复制、基因的本质 / 知识清单 一 DNA 的结构、二 DNA 的复制,DNA 衍射图谱
BIOLOGY,0094,89,第九章 基因的本质 / 第 2 节 DNA 的结构和复制、基因的本质 / 知识清单 一 DNA 的结构、二 DNA 的复制,查哥夫法则
BIOLOGY,0094,89,第九章 基因的本质 / 第 2 节 DNA 的结构和复制、基因的本质 / 知识清单 一 DNA 的结构、二 DNA 的复制,碱基互补配对
BIOLOGY,0094,89,第九章 基因的本质 / 第 2 节 DNA 的结构和复制、基因的本质 / 知识清单 一 DNA 的结构、二 DNA 的复制,脱氧核苷酸
BIOLOGY,0094,89,第九章 基因的本质 / 第 2 节 DNA 的结构和复制、基因的本质 / 知识清单 一 DNA 的结构、二 DNA 的复制,反向平行
BIOLOGY,0094,89,第九章 基因的本质 / 第 2 节 DNA 的结构和复制、基因的本质 / 知识清单 一 DNA 的结构、二 DNA 的复制,磷酸二酯键
BIOLOGY,0094,89,第九章 基因的本质 / 第 2 节 DNA 的结构和复制、基因的本质 / 知识清单 一 DNA 的结构、二 DNA 的复制,氢键
BIOLOGY,0094,89,第九章 基因的本质 / 第 2 节 DNA 的结构和复制、基因的本质 / 知识清单 一 DNA 的结构、二 DNA 的复制,全保留复制
BIOLOGY,0094,89,第九章 基因的本质 / 第 2 节 DNA 的结构和复制、基因的本质 / 知识清单 一 DNA 的结构、二 DNA 的复制,半保留复制
BIOLOGY,0094,89,第九章 基因的本质 / 第 2 节 DNA 的结构和复制、基因的本质 / 知识清单 一 DNA 的结构、二 DNA 的复制,分散复制
BIOLOGY,0094,89,第九章 基因的本质 / 第 2 节 DNA 的结构和复制、基因的本质 / 知识清单 一 DNA 的结构、二 DNA 的复制,密度梯度离心
BIOLOGY,0094,89,第九章 基因的本质 / 第 2 节 DNA 的结构和复制、基因的本质 / 知识清单 一 DNA 的结构、二 DNA 的复制,同位素标记法
BIOLOGY,0094,89,第九章 基因的本质 / 第 2 节 DNA 的结构和复制、基因的本质 / 知识清单 一 DNA 的结构、二 DNA 的复制,DNA 复制的时间
BIOLOGY,0094,89,第九章 基因的本质 / 第 2 节 DNA 的结构和复制、基因的本质 / 知识清单 一 DNA 的结构、二 DNA 的复制,DNA 复制的场所
BIOLOGY,0095,90,第九章 基因的本质 / 第 2 节 DNA 的结构和复制、基因的本质 / 知识清单 二 DNA 的复制（续表）、知识归纳、知识拓展,半保留复制
BIOLOGY,0095,90,第九章 基因的本质 / 第 2 节 DNA 的结构和复制、基因的本质 / 知识清单 二 DNA 的复制（续表）、知识归纳、知识拓展,边解旋边复制
BIOLOGY,0095,90,第九章 基因的本质 / 第 2 节 DNA 的结构和复制、基因的本质 / 知识清单 二 DNA 的复制（续表）、知识归纳、知识拓展,解旋酶
BIOLOGY,0095,90,第九章 基因的本质 / 第 2 节 DNA 的结构和复制、基因的本质 / 知识清单 二 DNA 的复制（续表）、知识归纳、知识拓展,DNA 聚合酶
BIOLOGY,0095,90,第九章 基因的本质 / 第 2 节 DNA 的结构和复制、基因的本质 / 知识清单 二 DNA 的复制（续表）、知识归纳、知识拓展,碱基互补配对
BIOLOGY,0095,90,第九章 基因的本质 / 第 2 节 DNA 的结构和复制、基因的本质 / 知识清单 二 DNA 的复制（续表）、知识归纳、知识拓展,子链延伸方向
BIOLOGY,0095,90,第九章 基因的本质 / 第 2 节 DNA 的结构和复制、基因的本质 / 知识清单 二 DNA 的复制（续表）、知识归纳、知识拓展,DNA 半不连续性
BIOLOGY,0095,90,第九章 基因的本质 / 第 2 节 DNA 的结构和复制、基因的本质 / 知识清单 二 DNA 的复制（续表）、知识归纳、知识拓展,RNA 引物
BIOLOGY,0095,90,第九章 基因的本质 / 第 2 节 DNA 的结构和复制、基因的本质 / 知识清单 二 DNA 的复制（续表）、知识归纳、知识拓展,前导链
BIOLOGY,0095,90,第九章 基因的本质 / 第 2 节 DNA 的结构和复制、基因的本质 / 知识清单 二 DNA 的复制（续表）、知识归纳、知识拓展,后随链
BIOLOGY,0095,90,第九章 基因的本质 / 第 2 节 DNA 的结构和复制、基因的本质 / 知识清单 二 DNA 的复制（续表）、知识归纳、知识拓展,DNA 连接酶
BIOLOGY,0095,90,第九章 基因的本质 / 第 2 节 DNA 的结构和复制、基因的本质 / 知识清单 二 DNA 的复制（续表）、知识归纳、知识拓展,真核生物多起点复制
BIOLOGY,0095,90,第九章 基因的本质 / 第 2 节 DNA 的结构和复制、基因的本质 / 知识清单 二 DNA 的复制（续表）、知识归纳、知识拓展,拟核单起点复制
BIOLOGY,0095,90,第九章 基因的本质 / 第 2 节 DNA 的结构和复制、基因的本质 / 知识清单 二 DNA 的复制（续表）、知识归纳、知识拓展,双向复制
BIOLOGY,0096,91,第九章 基因的本质 / 第 2 节 DNA 的结构和复制、基因的本质 / 知识清单 三 基因的本质,基因的本质
BIOLOGY,0096,91,第九章 基因的本质 / 第 2 节 DNA 的结构和复制、基因的本质 / 知识清单 三 基因的本质,遗传效应
BIOLOGY,0096,91,第九章 基因的本质 / 第 2 节 DNA 的结构和复制、基因的本质 / 知识清单 三 基因的本质,RNA 病毒基因
BIOLOGY,0096,91,第九章 基因的本质 / 第 2 节 DNA 的结构和复制、基因的本质 / 知识清单 三 基因的本质,DNA 多样性
BIOLOGY,0096,91,第九章 基因的本质 / 第 2 节 DNA 的结构和复制、基因的本质 / 知识清单 三 基因的本质,DNA 特异性
BIOLOGY,0096,91,第九章 基因的本质 / 第 2 节 DNA 的结构和复制、基因的本质 / 知识清单 三 基因的本质,DNA 稳定性
BIOLOGY,0096,91,第九章 基因的本质 / 第 2 节 DNA 的结构和复制、基因的本质 / 知识清单 三 基因的本质,碱基排列顺序
BIOLOGY,0096,91,第九章 基因的本质 / 第 2 节 DNA 的结构和复制、基因的本质 / 知识清单 三 基因的本质,染色体与 DNA 关系
BIOLOGY,0096,91,第九章 基因的本质 / 第 2 节 DNA 的结构和复制、基因的本质 / 知识清单 三 基因的本质,基因与脱氧核苷酸
BIOLOGY,0096,91,第九章 基因的本质 / 第 2 节 DNA 的结构和复制、基因的本质 / 知识清单 三 基因的本质,基因间间隔序列
BIOLOGY,0096,91,第九章 基因的本质 / 第 2 节 DNA 的结构和复制、基因的本质 / 知识清单 三 基因的本质,碱基总数与基因碱基数
BIOLOGY,0097,92,第十章 基因的表达 / 第 1 节 基因指导蛋白质的合成 / 知识清单 一 遗传信息的转录和翻译,转录
BIOLOGY,0097,92,第十章 基因的表达 / 第 1 节 基因指导蛋白质的合成 / 知识清单 一 遗传信息的转录和翻译,翻译
BIOLOGY,0097,92,第十章 基因的表达 / 第 1 节 基因指导蛋白质的合成 / 知识清单 一 遗传信息的转录和翻译,RNA 聚合酶
BIOLOGY,0097,92,第十章 基因的表达 / 第 1 节 基因指导蛋白质的合成 / 知识清单 一 遗传信息的转录和翻译,模板链
BIOLOGY,0097,92,第十章 基因的表达 / 第 1 节 基因指导蛋白质的合成 / 知识清单 一 遗传信息的转录和翻译,编码链
BIOLOGY,0097,92,第十章 基因的表达 / 第 1 节 基因指导蛋白质的合成 / 知识清单 一 遗传信息的转录和翻译,启动子
BIOLOGY,0097,92,第十章 基因的表达 / 第 1 节 基因指导蛋白质的合成 / 知识清单 一 遗传信息的转录和翻译,终止子
BIOLOGY,0097,92,第十章 基因的表达 / 第 1 节 基因指导蛋白质的合成 / 知识清单 一 遗传信息的转录和翻译,密码子
BIOLOGY,0097,92,第十章 基因的表达 / 第 1 节 基因指导蛋白质的合成 / 知识清单 一 遗传信息的转录和翻译,反密码子
BIOLOGY,0097,92,第十章 基因的表达 / 第 1 节 基因指导蛋白质的合成 / 知识清单 一 遗传信息的转录和翻译,密码子的简并性
BIOLOGY,0097,92,第十章 基因的表达 / 第 1 节 基因指导蛋白质的合成 / 知识清单 一 遗传信息的转录和翻译,tRNA 转运氨基酸
BIOLOGY,0097,92,第十章 基因的表达 / 第 1 节 基因指导蛋白质的合成 / 知识清单 一 遗传信息的转录和翻译,肽链延伸方向
BIOLOGY,0097,92,第十章 基因的表达 / 第 1 节 基因指导蛋白质的合成 / 知识清单 一 遗传信息的转录和翻译,边转录边翻译
BIOLOGY,0097,92,第十章 基因的表达 / 第 1 节 基因指导蛋白质的合成 / 知识清单 一 遗传信息的转录和翻译,外显子
BIOLOGY,0097,92,第十章 基因的表达 / 第 1 节 基因指导蛋白质的合成 / 知识清单 一 遗传信息的转录和翻译,内含子
BIOLOGY,0098,93,第十章 基因的表达 / 第 1 节 基因指导蛋白质的合成 / 考教衔接 多聚核糖体、知识清单 二 中心法则,多聚核糖体
BIOLOGY,0098,93,第十章 基因的表达 / 第 1 节 基因指导蛋白质的合成 / 考教衔接 多聚核糖体、知识清单 二 中心法则,翻译的高效性
BIOLOGY,0098,93,第十章 基因的表达 / 第 1 节 基因指导蛋白质的合成 / 考教衔接 多聚核糖体、知识清单 二 中心法则,中心法则
BIOLOGY,0098,93,第十章 基因的表达 / 第 1 节 基因指导蛋白质的合成 / 考教衔接 多聚核糖体、知识清单 二 中心法则,克里克
BIOLOGY,0098,93,第十章 基因的表达 / 第 1 节 基因指导蛋白质的合成 / 考教衔接 多聚核糖体、知识清单 二 中心法则,逆转录
BIOLOGY,0098,93,第十章 基因的表达 / 第 1 节 基因指导蛋白质的合成 / 考教衔接 多聚核糖体、知识清单 二 中心法则,RNA 复制
BIOLOGY,0098,93,第十章 基因的表达 / 第 1 节 基因指导蛋白质的合成 / 考教衔接 多聚核糖体、知识清单 二 中心法则,遗传信息流动
BIOLOGY,0098,93,第十章 基因的表达 / 第 1 节 基因指导蛋白质的合成 / 考教衔接 多聚核糖体、知识清单 二 中心法则,DNA 病毒遗传信息流
BIOLOGY,0098,93,第十章 基因的表达 / 第 1 节 基因指导蛋白质的合成 / 考教衔接 多聚核糖体、知识清单 二 中心法则,RNA 病毒遗传信息流
BIOLOGY,0099,94,第十章 基因的表达 / 第 1 节 基因指导蛋白质的合成 / 考法清单 · 考法 核酸序列的阅读,编码链
BIOLOGY,0099,94,第十章 基因的表达 / 第 1 节 基因指导蛋白质的合成 / 考法清单 · 考法 核酸序列的阅读,模板链
BIOLOGY,0099,94,第十章 基因的表达 / 第 1 节 基因指导蛋白质的合成 / 考法清单 · 考法 核酸序列的阅读,转录方向
BIOLOGY,0099,94,第十章 基因的表达 / 第 1 节 基因指导蛋白质的合成 / 考法清单 · 考法 核酸序列的阅读,mRNA 与编码链碱基差异
BIOLOGY,0099,94,第十章 基因的表达 / 第 1 节 基因指导蛋白质的合成 / 考法清单 · 考法 核酸序列的阅读,密码子阅读
BIOLOGY,0099,94,第十章 基因的表达 / 第 1 节 基因指导蛋白质的合成 / 考法清单 · 考法 核酸序列的阅读,起始密码子 AUG
BIOLOGY,0099,94,第十章 基因的表达 / 第 1 节 基因指导蛋白质的合成 / 考法清单 · 考法 核酸序列的阅读,核糖体移动方向
BIOLOGY,0099,94,第十章 基因的表达 / 第 1 节 基因指导蛋白质的合成 / 考法清单 · 考法 核酸序列的阅读,核酸序列的阅读
BIOLOGY,0100,95,第十章 基因的表达 / 第 2 节 基因表达与性状的关系 / 知识清单（基因表达产物与性状的关系、基因与性状间的对应关系、基因表达调控对性状的影响）,基因直接控制性状
BIOLOGY,0100,95,第十章 基因的表达 / 第 2 节 基因表达与性状的关系 / 知识清单（基因表达产物与性状的关系、基因与性状间的对应关系、基因表达调控对性状的影响）,基因间接控制性状
BIOLOGY,0100,95,第十章 基因的表达 / 第 2 节 基因表达与性状的关系 / 知识清单（基因表达产物与性状的关系、基因与性状间的对应关系、基因表达调控对性状的影响）,镰状细胞贫血
BIOLOGY,0100,95,第十章 基因的表达 / 第 2 节 基因表达与性状的关系 / 知识清单（基因表达产物与性状的关系、基因与性状间的对应关系、基因表达调控对性状的影响）,囊性纤维化
BIOLOGY,0100,95,第十章 基因的表达 / 第 2 节 基因表达与性状的关系 / 知识清单（基因表达产物与性状的关系、基因与性状间的对应关系、基因表达调控对性状的影响）,CFTR 蛋白
BIOLOGY,0100,95,第十章 基因的表达 / 第 2 节 基因表达与性状的关系 / 知识清单（基因表达产物与性状的关系、基因与性状间的对应关系、基因表达调控对性状的影响）,豌豆皱粒
BIOLOGY,0100,95,第十章 基因的表达 / 第 2 节 基因表达与性状的关系 / 知识清单（基因表达产物与性状的关系、基因与性状间的对应关系、基因表达调控对性状的影响）,淀粉分支酶
BIOLOGY,0100,95,第十章 基因的表达 / 第 2 节 基因表达与性状的关系 / 知识清单（基因表达产物与性状的关系、基因与性状间的对应关系、基因表达调控对性状的影响）,基因与性状对应关系
BIOLOGY,0100,95,第十章 基因的表达 / 第 2 节 基因表达与性状的关系 / 知识清单（基因表达产物与性状的关系、基因与性状间的对应关系、基因表达调控对性状的影响）,细胞分化的本质
BIOLOGY,0100,95,第十章 基因的表达 / 第 2 节 基因表达与性状的关系 / 知识清单（基因表达产物与性状的关系、基因与性状间的对应关系、基因表达调控对性状的影响）,管家基因
BIOLOGY,0100,95,第十章 基因的表达 / 第 2 节 基因表达与性状的关系 / 知识清单（基因表达产物与性状的关系、基因与性状间的对应关系、基因表达调控对性状的影响）,奢侈基因
BIOLOGY,0100,95,第十章 基因的表达 / 第 2 节 基因表达与性状的关系 / 知识清单（基因表达产物与性状的关系、基因与性状间的对应关系、基因表达调控对性状的影响）,表观遗传
BIOLOGY,0100,95,第十章 基因的表达 / 第 2 节 基因表达与性状的关系 / 知识清单（基因表达产物与性状的关系、基因与性状间的对应关系、基因表达调控对性状的影响）,DNA 甲基化
BIOLOGY,0100,95,第十章 基因的表达 / 第 2 节 基因表达与性状的关系 / 知识清单（基因表达产物与性状的关系、基因与性状间的对应关系、基因表达调控对性状的影响）,组蛋白修饰
BIOLOGY,0101,96,第十章 基因的表达 / 考法清单 / 考法 表观遗传的常见调控机制,DNA 甲基化
BIOLOGY,0101,96,第十章 基因的表达 / 考法清单 / 考法 表观遗传的常见调控机制,去甲基化
BIOLOGY,0101,96,第十章 基因的表达 / 考法清单 / 考法 表观遗传的常见调控机制,基因组印记
BIOLOGY,0101,96,第十章 基因的表达 / 考法清单 / 考法 表观遗传的常见调控机制,亲代印记的重建
BIOLOGY,0101,96,第十章 基因的表达 / 考法清单 / 考法 表观遗传的常见调控机制,组蛋白修饰
BIOLOGY,0101,96,第十章 基因的表达 / 考法清单 / 考法 表观遗传的常见调控机制,组蛋白乙酰化
BIOLOGY,0101,96,第十章 基因的表达 / 考法清单 / 考法 表观遗传的常见调控机制,非组蛋白
BIOLOGY,0101,96,第十章 基因的表达 / 考法清单 / 考法 表观遗传的常见调控机制,非编码 RNA
BIOLOGY,0101,96,第十章 基因的表达 / 考法清单 / 考法 表观遗传的常见调控机制,siRNA
BIOLOGY,0101,96,第十章 基因的表达 / 考法清单 / 考法 表观遗传的常见调控机制,miRNA
BIOLOGY,0101,96,第十章 基因的表达 / 考法清单 / 考法 表观遗传的常见调控机制,lncRNA
BIOLOGY,0101,96,第十章 基因的表达 / 考法清单 / 考法 表观遗传的常见调控机制,RNA 干扰
BIOLOGY,0101,96,第十章 基因的表达 / 考法清单 / 考法 表观遗传的常见调控机制,表观遗传的调控机制
BIOLOGY,0102,97,第十一章 基因突变及其他变异 / 第 1 节 基因突变和基因重组 / 知识清单 一 基因突变,基因突变
BIOLOGY,0102,97,第十一章 基因突变及其他变异 / 第 1 节 基因突变和基因重组 / 知识清单 一 基因突变,碱基的替换
BIOLOGY,0102,97,第十一章 基因突变及其他变异 / 第 1 节 基因突变和基因重组 / 知识清单 一 基因突变,碱基的增添与缺失
BIOLOGY,0102,97,第十一章 基因突变及其他变异 / 第 1 节 基因突变和基因重组 / 知识清单 一 基因突变,细胞癌变
BIOLOGY,0102,97,第十一章 基因突变及其他变异 / 第 1 节 基因突变和基因重组 / 知识清单 一 基因突变,原癌基因
BIOLOGY,0102,97,第十一章 基因突变及其他变异 / 第 1 节 基因突变和基因重组 / 知识清单 一 基因突变,抑癌基因
BIOLOGY,0102,97,第十一章 基因突变及其他变异 / 第 1 节 基因突变和基因重组 / 知识清单 一 基因突变,致癌因子
BIOLOGY,0102,97,第十一章 基因突变及其他变异 / 第 1 节 基因突变和基因重组 / 知识清单 一 基因突变,癌细胞的特性
BIOLOGY,0102,97,第十一章 基因突变及其他变异 / 第 1 节 基因突变和基因重组 / 知识清单 一 基因突变,镰状细胞贫血
BIOLOGY,0102,97,第十一章 基因突变及其他变异 / 第 1 节 基因突变和基因重组 / 知识清单 一 基因突变,基因突变的原因
BIOLOGY,0102,97,第十一章 基因突变及其他变异 / 第 1 节 基因突变和基因重组 / 知识清单 一 基因突变,物理因素
BIOLOGY,0102,97,第十一章 基因突变及其他变异 / 第 1 节 基因突变和基因重组 / 知识清单 一 基因突变,化学因素
BIOLOGY,0102,97,第十一章 基因突变及其他变异 / 第 1 节 基因突变和基因重组 / 知识清单 一 基因突变,生物因素
BIOLOGY,0102,97,第十一章 基因突变及其他变异 / 第 1 节 基因突变和基因重组 / 知识清单 一 基因突变,基因突变的普遍性
BIOLOGY,0102,97,第十一章 基因突变及其他变异 / 第 1 节 基因突变和基因重组 / 知识清单 一 基因突变,基因突变的低频性
BIOLOGY,0102,97,第十一章 基因突变及其他变异 / 第 1 节 基因突变和基因重组 / 知识清单 一 基因突变,基因突变的不定向性
BIOLOGY,0102,97,第十一章 基因突变及其他变异 / 第 1 节 基因突变和基因重组 / 知识清单 一 基因突变,基因突变的随机性
BIOLOGY,0102,97,第十一章 基因突变及其他变异 / 第 1 节 基因突变和基因重组 / 知识清单 一 基因突变,基因突变的意义
BIOLOGY,0102,97,第十一章 基因突变及其他变异 / 第 1 节 基因突变和基因重组 / 知识清单 一 基因突变,诱变育种
BIOLOGY,0102,97,第十一章 基因突变及其他变异 / 第 1 节 基因突变和基因重组 / 知识清单 一 基因突变,中性突变
BIOLOGY,0103,98,第十一章 基因突变及其他变异 / 第 1 节 基因突变和基因重组 / 知识清单 二 基因重组、即练即清,基因重组
BIOLOGY,0103,98,第十一章 基因突变及其他变异 / 第 1 节 基因突变和基因重组 / 知识清单 二 基因重组、即练即清,基因重组的实质
BIOLOGY,0103,98,第十一章 基因突变及其他变异 / 第 1 节 基因突变和基因重组 / 知识清单 二 基因重组、即练即清,互换型基因重组
BIOLOGY,0103,98,第十一章 基因突变及其他变异 / 第 1 节 基因突变和基因重组 / 知识清单 二 基因重组、即练即清,自由组合型基因重组
BIOLOGY,0103,98,第十一章 基因突变及其他变异 / 第 1 节 基因突变和基因重组 / 知识清单 二 基因重组、即练即清,减数分裂Ⅰ前期的互换
BIOLOGY,0103,98,第十一章 基因突变及其他变异 / 第 1 节 基因突变和基因重组 / 知识清单 二 基因重组、即练即清,减数分裂Ⅰ后期的自由组合
BIOLOGY,0103,98,第十一章 基因突变及其他变异 / 第 1 节 基因突变和基因重组 / 知识清单 二 基因重组、即练即清,非等位基因
BIOLOGY,0103,98,第十一章 基因突变及其他变异 / 第 1 节 基因突变和基因重组 / 知识清单 二 基因重组、即练即清,人工重组 DNA
BIOLOGY,0103,98,第十一章 基因突变及其他变异 / 第 1 节 基因突变和基因重组 / 知识清单 二 基因重组、即练即清,细菌转化
BIOLOGY,0103,98,第十一章 基因突变及其他变异 / 第 1 节 基因突变和基因重组 / 知识清单 二 基因重组、即练即清,病毒整合
BIOLOGY,0103,98,第十一章 基因突变及其他变异 / 第 1 节 基因突变和基因重组 / 知识清单 二 基因重组、即练即清,基因重组的意义
BIOLOGY,0103,98,第十一章 基因突变及其他变异 / 第 1 节 基因突变和基因重组 / 知识清单 二 基因重组、即练即清,杂交育种
BIOLOGY,0103,98,第十一章 基因突变及其他变异 / 第 1 节 基因突变和基因重组 / 知识清单 二 基因重组、即练即清,基因工程育种
BIOLOGY,0104,99,第十一章 基因突变及其他变异 / 考法清单 / 考法 基因突变类型及其影响分析,碱基置换
BIOLOGY,0104,99,第十一章 基因突变及其他变异 / 考法清单 / 考法 基因突变类型及其影响分析,错义突变
BIOLOGY,0104,99,第十一章 基因突变及其他变异 / 考法清单 / 考法 基因突变类型及其影响分析,同义突变
BIOLOGY,0104,99,第十一章 基因突变及其他变异 / 考法清单 / 考法 基因突变类型及其影响分析,无义突变
BIOLOGY,0104,99,第十一章 基因突变及其他变异 / 考法清单 / 考法 基因突变类型及其影响分析,终止密码突变
BIOLOGY,0104,99,第十一章 基因突变及其他变异 / 考法清单 / 考法 基因突变类型及其影响分析,移码突变
BIOLOGY,0104,99,第十一章 基因突变及其他变异 / 考法清单 / 考法 基因突变类型及其影响分析,密码子读框
BIOLOGY,0104,99,第十一章 基因突变及其他变异 / 考法清单 / 考法 基因突变类型及其影响分析,整码突变
BIOLOGY,0104,99,第十一章 基因突变及其他变异 / 考法清单 / 考法 基因突变类型及其影响分析,基因大片段缺失
BIOLOGY,0104,99,第十一章 基因突变及其他变异 / 考法清单 / 考法 基因突变类型及其影响分析,插入失活
BIOLOGY,0104,99,第十一章 基因突变及其他变异 / 考法清单 / 考法 基因突变类型及其影响分析,基因突变对性状的影响
BIOLOGY,0105,100,第十一章 基因突变及其他变异 / 考法清单 / 考法 基因突变类型及其影响分析（续）,基因突变未导致性状改变的原因
BIOLOGY,0105,100,第十一章 基因突变及其他变异 / 考法清单 / 考法 基因突变类型及其影响分析（续）,基因的非编码区
BIOLOGY,0105,100,第十一章 基因突变及其他变异 / 考法清单 / 考法 基因突变类型及其影响分析（续）,密码子的简并性
BIOLOGY,0105,100,第十一章 基因突变及其他变异 / 考法清单 / 考法 基因突变类型及其影响分析（续）,隐性突变
BIOLOGY,0105,100,第十一章 基因突变及其他变异 / 考法清单 / 考法 基因突变类型及其影响分析（续）,蛋白质加工与肽段切除
BIOLOGY,0105,100,第十一章 基因突变及其他变异 / 考法清单 / 考法 基因突变类型及其影响分析（续）,无义突变
BIOLOGY,0105,100,第十一章 基因突变及其他变异 / 考法清单 / 考法 基因突变类型及其影响分析（续）,抑制性 tRNA
BIOLOGY,0105,100,第十一章 基因突变及其他变异 / 考法清单 / 考法 基因突变类型及其影响分析（续）,基因重叠
BIOLOGY,0106,101,第十一章 基因突变及其他变异 / 第 2 节 染色体变异 / 知识清单 一 染色体数目变异,染色体组
BIOLOGY,0106,101,第十一章 基因突变及其他变异 / 第 2 节 染色体变异 / 知识清单 一 染色体数目变异,染色体组数的判定
BIOLOGY,0106,101,第十一章 基因突变及其他变异 / 第 2 节 染色体变异 / 知识清单 一 染色体数目变异,二倍体
BIOLOGY,0106,101,第十一章 基因突变及其他变异 / 第 2 节 染色体变异 / 知识清单 一 染色体数目变异,三倍体
BIOLOGY,0106,101,第十一章 基因突变及其他变异 / 第 2 节 染色体变异 / 知识清单 一 染色体数目变异,四倍体
BIOLOGY,0106,101,第十一章 基因突变及其他变异 / 第 2 节 染色体变异 / 知识清单 一 染色体数目变异,单倍体
BIOLOGY,0106,101,第十一章 基因突变及其他变异 / 第 2 节 染色体变异 / 知识清单 一 染色体数目变异,多倍体
BIOLOGY,0106,101,第十一章 基因突变及其他变异 / 第 2 节 染色体变异 / 知识清单 一 染色体数目变异,21 三体综合征
BIOLOGY,0106,101,第十一章 基因突变及其他变异 / 第 2 节 染色体变异 / 知识清单 一 染色体数目变异,个别染色体增减
BIOLOGY,0106,101,第十一章 基因突变及其他变异 / 第 2 节 染色体变异 / 知识清单 一 染色体数目变异,单倍体育种
BIOLOGY,0106,101,第十一章 基因突变及其他变异 / 第 2 节 染色体变异 / 知识清单 一 染色体数目变异,花药离体培养
BIOLOGY,0106,101,第十一章 基因突变及其他变异 / 第 2 节 染色体变异 / 知识清单 一 染色体数目变异,秋水仙素
BIOLOGY,0106,101,第十一章 基因突变及其他变异 / 第 2 节 染色体变异 / 知识清单 一 染色体数目变异,多倍体育种
BIOLOGY,0106,101,第十一章 基因突变及其他变异 / 第 2 节 染色体变异 / 知识清单 一 染色体数目变异,同源多倍体
BIOLOGY,0106,101,第十一章 基因突变及其他变异 / 第 2 节 染色体变异 / 知识清单 一 染色体数目变异,异源多倍体
BIOLOGY,0106,101,第十一章 基因突变及其他变异 / 第 2 节 染色体变异 / 知识清单 一 染色体数目变异,三倍体无子西瓜
BIOLOGY,0106,101,第十一章 基因突变及其他变异 / 第 2 节 染色体变异 / 知识清单 一 染色体数目变异,普通小麦的培育
BIOLOGY,0106,101,第十一章 基因突变及其他变异 / 第 2 节 染色体变异 / 知识清单 一 染色体数目变异,联会紊乱
BIOLOGY,0106,101,第十一章 基因突变及其他变异 / 第 2 节 染色体变异 / 知识清单 一 染色体数目变异,生殖隔离
BIOLOGY,0107,102,第十一章 基因突变及其他变异 / 第 2 节 染色体变异 / 知识清单 实验 低温诱导植物细胞染色体数目的变化、二 染色体结构变异、即练即清,低温诱导染色体数目加倍
BIOLOGY,0107,102,第十一章 基因突变及其他变异 / 第 2 节 染色体变异 / 知识清单 实验 低温诱导植物细胞染色体数目的变化、二 染色体结构变异、即练即清,纺锤体的形成被抑制
BIOLOGY,0107,102,第十一章 基因突变及其他变异 / 第 2 节 染色体变异 / 知识清单 实验 低温诱导植物细胞染色体数目的变化、二 染色体结构变异、即练即清,卡诺氏液
BIOLOGY,0107,102,第十一章 基因突变及其他变异 / 第 2 节 染色体变异 / 知识清单 实验 低温诱导植物细胞染色体数目的变化、二 染色体结构变异、即练即清,解离
BIOLOGY,0107,102,第十一章 基因突变及其他变异 / 第 2 节 染色体变异 / 知识清单 实验 低温诱导植物细胞染色体数目的变化、二 染色体结构变异、即练即清,漂洗与染色
BIOLOGY,0107,102,第十一章 基因突变及其他变异 / 第 2 节 染色体变异 / 知识清单 实验 低温诱导植物细胞染色体数目的变化、二 染色体结构变异、即练即清,单倍体与染色体组数
BIOLOGY,0107,102,第十一章 基因突变及其他变异 / 第 2 节 染色体变异 / 知识清单 实验 低温诱导植物细胞染色体数目的变化、二 染色体结构变异、即练即清,可遗传变异
BIOLOGY,0107,102,第十一章 基因突变及其他变异 / 第 2 节 染色体变异 / 知识清单 实验 低温诱导植物细胞染色体数目的变化、二 染色体结构变异、即练即清,染色体结构变异
BIOLOGY,0107,102,第十一章 基因突变及其他变异 / 第 2 节 染色体变异 / 知识清单 实验 低温诱导植物细胞染色体数目的变化、二 染色体结构变异、即练即清,缺失
BIOLOGY,0107,102,第十一章 基因突变及其他变异 / 第 2 节 染色体变异 / 知识清单 实验 低温诱导植物细胞染色体数目的变化、二 染色体结构变异、即练即清,重复
BIOLOGY,0107,102,第十一章 基因突变及其他变异 / 第 2 节 染色体变异 / 知识清单 实验 低温诱导植物细胞染色体数目的变化、二 染色体结构变异、即练即清,倒位
BIOLOGY,0107,102,第十一章 基因突变及其他变异 / 第 2 节 染色体变异 / 知识清单 实验 低温诱导植物细胞染色体数目的变化、二 染色体结构变异、即练即清,易位
BIOLOGY,0107,102,第十一章 基因突变及其他变异 / 第 2 节 染色体变异 / 知识清单 实验 低温诱导植物细胞染色体数目的变化、二 染色体结构变异、即练即清,联会时的异常现象
BIOLOGY,0107,102,第十一章 基因突变及其他变异 / 第 2 节 染色体变异 / 知识清单 实验 低温诱导植物细胞染色体数目的变化、二 染色体结构变异、即练即清,染色体结构变异与基因突变的区别
BIOLOGY,0107,102,第十一章 基因突变及其他变异 / 第 2 节 染色体变异 / 知识清单 实验 低温诱导植物细胞染色体数目的变化、二 染色体结构变异、即练即清,互换与易位的区别
BIOLOGY,0108,103,第十一章 基因突变及其他变异 / 考法清单 / 考法 染色体变异个体产生配子情况,染色体变异个体产生配子
BIOLOGY,0108,103,第十一章 基因突变及其他变异 / 考法清单 / 考法 染色体变异个体产生配子情况,缺失个体的配子比例
BIOLOGY,0108,103,第十一章 基因突变及其他变异 / 考法清单 / 考法 染色体变异个体产生配子情况,重复个体的配子比例
BIOLOGY,0108,103,第十一章 基因突变及其他变异 / 考法清单 / 考法 染色体变异个体产生配子情况,易位个体的配子比例
BIOLOGY,0108,103,第十一章 基因突变及其他变异 / 考法清单 / 考法 染色体变异个体产生配子情况,单体产生配子
BIOLOGY,0108,103,第十一章 基因突变及其他变异 / 考法清单 / 考法 染色体变异个体产生配子情况,三体产生配子
BIOLOGY,0108,103,第十一章 基因突变及其他变异 / 考法清单 / 考法 染色体变异个体产生配子情况,四体产生配子
BIOLOGY,0108,103,第十一章 基因突变及其他变异 / 考法清单 / 考法 染色体变异个体产生配子情况,三体产生配子的标号法
BIOLOGY,0108,103,第十一章 基因突变及其他变异 / 考法清单 / 考法 染色体变异个体产生配子情况,平衡易位
BIOLOGY,0108,103,第十一章 基因突变及其他变异 / 考法清单 / 考法 染色体变异个体产生配子情况,罗氏易位
BIOLOGY,0108,103,第十一章 基因突变及其他变异 / 考法清单 / 考法 染色体变异个体产生配子情况,三联体联会
BIOLOGY,0109,104,第十二章 生物的进化 / 知识清单 一 达尔文的生物进化论、二 现代生物进化理论,共同由来学说
BIOLOGY,0109,104,第十二章 生物的进化 / 知识清单 一 达尔文的生物进化论、二 现代生物进化理论,化石
BIOLOGY,0109,104,第十二章 生物的进化 / 知识清单 一 达尔文的生物进化论、二 现代生物进化理论,比较解剖学证据
BIOLOGY,0109,104,第十二章 生物的进化 / 知识清单 一 达尔文的生物进化论、二 现代生物进化理论,胚胎学证据
BIOLOGY,0109,104,第十二章 生物的进化 / 知识清单 一 达尔文的生物进化论、二 现代生物进化理论,细胞和分子水平的证据
BIOLOGY,0109,104,第十二章 生物的进化 / 知识清单 一 达尔文的生物进化论、二 现代生物进化理论,自然选择学说
BIOLOGY,0109,104,第十二章 生物的进化 / 知识清单 一 达尔文的生物进化论、二 现代生物进化理论,过度繁殖
BIOLOGY,0109,104,第十二章 生物的进化 / 知识清单 一 达尔文的生物进化论、二 现代生物进化理论,遗传和变异
BIOLOGY,0109,104,第十二章 生物的进化 / 知识清单 一 达尔文的生物进化论、二 现代生物进化理论,生存斗争
BIOLOGY,0109,104,第十二章 生物的进化 / 知识清单 一 达尔文的生物进化论、二 现代生物进化理论,适者生存
BIOLOGY,0109,104,第十二章 生物的进化 / 知识清单 一 达尔文的生物进化论、二 现代生物进化理论,适应的形成
BIOLOGY,0109,104,第十二章 生物的进化 / 知识清单 一 达尔文的生物进化论、二 现代生物进化理论,适应的普遍性
BIOLOGY,0109,104,第十二章 生物的进化 / 知识清单 一 达尔文的生物进化论、二 现代生物进化理论,适应的相对性
BIOLOGY,0109,104,第十二章 生物的进化 / 知识清单 一 达尔文的生物进化论、二 现代生物进化理论,种群
BIOLOGY,0109,104,第十二章 生物的进化 / 知识清单 一 达尔文的生物进化论、二 现代生物进化理论,基因库
BIOLOGY,0109,104,第十二章 生物的进化 / 知识清单 一 达尔文的生物进化论、二 现代生物进化理论,基因频率
BIOLOGY,0109,104,第十二章 生物的进化 / 知识清单 一 达尔文的生物进化论、二 现代生物进化理论,生物进化的实质
BIOLOGY,0109,104,第十二章 生物的进化 / 知识清单 一 达尔文的生物进化论、二 现代生物进化理论,突变和基因重组提供进化的原材料
BIOLOGY,0109,104,第十二章 生物的进化 / 知识清单 一 达尔文的生物进化论、二 现代生物进化理论,可遗传变异的不定向性
BIOLOGY,0109,104,第十二章 生物的进化 / 知识清单 一 达尔文的生物进化论、二 现代生物进化理论,自然选择的定向作用
BIOLOGY,0109,104,第十二章 生物的进化 / 知识清单 一 达尔文的生物进化论、二 现代生物进化理论,隔离
BIOLOGY,0109,104,第十二章 生物的进化 / 知识清单 一 达尔文的生物进化论、二 现代生物进化理论,生殖隔离
BIOLOGY,0109,104,第十二章 生物的进化 / 知识清单 一 达尔文的生物进化论、二 现代生物进化理论,地理隔离
BIOLOGY,0109,104,第十二章 生物的进化 / 知识清单 一 达尔文的生物进化论、二 现代生物进化理论,物种
BIOLOGY,0110,105,第十二章 生物的进化 / 知识清单 二 现代生物进化理论（续表）、知识拓展、三 实验 探究抗生素对细菌的选择作用、即练即清,渐变式物种形成
BIOLOGY,0110,105,第十二章 生物的进化 / 知识清单 二 现代生物进化理论（续表）、知识拓展、三 实验 探究抗生素对细菌的选择作用、即练即清,骤变式物种形成
BIOLOGY,0110,105,第十二章 生物的进化 / 知识清单 二 现代生物进化理论（续表）、知识拓展、三 实验 探究抗生素对细菌的选择作用、即练即清,生殖隔离
BIOLOGY,0110,105,第十二章 生物的进化 / 知识清单 二 现代生物进化理论（续表）、知识拓展、三 实验 探究抗生素对细菌的选择作用、即练即清,地理隔离
BIOLOGY,0110,105,第十二章 生物的进化 / 知识清单 二 现代生物进化理论（续表）、知识拓展、三 实验 探究抗生素对细菌的选择作用、即练即清,物种形成的标志
BIOLOGY,0110,105,第十二章 生物的进化 / 知识清单 二 现代生物进化理论（续表）、知识拓展、三 实验 探究抗生素对细菌的选择作用、即练即清,协同进化
BIOLOGY,0110,105,第十二章 生物的进化 / 知识清单 二 现代生物进化理论（续表）、知识拓展、三 实验 探究抗生素对细菌的选择作用、即练即清,精明的捕食者策略
BIOLOGY,0110,105,第十二章 生物的进化 / 知识清单 二 现代生物进化理论（续表）、知识拓展、三 实验 探究抗生素对细菌的选择作用、即练即清,收割理论
BIOLOGY,0110,105,第十二章 生物的进化 / 知识清单 二 现代生物进化理论（续表）、知识拓展、三 实验 探究抗生素对细菌的选择作用、即练即清,生物多样性
BIOLOGY,0110,105,第十二章 生物的进化 / 知识清单 二 现代生物进化理论（续表）、知识拓展、三 实验 探究抗生素对细菌的选择作用、即练即清,遗传漂变
BIOLOGY,0110,105,第十二章 生物的进化 / 知识清单 二 现代生物进化理论（续表）、知识拓展、三 实验 探究抗生素对细菌的选择作用、即练即清,探究抗生素对细菌的选择作用
BIOLOGY,0110,105,第十二章 生物的进化 / 知识清单 二 现代生物进化理论（续表）、知识拓展、三 实验 探究抗生素对细菌的选择作用、即练即清,抑菌圈
BIOLOGY,0110,105,第十二章 生物的进化 / 知识清单 二 现代生物进化理论（续表）、知识拓展、三 实验 探究抗生素对细菌的选择作用、即练即清,耐药性
BIOLOGY,0110,105,第十二章 生物的进化 / 知识清单 二 现代生物进化理论（续表）、知识拓展、三 实验 探究抗生素对细菌的选择作用、即练即清,抗生素的选择作用
BIOLOGY,0111,106,第十二章 生物的进化 / 考法清单 / 考法 基因频率和基因型频率的计算,基因频率的计算
BIOLOGY,0111,106,第十二章 生物的进化 / 考法清单 / 考法 基因频率和基因型频率的计算,基因型频率的计算
BIOLOGY,0111,106,第十二章 生物的进化 / 考法清单 / 考法 基因频率和基因型频率的计算,常染色体上基因频率的计算
BIOLOGY,0111,106,第十二章 生物的进化 / 考法清单 / 考法 基因频率和基因型频率的计算,性染色体上基因频率的计算
BIOLOGY,0111,106,第十二章 生物的进化 / 考法清单 / 考法 基因频率和基因型频率的计算,遗传平衡定律
BIOLOGY,0111,106,第十二章 生物的进化 / 考法清单 / 考法 基因频率和基因型频率的计算,遗传平衡的数学表达式
BIOLOGY,0111,106,第十二章 生物的进化 / 考法清单 / 考法 基因频率和基因型频率的计算,$p^2$、$2pq$、$q^2$
BIOLOGY,0111,106,第十二章 生物的进化 / 考法清单 / 考法 基因频率和基因型频率的计算,X 染色体上基因频率与基因型频率
BIOLOGY,0111,106,第十二章 生物的进化 / 考法清单 / 考法 基因频率和基因型频率的计算,男性发病率即基因频率
BIOLOGY,0111,106,第十二章 生物的进化 / 考法清单 / 考法 基因频率和基因型频率的计算,女性携带者比例
BIOLOGY,0112,107,第三部分 稳态与调节 / 第十三章 人体的内环境与稳态 / 知识清单 一 细胞生活的环境,体液
BIOLOGY,0112,107,第三部分 稳态与调节 / 第十三章 人体的内环境与稳态 / 知识清单 一 细胞生活的环境,细胞内液
BIOLOGY,0112,107,第三部分 稳态与调节 / 第十三章 人体的内环境与稳态 / 知识清单 一 细胞生活的环境,细胞外液
BIOLOGY,0112,107,第三部分 稳态与调节 / 第十三章 人体的内环境与稳态 / 知识清单 一 细胞生活的环境,内环境
BIOLOGY,0112,107,第三部分 稳态与调节 / 第十三章 人体的内环境与稳态 / 知识清单 一 细胞生活的环境,血浆
BIOLOGY,0112,107,第三部分 稳态与调节 / 第十三章 人体的内环境与稳态 / 知识清单 一 细胞生活的环境,组织液
BIOLOGY,0112,107,第三部分 稳态与调节 / 第十三章 人体的内环境与稳态 / 知识清单 一 细胞生活的环境,淋巴液
BIOLOGY,0112,107,第三部分 稳态与调节 / 第十三章 人体的内环境与稳态 / 知识清单 一 细胞生活的环境,血浆与组织液的成分差别
BIOLOGY,0112,107,第三部分 稳态与调节 / 第十三章 人体的内环境与稳态 / 知识清单 一 细胞生活的环境,内环境成分的判断
BIOLOGY,0112,107,第三部分 稳态与调节 / 第十三章 人体的内环境与稳态 / 知识清单 一 细胞生活的环境,内环境的理化性质
BIOLOGY,0112,107,第三部分 稳态与调节 / 第十三章 人体的内环境与稳态 / 知识清单 一 细胞生活的环境,渗透压
BIOLOGY,0112,107,第三部分 稳态与调节 / 第十三章 人体的内环境与稳态 / 知识清单 一 细胞生活的环境,血浆 pH
BIOLOGY,0112,107,第三部分 稳态与调节 / 第十三章 人体的内环境与稳态 / 知识清单 一 细胞生活的环境,内环境的温度
BIOLOGY,0112,107,第三部分 稳态与调节 / 第十三章 人体的内环境与稳态 / 知识清单 一 细胞生活的环境,内环境的作用
BIOLOGY,0112,107,第三部分 稳态与调节 / 第十三章 人体的内环境与稳态 / 知识清单 一 细胞生活的环境,细胞与外界环境进行物质交换的媒介
BIOLOGY,0113,108,第十三章 人体的内环境与稳态 / 知识清单 二 内环境的稳态、考教衔接 血浆 pH 调节、即练即清,内环境稳态
BIOLOGY,0113,108,第十三章 人体的内环境与稳态 / 知识清单 二 内环境的稳态、考教衔接 血浆 pH 调节、即练即清,稳态的实质
BIOLOGY,0113,108,第十三章 人体的内环境与稳态 / 知识清单 二 内环境的稳态、考教衔接 血浆 pH 调节、即练即清,稳态的调节机制
BIOLOGY,0113,108,第十三章 人体的内环境与稳态 / 知识清单 二 内环境的稳态、考教衔接 血浆 pH 调节、即练即清,神经—体液—免疫调节网络
BIOLOGY,0113,108,第十三章 人体的内环境与稳态 / 知识清单 二 内环境的稳态、考教衔接 血浆 pH 调节、即练即清,稳态调节能力的限度
BIOLOGY,0113,108,第十三章 人体的内环境与稳态 / 知识清单 二 内环境的稳态、考教衔接 血浆 pH 调节、即练即清,组织水肿
BIOLOGY,0113,108,第十三章 人体的内环境与稳态 / 知识清单 二 内环境的稳态、考教衔接 血浆 pH 调节、即练即清,血浆渗透压下降
BIOLOGY,0113,108,第十三章 人体的内环境与稳态 / 知识清单 二 内环境的稳态、考教衔接 血浆 pH 调节、即练即清,组织液渗透压升高
BIOLOGY,0113,108,第十三章 人体的内环境与稳态 / 知识清单 二 内环境的稳态、考教衔接 血浆 pH 调节、即练即清,淋巴循环受阻
BIOLOGY,0113,108,第十三章 人体的内环境与稳态 / 知识清单 二 内环境的稳态、考教衔接 血浆 pH 调节、即练即清,血浆 pH 的调节
BIOLOGY,0113,108,第十三章 人体的内环境与稳态 / 知识清单 二 内环境的稳态、考教衔接 血浆 pH 调节、即练即清,缓冲对
BIOLOGY,0113,108,第十三章 人体的内环境与稳态 / 知识清单 二 内环境的稳态、考教衔接 血浆 pH 调节、即练即清,$\mathrm{HCO_3^-/H_2CO_3}$
BIOLOGY,0113,108,第十三章 人体的内环境与稳态 / 知识清单 二 内环境的稳态、考教衔接 血浆 pH 调节、即练即清,缓冲物质
BIOLOGY,0114,109,第十四章 神经调节 / 第1节 神经调节的结构基础和基本方式 / 知识清单 一 神经调节的结构基础,中枢神经系统
BIOLOGY,0114,109,第十四章 神经调节 / 第1节 神经调节的结构基础和基本方式 / 知识清单 一 神经调节的结构基础,大脑皮层
BIOLOGY,0114,109,第十四章 神经调节 / 第1节 神经调节的结构基础和基本方式 / 知识清单 一 神经调节的结构基础,小脑
BIOLOGY,0114,109,第十四章 神经调节 / 第1节 神经调节的结构基础和基本方式 / 知识清单 一 神经调节的结构基础,下丘脑
BIOLOGY,0114,109,第十四章 神经调节 / 第1节 神经调节的结构基础和基本方式 / 知识清单 一 神经调节的结构基础,脑干
BIOLOGY,0114,109,第十四章 神经调节 / 第1节 神经调节的结构基础和基本方式 / 知识清单 一 神经调节的结构基础,脊髓
BIOLOGY,0114,109,第十四章 神经调节 / 第1节 神经调节的结构基础和基本方式 / 知识清单 一 神经调节的结构基础,脑神经与脊神经
BIOLOGY,0114,109,第十四章 神经调节 / 第1节 神经调节的结构基础和基本方式 / 知识清单 一 神经调节的结构基础,传入神经与传出神经
BIOLOGY,0114,109,第十四章 神经调节 / 第1节 神经调节的结构基础和基本方式 / 知识清单 一 神经调节的结构基础,自主神经系统
BIOLOGY,0114,109,第十四章 神经调节 / 第1节 神经调节的结构基础和基本方式 / 知识清单 一 神经调节的结构基础,交感神经
BIOLOGY,0114,109,第十四章 神经调节 / 第1节 神经调节的结构基础和基本方式 / 知识清单 一 神经调节的结构基础,副交感神经
BIOLOGY,0114,109,第十四章 神经调节 / 第1节 神经调节的结构基础和基本方式 / 知识清单 一 神经调节的结构基础,神经元
BIOLOGY,0114,109,第十四章 神经调节 / 第1节 神经调节的结构基础和基本方式 / 知识清单 一 神经调节的结构基础,树突与轴突
BIOLOGY,0114,109,第十四章 神经调节 / 第1节 神经调节的结构基础和基本方式 / 知识清单 一 神经调节的结构基础,神经胶质细胞
BIOLOGY,0114,109,第十四章 神经调节 / 第1节 神经调节的结构基础和基本方式 / 知识清单 一 神经调节的结构基础,神经纤维与神经
BIOLOGY,0115,110,第十四章 神经调节 / 第1节 神经调节的结构基础和基本方式 / 知识拓展 · 知识清单 二 神经调节的基本方式,脑神经的功能分类
BIOLOGY,0115,110,第十四章 神经调节 / 第1节 神经调节的结构基础和基本方式 / 知识拓展 · 知识清单 二 神经调节的基本方式,反射
BIOLOGY,0115,110,第十四章 神经调节 / 第1节 神经调节的结构基础和基本方式 / 知识拓展 · 知识清单 二 神经调节的基本方式,反射产生的条件
BIOLOGY,0115,110,第十四章 神经调节 / 第1节 神经调节的结构基础和基本方式 / 知识拓展 · 知识清单 二 神经调节的基本方式,反射弧
BIOLOGY,0115,110,第十四章 神经调节 / 第1节 神经调节的结构基础和基本方式 / 知识拓展 · 知识清单 二 神经调节的基本方式,感受器与效应器
BIOLOGY,0115,110,第十四章 神经调节 / 第1节 神经调节的结构基础和基本方式 / 知识拓展 · 知识清单 二 神经调节的基本方式,传入神经与传出神经的判断
BIOLOGY,0115,110,第十四章 神经调节 / 第1节 神经调节的结构基础和基本方式 / 知识拓展 · 知识清单 二 神经调节的基本方式,神经中枢
BIOLOGY,0115,110,第十四章 神经调节 / 第1节 神经调节的结构基础和基本方式 / 知识拓展 · 知识清单 二 神经调节的基本方式,感觉的产生不属于反射
BIOLOGY,0115,110,第十四章 神经调节 / 第1节 神经调节的结构基础和基本方式 / 知识拓展 · 知识清单 二 神经调节的基本方式,非条件反射
BIOLOGY,0115,110,第十四章 神经调节 / 第1节 神经调节的结构基础和基本方式 / 知识拓展 · 知识清单 二 神经调节的基本方式,条件反射
BIOLOGY,0115,110,第十四章 神经调节 / 第1节 神经调节的结构基础和基本方式 / 知识拓展 · 知识清单 二 神经调节的基本方式,无关刺激
BIOLOGY,0115,110,第十四章 神经调节 / 第1节 神经调节的结构基础和基本方式 / 知识拓展 · 知识清单 二 神经调节的基本方式,非条件刺激
BIOLOGY,0115,110,第十四章 神经调节 / 第1节 神经调节的结构基础和基本方式 / 知识拓展 · 知识清单 二 神经调节的基本方式,条件刺激
BIOLOGY,0116,111,第十四章 神经调节 / 第2节 神经冲动的产生和传导 / 知识清单,兴奋在神经纤维上的传导
BIOLOGY,0116,111,第十四章 神经调节 / 第2节 神经冲动的产生和传导 / 知识清单,静息电位的形成
BIOLOGY,0116,111,第十四章 神经调节 / 第2节 神经冲动的产生和传导 / 知识清单,动作电位的形成
BIOLOGY,0116,111,第十四章 神经调节 / 第2节 神经冲动的产生和传导 / 知识清单,局部电流的方向
BIOLOGY,0116,111,第十四章 神经调节 / 第2节 神经冲动的产生和传导 / 知识清单,兴奋在神经纤维上双向传导
BIOLOGY,0116,111,第十四章 神经调节 / 第2节 神经冲动的产生和传导 / 知识清单,动作电位不随传导距离衰减
BIOLOGY,0116,111,第十四章 神经调节 / 第2节 神经冲动的产生和传导 / 知识清单,兴奋在神经元之间的传递
BIOLOGY,0116,111,第十四章 神经调节 / 第2节 神经冲动的产生和传导 / 知识清单,突触小泡与神经递质的释放
BIOLOGY,0116,111,第十四章 神经调节 / 第2节 神经冲动的产生和传导 / 知识清单,神经递质以胞吐方式释放
BIOLOGY,0116,111,第十四章 神经调节 / 第2节 神经冲动的产生和传导 / 知识清单,神经递质与突触后膜受体的特异性结合
BIOLOGY,0116,111,第十四章 神经调节 / 第2节 神经冲动的产生和传导 / 知识清单,神经递质的降解与回收
BIOLOGY,0116,111,第十四章 神经调节 / 第2节 神经冲动的产生和传导 / 知识清单,兴奋在突触处单向传递
BIOLOGY,0116,111,第十四章 神经调节 / 第2节 神经冲动的产生和传导 / 知识清单,突触延搁
BIOLOGY,0117,112,考法清单 / 考法1 膜电位变化曲线及动作电位和静息电位的影响因素（神经调节——神经冲动的产生与传导）,静息电位
BIOLOGY,0117,112,考法清单 / 考法1 膜电位变化曲线及动作电位和静息电位的影响因素（神经调节——神经冲动的产生与传导）,动作电位
BIOLOGY,0117,112,考法清单 / 考法1 膜电位变化曲线及动作电位和静息电位的影响因素（神经调节——神经冲动的产生与传导）,阈电位
BIOLOGY,0117,112,考法清单 / 考法1 膜电位变化曲线及动作电位和静息电位的影响因素（神经调节——神经冲动的产生与传导）,去极化与复极化
BIOLOGY,0117,112,考法清单 / 考法1 膜电位变化曲线及动作电位和静息电位的影响因素（神经调节——神经冲动的产生与传导）,超极化
BIOLOGY,0117,112,考法清单 / 考法1 膜电位变化曲线及动作电位和静息电位的影响因素（神经调节——神经冲动的产生与传导）,钠钾泵
BIOLOGY,0117,112,考法清单 / 考法1 膜电位变化曲线及动作电位和静息电位的影响因素（神经调节——神经冲动的产生与传导）,化学突触与电突触
BIOLOGY,0117,112,考法清单 / 考法1 膜电位变化曲线及动作电位和静息电位的影响因素（神经调节——神经冲动的产生与传导）,神经肌肉接头
BIOLOGY,0117,112,考法清单 / 考法1 膜电位变化曲线及动作电位和静息电位的影响因素（神经调节——神经冲动的产生与传导）,膜电位变化曲线
BIOLOGY,0117,112,考法清单 / 考法1 膜电位变化曲线及动作电位和静息电位的影响因素（神经调节——神经冲动的产生与传导）,膜外 $\mathrm{K^+}$ 浓度与静息电位
BIOLOGY,0118,113,第十四章 神经调节 / 考法1 续 / 考法2 电流计指针偏转及电位变化曲线分析,膜外 $\mathrm{Na^+}$ 浓度与动作电位峰值
BIOLOGY,0118,113,第十四章 神经调节 / 考法1 续 / 考法2 电流计指针偏转及电位变化曲线分析,$\mathrm{Cl^-}$ 内流与静息电位
BIOLOGY,0118,113,第十四章 神经调节 / 考法1 续 / 考法2 电流计指针偏转及电位变化曲线分析,电流计指针偏转方向与电流方向
BIOLOGY,0118,113,第十四章 神经调节 / 考法1 续 / 考法2 电流计指针偏转及电位变化曲线分析,电位差与指针偏转
BIOLOGY,0118,113,第十四章 神经调节 / 考法1 续 / 考法2 电流计指针偏转及电位变化曲线分析,兴奋在神经纤维上的双向传导
BIOLOGY,0118,113,第十四章 神经调节 / 考法1 续 / 考法2 电流计指针偏转及电位变化曲线分析,突触延搁
BIOLOGY,0118,113,第十四章 神经调节 / 考法1 续 / 考法2 电流计指针偏转及电位变化曲线分析,兴奋在突触处的单向传递
BIOLOGY,0118,113,第十四章 神经调节 / 考法1 续 / 考法2 电流计指针偏转及电位变化曲线分析,电流计指针偏转次数判断
BIOLOGY,0118,113,第十四章 神经调节 / 考法1 续 / 考法2 电流计指针偏转及电位变化曲线分析,静息电位与阈电位差值
BIOLOGY,0119,114,第十四章 神经调节 / 考法2 电流计指针偏转及电位变化曲线分析 / 2. 电位变化曲线分析,神经纤维表面电位差的测量
BIOLOGY,0119,114,第十四章 神经调节 / 考法2 电流计指针偏转及电位变化曲线分析 / 2. 电位变化曲线分析,跨膜电位的测量
BIOLOGY,0119,114,第十四章 神经调节 / 考法2 电流计指针偏转及电位变化曲线分析 / 2. 电位变化曲线分析,双相动作电位
BIOLOGY,0119,114,第十四章 神经调节 / 考法2 电流计指针偏转及电位变化曲线分析 / 2. 电位变化曲线分析,同一时刻不同位点膜电位曲线
BIOLOGY,0119,114,第十四章 神经调节 / 考法2 电流计指针偏转及电位变化曲线分析 / 2. 电位变化曲线分析,兴奋传导方向与膜电位空间分布
BIOLOGY,0119,114,第十四章 神经调节 / 考法2 电流计指针偏转及电位变化曲线分析 / 2. 电位变化曲线分析,兴奋部位膜外负电荷
BIOLOGY,0119,114,第十四章 神经调节 / 考法2 电流计指针偏转及电位变化曲线分析 / 2. 电位变化曲线分析,动作电位传导阻断
BIOLOGY,0119,114,第十四章 神经调节 / 考法2 电流计指针偏转及电位变化曲线分析 / 2. 电位变化曲线分析,指针偏转幅度与神经纤维数量
BIOLOGY,0119,114,第十四章 神经调节 / 考法2 电流计指针偏转及电位变化曲线分析 / 2. 电位变化曲线分析,神经纤维传导速度
BIOLOGY,0120,115,第十四章 神经调节 / 微专题 突触分析,兴奋性突触与抑制性突触
BIOLOGY,0120,115,第十四章 神经调节 / 微专题 突触分析,兴奋性递质
BIOLOGY,0120,115,第十四章 神经调节 / 微专题 突触分析,抑制性递质
BIOLOGY,0120,115,第十四章 神经调节 / 微专题 突触分析,GABA
BIOLOGY,0120,115,第十四章 神经调节 / 微专题 突触分析,5-羟色胺
BIOLOGY,0120,115,第十四章 神经调节 / 微专题 突触分析,突触后膜受体
BIOLOGY,0120,115,第十四章 神经调节 / 微专题 突触分析,受体偶联的离子通道
BIOLOGY,0120,115,第十四章 神经调节 / 微专题 突触分析,$\mathrm{Na^+}$ 通道与兴奋
BIOLOGY,0120,115,第十四章 神经调节 / 微专题 突触分析,$\mathrm{Cl^-}$ 通道与抑制
BIOLOGY,0120,115,第十四章 神经调节 / 微专题 突触分析,$\mathrm{Ca^{2+}}$ 通道与递质释放
BIOLOGY,0120,115,第十四章 神经调节 / 微专题 突触分析,$\mathrm{K^+}$ 通道与静息电位
BIOLOGY,0120,115,第十四章 神经调节 / 微专题 突触分析,$\mathrm{Cl^-}$ 转运蛋白
BIOLOGY,0120,115,第十四章 神经调节 / 微专题 突触分析,$\mathrm{Cl^-}$ 浓度与痛觉产生
BIOLOGY,0121,116,第十四章 神经调节 / 微专题 突触分析（突破指南）/ 第3节 神经系统的分级调节及人脑的高级功能,突触传递异常分析
BIOLOGY,0121,116,第十四章 神经调节 / 微专题 突触分析（突破指南）/ 第3节 神经系统的分级调节及人脑的高级功能,神经递质的合成与释放
BIOLOGY,0121,116,第十四章 神经调节 / 微专题 突触分析（突破指南）/ 第3节 神经系统的分级调节及人脑的高级功能,神经递质受体阻断
BIOLOGY,0121,116,第十四章 神经调节 / 微专题 突触分析（突破指南）/ 第3节 神经系统的分级调节及人脑的高级功能,神经递质的回收
BIOLOGY,0121,116,第十四章 神经调节 / 微专题 突触分析（突破指南）/ 第3节 神经系统的分级调节及人脑的高级功能,神经递质降解酶
BIOLOGY,0121,116,第十四章 神经调节 / 微专题 突触分析（突破指南）/ 第3节 神经系统的分级调节及人脑的高级功能,竞争性抑制剂
BIOLOGY,0121,116,第十四章 神经调节 / 微专题 突触分析（突破指南）/ 第3节 神经系统的分级调节及人脑的高级功能,$\mathrm{Ca^{2+}}$ 第二信使
BIOLOGY,0121,116,第十四章 神经调节 / 微专题 突触分析（突破指南）/ 第3节 神经系统的分级调节及人脑的高级功能,钙调蛋白
BIOLOGY,0121,116,第十四章 神经调节 / 微专题 突触分析（突破指南）/ 第3节 神经系统的分级调节及人脑的高级功能,神经系统的分级调节
BIOLOGY,0121,116,第十四章 神经调节 / 微专题 突触分析（突破指南）/ 第3节 神经系统的分级调节及人脑的高级功能,大脑皮层第一运动区
BIOLOGY,0121,116,第十四章 神经调节 / 微专题 突触分析（突破指南）/ 第3节 神经系统的分级调节及人脑的高级功能,对侧支配与上下倒置
BIOLOGY,0121,116,第十四章 神经调节 / 微专题 突触分析（突破指南）/ 第3节 神经系统的分级调节及人脑的高级功能,运动代表区与运动精细程度
BIOLOGY,0121,116,第十四章 神经调节 / 微专题 突触分析（突破指南）/ 第3节 神经系统的分级调节及人脑的高级功能,自主神经系统不完全自主
BIOLOGY,0121,116,第十四章 神经调节 / 微专题 突触分析（突破指南）/ 第3节 神经系统的分级调节及人脑的高级功能,语言中枢
BIOLOGY,0121,116,第十四章 神经调节 / 微专题 突触分析（突破指南）/ 第3节 神经系统的分级调节及人脑的高级功能,条件反射与学习
BIOLOGY,0121,116,第十四章 神经调节 / 微专题 突触分析（突破指南）/ 第3节 神经系统的分级调节及人脑的高级功能,短时记忆与海马区
BIOLOGY,0121,116,第十四章 神经调节 / 微专题 突触分析（突破指南）/ 第3节 神经系统的分级调节及人脑的高级功能,长时记忆与突触
BIOLOGY,0121,116,第十四章 神经调节 / 微专题 突触分析（突破指南）/ 第3节 神经系统的分级调节及人脑的高级功能,情绪与抗抑郁药
BIOLOGY,0122,117,第十四章 神经调节 / 第3节 神经系统的分级调节及人脑的高级功能 / 知识清单（续）,感觉性记忆
BIOLOGY,0122,117,第十四章 神经调节 / 第3节 神经系统的分级调节及人脑的高级功能 / 知识清单（续）,第一级记忆
BIOLOGY,0122,117,第十四章 神经调节 / 第3节 神经系统的分级调节及人脑的高级功能 / 知识清单（续）,第二级记忆
BIOLOGY,0122,117,第十四章 神经调节 / 第3节 神经系统的分级调节及人脑的高级功能 / 知识清单（续）,第三级记忆
BIOLOGY,0122,117,第十四章 神经调节 / 第3节 神经系统的分级调节及人脑的高级功能 / 知识清单（续）,短时记忆与长时记忆
BIOLOGY,0122,117,第十四章 神经调节 / 第3节 神经系统的分级调节及人脑的高级功能 / 知识清单（续）,注意与运用
BIOLOGY,0122,117,第十四章 神经调节 / 第3节 神经系统的分级调节及人脑的高级功能 / 知识清单（续）,运动性言语区
BIOLOGY,0122,117,第十四章 神经调节 / 第3节 神经系统的分级调节及人脑的高级功能 / 知识清单（续）,听觉性言语区
BIOLOGY,0122,117,第十四章 神经调节 / 第3节 神经系统的分级调节及人脑的高级功能 / 知识清单（续）,视觉性言语区
BIOLOGY,0122,117,第十四章 神经调节 / 第3节 神经系统的分级调节及人脑的高级功能 / 知识清单（续）,书写性言语区
BIOLOGY,0122,117,第十四章 神经调节 / 第3节 神经系统的分级调节及人脑的高级功能 / 知识清单（续）,运动性失语症
BIOLOGY,0122,117,第十四章 神经调节 / 第3节 神经系统的分级调节及人脑的高级功能 / 知识清单（续）,听觉性失语症
BIOLOGY,0122,117,第十四章 神经调节 / 第3节 神经系统的分级调节及人脑的高级功能 / 知识清单（续）,失读症
BIOLOGY,0122,117,第十四章 神经调节 / 第3节 神经系统的分级调节及人脑的高级功能 / 知识清单（续）,失写症
BIOLOGY,0122,117,第十四章 神经调节 / 第3节 神经系统的分级调节及人脑的高级功能 / 知识清单（续）,脑机接口
BIOLOGY,0122,117,第十四章 神经调节 / 第3节 神经系统的分级调节及人脑的高级功能 / 知识清单（续）,植入式与非植入式脑机接口
BIOLOGY,0122,117,第十四章 神经调节 / 第3节 神经系统的分级调节及人脑的高级功能 / 知识清单（续）,大脑皮层运动区与神经信号
BIOLOGY,0123,118,第十四章 神经调节 / 考法清单 / 考法 分级调节实例分析——排尿反射,排尿反射
BIOLOGY,0123,118,第十四章 神经调节 / 考法清单 / 考法 分级调节实例分析——排尿反射,膀胱逼尿肌
BIOLOGY,0123,118,第十四章 神经调节 / 考法清单 / 考法 分级调节实例分析——排尿反射,尿道内括约肌与尿道外括约肌
BIOLOGY,0123,118,第十四章 神经调节 / 考法清单 / 考法 分级调节实例分析——排尿反射,牵张感受器
BIOLOGY,0123,118,第十四章 神经调节 / 考法清单 / 考法 分级调节实例分析——排尿反射,副交感神经与排尿
BIOLOGY,0123,118,第十四章 神经调节 / 考法清单 / 考法 分级调节实例分析——排尿反射,交感神经与排尿
BIOLOGY,0123,118,第十四章 神经调节 / 考法清单 / 考法 分级调节实例分析——排尿反射,躯体运动神经
BIOLOGY,0123,118,第十四章 神经调节 / 考法清单 / 考法 分级调节实例分析——排尿反射,排尿反射的低级中枢与高级中枢
BIOLOGY,0123,118,第十四章 神经调节 / 考法清单 / 考法 分级调节实例分析——排尿反射,正反馈调节
BIOLOGY,0123,118,第十四章 神经调节 / 考法清单 / 考法 分级调节实例分析——排尿反射,排尿反射的分级调节
BIOLOGY,0123,118,第十四章 神经调节 / 考法清单 / 考法 分级调节实例分析——排尿反射,尿失禁
BIOLOGY,0123,118,第十四章 神经调节 / 考法清单 / 考法 分级调节实例分析——排尿反射,盆神经
BIOLOGY,0124,119,第十五章 体液调节 / 第1节 激素与内分泌系统 / 知识清单 / 一 动物激素的相关实验探究,促胰液素的发现
BIOLOGY,0124,119,第十五章 体液调节 / 第1节 激素与内分泌系统 / 知识清单 / 一 动物激素的相关实验探究,沃泰默实验
BIOLOGY,0124,119,第十五章 体液调节 / 第1节 激素与内分泌系统 / 知识清单 / 一 动物激素的相关实验探究,斯他林和贝利斯实验
BIOLOGY,0124,119,第十五章 体液调节 / 第1节 激素与内分泌系统 / 知识清单 / 一 动物激素的相关实验探究,促胰液素
BIOLOGY,0124,119,第十五章 体液调节 / 第1节 激素与内分泌系统 / 知识清单 / 一 动物激素的相关实验探究,胰液的分泌
BIOLOGY,0124,119,第十五章 体液调节 / 第1节 激素与内分泌系统 / 知识清单 / 一 动物激素的相关实验探究,神经调节与体液调节
BIOLOGY,0124,119,第十五章 体液调节 / 第1节 激素与内分泌系统 / 知识清单 / 一 动物激素的相关实验探究,胰岛素的发现
BIOLOGY,0124,119,第十五章 体液调节 / 第1节 激素与内分泌系统 / 知识清单 / 一 动物激素的相关实验探究,结扎胰管与胰腺萎缩
BIOLOGY,0124,119,第十五章 体液调节 / 第1节 激素与内分泌系统 / 知识清单 / 一 动物激素的相关实验探究,胰岛与糖尿病
BIOLOGY,0124,119,第十五章 体液调节 / 第1节 激素与内分泌系统 / 知识清单 / 一 动物激素的相关实验探究,胰蛋白酶与胰岛素提取
BIOLOGY,0124,119,第十五章 体液调节 / 第1节 激素与内分泌系统 / 知识清单 / 一 动物激素的相关实验探究,睾丸与雄激素
BIOLOGY,0124,119,第十五章 体液调节 / 第1节 激素与内分泌系统 / 知识清单 / 一 动物激素的相关实验探究,睾酮
BIOLOGY,0124,119,第十五章 体液调节 / 第1节 激素与内分泌系统 / 知识清单 / 一 动物激素的相关实验探究,阉割法
BIOLOGY,0124,119,第十五章 体液调节 / 第1节 激素与内分泌系统 / 知识清单 / 一 动物激素的相关实验探究,移植法
BIOLOGY,0124,119,第十五章 体液调节 / 第1节 激素与内分泌系统 / 知识清单 / 一 动物激素的相关实验探究,实验探究的减法原理
BIOLOGY,0124,119,第十五章 体液调节 / 第1节 激素与内分泌系统 / 知识清单 / 一 动物激素的相关实验探究,实验探究的加法原理
BIOLOGY,0124,119,第十五章 体液调节 / 第1节 激素与内分泌系统 / 知识清单 / 一 动物激素的相关实验探究,切除法
BIOLOGY,0124,119,第十五章 体液调节 / 第1节 激素与内分泌系统 / 知识清单 / 一 动物激素的相关实验探究,饲喂法
BIOLOGY,0124,119,第十五章 体液调节 / 第1节 激素与内分泌系统 / 知识清单 / 一 动物激素的相关实验探究,注射法
BIOLOGY,0124,119,第十五章 体液调节 / 第1节 激素与内分泌系统 / 知识清单 / 一 动物激素的相关实验探究,激素补充方式与化学本质
BIOLOGY,0124,119,第十五章 体液调节 / 第1节 激素与内分泌系统 / 知识清单 / 一 动物激素的相关实验探究,类固醇类激素
BIOLOGY,0124,119,第十五章 体液调节 / 第1节 激素与内分泌系统 / 知识清单 / 一 动物激素的相关实验探究,氨基酸衍生物类激素
BIOLOGY,0124,119,第十五章 体液调节 / 第1节 激素与内分泌系统 / 知识清单 / 一 动物激素的相关实验探究,多肽和蛋白质类激素
BIOLOGY,0125,120,第十五章 体液调节 / 第1节 激素与内分泌系统 / 知识清单 / 二 激素与内分泌系统,下丘脑与促激素释放激素
BIOLOGY,0125,120,第十五章 体液调节 / 第1节 激素与内分泌系统 / 知识清单 / 二 激素与内分泌系统,抗利尿激素
BIOLOGY,0125,120,第十五章 体液调节 / 第1节 激素与内分泌系统 / 知识清单 / 二 激素与内分泌系统,生长激素
BIOLOGY,0125,120,第十五章 体液调节 / 第1节 激素与内分泌系统 / 知识清单 / 二 激素与内分泌系统,促激素
BIOLOGY,0125,120,第十五章 体液调节 / 第1节 激素与内分泌系统 / 知识清单 / 二 激素与内分泌系统,胰岛素
BIOLOGY,0125,120,第十五章 体液调节 / 第1节 激素与内分泌系统 / 知识清单 / 二 激素与内分泌系统,胰高血糖素
BIOLOGY,0125,120,第十五章 体液调节 / 第1节 激素与内分泌系统 / 知识清单 / 二 激素与内分泌系统,甲状腺激素
BIOLOGY,0125,120,第十五章 体液调节 / 第1节 激素与内分泌系统 / 知识清单 / 二 激素与内分泌系统,肾上腺素
BIOLOGY,0125,120,第十五章 体液调节 / 第1节 激素与内分泌系统 / 知识清单 / 二 激素与内分泌系统,醛固酮
BIOLOGY,0125,120,第十五章 体液调节 / 第1节 激素与内分泌系统 / 知识清单 / 二 激素与内分泌系统,皮质醇
BIOLOGY,0125,120,第十五章 体液调节 / 第1节 激素与内分泌系统 / 知识清单 / 二 激素与内分泌系统,雄激素与雌激素
BIOLOGY,0125,120,第十五章 体液调节 / 第1节 激素与内分泌系统 / 知识清单 / 二 激素与内分泌系统,激素的化学本质分类
BIOLOGY,0125,120,第十五章 体液调节 / 第1节 激素与内分泌系统 / 知识清单 / 二 激素与内分泌系统,内分泌腺与外分泌腺
BIOLOGY,0125,120,第十五章 体液调节 / 第1节 激素与内分泌系统 / 知识清单 / 二 激素与内分泌系统,激素的作用部位
BIOLOGY,0125,120,第十五章 体液调节 / 第1节 激素与内分泌系统 / 知识清单 / 二 激素与内分泌系统,激素随血液循环运输
BIOLOGY,0125,120,第十五章 体液调节 / 第1节 激素与内分泌系统 / 知识清单 / 二 激素与内分泌系统,肾上腺素与应激
BIOLOGY,0126,121,第十五章 体液调节 / 第2节 激素调节的过程及特点 / 知识清单 / 一 血糖平衡的调节,血糖的来源与去向
BIOLOGY,0126,121,第十五章 体液调节 / 第2节 激素调节的过程及特点 / 知识清单 / 一 血糖平衡的调节,血糖的正常浓度范围
BIOLOGY,0126,121,第十五章 体液调节 / 第2节 激素调节的过程及特点 / 知识清单 / 一 血糖平衡的调节,肝糖原与肌糖原
BIOLOGY,0126,121,第十五章 体液调节 / 第2节 激素调节的过程及特点 / 知识清单 / 一 血糖平衡的调节,血糖的氧化分解
BIOLOGY,0126,121,第十五章 体液调节 / 第2节 激素调节的过程及特点 / 知识清单 / 一 血糖平衡的调节,血糖与甘油三酯、氨基酸的转化
BIOLOGY,0126,121,第十五章 体液调节 / 第2节 激素调节的过程及特点 / 知识清单 / 一 血糖平衡的调节,肾小球滤过作用
BIOLOGY,0126,121,第十五章 体液调节 / 第2节 激素调节的过程及特点 / 知识清单 / 一 血糖平衡的调节,肾小管和集合管的重吸收
BIOLOGY,0126,121,第十五章 体液调节 / 第2节 激素调节的过程及特点 / 知识清单 / 一 血糖平衡的调节,糖尿
BIOLOGY,0126,121,第十五章 体液调节 / 第2节 激素调节的过程及特点 / 知识清单 / 一 血糖平衡的调节,胰岛 B 细胞与胰岛素
BIOLOGY,0126,121,第十五章 体液调节 / 第2节 激素调节的过程及特点 / 知识清单 / 一 血糖平衡的调节,胰岛 A 细胞与胰高血糖素
BIOLOGY,0126,121,第十五章 体液调节 / 第2节 激素调节的过程及特点 / 知识清单 / 一 血糖平衡的调节,肾上腺素与血糖
BIOLOGY,0126,121,第十五章 体液调节 / 第2节 激素调节的过程及特点 / 知识清单 / 一 血糖平衡的调节,下丘脑对血糖的神经调节
BIOLOGY,0126,121,第十五章 体液调节 / 第2节 激素调节的过程及特点 / 知识清单 / 一 血糖平衡的调节,交感神经与副交感神经
BIOLOGY,0126,121,第十五章 体液调节 / 第2节 激素调节的过程及特点 / 知识清单 / 一 血糖平衡的调节,胰岛素降血糖的途径
BIOLOGY,0126,121,第十五章 体液调节 / 第2节 激素调节的过程及特点 / 知识清单 / 一 血糖平衡的调节,胰高血糖素升血糖的途径
BIOLOGY,0126,121,第十五章 体液调节 / 第2节 激素调节的过程及特点 / 知识清单 / 一 血糖平衡的调节,1 型糖尿病
BIOLOGY,0126,121,第十五章 体液调节 / 第2节 激素调节的过程及特点 / 知识清单 / 一 血糖平衡的调节,2 型糖尿病
BIOLOGY,0126,121,第十五章 体液调节 / 第2节 激素调节的过程及特点 / 知识清单 / 一 血糖平衡的调节,胰岛素受体与胰岛素抵抗
BIOLOGY,0126,121,第十五章 体液调节 / 第2节 激素调节的过程及特点 / 知识清单 / 一 血糖平衡的调节,激素调节与神经调节的关系
BIOLOGY,0127,122,第十五章 体液调节 / 第2节 激素调节的过程及特点 / 知识清单 / 二 激素的分级调节与反馈调节；三 激素调节的特点及相互作用,激素的分级调节
BIOLOGY,0127,122,第十五章 体液调节 / 第2节 激素调节的过程及特点 / 知识清单 / 二 激素的分级调节与反馈调节；三 激素调节的特点及相互作用,下丘脑—垂体—甲状腺轴
BIOLOGY,0127,122,第十五章 体液调节 / 第2节 激素调节的过程及特点 / 知识清单 / 二 激素的分级调节与反馈调节；三 激素调节的特点及相互作用,下丘脑—垂体—性腺轴
BIOLOGY,0127,122,第十五章 体液调节 / 第2节 激素调节的过程及特点 / 知识清单 / 二 激素的分级调节与反馈调节；三 激素调节的特点及相互作用,下丘脑—垂体—肾上腺皮质轴
BIOLOGY,0127,122,第十五章 体液调节 / 第2节 激素调节的过程及特点 / 知识清单 / 二 激素的分级调节与反馈调节；三 激素调节的特点及相互作用,促甲状腺激素释放激素
BIOLOGY,0127,122,第十五章 体液调节 / 第2节 激素调节的过程及特点 / 知识清单 / 二 激素的分级调节与反馈调节；三 激素调节的特点及相互作用,促甲状腺激素
BIOLOGY,0127,122,第十五章 体液调节 / 第2节 激素调节的过程及特点 / 知识清单 / 二 激素的分级调节与反馈调节；三 激素调节的特点及相互作用,反馈调节
BIOLOGY,0127,122,第十五章 体液调节 / 第2节 激素调节的过程及特点 / 知识清单 / 二 激素的分级调节与反馈调节；三 激素调节的特点及相互作用,负反馈调节
BIOLOGY,0127,122,第十五章 体液调节 / 第2节 激素调节的过程及特点 / 知识清单 / 二 激素的分级调节与反馈调节；三 激素调节的特点及相互作用,正反馈调节
BIOLOGY,0127,122,第十五章 体液调节 / 第2节 激素调节的过程及特点 / 知识清单 / 二 激素的分级调节与反馈调节；三 激素调节的特点及相互作用,激素通过体液运输
BIOLOGY,0127,122,第十五章 体液调节 / 第2节 激素调节的过程及特点 / 知识清单 / 二 激素的分级调节与反馈调节；三 激素调节的特点及相互作用,靶器官与靶细胞
BIOLOGY,0127,122,第十五章 体液调节 / 第2节 激素调节的过程及特点 / 知识清单 / 二 激素的分级调节与反馈调节；三 激素调节的特点及相互作用,特异性受体
BIOLOGY,0127,122,第十五章 体液调节 / 第2节 激素调节的过程及特点 / 知识清单 / 二 激素的分级调节与反馈调节；三 激素调节的特点及相互作用,激素作为信使传递信息
BIOLOGY,0127,122,第十五章 体液调节 / 第2节 激素调节的过程及特点 / 知识清单 / 二 激素的分级调节与反馈调节；三 激素调节的特点及相互作用,激素的失活
BIOLOGY,0127,122,第十五章 体液调节 / 第2节 激素调节的过程及特点 / 知识清单 / 二 激素的分级调节与反馈调节；三 激素调节的特点及相互作用,激素的微量高效
BIOLOGY,0127,122,第十五章 体液调节 / 第2节 激素调节的过程及特点 / 知识清单 / 二 激素的分级调节与反馈调节；三 激素调节的特点及相互作用,激素的协同作用
BIOLOGY,0127,122,第十五章 体液调节 / 第2节 激素调节的过程及特点 / 知识清单 / 二 激素的分级调节与反馈调节；三 激素调节的特点及相互作用,激素的相抗衡作用
BIOLOGY,0127,122,第十五章 体液调节 / 第2节 激素调节的过程及特点 / 知识清单 / 二 激素的分级调节与反馈调节；三 激素调节的特点及相互作用,激素含量的动态平衡
BIOLOGY,0128,123,第十五章 体液调节 / 考法清单 / 考法1 下丘脑—垂体—靶腺体轴调节的异常分析,下丘脑—垂体—靶腺体轴异常分析
BIOLOGY,0128,123,第十五章 体液调节 / 考法清单 / 考法1 下丘脑—垂体—靶腺体轴调节的异常分析,甲减的病因分析
BIOLOGY,0128,123,第十五章 体液调节 / 考法清单 / 考法1 下丘脑—垂体—靶腺体轴调节的异常分析,实验检测法
BIOLOGY,0128,123,第十五章 体液调节 / 考法清单 / 考法1 下丘脑—垂体—靶腺体轴调节的异常分析,相关激素含量检测法
BIOLOGY,0128,123,第十五章 体液调节 / 考法清单 / 考法1 下丘脑—垂体—靶腺体轴调节的异常分析,促肾上腺皮质激素释放激素
BIOLOGY,0128,123,第十五章 体液调节 / 考法清单 / 考法1 下丘脑—垂体—靶腺体轴调节的异常分析,促肾上腺皮质激素
BIOLOGY,0128,123,第十五章 体液调节 / 考法清单 / 考法1 下丘脑—垂体—靶腺体轴调节的异常分析,糖皮质激素
BIOLOGY,0128,123,第十五章 体液调节 / 考法清单 / 考法1 下丘脑—垂体—靶腺体轴调节的异常分析,激素的允许作用
BIOLOGY,0128,123,第十五章 体液调节 / 考法清单 / 考法1 下丘脑—垂体—靶腺体轴调节的异常分析,激素的协同作用
BIOLOGY,0128,123,第十五章 体液调节 / 考法清单 / 考法1 下丘脑—垂体—靶腺体轴调节的异常分析,去甲肾上腺素
BIOLOGY,0128,123,第十五章 体液调节 / 考法清单 / 考法1 下丘脑—垂体—靶腺体轴调节的异常分析,肾上腺皮质的分级调节
BIOLOGY,0128,123,第十五章 体液调节 / 考法清单 / 考法1 下丘脑—垂体—靶腺体轴调节的异常分析,类固醇类激素
BIOLOGY,0129,124,第十五章 体液调节 / 考法清单 / 考法2 激素的作用机制,激素的作用机制
BIOLOGY,0129,124,第十五章 体液调节 / 考法清单 / 考法2 激素的作用机制,细胞内受体
BIOLOGY,0129,124,第十五章 体液调节 / 考法清单 / 考法2 激素的作用机制,细胞膜表面受体
BIOLOGY,0129,124,第十五章 体液调节 / 考法清单 / 考法2 激素的作用机制,激素调节靶基因的转录
BIOLOGY,0129,124,第十五章 体液调节 / 考法清单 / 考法2 激素的作用机制,核染色质非组蛋白
BIOLOGY,0129,124,第十五章 体液调节 / 考法清单 / 考法2 激素的作用机制,特异 mRNA 与翻译
BIOLOGY,0129,124,第十五章 体液调节 / 考法清单 / 考法2 激素的作用机制,第一信使与第二信使
BIOLOGY,0129,124,第十五章 体液调节 / 考法清单 / 考法2 激素的作用机制,cAMP
BIOLOGY,0129,124,第十五章 体液调节 / 考法清单 / 考法2 激素的作用机制,G 蛋白偶联受体
BIOLOGY,0129,124,第十五章 体液调节 / 考法清单 / 考法2 激素的作用机制,腺苷酸环化酶
BIOLOGY,0129,124,第十五章 体液调节 / 考法清单 / 考法2 激素的作用机制,级联放大反应
BIOLOGY,0129,124,第十五章 体液调节 / 考法清单 / 考法2 激素的作用机制,蛋白激酶
BIOLOGY,0129,124,第十五章 体液调节 / 考法清单 / 考法2 激素的作用机制,糖原磷酸化酶
BIOLOGY,0129,124,第十五章 体液调节 / 考法清单 / 考法2 激素的作用机制,类固醇类激素的作用机制
BIOLOGY,0129,124,第十五章 体液调节 / 考法清单 / 考法2 激素的作用机制,蛋白质类激素的作用机制
BIOLOGY,0130,125,第十五章 体液调节 / 第3节 体液调节与神经调节的关系 / 知识清单,体液调节
BIOLOGY,0130,125,第十五章 体液调节 / 第3节 体液调节与神经调节的关系 / 知识清单,体液因子
BIOLOGY,0130,125,第十五章 体液调节 / 第3节 体液调节与神经调节的关系 / 知识清单,$\mathrm{CO_2}$ 调节呼吸运动
BIOLOGY,0130,125,第十五章 体液调节 / 第3节 体液调节与神经调节的关系 / 知识清单,神经调节与体液调节的区别
BIOLOGY,0130,125,第十五章 体液调节 / 第3节 体液调节与神经调节的关系 / 知识清单,神经调节与体液调节的联系
BIOLOGY,0130,125,第十五章 体液调节 / 第3节 体液调节与神经调节的关系 / 知识清单,反射弧
BIOLOGY,0130,125,第十五章 体液调节 / 第3节 体液调节与神经调节的关系 / 知识清单,产热与散热的平衡
BIOLOGY,0130,125,第十五章 体液调节 / 第3节 体液调节与神经调节的关系 / 知识清单,皮肤的散热方式
BIOLOGY,0130,125,第十五章 体液调节 / 第3节 体液调节与神经调节的关系 / 知识清单,代谢产热
BIOLOGY,0130,125,第十五章 体液调节 / 第3节 体液调节与神经调节的关系 / 知识清单,安静时与运动时的主要产热器官
BIOLOGY,0130,125,第十五章 体液调节 / 第3节 体液调节与神经调节的关系 / 知识清单,体温调节
BIOLOGY,0130,125,第十五章 体液调节 / 第3节 体液调节与神经调节的关系 / 知识清单,皮肤冷觉感受器与热觉感受器
BIOLOGY,0130,125,第十五章 体液调节 / 第3节 体液调节与神经调节的关系 / 知识清单,下丘脑的体温调节中枢
BIOLOGY,0130,125,第十五章 体液调节 / 第3节 体液调节与神经调节的关系 / 知识清单,骨骼肌战栗
BIOLOGY,0130,125,第十五章 体液调节 / 第3节 体液调节与神经调节的关系 / 知识清单,皮肤血管收缩与舒张
BIOLOGY,0130,125,第十五章 体液调节 / 第3节 体液调节与神经调节的关系 / 知识清单,汗腺分泌
BIOLOGY,0130,125,第十五章 体液调节 / 第3节 体液调节与神经调节的关系 / 知识清单,甲状腺激素与产热
BIOLOGY,0130,125,第十五章 体液调节 / 第3节 体液调节与神经调节的关系 / 知识清单,肾上腺素与产热
BIOLOGY,0130,125,第十五章 体液调节 / 第3节 体液调节与神经调节的关系 / 知识清单,行为性调节与生理性调节
BIOLOGY,0131,126,第十五章 体液调节 / 第3节 体液调节与神经调节的关系 / 知识清单 / 三 水和无机盐平衡的调节,水的来源与排出
BIOLOGY,0131,126,第十五章 体液调节 / 第3节 体液调节与神经调节的关系 / 知识清单 / 三 水和无机盐平衡的调节,无机盐的来源与排出
BIOLOGY,0131,126,第十五章 体液调节 / 第3节 体液调节与神经调节的关系 / 知识清单 / 三 水和无机盐平衡的调节,细胞外液渗透压
BIOLOGY,0131,126,第十五章 体液调节 / 第3节 体液调节与神经调节的关系 / 知识清单 / 三 水和无机盐平衡的调节,下丘脑渗透压感受器
BIOLOGY,0131,126,第十五章 体液调节 / 第3节 体液调节与神经调节的关系 / 知识清单 / 三 水和无机盐平衡的调节,抗利尿激素
BIOLOGY,0131,126,第十五章 体液调节 / 第3节 体液调节与神经调节的关系 / 知识清单 / 三 水和无机盐平衡的调节,肾小管和集合管重吸收水
BIOLOGY,0131,126,第十五章 体液调节 / 第3节 体液调节与神经调节的关系 / 知识清单 / 三 水和无机盐平衡的调节,渴觉的产生
BIOLOGY,0131,126,第十五章 体液调节 / 第3节 体液调节与神经调节的关系 / 知识清单 / 三 水和无机盐平衡的调节,醛固酮
BIOLOGY,0131,126,第十五章 体液调节 / 第3节 体液调节与神经调节的关系 / 知识清单 / 三 水和无机盐平衡的调节,肾小管和集合管吸 $\mathrm{Na^+}$
BIOLOGY,0131,126,第十五章 体液调节 / 第3节 体液调节与神经调节的关系 / 知识清单 / 三 水和无机盐平衡的调节,血钠平衡
BIOLOGY,0131,126,第十五章 体液调节 / 第3节 体液调节与神经调节的关系 / 知识清单 / 三 水和无机盐平衡的调节,肾上腺皮质与水盐代谢
BIOLOGY,0131,126,第十五章 体液调节 / 第3节 体液调节与神经调节的关系 / 知识清单 / 三 水和无机盐平衡的调节,下丘脑的感受器功能
BIOLOGY,0131,126,第十五章 体液调节 / 第3节 体液调节与神经调节的关系 / 知识清单 / 三 水和无机盐平衡的调节,下丘脑的传导功能
BIOLOGY,0131,126,第十五章 体液调节 / 第3节 体液调节与神经调节的关系 / 知识清单 / 三 水和无机盐平衡的调节,下丘脑的神经中枢功能
BIOLOGY,0131,126,第十五章 体液调节 / 第3节 体液调节与神经调节的关系 / 知识清单 / 三 水和无机盐平衡的调节,神经调节与体液调节的判断
BIOLOGY,0131,126,第十五章 体液调节 / 第3节 体液调节与神经调节的关系 / 知识清单 / 三 水和无机盐平衡的调节,神经—体液调节
BIOLOGY,0132,127,第十五章 体液调节 / 微专题 肾上腺及其代谢调控,肾上腺的结构与功能
BIOLOGY,0132,127,第十五章 体液调节 / 微专题 肾上腺及其代谢调控,肾上腺髓质与儿茶酚胺类激素
BIOLOGY,0132,127,第十五章 体液调节 / 微专题 肾上腺及其代谢调控,肾上腺皮质与糖皮质激素
BIOLOGY,0132,127,第十五章 体液调节 / 微专题 肾上腺及其代谢调控,交感—肾上腺髓质系统
BIOLOGY,0132,127,第十五章 体液调节 / 微专题 肾上腺及其代谢调控,下丘脑—垂体—肾上腺皮质轴
BIOLOGY,0132,127,第十五章 体液调节 / 微专题 肾上腺及其代谢调控,促肾上腺皮质激素释放激素
BIOLOGY,0132,127,第十五章 体液调节 / 微专题 肾上腺及其代谢调控,促肾上腺皮质激素
BIOLOGY,0132,127,第十五章 体液调节 / 微专题 肾上腺及其代谢调控,去甲肾上腺素
BIOLOGY,0132,127,第十五章 体液调节 / 微专题 肾上腺及其代谢调控,肾上腺素与应激反应
BIOLOGY,0132,127,第十五章 体液调节 / 微专题 肾上腺及其代谢调控,肾上腺素的神经递质作用
BIOLOGY,0132,127,第十五章 体液调节 / 微专题 肾上腺及其代谢调控,亲水性激素与膜受体
BIOLOGY,0132,127,第十五章 体液调节 / 微专题 肾上腺及其代谢调控,脂溶性激素与胞内受体
BIOLOGY,0132,127,第十五章 体液调节 / 微专题 肾上腺及其代谢调控,糖皮质激素与基因表达
BIOLOGY,0133,128,第十五章 体液调节 / 微专题 肾上腺及其代谢调控 / 二 肾素—血管紧张素—醛固酮系统,肾素—血管紧张素—醛固酮系统
BIOLOGY,0133,128,第十五章 体液调节 / 微专题 肾上腺及其代谢调控 / 二 肾素—血管紧张素—醛固酮系统,血管紧张素原
BIOLOGY,0133,128,第十五章 体液调节 / 微专题 肾上腺及其代谢调控 / 二 肾素—血管紧张素—醛固酮系统,血管紧张素Ⅰ
BIOLOGY,0133,128,第十五章 体液调节 / 微专题 肾上腺及其代谢调控 / 二 肾素—血管紧张素—醛固酮系统,血管紧张素Ⅱ
BIOLOGY,0133,128,第十五章 体液调节 / 微专题 肾上腺及其代谢调控 / 二 肾素—血管紧张素—醛固酮系统,血管紧张素转换酶
BIOLOGY,0133,128,第十五章 体液调节 / 微专题 肾上腺及其代谢调控 / 二 肾素—血管紧张素—醛固酮系统,肾素
BIOLOGY,0133,128,第十五章 体液调节 / 微专题 肾上腺及其代谢调控 / 二 肾素—血管紧张素—醛固酮系统,醛固酮与血压调节
BIOLOGY,0133,128,第十五章 体液调节 / 微专题 肾上腺及其代谢调控 / 二 肾素—血管紧张素—醛固酮系统,抗利尿激素与血容量
BIOLOGY,0133,128,第十五章 体液调节 / 微专题 肾上腺及其代谢调控 / 二 肾素—血管紧张素—醛固酮系统,循环血量
BIOLOGY,0133,128,第十五章 体液调节 / 微专题 肾上腺及其代谢调控 / 二 肾素—血管紧张素—醛固酮系统,血压的激素调节
BIOLOGY,0133,128,第十五章 体液调节 / 微专题 肾上腺及其代谢调控 / 二 肾素—血管紧张素—醛固酮系统,糖皮质激素的调节机制
BIOLOGY,0133,128,第十五章 体液调节 / 微专题 肾上腺及其代谢调控 / 二 肾素—血管紧张素—醛固酮系统,盐皮质激素的调节机制
BIOLOGY,0133,128,第十五章 体液调节 / 微专题 肾上腺及其代谢调控 / 二 肾素—血管紧张素—醛固酮系统,肾上腺素与去甲肾上腺素
BIOLOGY,0133,128,第十五章 体液调节 / 微专题 肾上腺及其代谢调控 / 二 肾素—血管紧张素—醛固酮系统,交感—肾上腺髓质系统
BIOLOGY,0133,128,第十五章 体液调节 / 微专题 肾上腺及其代谢调控 / 二 肾素—血管紧张素—醛固酮系统,应激状态下的代谢变化
BIOLOGY,0133,128,第十五章 体液调节 / 微专题 肾上腺及其代谢调控 / 二 肾素—血管紧张素—醛固酮系统,肾上腺皮质与肾上腺髓质的激素种类
BIOLOGY,0134,129,第十六章 免疫调节 / 第1节 免疫系统的组成、功能及特异性免疫 / 知识清单 / 一 免疫系统的组成,免疫系统的组成
BIOLOGY,0134,129,第十六章 免疫调节 / 第1节 免疫系统的组成、功能及特异性免疫 / 知识清单 / 一 免疫系统的组成,骨髓与 B 细胞成熟
BIOLOGY,0134,129,第十六章 免疫调节 / 第1节 免疫系统的组成、功能及特异性免疫 / 知识清单 / 一 免疫系统的组成,胸腺与 T 细胞成熟
BIOLOGY,0134,129,第十六章 免疫调节 / 第1节 免疫系统的组成、功能及特异性免疫 / 知识清单 / 一 免疫系统的组成,淋巴结
BIOLOGY,0134,129,第十六章 免疫调节 / 第1节 免疫系统的组成、功能及特异性免疫 / 知识清单 / 一 免疫系统的组成,扁桃体
BIOLOGY,0134,129,第十六章 免疫调节 / 第1节 免疫系统的组成、功能及特异性免疫 / 知识清单 / 一 免疫系统的组成,脾
BIOLOGY,0134,129,第十六章 免疫调节 / 第1节 免疫系统的组成、功能及特异性免疫 / 知识清单 / 一 免疫系统的组成,辅助性 T 细胞
BIOLOGY,0134,129,第十六章 免疫调节 / 第1节 免疫系统的组成、功能及特异性免疫 / 知识清单 / 一 免疫系统的组成,细胞毒性 T 细胞
BIOLOGY,0134,129,第十六章 免疫调节 / 第1节 免疫系统的组成、功能及特异性免疫 / 知识清单 / 一 免疫系统的组成,B 细胞
BIOLOGY,0134,129,第十六章 免疫调节 / 第1节 免疫系统的组成、功能及特异性免疫 / 知识清单 / 一 免疫系统的组成,巨噬细胞
BIOLOGY,0134,129,第十六章 免疫调节 / 第1节 免疫系统的组成、功能及特异性免疫 / 知识清单 / 一 免疫系统的组成,树突状细胞
BIOLOGY,0134,129,第十六章 免疫调节 / 第1节 免疫系统的组成、功能及特异性免疫 / 知识清单 / 一 免疫系统的组成,抗原呈递细胞
BIOLOGY,0134,129,第十六章 免疫调节 / 第1节 免疫系统的组成、功能及特异性免疫 / 知识清单 / 一 免疫系统的组成,免疫活性物质
BIOLOGY,0134,129,第十六章 免疫调节 / 第1节 免疫系统的组成、功能及特异性免疫 / 知识清单 / 一 免疫系统的组成,细胞因子
BIOLOGY,0134,129,第十六章 免疫调节 / 第1节 免疫系统的组成、功能及特异性免疫 / 知识清单 / 一 免疫系统的组成,溶菌酶
BIOLOGY,0134,129,第十六章 免疫调节 / 第1节 免疫系统的组成、功能及特异性免疫 / 知识清单 / 一 免疫系统的组成,溶酶体
BIOLOGY,0134,129,第十六章 免疫调节 / 第1节 免疫系统的组成、功能及特异性免疫 / 知识清单 / 一 免疫系统的组成,抗原
BIOLOGY,0134,129,第十六章 免疫调节 / 第1节 免疫系统的组成、功能及特异性免疫 / 知识清单 / 一 免疫系统的组成,抗体
BIOLOGY,0134,129,第十六章 免疫调节 / 第1节 免疫系统的组成、功能及特异性免疫 / 知识清单 / 一 免疫系统的组成,抗原决定簇
BIOLOGY,0134,129,第十六章 免疫调节 / 第1节 免疫系统的组成、功能及特异性免疫 / 知识清单 / 一 免疫系统的组成,抗原与抗体的特异性结合
BIOLOGY,0135,130,第十六章 免疫调节 / 第1节 免疫系统的组成、功能及特异性免疫 / 知识清单 / 二 免疫系统的功能；三 特异性免疫,非特异性免疫
BIOLOGY,0135,130,第十六章 免疫调节 / 第1节 免疫系统的组成、功能及特异性免疫 / 知识清单 / 二 免疫系统的功能；三 特异性免疫,保卫人体的三道防线
BIOLOGY,0135,130,第十六章 免疫调节 / 第1节 免疫系统的组成、功能及特异性免疫 / 知识清单 / 二 免疫系统的功能；三 特异性免疫,皮肤和黏膜的防御作用
BIOLOGY,0135,130,第十六章 免疫调节 / 第1节 免疫系统的组成、功能及特异性免疫 / 知识清单 / 二 免疫系统的功能；三 特异性免疫,溶菌酶与吞噬细胞
BIOLOGY,0135,130,第十六章 免疫调节 / 第1节 免疫系统的组成、功能及特异性免疫 / 知识清单 / 二 免疫系统的功能；三 特异性免疫,特异性免疫
BIOLOGY,0135,130,第十六章 免疫调节 / 第1节 免疫系统的组成、功能及特异性免疫 / 知识清单 / 二 免疫系统的功能；三 特异性免疫,免疫防御
BIOLOGY,0135,130,第十六章 免疫调节 / 第1节 免疫系统的组成、功能及特异性免疫 / 知识清单 / 二 免疫系统的功能；三 特异性免疫,免疫自稳
BIOLOGY,0135,130,第十六章 免疫调节 / 第1节 免疫系统的组成、功能及特异性免疫 / 知识清单 / 二 免疫系统的功能；三 特异性免疫,免疫监视
BIOLOGY,0135,130,第十六章 免疫调节 / 第1节 免疫系统的组成、功能及特异性免疫 / 知识清单 / 二 免疫系统的功能；三 特异性免疫,自身免疫病
BIOLOGY,0135,130,第十六章 免疫调节 / 第1节 免疫系统的组成、功能及特异性免疫 / 知识清单 / 二 免疫系统的功能；三 特异性免疫,免疫细胞表面的受体识别
BIOLOGY,0135,130,第十六章 免疫调节 / 第1节 免疫系统的组成、功能及特异性免疫 / 知识清单 / 二 免疫系统的功能；三 特异性免疫,组织相容性抗原
BIOLOGY,0135,130,第十六章 免疫调节 / 第1节 免疫系统的组成、功能及特异性免疫 / 知识清单 / 二 免疫系统的功能；三 特异性免疫,体液免疫
BIOLOGY,0135,130,第十六章 免疫调节 / 第1节 免疫系统的组成、功能及特异性免疫 / 知识清单 / 二 免疫系统的功能；三 特异性免疫,细胞免疫
BIOLOGY,0135,130,第十六章 免疫调节 / 第1节 免疫系统的组成、功能及特异性免疫 / 知识清单 / 二 免疫系统的功能；三 特异性免疫,B 细胞活化的两个信号
BIOLOGY,0135,130,第十六章 免疫调节 / 第1节 免疫系统的组成、功能及特异性免疫 / 知识清单 / 二 免疫系统的功能；三 特异性免疫,细胞因子
BIOLOGY,0135,130,第十六章 免疫调节 / 第1节 免疫系统的组成、功能及特异性免疫 / 知识清单 / 二 免疫系统的功能；三 特异性免疫,浆细胞与抗体
BIOLOGY,0135,130,第十六章 免疫调节 / 第1节 免疫系统的组成、功能及特异性免疫 / 知识清单 / 二 免疫系统的功能；三 特异性免疫,记忆 B 细胞与二次免疫
BIOLOGY,0135,130,第十六章 免疫调节 / 第1节 免疫系统的组成、功能及特异性免疫 / 知识清单 / 二 免疫系统的功能；三 特异性免疫,细胞毒性 T 细胞
BIOLOGY,0135,130,第十六章 免疫调节 / 第1节 免疫系统的组成、功能及特异性免疫 / 知识清单 / 二 免疫系统的功能；三 特异性免疫,记忆 T 细胞
BIOLOGY,0135,130,第十六章 免疫调节 / 第1节 免疫系统的组成、功能及特异性免疫 / 知识清单 / 二 免疫系统的功能；三 特异性免疫,靶细胞的裂解
BIOLOGY,0135,130,第十六章 免疫调节 / 第1节 免疫系统的组成、功能及特异性免疫 / 知识清单 / 二 免疫系统的功能；三 特异性免疫,体液免疫与细胞免疫的配合
BIOLOGY,0136,131,第十六章 免疫调节 / 第1节 免疫系统的组成、功能及特异性免疫 / 考教衔接 二次免疫；知识清单 四 神经系统、内分泌系统与免疫系统的关系,二次免疫
BIOLOGY,0136,131,第十六章 免疫调节 / 第1节 免疫系统的组成、功能及特异性免疫 / 考教衔接 二次免疫；知识清单 四 神经系统、内分泌系统与免疫系统的关系,记忆 B 细胞
BIOLOGY,0136,131,第十六章 免疫调节 / 第1节 免疫系统的组成、功能及特异性免疫 / 考教衔接 二次免疫；知识清单 四 神经系统、内分泌系统与免疫系统的关系,初次免疫与二次免疫的比较
BIOLOGY,0136,131,第十六章 免疫调节 / 第1节 免疫系统的组成、功能及特异性免疫 / 考教衔接 二次免疫；知识清单 四 神经系统、内分泌系统与免疫系统的关系,抗体浓度变化曲线
BIOLOGY,0136,131,第十六章 免疫调节 / 第1节 免疫系统的组成、功能及特异性免疫 / 考教衔接 二次免疫；知识清单 四 神经系统、内分泌系统与免疫系统的关系,患病程度变化曲线
BIOLOGY,0136,131,第十六章 免疫调节 / 第1节 免疫系统的组成、功能及特异性免疫 / 考教衔接 二次免疫；知识清单 四 神经系统、内分泌系统与免疫系统的关系,过敏反应与记忆细胞
BIOLOGY,0136,131,第十六章 免疫调节 / 第1节 免疫系统的组成、功能及特异性免疫 / 考教衔接 二次免疫；知识清单 四 神经系统、内分泌系统与免疫系统的关系,神经系统、内分泌系统与免疫系统的关系
BIOLOGY,0136,131,第十六章 免疫调节 / 第1节 免疫系统的组成、功能及特异性免疫 / 考教衔接 二次免疫；知识清单 四 神经系统、内分泌系统与免疫系统的关系,神经递质
BIOLOGY,0136,131,第十六章 免疫调节 / 第1节 免疫系统的组成、功能及特异性免疫 / 考教衔接 二次免疫；知识清单 四 神经系统、内分泌系统与免疫系统的关系,激素作为信号分子
BIOLOGY,0136,131,第十六章 免疫调节 / 第1节 免疫系统的组成、功能及特异性免疫 / 考教衔接 二次免疫；知识清单 四 神经系统、内分泌系统与免疫系统的关系,细胞因子作为信号分子
BIOLOGY,0136,131,第十六章 免疫调节 / 第1节 免疫系统的组成、功能及特异性免疫 / 考教衔接 二次免疫；知识清单 四 神经系统、内分泌系统与免疫系统的关系,免疫系统对内分泌系统的调节
BIOLOGY,0136,131,第十六章 免疫调节 / 第1节 免疫系统的组成、功能及特异性免疫 / 考教衔接 二次免疫；知识清单 四 神经系统、内分泌系统与免疫系统的关系,内分泌系统对免疫系统的调节
BIOLOGY,0136,131,第十六章 免疫调节 / 第1节 免疫系统的组成、功能及特异性免疫 / 考教衔接 二次免疫；知识清单 四 神经系统、内分泌系统与免疫系统的关系,神经系统对免疫系统的调节
BIOLOGY,0136,131,第十六章 免疫调节 / 第1节 免疫系统的组成、功能及特异性免疫 / 考教衔接 二次免疫；知识清单 四 神经系统、内分泌系统与免疫系统的关系,乙酰胆碱
BIOLOGY,0137,132,第十六章 免疫调节 / 考法清单 / 考法 癌症的免疫疗法,癌症的免疫疗法
BIOLOGY,0137,132,第十六章 免疫调节 / 考法清单 / 考法 癌症的免疫疗法,免疫检查点抑制剂
BIOLOGY,0137,132,第十六章 免疫调节 / 考法清单 / 考法 癌症的免疫疗法,PD-1 与 PD-L1
BIOLOGY,0137,132,第十六章 免疫调节 / 考法清单 / 考法 癌症的免疫疗法,免疫逃逸
BIOLOGY,0137,132,第十六章 免疫调节 / 考法清单 / 考法 癌症的免疫疗法,CTLA-4
BIOLOGY,0137,132,第十六章 免疫调节 / 考法清单 / 考法 癌症的免疫疗法,嵌合抗原受体-T 细胞疗法
BIOLOGY,0137,132,第十六章 免疫调节 / 考法清单 / 考法 癌症的免疫疗法,肿瘤疫苗
BIOLOGY,0137,132,第十六章 免疫调节 / 考法清单 / 考法 癌症的免疫疗法,细胞因子疗法
BIOLOGY,0137,132,第十六章 免疫调节 / 考法清单 / 考法 癌症的免疫疗法,辅助性 T 细胞的信号分子
BIOLOGY,0137,132,第十六章 免疫调节 / 考法清单 / 考法 癌症的免疫疗法,CD28 分子与第二信号
BIOLOGY,0137,132,第十六章 免疫调节 / 考法清单 / 考法 癌症的免疫疗法,$\mathrm{CD4^+}$ T 细胞与 $\mathrm{CD8^+}$ T 细胞
BIOLOGY,0137,132,第十六章 免疫调节 / 考法清单 / 考法 癌症的免疫疗法,免疫应答的调控
BIOLOGY,0137,132,第十六章 免疫调节 / 考法清单 / 考法 癌症的免疫疗法,基因选择性表达与信号分子
BIOLOGY,0138,133,第十六章 免疫调节 / 第2节 免疫失调及免疫学的应用 / 知识清单,免疫失调
BIOLOGY,0138,133,第十六章 免疫调节 / 第2节 免疫失调及免疫学的应用 / 知识清单,过敏反应
BIOLOGY,0138,133,第十六章 免疫调节 / 第2节 免疫失调及免疫学的应用 / 知识清单,过敏原
BIOLOGY,0138,133,第十六章 免疫调节 / 第2节 免疫失调及免疫学的应用 / 知识清单,组胺
BIOLOGY,0138,133,第十六章 免疫调节 / 第2节 免疫失调及免疫学的应用 / 知识清单,肥大细胞
BIOLOGY,0138,133,第十六章 免疫调节 / 第2节 免疫失调及免疫学的应用 / 知识清单,过敏反应的特点与预防
BIOLOGY,0138,133,第十六章 免疫调节 / 第2节 免疫失调及免疫学的应用 / 知识清单,自身免疫病
BIOLOGY,0138,133,第十六章 免疫调节 / 第2节 免疫失调及免疫学的应用 / 知识清单,风湿性心脏病
BIOLOGY,0138,133,第十六章 免疫调节 / 第2节 免疫失调及免疫学的应用 / 知识清单,分子模拟与自身免疫
BIOLOGY,0138,133,第十六章 免疫调节 / 第2节 免疫失调及免疫学的应用 / 知识清单,类风湿关节炎
BIOLOGY,0138,133,第十六章 免疫调节 / 第2节 免疫失调及免疫学的应用 / 知识清单,系统性红斑狼疮
BIOLOGY,0138,133,第十六章 免疫调节 / 第2节 免疫失调及免疫学的应用 / 知识清单,免疫缺陷病
BIOLOGY,0138,133,第十六章 免疫调节 / 第2节 免疫失调及免疫学的应用 / 知识清单,先天性免疫缺陷病
BIOLOGY,0138,133,第十六章 免疫调节 / 第2节 免疫失调及免疫学的应用 / 知识清单,获得性免疫缺陷病
BIOLOGY,0138,133,第十六章 免疫调节 / 第2节 免疫失调及免疫学的应用 / 知识清单,艾滋病
BIOLOGY,0138,133,第十六章 免疫调节 / 第2节 免疫失调及免疫学的应用 / 知识清单,人类免疫缺陷病毒
BIOLOGY,0138,133,第十六章 免疫调节 / 第2节 免疫失调及免疫学的应用 / 知识清单,HIV 的逆转录与变异
BIOLOGY,0138,133,第十六章 免疫调节 / 第2节 免疫失调及免疫学的应用 / 知识清单,疫苗
BIOLOGY,0138,133,第十六章 免疫调节 / 第2节 免疫失调及免疫学的应用 / 知识清单,灭活疫苗
BIOLOGY,0138,133,第十六章 免疫调节 / 第2节 免疫失调及免疫学的应用 / 知识清单,减毒活疫苗
BIOLOGY,0138,133,第十六章 免疫调节 / 第2节 免疫失调及免疫学的应用 / 知识清单,亚单位疫苗
BIOLOGY,0138,133,第十六章 免疫调节 / 第2节 免疫失调及免疫学的应用 / 知识清单,记忆细胞与抗体
BIOLOGY,0139,134,第十六章 免疫调节 / 第2节 免疫失调及免疫学的应用 / 知识清单 二 免疫学的应用（续）,核酸疫苗
BIOLOGY,0139,134,第十六章 免疫调节 / 第2节 免疫失调及免疫学的应用 / 知识清单 二 免疫学的应用（续）,重组载体疫苗
BIOLOGY,0139,134,第十六章 免疫调节 / 第2节 免疫失调及免疫学的应用 / 知识清单 二 免疫学的应用（续）,器官移植
BIOLOGY,0139,134,第十六章 免疫调节 / 第2节 免疫失调及免疫学的应用 / 知识清单 二 免疫学的应用（续）,免疫排斥
BIOLOGY,0139,134,第十六章 免疫调节 / 第2节 免疫失调及免疫学的应用 / 知识清单 二 免疫学的应用（续）,组织相容性抗原
BIOLOGY,0139,134,第十六章 免疫调节 / 第2节 免疫失调及免疫学的应用 / 知识清单 二 免疫学的应用（续）,供体与受体的 HLA 配型
BIOLOGY,0139,134,第十六章 免疫调节 / 第2节 免疫失调及免疫学的应用 / 知识清单 二 免疫学的应用（续）,免疫抑制剂
BIOLOGY,0139,134,第十六章 免疫调节 / 第2节 免疫失调及免疫学的应用 / 知识清单 二 免疫学的应用（续）,自体干细胞与器官移植
BIOLOGY,0139,134,第十六章 免疫调节 / 第2节 免疫失调及免疫学的应用 / 知识清单 二 免疫学的应用（续）,主要组织相容性抗原
BIOLOGY,0139,134,第十六章 免疫调节 / 第2节 免疫失调及免疫学的应用 / 知识清单 二 免疫学的应用（续）,MHC Ⅰ 与 MHC Ⅱ
BIOLOGY,0139,134,第十六章 免疫调节 / 第2节 免疫失调及免疫学的应用 / 知识清单 二 免疫学的应用（续）,$\mathrm{CD4^+}$ 与 $\mathrm{CD8^+}$ 细胞
BIOLOGY,0139,134,第十六章 免疫调节 / 第2节 免疫失调及免疫学的应用 / 知识清单 二 免疫学的应用（续）,抗原呈递与 T 细胞识别
BIOLOGY,0139,134,第十六章 免疫调节 / 第2节 免疫失调及免疫学的应用 / 知识清单 二 免疫学的应用（续）,免疫预防
BIOLOGY,0139,134,第十六章 免疫调节 / 第2节 免疫失调及免疫学的应用 / 知识清单 二 免疫学的应用（续）,免疫增强疗法
BIOLOGY,0139,134,第十六章 免疫调节 / 第2节 免疫失调及免疫学的应用 / 知识清单 二 免疫学的应用（续）,免疫抑制疗法
BIOLOGY,0139,134,第十六章 免疫调节 / 第2节 免疫失调及免疫学的应用 / 知识清单 二 免疫学的应用（续）,免疫诊断
BIOLOGY,0139,134,第十六章 免疫调节 / 第2节 免疫失调及免疫学的应用 / 知识清单 二 免疫学的应用（续）,肿瘤标志物检测
BIOLOGY,0140,135,第十七章 植物生命活动的调节 / 第1节 植物生长素 / 知识清单,植物生长素的发现
BIOLOGY,0140,135,第十七章 植物生命活动的调节 / 第1节 植物生长素 / 知识清单,达尔文父子的实验
BIOLOGY,0140,135,第十七章 植物生命活动的调节 / 第1节 植物生长素 / 知识清单,胚芽鞘的向光性
BIOLOGY,0140,135,第十七章 植物生命活动的调节 / 第1节 植物生长素 / 知识清单,胚芽鞘感光部位在尖端
BIOLOGY,0140,135,第十七章 植物生命活动的调节 / 第1节 植物生长素 / 知识清单,鲍森·詹森的实验
BIOLOGY,0140,135,第十七章 植物生命活动的调节 / 第1节 植物生长素 / 知识清单,拜尔的实验
BIOLOGY,0140,135,第十七章 植物生命活动的调节 / 第1节 植物生长素 / 知识清单,温特的实验
BIOLOGY,0140,135,第十七章 植物生命活动的调节 / 第1节 植物生长素 / 知识清单,生长素的命名
BIOLOGY,0140,135,第十七章 植物生命活动的调节 / 第1节 植物生长素 / 知识清单,生长素的化学本质
BIOLOGY,0140,135,第十七章 植物生命活动的调节 / 第1节 植物生长素 / 知识清单,色氨酸与生长素合成
BIOLOGY,0140,135,第十七章 植物生命活动的调节 / 第1节 植物生长素 / 知识清单,极性运输
BIOLOGY,0140,135,第十七章 植物生命活动的调节 / 第1节 植物生长素 / 知识清单,非极性运输
BIOLOGY,0140,135,第十七章 植物生命活动的调节 / 第1节 植物生长素 / 知识清单,横向运输
BIOLOGY,0140,135,第十七章 植物生命活动的调节 / 第1节 植物生长素 / 知识清单,生长素的分布
BIOLOGY,0140,135,第十七章 植物生命活动的调节 / 第1节 植物生长素 / 知识清单,生长素的作用方式
BIOLOGY,0140,135,第十七章 植物生命活动的调节 / 第1节 植物生长素 / 知识清单,生长素的作用机制
BIOLOGY,0140,135,第十七章 植物生命活动的调节 / 第1节 植物生长素 / 知识清单,生长素作用的细胞水平与器官水平
BIOLOGY,0140,135,第十七章 植物生命活动的调节 / 第1节 植物生长素 / 知识清单,生长素作用的两重性
BIOLOGY,0140,135,第十七章 植物生命活动的调节 / 第1节 植物生长素 / 知识清单,生长素的最适浓度
BIOLOGY,0140,135,第十七章 植物生命活动的调节 / 第1节 植物生长素 / 知识清单,对生长素的敏感程度
BIOLOGY,0140,135,第十七章 植物生命活动的调节 / 第1节 植物生长素 / 知识清单,顶端优势
BIOLOGY,0141,136,第十七章 植物生命活动的调节 / 第1节 植物生长素（即练即清）；第2节 其他植物激素、植物生长调节剂及环境因素参与调节植物的生命活动 / 知识清单,赤霉素
BIOLOGY,0141,136,第十七章 植物生命活动的调节 / 第1节 植物生长素（即练即清）；第2节 其他植物激素、植物生长调节剂及环境因素参与调节植物的生命活动 / 知识清单,赤霉素的合成部位
BIOLOGY,0141,136,第十七章 植物生命活动的调节 / 第1节 植物生长素（即练即清）；第2节 其他植物激素、植物生长调节剂及环境因素参与调节植物的生命活动 / 知识清单,细胞分裂素
BIOLOGY,0141,136,第十七章 植物生命活动的调节 / 第1节 植物生长素（即练即清）；第2节 其他植物激素、植物生长调节剂及环境因素参与调节植物的生命活动 / 知识清单,脱落酸
BIOLOGY,0141,136,第十七章 植物生命活动的调节 / 第1节 植物生长素（即练即清）；第2节 其他植物激素、植物生长调节剂及环境因素参与调节植物的生命活动 / 知识清单,乙烯
BIOLOGY,0141,136,第十七章 植物生命活动的调节 / 第1节 植物生长素（即练即清）；第2节 其他植物激素、植物生长调节剂及环境因素参与调节植物的生命活动 / 知识清单,油菜素内酯
BIOLOGY,0141,136,第十七章 植物生命活动的调节 / 第1节 植物生长素（即练即清）；第2节 其他植物激素、植物生长调节剂及环境因素参与调节植物的生命活动 / 知识清单,植物激素的主要作用
BIOLOGY,0141,136,第十七章 植物生命活动的调节 / 第1节 植物生长素（即练即清）；第2节 其他植物激素、植物生长调节剂及环境因素参与调节植物的生命活动 / 知识清单,植物生长调节剂
BIOLOGY,0141,136,第十七章 植物生命活动的调节 / 第1节 植物生长素（即练即清）；第2节 其他植物激素、植物生长调节剂及环境因素参与调节植物的生命活动 / 知识清单,植物生长调节剂的优点
BIOLOGY,0141,136,第十七章 植物生命活动的调节 / 第1节 植物生长素（即练即清）；第2节 其他植物激素、植物生长调节剂及环境因素参与调节植物的生命活动 / 知识清单,吲哚丁酸
BIOLOGY,0141,136,第十七章 植物生命活动的调节 / 第1节 植物生长素（即练即清）；第2节 其他植物激素、植物生长调节剂及环境因素参与调节植物的生命活动 / 知识清单,$\alpha$-萘乙酸
BIOLOGY,0141,136,第十七章 植物生命活动的调节 / 第1节 植物生长素（即练即清）；第2节 其他植物激素、植物生长调节剂及环境因素参与调节植物的生命活动 / 知识清单,矮壮素
BIOLOGY,0141,136,第十七章 植物生命活动的调节 / 第1节 植物生长素（即练即清）；第2节 其他植物激素、植物生长调节剂及环境因素参与调节植物的生命活动 / 知识清单,生长素作用的影响因素
BIOLOGY,0142,137,第十七章 植物生命活动的调节 / 第2节 其他植物激素、植物生长调节剂及环境因素参与调节植物的生命活动 / 知识清单（续）,生长素类调节剂
BIOLOGY,0142,137,第十七章 植物生命活动的调节 / 第2节 其他植物激素、植物生长调节剂及环境因素参与调节植物的生命活动 / 知识清单（续）,"2,4-D 与除草剂"
BIOLOGY,0142,137,第十七章 植物生命活动的调节 / 第2节 其他植物激素、植物生长调节剂及环境因素参与调节植物的生命活动 / 知识清单（续）,无子番茄的培育
BIOLOGY,0142,137,第十七章 植物生命活动的调节 / 第2节 其他植物激素、植物生长调节剂及环境因素参与调节植物的生命活动 / 知识清单（续）,赤霉素与 $\alpha$-淀粉酶
BIOLOGY,0142,137,第十七章 植物生命活动的调节 / 第2节 其他植物激素、植物生长调节剂及环境因素参与调节植物的生命活动 / 知识清单（续）,膨大剂
BIOLOGY,0142,137,第十七章 植物生命活动的调节 / 第2节 其他植物激素、植物生长调节剂及环境因素参与调节植物的生命活动 / 知识清单（续）,青鲜素与储藏期
BIOLOGY,0142,137,第十七章 植物生命活动的调节 / 第2节 其他植物激素、植物生长调节剂及环境因素参与调节植物的生命活动 / 知识清单（续）,矮壮素与抗倒伏
BIOLOGY,0142,137,第十七章 植物生命活动的调节 / 第2节 其他植物激素、植物生长调节剂及环境因素参与调节植物的生命活动 / 知识清单（续）,乙烯利
BIOLOGY,0142,137,第十七章 植物生命活动的调节 / 第2节 其他植物激素、植物生长调节剂及环境因素参与调节植物的生命活动 / 知识清单（续）,浸泡法与沾蘸法
BIOLOGY,0142,137,第十七章 植物生命活动的调节 / 第2节 其他植物激素、植物生长调节剂及环境因素参与调节植物的生命活动 / 知识清单（续）,预实验
BIOLOGY,0142,137,第十七章 植物生命活动的调节 / 第2节 其他植物激素、植物生长调节剂及环境因素参与调节植物的生命活动 / 知识清单（续）,插条的极性处理
BIOLOGY,0142,137,第十七章 植物生命活动的调节 / 第2节 其他植物激素、植物生长调节剂及环境因素参与调节植物的生命活动 / 知识清单（续）,无关变量的控制
BIOLOGY,0142,137,第十七章 植物生命活动的调节 / 第2节 其他植物激素、植物生长调节剂及环境因素参与调节植物的生命活动 / 知识清单（续）,乙烯利催熟水果
BIOLOGY,0142,137,第十七章 植物生命活动的调节 / 第2节 其他植物激素、植物生长调节剂及环境因素参与调节植物的生命活动 / 知识清单（续）,无子番茄与无子西瓜的区别
BIOLOGY,0142,137,第十七章 植物生命活动的调节 / 第2节 其他植物激素、植物生长调节剂及环境因素参与调节植物的生命活动 / 知识清单（续）,染色体数目变异
BIOLOGY,0142,137,第十七章 植物生命活动的调节 / 第2节 其他植物激素、植物生长调节剂及环境因素参与调节植物的生命活动 / 知识清单（续）,植物激素的协同作用
BIOLOGY,0142,137,第十七章 植物生命活动的调节 / 第2节 其他植物激素、植物生长调节剂及环境因素参与调节植物的生命活动 / 知识清单（续）,植物激素的相抗衡作用
BIOLOGY,0142,137,第十七章 植物生命活动的调节 / 第2节 其他植物激素、植物生长调节剂及环境因素参与调节植物的生命活动 / 知识清单（续）,顶端优势与细胞分裂素
BIOLOGY,0142,137,第十七章 植物生命活动的调节 / 第2节 其他植物激素、植物生长调节剂及环境因素参与调节植物的生命活动 / 知识清单（续）,器官脱落与脱落酸
BIOLOGY,0142,137,第十七章 植物生命活动的调节 / 第2节 其他植物激素、植物生长调节剂及环境因素参与调节植物的生命活动 / 知识清单（续）,种子萌发与激素
BIOLOGY,0142,137,第十七章 植物生命活动的调节 / 第2节 其他植物激素、植物生长调节剂及环境因素参与调节植物的生命活动 / 知识清单（续）,叶片衰老与激素
BIOLOGY,0143,138,第十七章 植物生命活动的调节 / 第2节 其他植物激素、植物生长调节剂及环境因素参与调节植物的生命活动 / 知识清单（续）,植物激素间的反馈作用
BIOLOGY,0143,138,第十七章 植物生命活动的调节 / 第2节 其他植物激素、植物生长调节剂及环境因素参与调节植物的生命活动 / 知识清单（续）,生长素与乙烯的相互关系
BIOLOGY,0143,138,第十七章 植物生命活动的调节 / 第2节 其他植物激素、植物生长调节剂及环境因素参与调节植物的生命活动 / 知识清单（续）,激素的相对含量与生理效应
BIOLOGY,0143,138,第十七章 植物生命活动的调节 / 第2节 其他植物激素、植物生长调节剂及环境因素参与调节植物的生命活动 / 知识清单（续）,脱落酸与赤霉素比值与花性别分化
BIOLOGY,0143,138,第十七章 植物生命活动的调节 / 第2节 其他植物激素、植物生长调节剂及环境因素参与调节植物的生命活动 / 知识清单（续）,生长素与细胞分裂素比值与器官分化
BIOLOGY,0143,138,第十七章 植物生命活动的调节 / 第2节 其他植物激素、植物生长调节剂及环境因素参与调节植物的生命活动 / 知识清单（续）,愈伤组织
BIOLOGY,0143,138,第十七章 植物生命活动的调节 / 第2节 其他植物激素、植物生长调节剂及环境因素参与调节植物的生命活动 / 知识清单（续）,激素调节的顺序性
BIOLOGY,0143,138,第十七章 植物生命活动的调节 / 第2节 其他植物激素、植物生长调节剂及环境因素参与调节植物的生命活动 / 知识清单（续）,光对植物生长发育的调控
BIOLOGY,0143,138,第十七章 植物生命活动的调节 / 第2节 其他植物激素、植物生长调节剂及环境因素参与调节植物的生命活动 / 知识清单（续）,光敏色素
BIOLOGY,0143,138,第十七章 植物生命活动的调节 / 第2节 其他植物激素、植物生长调节剂及环境因素参与调节植物的生命活动 / 知识清单（续）,光敏色素的作用机制
BIOLOGY,0143,138,第十七章 植物生命活动的调节 / 第2节 其他植物激素、植物生长调节剂及环境因素参与调节植物的生命活动 / 知识清单（续）,温度对植物生命活动的影响
BIOLOGY,0143,138,第十七章 植物生命活动的调节 / 第2节 其他植物激素、植物生长调节剂及环境因素参与调节植物的生命活动 / 知识清单（续）,春化作用
BIOLOGY,0143,138,第十七章 植物生命活动的调节 / 第2节 其他植物激素、植物生长调节剂及环境因素参与调节植物的生命活动 / 知识清单（续）,树木年轮
BIOLOGY,0143,138,第十七章 植物生命活动的调节 / 第2节 其他植物激素、植物生长调节剂及环境因素参与调节植物的生命活动 / 知识清单（续）,重力对植物生长的调节
BIOLOGY,0143,138,第十七章 植物生命活动的调节 / 第2节 其他植物激素、植物生长调节剂及环境因素参与调节植物的生命活动 / 知识清单（续）,淀粉—平衡石假说
BIOLOGY,0143,138,第十七章 植物生命活动的调节 / 第2节 其他植物激素、植物生长调节剂及环境因素参与调节植物的生命活动 / 知识清单（续）,平衡石细胞
BIOLOGY,0143,138,第十七章 植物生命活动的调节 / 第2节 其他植物激素、植物生长调节剂及环境因素参与调节植物的生命活动 / 知识清单（续）,根的向地性
BIOLOGY,0143,138,第十七章 植物生命活动的调节 / 第2节 其他植物激素、植物生长调节剂及环境因素参与调节植物的生命活动 / 知识清单（续）,生长素极性运输与重力
BIOLOGY,0143,138,第十七章 植物生命活动的调节 / 第2节 其他植物激素、植物生长调节剂及环境因素参与调节植物的生命活动 / 知识清单（续）,植物生长发育的整体调控
BIOLOGY,0143,138,第十七章 植物生命活动的调节 / 第2节 其他植物激素、植物生长调节剂及环境因素参与调节植物的生命活动 / 知识清单（续）,基因选择性表达与植物生命活动
BIOLOGY,0144,139,第十七章 植物生命活动的调节 / 第2节 其他植物激素、植物生长调节剂及环境因素参与调节植物的生命活动 / 考教衔接 人工控制花期,人工控制花期
BIOLOGY,0144,139,第十七章 植物生命活动的调节 / 第2节 其他植物激素、植物生长调节剂及环境因素参与调节植物的生命活动 / 考教衔接 人工控制花期,温度处理与花期调控
BIOLOGY,0144,139,第十七章 植物生命活动的调节 / 第2节 其他植物激素、植物生长调节剂及环境因素参与调节植物的生命活动 / 考教衔接 人工控制花期,光照时间与花期调控
BIOLOGY,0144,139,第十七章 植物生命活动的调节 / 第2节 其他植物激素、植物生长调节剂及环境因素参与调节植物的生命活动 / 考教衔接 人工控制花期,短日植物
BIOLOGY,0144,139,第十七章 植物生命活动的调节 / 第2节 其他植物激素、植物生长调节剂及环境因素参与调节植物的生命活动 / 考教衔接 人工控制花期,长日植物
BIOLOGY,0144,139,第十七章 植物生命活动的调节 / 第2节 其他植物激素、植物生长调节剂及环境因素参与调节植物的生命活动 / 考教衔接 人工控制花期,夜间补光与遮光处理
BIOLOGY,0144,139,第十七章 植物生命活动的调节 / 第2节 其他植物激素、植物生长调节剂及环境因素参与调节植物的生命活动 / 考教衔接 人工控制花期,植物生长调节剂与花期
BIOLOGY,0144,139,第十七章 植物生命活动的调节 / 第2节 其他植物激素、植物生长调节剂及环境因素参与调节植物的生命活动 / 考教衔接 人工控制花期,栽培措施与花期调控
BIOLOGY,0144,139,第十七章 植物生命活动的调节 / 第2节 其他植物激素、植物生长调节剂及环境因素参与调节植物的生命活动 / 考教衔接 人工控制花期,光周期现象
BIOLOGY,0145,140,第四部分 生物与环境 / 第十八章 种群及其动态 / 第1节 种群的数量特征 / 知识清单,种群
BIOLOGY,0145,140,第四部分 生物与环境 / 第十八章 种群及其动态 / 第1节 种群的数量特征 / 知识清单,种群的数量特征
BIOLOGY,0145,140,第四部分 生物与环境 / 第十八章 种群及其动态 / 第1节 种群的数量特征 / 知识清单,种群密度
BIOLOGY,0145,140,第四部分 生物与环境 / 第十八章 种群及其动态 / 第1节 种群的数量特征 / 知识清单,出生率与死亡率
BIOLOGY,0145,140,第四部分 生物与环境 / 第十八章 种群及其动态 / 第1节 种群的数量特征 / 知识清单,迁入率与迁出率
BIOLOGY,0145,140,第四部分 生物与环境 / 第十八章 种群及其动态 / 第1节 种群的数量特征 / 知识清单,年龄结构
BIOLOGY,0145,140,第四部分 生物与环境 / 第十八章 种群及其动态 / 第1节 种群的数量特征 / 知识清单,增长型、稳定型与衰退型
BIOLOGY,0145,140,第四部分 生物与环境 / 第十八章 种群及其动态 / 第1节 种群的数量特征 / 知识清单,性别比例
BIOLOGY,0145,140,第四部分 生物与环境 / 第十八章 种群及其动态 / 第1节 种群的数量特征 / 知识清单,种群密度的调查方法
BIOLOGY,0145,140,第四部分 生物与环境 / 第十八章 种群及其动态 / 第1节 种群的数量特征 / 知识清单,逐个计数法
BIOLOGY,0145,140,第四部分 生物与环境 / 第十八章 种群及其动态 / 第1节 种群的数量特征 / 知识清单,样方法
BIOLOGY,0145,140,第四部分 生物与环境 / 第十八章 种群及其动态 / 第1节 种群的数量特征 / 知识清单,五点取样法与等距取样法
BIOLOGY,0145,140,第四部分 生物与环境 / 第十八章 种群及其动态 / 第1节 种群的数量特征 / 知识清单,随机取样
BIOLOGY,0145,140,第四部分 生物与环境 / 第十八章 种群及其动态 / 第1节 种群的数量特征 / 知识清单,标记重捕法
BIOLOGY,0145,140,第四部分 生物与环境 / 第十八章 种群及其动态 / 第1节 种群的数量特征 / 知识清单,标记重捕法的计算公式
BIOLOGY,0145,140,第四部分 生物与环境 / 第十八章 种群及其动态 / 第1节 种群的数量特征 / 知识清单,标记重捕法的误差分析
BIOLOGY,0146,141,第十八章 种群及其动态 / 考教衔接 调查种群数量的其他方法,黑光灯诱捕法
BIOLOGY,0146,141,第十八章 种群及其动态 / 考教衔接 调查种群数量的其他方法,红外触发相机自动拍摄技术
BIOLOGY,0146,141,第十八章 种群及其动态 / 考教衔接 调查种群数量的其他方法,粪便 DNA 分析法
BIOLOGY,0146,141,第十八章 种群及其动态 / 考教衔接 调查种群数量的其他方法,声音监测法
BIOLOGY,0146,141,第十八章 种群及其动态 / 考教衔接 调查种群数量的其他方法,抽样检测法
BIOLOGY,0146,141,第十八章 种群及其动态 / 考教衔接 调查种群数量的其他方法,种群密度的调查方法
BIOLOGY,0147,142,第十八章 种群及其动态 / 第2节 种群数量的变化及其影响因素 / 知识清单,「J」形增长
BIOLOGY,0147,142,第十八章 种群及其动态 / 第2节 种群数量的变化及其影响因素 / 知识清单,「S」形增长
BIOLOGY,0147,142,第十八章 种群及其动态 / 第2节 种群数量的变化及其影响因素 / 知识清单,种群增长速率
BIOLOGY,0147,142,第十八章 种群及其动态 / 第2节 种群数量的变化及其影响因素 / 知识清单,环境容纳量
BIOLOGY,0147,142,第十八章 种群及其动态 / 第2节 种群数量的变化及其影响因素 / 知识清单,K/2 的应用
BIOLOGY,0147,142,第十八章 种群及其动态 / 第2节 种群数量的变化及其影响因素 / 知识清单,环境阻力
BIOLOGY,0147,142,第十八章 种群及其动态 / 第2节 种群数量的变化及其影响因素 / 知识清单,负反馈调节
BIOLOGY,0147,142,第十八章 种群及其动态 / 第2节 种群数量的变化及其影响因素 / 知识清单,培养液中酵母菌种群数量的变化
BIOLOGY,0147,142,第十八章 种群及其动态 / 第2节 种群数量的变化及其影响因素 / 知识清单,抽样检测法
BIOLOGY,0147,142,第十八章 种群及其动态 / 第2节 种群数量的变化及其影响因素 / 知识清单,血细胞计数板
BIOLOGY,0147,142,第十八章 种群及其动态 / 第2节 种群数量的变化及其影响因素 / 知识清单,计数室的规格
BIOLOGY,0148,143,第十八章 种群及其动态 / 第2节 种群数量的变化及其影响因素 / 知识清单（续表）+ 考教衔接,血细胞计数板的计数方法
BIOLOGY,0148,143,第十八章 种群及其动态 / 第2节 种群数量的变化及其影响因素 / 知识清单（续表）+ 考教衔接,五点取样法
BIOLOGY,0148,143,第十八章 种群及其动态 / 第2节 种群数量的变化及其影响因素 / 知识清单（续表）+ 考教衔接,稀释倍数
BIOLOGY,0148,143,第十八章 种群及其动态 / 第2节 种群数量的变化及其影响因素 / 知识清单（续表）+ 考教衔接,计上不计下，计左不计右
BIOLOGY,0148,143,第十八章 种群及其动态 / 第2节 种群数量的变化及其影响因素 / 知识清单（续表）+ 考教衔接,非生物因素对种群数量的影响
BIOLOGY,0148,143,第十八章 种群及其动态 / 第2节 种群数量的变化及其影响因素 / 知识清单（续表）+ 考教衔接,林冠层郁闭度
BIOLOGY,0148,143,第十八章 种群及其动态 / 第2节 种群数量的变化及其影响因素 / 知识清单（续表）+ 考教衔接,种内竞争
BIOLOGY,0148,143,第十八章 种群及其动态 / 第2节 种群数量的变化及其影响因素 / 知识清单（续表）+ 考教衔接,种间关系
BIOLOGY,0148,143,第十八章 种群及其动态 / 第2节 种群数量的变化及其影响因素 / 知识清单（续表）+ 考教衔接,人类活动对种群数量的影响
BIOLOGY,0148,143,第十八章 种群及其动态 / 第2节 种群数量的变化及其影响因素 / 知识清单（续表）+ 考教衔接,环境阻力
BIOLOGY,0148,143,第十八章 种群及其动态 / 第2节 种群数量的变化及其影响因素 / 知识清单（续表）+ 考教衔接,种群研究的应用
BIOLOGY,0148,143,第十八章 种群及其动态 / 第2节 种群数量的变化及其影响因素 / 知识清单（续表）+ 考教衔接,K/2 在捕捞与防治中的应用
BIOLOGY,0148,143,第十八章 种群及其动态 / 第2节 种群数量的变化及其影响因素 / 知识清单（续表）+ 考教衔接,密度制约因素
BIOLOGY,0148,143,第十八章 种群及其动态 / 第2节 种群数量的变化及其影响因素 / 知识清单（续表）+ 考教衔接,非密度制约因素
BIOLOGY,0149,144,第十八章 种群及其动态 / 即练即清 + 微专题 种群增长率和增长率,种群增长率
BIOLOGY,0149,144,第十八章 种群及其动态 / 即练即清 + 微专题 种群增长率和增长率,种群增长速率
BIOLOGY,0150,145,第十八章 种群及其动态 / 微专题 种群增长率和增长率 / 突破指南,种群增长率
BIOLOGY,0150,145,第十八章 种群及其动态 / 微专题 种群增长率和增长率 / 突破指南,种群增长速率
BIOLOGY,0150,145,第十八章 种群及其动态 / 微专题 种群增长率和增长率 / 突破指南,阿利效应
BIOLOGY,0150,145,第十八章 种群及其动态 / 微专题 种群增长率和增长率 / 突破指南,内禀增长率
BIOLOGY,0150,145,第十八章 种群及其动态 / 微专题 种群增长率和增长率 / 突破指南,自然增长率
BIOLOGY,0150,145,第十八章 种群及其动态 / 微专题 种群增长率和增长率 / 突破指南,周限增长率
BIOLOGY,0150,145,第十八章 种群及其动态 / 微专题 种群增长率和增长率 / 突破指南,「J」形增长的增长率与增长速率
BIOLOGY,0151,146,第十九章 群落及其演替 / 第1节 群落的结构 / 知识清单,群落
BIOLOGY,0151,146,第十九章 群落及其演替 / 第1节 群落的结构 / 知识清单,物种丰富度
BIOLOGY,0151,146,第十九章 群落及其演替 / 第1节 群落的结构 / 知识清单,优势种
BIOLOGY,0151,146,第十九章 群落及其演替 / 第1节 群落的结构 / 知识清单,取样器取样法
BIOLOGY,0151,146,第十九章 群落及其演替 / 第1节 群落的结构 / 知识清单,记名计算法
BIOLOGY,0151,146,第十九章 群落及其演替 / 第1节 群落的结构 / 知识清单,目测估计法
BIOLOGY,0151,146,第十九章 群落及其演替 / 第1节 群落的结构 / 知识清单,诱虫器采集法
BIOLOGY,0151,146,第十九章 群落及其演替 / 第1节 群落的结构 / 知识清单,简易采集法
BIOLOGY,0151,146,第十九章 群落及其演替 / 第1节 群落的结构 / 知识清单,原始合作
BIOLOGY,0151,146,第十九章 群落及其演替 / 第1节 群落的结构 / 知识清单,互利共生
BIOLOGY,0151,146,第十九章 群落及其演替 / 第1节 群落的结构 / 知识清单,寄生
BIOLOGY,0151,146,第十九章 群落及其演替 / 第1节 群落的结构 / 知识清单,种间竞争
BIOLOGY,0151,146,第十九章 群落及其演替 / 第1节 群落的结构 / 知识清单,捕食
BIOLOGY,0151,146,第十九章 群落及其演替 / 第1节 群落的结构 / 知识清单,种间关系
BIOLOGY,0152,147,第十九章 群落及其演替 / 第1节 群落的结构 / 知识清单（续表）,种间关系的数量坐标图
BIOLOGY,0152,147,第十九章 群落及其演替 / 第1节 群落的结构 / 知识清单（续表）,群落的垂直结构
BIOLOGY,0152,147,第十九章 群落及其演替 / 第1节 群落的结构 / 知识清单（续表）,群落的分层现象
BIOLOGY,0152,147,第十九章 群落及其演替 / 第1节 群落的结构 / 知识清单（续表）,群落的水平结构
BIOLOGY,0152,147,第十九章 群落及其演替 / 第1节 群落的结构 / 知识清单（续表）,镶嵌分布
BIOLOGY,0152,147,第十九章 群落及其演替 / 第1节 群落的结构 / 知识清单（续表）,群落的季节性
BIOLOGY,0152,147,第十九章 群落及其演替 / 第1节 群落的结构 / 知识清单（续表）,生态位
BIOLOGY,0152,147,第十九章 群落及其演替 / 第1节 群落的结构 / 知识清单（续表）,协同进化
BIOLOGY,0153,148,第十九章 群落及其演替 / 微专题 生态位重叠和分化,生态位重叠
BIOLOGY,0153,148,第十九章 群落及其演替 / 微专题 生态位重叠和分化,时间生态位重叠
BIOLOGY,0153,148,第十九章 群落及其演替 / 微专题 生态位重叠和分化,空间生态位重叠
BIOLOGY,0153,148,第十九章 群落及其演替 / 微专题 生态位重叠和分化,营养生态位重叠
BIOLOGY,0153,148,第十九章 群落及其演替 / 微专题 生态位重叠和分化,生态位的分化
BIOLOGY,0154,149,第十九章 群落及其演替 / 微专题 生态位重叠和分化 / 突破指南,生态位宽度
BIOLOGY,0154,149,第十九章 群落及其演替 / 微专题 生态位重叠和分化 / 突破指南,生态位重叠指数
BIOLOGY,0154,149,第十九章 群落及其演替 / 微专题 生态位重叠和分化 / 突破指南,生态位重叠与种间竞争的关系
BIOLOGY,0154,149,第十九章 群落及其演替 / 微专题 生态位重叠和分化 / 突破指南,生态位分化
BIOLOGY,0154,149,第十九章 群落及其演替 / 微专题 生态位重叠和分化 / 突破指南,生态位分化的意义
BIOLOGY,0155,150,第十九章 群落及其演替 / 第2节 群落的主要类型及演替 / 知识清单,荒漠生物群落
BIOLOGY,0155,150,第十九章 群落及其演替 / 第2节 群落的主要类型及演替 / 知识清单,草原生物群落
BIOLOGY,0155,150,第十九章 群落及其演替 / 第2节 群落的主要类型及演替 / 知识清单,森林生物群落
BIOLOGY,0155,150,第十九章 群落及其演替 / 第2节 群落的主要类型及演替 / 知识清单,湿地生物群落
BIOLOGY,0155,150,第十九章 群落及其演替 / 第2节 群落的主要类型及演替 / 知识清单,海洋生物群落
BIOLOGY,0155,150,第十九章 群落及其演替 / 第2节 群落的主要类型及演替 / 知识清单,群落演替
BIOLOGY,0155,150,第十九章 群落及其演替 / 第2节 群落的主要类型及演替 / 知识清单,初生演替
BIOLOGY,0155,150,第十九章 群落及其演替 / 第2节 群落的主要类型及演替 / 知识清单,次生演替
BIOLOGY,0155,150,第十九章 群落及其演替 / 第2节 群落的主要类型及演替 / 知识清单,优势种的取代
BIOLOGY,0155,150,第十九章 群落及其演替 / 第2节 群落的主要类型及演替 / 知识清单,影响群落演替的因素
BIOLOGY,0155,150,第十九章 群落及其演替 / 第2节 群落的主要类型及演替 / 知识清单,人类活动对群落演替的影响
BIOLOGY,0155,150,第十九章 群落及其演替 / 第2节 群落的主要类型及演替 / 知识清单,顶极群落
BIOLOGY,0156,151,第十九章 群落及其演替 / 第2节 群落的主要类型及演替 / 知识拓展 + 考教衔接,顶极群落
BIOLOGY,0156,151,第十九章 群落及其演替 / 第2节 群落的主要类型及演替 / 知识拓展 + 考教衔接,顶极群落与气候条件的对应
BIOLOGY,0156,151,第十九章 群落及其演替 / 第2节 群落的主要类型及演替 / 知识拓展 + 考教衔接,演替的最终状态
BIOLOGY,0157,152,第二十章 生态系统及其稳定性 / 第1节 生态系统的结构 / 知识清单,生态系统
BIOLOGY,0157,152,第二十章 生态系统及其稳定性 / 第1节 生态系统的结构 / 知识清单,生物圈
BIOLOGY,0157,152,第二十章 生态系统及其稳定性 / 第1节 生态系统的结构 / 知识清单,非生物的物质和能量
BIOLOGY,0157,152,第二十章 生态系统及其稳定性 / 第1节 生态系统的结构 / 知识清单,生产者
BIOLOGY,0157,152,第二十章 生态系统及其稳定性 / 第1节 生态系统的结构 / 知识清单,消费者
BIOLOGY,0157,152,第二十章 生态系统及其稳定性 / 第1节 生态系统的结构 / 知识清单,分解者
BIOLOGY,0157,152,第二十章 生态系统及其稳定性 / 第1节 生态系统的结构 / 知识清单,生物群落
BIOLOGY,0157,152,第二十章 生态系统及其稳定性 / 第1节 生态系统的结构 / 知识清单,食物链
BIOLOGY,0157,152,第二十章 生态系统及其稳定性 / 第1节 生态系统的结构 / 知识清单,食物网
BIOLOGY,0157,152,第二十章 生态系统及其稳定性 / 第1节 生态系统的结构 / 知识清单,营养级
BIOLOGY,0157,152,第二十章 生态系统及其稳定性 / 第1节 生态系统的结构 / 知识清单,消费者级别与营养级的关系
BIOLOGY,0157,152,第二十章 生态系统及其稳定性 / 第1节 生态系统的结构 / 知识清单,食物链的起点与营养级数目限制
BIOLOGY,0157,152,第二十章 生态系统及其稳定性 / 第1节 生态系统的结构 / 知识清单,食物网中生物数量变化的分析
BIOLOGY,0158,153,第二十章 生态系统及其稳定性 / 第2节 生态系统的能量流动 / 知识清单,生态系统的能量流动
BIOLOGY,0158,153,第二十章 生态系统及其稳定性 / 第2节 生态系统的能量流动 / 知识清单,能量流动的输入与散失
BIOLOGY,0158,153,第二十章 生态系统及其稳定性 / 第2节 生态系统的能量流动 / 知识清单,同化量
BIOLOGY,0158,153,第二十章 生态系统及其稳定性 / 第2节 生态系统的能量流动 / 知识清单,摄入量
BIOLOGY,0158,153,第二十章 生态系统及其稳定性 / 第2节 生态系统的能量流动 / 知识清单,粪便量
BIOLOGY,0158,153,第二十章 生态系统及其稳定性 / 第2节 生态系统的能量流动 / 知识清单,未利用的能量
BIOLOGY,0158,153,第二十章 生态系统及其稳定性 / 第2节 生态系统的能量流动 / 知识清单,能量流动的单向流动
BIOLOGY,0158,153,第二十章 生态系统及其稳定性 / 第2节 生态系统的能量流动 / 知识清单,能量流动的逐级递减
BIOLOGY,0158,153,第二十章 生态系统及其稳定性 / 第2节 生态系统的能量流动 / 知识清单,能量传递效率
BIOLOGY,0158,153,第二十章 生态系统及其稳定性 / 第2节 生态系统的能量流动 / 知识清单,研究能量流动的意义
BIOLOGY,0158,153,第二十章 生态系统及其稳定性 / 第2节 生态系统的能量流动 / 知识清单,能量的多级利用
BIOLOGY,0158,153,第二十章 生态系统及其稳定性 / 第2节 生态系统的能量流动 / 知识清单,间作套种
BIOLOGY,0159,154,第二十章 生态系统及其稳定性 / 第2节 生态系统的能量流动 / 生态金字塔 + 考法清单,生态金字塔
BIOLOGY,0159,154,第二十章 生态系统及其稳定性 / 第2节 生态系统的能量流动 / 生态金字塔 + 考法清单,能量金字塔
BIOLOGY,0159,154,第二十章 生态系统及其稳定性 / 第2节 生态系统的能量流动 / 生态金字塔 + 考法清单,数量金字塔
BIOLOGY,0159,154,第二十章 生态系统及其稳定性 / 第2节 生态系统的能量流动 / 生态金字塔 + 考法清单,生物量金字塔
BIOLOGY,0159,154,第二十章 生态系统及其稳定性 / 第2节 生态系统的能量流动 / 生态金字塔 + 考法清单,能量流动过程的模型分析
BIOLOGY,0159,154,第二十章 生态系统及其稳定性 / 第2节 生态系统的能量流动 / 生态金字塔 + 考法清单,摄入量与同化量的关系
BIOLOGY,0159,154,第二十章 生态系统及其稳定性 / 第2节 生态系统的能量流动 / 生态金字塔 + 考法清单,粪便量的归属
BIOLOGY,0160,155,第二十章 生态系统及其稳定性 / 第2节 生态系统的能量流动 / 考法清单·能量流动过程的分析（续）,人工输入能量的处理
BIOLOGY,0160,155,第二十章 生态系统及其稳定性 / 第2节 生态系统的能量流动 / 考法清单·能量流动过程的分析（续）,有人工能量输入时的能量传递效率
BIOLOGY,0161,156,第二十章 生态系统及其稳定性 / 第3节 生态系统的物质循环和信息传递 / 知识清单,生态系统的物质循环
BIOLOGY,0161,156,第二十章 生态系统及其稳定性 / 第3节 生态系统的物质循环和信息传递 / 知识清单,生物地球化学循环
BIOLOGY,0161,156,第二十章 生态系统及其稳定性 / 第3节 生态系统的物质循环和信息传递 / 知识清单,碳循环
BIOLOGY,0161,156,第二十章 生态系统及其稳定性 / 第3节 生态系统的物质循环和信息传递 / 知识清单,碳在生物群落与非生物环境间的存在形式
BIOLOGY,0161,156,第二十章 生态系统及其稳定性 / 第3节 生态系统的物质循环和信息传递 / 知识清单,生物富集
BIOLOGY,0161,156,第二十章 生态系统及其稳定性 / 第3节 生态系统的物质循环和信息传递 / 知识清单,能量流动与物质循环的关系
BIOLOGY,0161,156,第二十章 生态系统及其稳定性 / 第3节 生态系统的物质循环和信息传递 / 知识清单,氮循环
BIOLOGY,0161,156,第二十章 生态系统及其稳定性 / 第3节 生态系统的物质循环和信息传递 / 知识清单,固氮作用
BIOLOGY,0161,156,第二十章 生态系统及其稳定性 / 第3节 生态系统的物质循环和信息传递 / 知识清单,硝化作用
BIOLOGY,0161,156,第二十章 生态系统及其稳定性 / 第3节 生态系统的物质循环和信息传递 / 知识清单,反硝化作用
BIOLOGY,0161,156,第二十章 生态系统及其稳定性 / 第3节 生态系统的物质循环和信息传递 / 知识清单,全球循环与碳平衡
BIOLOGY,0161,156,第二十章 生态系统及其稳定性 / 第3节 生态系统的物质循环和信息传递 / 知识清单,物理信息
BIOLOGY,0161,156,第二十章 生态系统及其稳定性 / 第3节 生态系统的物质循环和信息传递 / 知识清单,化学信息
BIOLOGY,0161,156,第二十章 生态系统及其稳定性 / 第3节 生态系统的物质循环和信息传递 / 知识清单,行为信息
BIOLOGY,0161,156,第二十章 生态系统及其稳定性 / 第3节 生态系统的物质循环和信息传递 / 知识清单,信息传递的过程
BIOLOGY,0161,156,第二十章 生态系统及其稳定性 / 第3节 生态系统的物质循环和信息传递 / 知识清单,信息源
BIOLOGY,0161,156,第二十章 生态系统及其稳定性 / 第3节 生态系统的物质循环和信息传递 / 知识清单,信道
BIOLOGY,0161,156,第二十章 生态系统及其稳定性 / 第3节 生态系统的物质循环和信息传递 / 知识清单,信息受体
BIOLOGY,0162,157,第二十章 生态系统及其稳定性 / 第3节 生态系统的物质循环和信息传递（续表）+ 知识归纳,信息传递在个体水平的作用
BIOLOGY,0162,157,第二十章 生态系统及其稳定性 / 第3节 生态系统的物质循环和信息传递（续表）+ 知识归纳,信息传递在种群水平的作用
BIOLOGY,0162,157,第二十章 生态系统及其稳定性 / 第3节 生态系统的物质循环和信息传递（续表）+ 知识归纳,信息传递在群落和生态系统水平的作用
BIOLOGY,0162,157,第二十章 生态系统及其稳定性 / 第3节 生态系统的物质循环和信息传递（续表）+ 知识归纳,性外激素
BIOLOGY,0162,157,第二十章 生态系统及其稳定性 / 第3节 生态系统的物质循环和信息传递（续表）+ 知识归纳,回声定位
BIOLOGY,0162,157,第二十章 生态系统及其稳定性 / 第3节 生态系统的物质循环和信息传递（续表）+ 知识归纳,信息传递在农业生产中的应用
BIOLOGY,0162,157,第二十章 生态系统及其稳定性 / 第3节 生态系统的物质循环和信息传递（续表）+ 知识归纳,机械防治
BIOLOGY,0162,157,第二十章 生态系统及其稳定性 / 第3节 生态系统的物质循环和信息传递（续表）+ 知识归纳,化学防治
BIOLOGY,0162,157,第二十章 生态系统及其稳定性 / 第3节 生态系统的物质循环和信息传递（续表）+ 知识归纳,生物防治
BIOLOGY,0163,158,第二十章 生态系统及其稳定性 / 第4节 生态系统的稳定性 / 知识清单,生态平衡
BIOLOGY,0163,158,第二十章 生态系统及其稳定性 / 第4节 生态系统的稳定性 / 知识清单,生态系统的稳定性
BIOLOGY,0163,158,第二十章 生态系统及其稳定性 / 第4节 生态系统的稳定性 / 知识清单,自我调节能力
BIOLOGY,0163,158,第二十章 生态系统及其稳定性 / 第4节 生态系统的稳定性 / 知识清单,抵抗力稳定性
BIOLOGY,0163,158,第二十章 生态系统及其稳定性 / 第4节 生态系统的稳定性 / 知识清单,恢复力稳定性
BIOLOGY,0163,158,第二十章 生态系统及其稳定性 / 第4节 生态系统的稳定性 / 知识清单,抵抗力稳定性与恢复力稳定性的关系
BIOLOGY,0163,158,第二十章 生态系统及其稳定性 / 第4节 生态系统的稳定性 / 知识清单,正反馈调节
BIOLOGY,0163,158,第二十章 生态系统及其稳定性 / 第4节 生态系统的稳定性 / 知识清单,负反馈调节
BIOLOGY,0164,159,第二十一章 人与环境 / 知识清单,生态足迹
BIOLOGY,0164,159,第二十一章 人与环境 / 知识清单,全球气候变化
BIOLOGY,0164,159,第二十一章 人与环境 / 知识清单,水资源短缺
BIOLOGY,0164,159,第二十一章 人与环境 / 知识清单,臭氧层破坏
BIOLOGY,0164,159,第二十一章 人与环境 / 知识清单,土地荒漠化
BIOLOGY,0164,159,第二十一章 人与环境 / 知识清单,生物多样性丧失
BIOLOGY,0164,159,第二十一章 人与环境 / 知识清单,环境污染
BIOLOGY,0164,159,第二十一章 人与环境 / 知识清单,生态承载力
BIOLOGY,0164,159,第二十一章 人与环境 / 知识清单,生态赤字与生态盈余
BIOLOGY,0164,159,第二十一章 人与环境 / 知识清单,生物多样性的类型
BIOLOGY,0164,159,第二十一章 人与环境 / 知识清单,生物多样性的直接价值
BIOLOGY,0164,159,第二十一章 人与环境 / 知识清单,生物多样性的间接价值
BIOLOGY,0164,159,第二十一章 人与环境 / 知识清单,生物多样性的潜在价值
BIOLOGY,0164,159,第二十一章 人与环境 / 知识清单,生物多样性丧失的原因
BIOLOGY,0164,159,第二十一章 人与环境 / 知识清单,就地保护
BIOLOGY,0164,159,第二十一章 人与环境 / 知识清单,易地保护
BIOLOGY,0165,160,第二十一章 人与环境 / 生态工程,生态工程
BIOLOGY,0165,160,第二十一章 人与环境 / 生态工程,自生原理
BIOLOGY,0165,160,第二十一章 人与环境 / 生态工程,循环原理
BIOLOGY,0165,160,第二十一章 人与环境 / 生态工程,协调原理
BIOLOGY,0165,160,第二十一章 人与环境 / 生态工程,整体原理
BIOLOGY,0165,160,第二十一章 人与环境 / 生态工程,生态工程原理的辨析
BIOLOGY,0165,160,第二十一章 人与环境 / 生态工程,农村综合发展型生态工程
BIOLOGY,0165,160,第二十一章 人与环境 / 生态工程,湿地生态恢复工程
BIOLOGY,0165,160,第二十一章 人与环境 / 生态工程,矿区废弃地的生态恢复工程
BIOLOGY,0166,161,第五部分 生物技术与工程 / 第二十二章 发酵工程 / 第1节 传统发酵技术 / 知识清单,传统发酵技术
BIOLOGY,0166,161,第五部分 生物技术与工程 / 第二十二章 发酵工程 / 第1节 传统发酵技术 / 知识清单,腐乳的制作
BIOLOGY,0166,161,第五部分 生物技术与工程 / 第二十二章 发酵工程 / 第1节 传统发酵技术 / 知识清单,毛霉
BIOLOGY,0166,161,第五部分 生物技术与工程 / 第二十二章 发酵工程 / 第1节 传统发酵技术 / 知识清单,泡菜的制作
BIOLOGY,0166,161,第五部分 生物技术与工程 / 第二十二章 发酵工程 / 第1节 传统发酵技术 / 知识清单,乳酸菌
BIOLOGY,0166,161,第五部分 生物技术与工程 / 第二十二章 发酵工程 / 第1节 传统发酵技术 / 知识清单,泡菜制作中亚硝酸盐含量的变化
BIOLOGY,0166,161,第五部分 生物技术与工程 / 第二十二章 发酵工程 / 第1节 传统发酵技术 / 知识清单,果酒的制作
BIOLOGY,0166,161,第五部分 生物技术与工程 / 第二十二章 发酵工程 / 第1节 传统发酵技术 / 知识清单,酵母菌
BIOLOGY,0166,161,第五部分 生物技术与工程 / 第二十二章 发酵工程 / 第1节 传统发酵技术 / 知识清单,果醋的制作
BIOLOGY,0166,161,第五部分 生物技术与工程 / 第二十二章 发酵工程 / 第1节 传统发酵技术 / 知识清单,醋酸菌
BIOLOGY,0166,161,第五部分 生物技术与工程 / 第二十二章 发酵工程 / 第1节 传统发酵技术 / 知识清单,发酵中温度的控制
BIOLOGY,0167,162,第五部分 生物技术与工程 / 第二十二章 发酵工程 / 第1节 传统发酵技术 / 考法清单,酿酒技术的制作过程
BIOLOGY,0167,162,第五部分 生物技术与工程 / 第二十二章 发酵工程 / 第1节 传统发酵技术 / 考法清单,制曲
BIOLOGY,0167,162,第五部分 生物技术与工程 / 第二十二章 发酵工程 / 第1节 传统发酵技术 / 考法清单,糖化
BIOLOGY,0167,162,第五部分 生物技术与工程 / 第二十二章 发酵工程 / 第1节 传统发酵技术 / 考法清单,发酵
BIOLOGY,0167,162,第五部分 生物技术与工程 / 第二十二章 发酵工程 / 第1节 传统发酵技术 / 考法清单,酱造技术的原理
BIOLOGY,0167,162,第五部分 生物技术与工程 / 第二十二章 发酵工程 / 第1节 传统发酵技术 / 考法清单,酱造技术的制作过程
BIOLOGY,0167,162,第五部分 生物技术与工程 / 第二十二章 发酵工程 / 第1节 传统发酵技术 / 考法清单,酱的风味形成
BIOLOGY,0168,163,第五部分 生物技术与工程 / 第二十二章 发酵工程 / 第2节 微生物的培养技术与应用 / 知识清单,培养基
BIOLOGY,0168,163,第五部分 生物技术与工程 / 第二十二章 发酵工程 / 第2节 微生物的培养技术与应用 / 知识清单,碳源
BIOLOGY,0168,163,第五部分 生物技术与工程 / 第二十二章 发酵工程 / 第2节 微生物的培养技术与应用 / 知识清单,氮源
BIOLOGY,0168,163,第五部分 生物技术与工程 / 第二十二章 发酵工程 / 第2节 微生物的培养技术与应用 / 知识清单,生长因子
BIOLOGY,0168,163,第五部分 生物技术与工程 / 第二十二章 发酵工程 / 第2节 微生物的培养技术与应用 / 知识清单,液体培养基
BIOLOGY,0168,163,第五部分 生物技术与工程 / 第二十二章 发酵工程 / 第2节 微生物的培养技术与应用 / 知识清单,半固体培养基
BIOLOGY,0168,163,第五部分 生物技术与工程 / 第二十二章 发酵工程 / 第2节 微生物的培养技术与应用 / 知识清单,固体培养基
BIOLOGY,0168,163,第五部分 生物技术与工程 / 第二十二章 发酵工程 / 第2节 微生物的培养技术与应用 / 知识清单,基础培养基
BIOLOGY,0168,163,第五部分 生物技术与工程 / 第二十二章 发酵工程 / 第2节 微生物的培养技术与应用 / 知识清单,完全培养基
BIOLOGY,0168,163,第五部分 生物技术与工程 / 第二十二章 发酵工程 / 第2节 微生物的培养技术与应用 / 知识清单,补充培养基
BIOLOGY,0168,163,第五部分 生物技术与工程 / 第二十二章 发酵工程 / 第2节 微生物的培养技术与应用 / 知识清单,选择培养基
BIOLOGY,0168,163,第五部分 生物技术与工程 / 第二十二章 发酵工程 / 第2节 微生物的培养技术与应用 / 知识清单,鉴别培养基
BIOLOGY,0168,163,第五部分 生物技术与工程 / 第二十二章 发酵工程 / 第2节 微生物的培养技术与应用 / 知识清单,微生物培养的酸碱条件
BIOLOGY,0169,164,第五部分 生物技术与工程 / 第二十二章 发酵工程 / 第2节 微生物的培养技术与应用 / 知识清单,消毒
BIOLOGY,0169,164,第五部分 生物技术与工程 / 第二十二章 发酵工程 / 第2节 微生物的培养技术与应用 / 知识清单,灭菌
BIOLOGY,0169,164,第五部分 生物技术与工程 / 第二十二章 发酵工程 / 第2节 微生物的培养技术与应用 / 知识清单,煮沸消毒法
BIOLOGY,0169,164,第五部分 生物技术与工程 / 第二十二章 发酵工程 / 第2节 微生物的培养技术与应用 / 知识清单,巴氏消毒法
BIOLOGY,0169,164,第五部分 生物技术与工程 / 第二十二章 发酵工程 / 第2节 微生物的培养技术与应用 / 知识清单,紫外线消毒
BIOLOGY,0169,164,第五部分 生物技术与工程 / 第二十二章 发酵工程 / 第2节 微生物的培养技术与应用 / 知识清单,湿热灭菌
BIOLOGY,0169,164,第五部分 生物技术与工程 / 第二十二章 发酵工程 / 第2节 微生物的培养技术与应用 / 知识清单,干热灭菌
BIOLOGY,0169,164,第五部分 生物技术与工程 / 第二十二章 发酵工程 / 第2节 微生物的培养技术与应用 / 知识清单,灼烧灭菌
BIOLOGY,0169,164,第五部分 生物技术与工程 / 第二十二章 发酵工程 / 第2节 微生物的培养技术与应用 / 知识清单,纯培养物
BIOLOGY,0169,164,第五部分 生物技术与工程 / 第二十二章 发酵工程 / 第2节 微生物的培养技术与应用 / 知识清单,平板划线法
BIOLOGY,0169,164,第五部分 生物技术与工程 / 第二十二章 发酵工程 / 第2节 微生物的培养技术与应用 / 知识清单,稀释涂布平板法
BIOLOGY,0169,164,第五部分 生物技术与工程 / 第二十二章 发酵工程 / 第2节 微生物的培养技术与应用 / 知识清单,系列稀释
BIOLOGY,0169,164,第五部分 生物技术与工程 / 第二十二章 发酵工程 / 第2节 微生物的培养技术与应用 / 知识清单,倒平板
BIOLOGY,0169,164,第五部分 生物技术与工程 / 第二十二章 发酵工程 / 第2节 微生物的培养技术与应用 / 知识清单,倒置培养
BIOLOGY,0169,164,第五部分 生物技术与工程 / 第二十二章 发酵工程 / 第2节 微生物的培养技术与应用 / 知识清单,灼烧接种环的目的
BIOLOGY,0170,165,第五部分 生物技术与工程 / 第二十二章 发酵工程 / 第2节 微生物的培养技术与应用 / 知识清单,显微镜直接计数法
BIOLOGY,0170,165,第五部分 生物技术与工程 / 第二十二章 发酵工程 / 第2节 微生物的培养技术与应用 / 知识清单,血细胞计数板
BIOLOGY,0170,165,第五部分 生物技术与工程 / 第二十二章 发酵工程 / 第2节 微生物的培养技术与应用 / 知识清单,细菌计数板
BIOLOGY,0170,165,第五部分 生物技术与工程 / 第二十二章 发酵工程 / 第2节 微生物的培养技术与应用 / 知识清单,活菌计数
BIOLOGY,0170,165,第五部分 生物技术与工程 / 第二十二章 发酵工程 / 第2节 微生物的培养技术与应用 / 知识清单,稀释涂布平板法的计算公式
BIOLOGY,0170,165,第五部分 生物技术与工程 / 第二十二章 发酵工程 / 第2节 微生物的培养技术与应用 / 知识清单,脲酶
BIOLOGY,0170,165,第五部分 生物技术与工程 / 第二十二章 发酵工程 / 第2节 微生物的培养技术与应用 / 知识清单,以尿素为唯一氮源的培养基
BIOLOGY,0170,165,第五部分 生物技术与工程 / 第二十二章 发酵工程 / 第2节 微生物的培养技术与应用 / 知识清单,酚红指示剂
BIOLOGY,0170,165,第五部分 生物技术与工程 / 第二十二章 发酵工程 / 第2节 微生物的培养技术与应用 / 知识清单,菌落计数30～300
BIOLOGY,0170,165,第五部分 生物技术与工程 / 第二十二章 发酵工程 / 第2节 微生物的培养技术与应用 / 知识清单,平板计数的注意事项
BIOLOGY,0171,166,第五部分 生物技术与工程 / 第二十二章 发酵工程 / 第2节 微生物的培养技术与应用 / 考法清单,微生物的分离实例
BIOLOGY,0171,166,第五部分 生物技术与工程 / 第二十二章 发酵工程 / 第2节 微生物的培养技术与应用 / 考法清单,青霉素抗性菌的分离
BIOLOGY,0171,166,第五部分 生物技术与工程 / 第二十二章 发酵工程 / 第2节 微生物的培养技术与应用 / 考法清单,自养微生物的分离
BIOLOGY,0171,166,第五部分 生物技术与工程 / 第二十二章 发酵工程 / 第2节 微生物的培养技术与应用 / 考法清单,固氮微生物的分离
BIOLOGY,0171,166,第五部分 生物技术与工程 / 第二十二章 发酵工程 / 第2节 微生物的培养技术与应用 / 考法清单,分解尿素的细菌的分离
BIOLOGY,0171,166,第五部分 生物技术与工程 / 第二十二章 发酵工程 / 第2节 微生物的培养技术与应用 / 考法清单,纤维素分解菌的分离
BIOLOGY,0171,166,第五部分 生物技术与工程 / 第二十二章 发酵工程 / 第2节 微生物的培养技术与应用 / 考法清单,伊红—亚甲蓝琼脂培养基
BIOLOGY,0171,166,第五部分 生物技术与工程 / 第二十二章 发酵工程 / 第2节 微生物的培养技术与应用 / 考法清单,刚果红染色法
BIOLOGY,0171,166,第五部分 生物技术与工程 / 第二十二章 发酵工程 / 第2节 微生物的培养技术与应用 / 考法清单,透明圈与菌落直径比
BIOLOGY,0171,166,第五部分 生物技术与工程 / 第二十二章 发酵工程 / 第2节 微生物的培养技术与应用 / 考法清单,抑菌圈
BIOLOGY,0172,167,第五部分 生物技术与工程 / 第二十二章 发酵工程 / 第3节 发酵工程及其应用 / 知识清单 + 考教衔接,发酵工程的基本环节
BIOLOGY,0172,167,第五部分 生物技术与工程 / 第二十二章 发酵工程 / 第3节 发酵工程及其应用 / 知识清单 + 考教衔接,发酵工程的中心环节
BIOLOGY,0172,167,第五部分 生物技术与工程 / 第二十二章 发酵工程 / 第3节 发酵工程及其应用 / 知识清单 + 考教衔接,菌种的选育
BIOLOGY,0172,167,第五部分 生物技术与工程 / 第二十二章 发酵工程 / 第3节 发酵工程及其应用 / 知识清单 + 考教衔接,扩大培养
BIOLOGY,0172,167,第五部分 生物技术与工程 / 第二十二章 发酵工程 / 第3节 发酵工程及其应用 / 知识清单 + 考教衔接,发酵条件的控制
BIOLOGY,0172,167,第五部分 生物技术与工程 / 第二十二章 发酵工程 / 第3节 发酵工程及其应用 / 知识清单 + 考教衔接,发酵产物的分离与提纯
BIOLOGY,0172,167,第五部分 生物技术与工程 / 第二十二章 发酵工程 / 第3节 发酵工程及其应用 / 知识清单 + 考教衔接,发酵工程的应用
BIOLOGY,0172,167,第五部分 生物技术与工程 / 第二十二章 发酵工程 / 第3节 发酵工程及其应用 / 知识清单 + 考教衔接,单细胞蛋白
BIOLOGY,0172,167,第五部分 生物技术与工程 / 第二十二章 发酵工程 / 第3节 发酵工程及其应用 / 知识清单 + 考教衔接,啤酒的工业化生产流程
BIOLOGY,0172,167,第五部分 生物技术与工程 / 第二十二章 发酵工程 / 第3节 发酵工程及其应用 / 知识清单 + 考教衔接,主发酵与后发酵
BIOLOGY,0172,167,第五部分 生物技术与工程 / 第二十二章 发酵工程 / 第3节 发酵工程及其应用 / 知识清单 + 考教衔接,精酿啤酒与工业啤酒的区别
BIOLOGY,0173,168,第二十三章 细胞工程 / 第1节 植物细胞工程 / 知识清单,植物组织培养
BIOLOGY,0173,168,第二十三章 细胞工程 / 第1节 植物细胞工程 / 知识清单,细胞全能性
BIOLOGY,0173,168,第二十三章 细胞工程 / 第1节 植物细胞工程 / 知识清单,外植体消毒
BIOLOGY,0173,168,第二十三章 细胞工程 / 第1节 植物细胞工程 / 知识清单,脱分化
BIOLOGY,0173,168,第二十三章 细胞工程 / 第1节 植物细胞工程 / 知识清单,愈伤组织
BIOLOGY,0173,168,第二十三章 细胞工程 / 第1节 植物细胞工程 / 知识清单,再分化
BIOLOGY,0173,168,第二十三章 细胞工程 / 第1节 植物细胞工程 / 知识清单,生长素与细胞分裂素比例
BIOLOGY,0173,168,第二十三章 细胞工程 / 第1节 植物细胞工程 / 知识清单,植物体细胞杂交
BIOLOGY,0173,168,第二十三章 细胞工程 / 第1节 植物细胞工程 / 知识清单,原生质体
BIOLOGY,0173,168,第二十三章 细胞工程 / 第1节 植物细胞工程 / 知识清单,原生质体融合
BIOLOGY,0173,168,第二十三章 细胞工程 / 第1节 植物细胞工程 / 知识清单,纤维素酶和果胶酶
BIOLOGY,0173,168,第二十三章 细胞工程 / 第1节 植物细胞工程 / 知识清单,聚乙二醇融合法
BIOLOGY,0173,168,第二十三章 细胞工程 / 第1节 植物细胞工程 / 知识清单,电融合法
BIOLOGY,0173,168,第二十三章 细胞工程 / 第1节 植物细胞工程 / 知识清单,细胞壁再生
BIOLOGY,0173,168,第二十三章 细胞工程 / 第1节 植物细胞工程 / 知识清单,杂种植株
BIOLOGY,0173,168,第二十三章 细胞工程 / 第1节 植物细胞工程 / 知识清单,远缘杂交育种
BIOLOGY,0174,169,第二十三章 细胞工程 / 第1节 植物细胞工程 / 知识清单（续）+ 即练即清 + 考法清单 考法1,植物组织培养快速繁殖
BIOLOGY,0174,169,第二十三章 细胞工程 / 第1节 植物细胞工程 / 知识清单（续）+ 即练即清 + 考法清单 考法1,作物脱毒
BIOLOGY,0174,169,第二十三章 细胞工程 / 第1节 植物细胞工程 / 知识清单（续）+ 即练即清 + 考法清单 考法1,茎尖脱毒
BIOLOGY,0174,169,第二十三章 细胞工程 / 第1节 植物细胞工程 / 知识清单（续）+ 即练即清 + 考法清单 考法1,单倍体育种
BIOLOGY,0174,169,第二十三章 细胞工程 / 第1节 植物细胞工程 / 知识清单（续）+ 即练即清 + 考法清单 考法1,突变体筛选
BIOLOGY,0174,169,第二十三章 细胞工程 / 第1节 植物细胞工程 / 知识清单（续）+ 即练即清 + 考法清单 考法1,植物细胞培养
BIOLOGY,0174,169,第二十三章 细胞工程 / 第1节 植物细胞工程 / 知识清单（续）+ 即练即清 + 考法清单 考法1,初生代谢
BIOLOGY,0174,169,第二十三章 细胞工程 / 第1节 植物细胞工程 / 知识清单（续）+ 即练即清 + 考法清单 考法1,次生代谢
BIOLOGY,0174,169,第二十三章 细胞工程 / 第1节 植物细胞工程 / 知识清单（续）+ 即练即清 + 考法清单 考法1,次生代谢物
BIOLOGY,0174,169,第二十三章 细胞工程 / 第1节 植物细胞工程 / 知识清单（续）+ 即练即清 + 考法清单 考法1,细胞产物工厂化生产
BIOLOGY,0174,169,第二十三章 细胞工程 / 第1节 植物细胞工程 / 知识清单（续）+ 即练即清 + 考法清单 考法1,高产细胞系
BIOLOGY,0174,169,第二十三章 细胞工程 / 第1节 植物细胞工程 / 知识清单（续）+ 即练即清 + 考法清单 考法1,悬浮细胞培养
BIOLOGY,0175,170,第二十三章 细胞工程 / 第1节 植物细胞工程 / 考法清单 考法1（典例与变式）+ 考法2,植物体细胞杂交结果分析
BIOLOGY,0175,170,第二十三章 细胞工程 / 第1节 植物细胞工程 / 考法清单 考法1（典例与变式）+ 考法2,杂种细胞遗传物质表达相互干扰
BIOLOGY,0175,170,第二十三章 细胞工程 / 第1节 植物细胞工程 / 考法清单 考法1（典例与变式）+ 考法2,杂种细胞染色体丢失
BIOLOGY,0175,170,第二十三章 细胞工程 / 第1节 植物细胞工程 / 考法清单 考法1（典例与变式）+ 考法2,染色体排斥导致分离
BIOLOGY,0175,170,第二十三章 细胞工程 / 第1节 植物细胞工程 / 考法清单 考法1（典例与变式）+ 考法2,纺锤体附着失败
BIOLOGY,0175,170,第二十三章 细胞工程 / 第1节 植物细胞工程 / 考法清单 考法1（典例与变式）+ 考法2,植物细胞悬浮培养
BIOLOGY,0175,170,第二十三章 细胞工程 / 第1节 植物细胞工程 / 考法清单 考法1（典例与变式）+ 考法2,植物细胞培养工业化应用
BIOLOGY,0176,171,第二十三章 细胞工程 / 第1节（变式2）+ 第2节 动物细胞工程 / 知识清单 一 动物细胞培养,动物细胞培养
BIOLOGY,0176,171,第二十三章 细胞工程 / 第1节（变式2）+ 第2节 动物细胞工程 / 知识清单 一 动物细胞培养,动物细胞培养的条件
BIOLOGY,0176,171,第二十三章 细胞工程 / 第1节（变式2）+ 第2节 动物细胞工程 / 知识清单 一 动物细胞培养,血清
BIOLOGY,0176,171,第二十三章 细胞工程 / 第1节（变式2）+ 第2节 动物细胞工程 / 知识清单 一 动物细胞培养,二氧化碳培养箱
BIOLOGY,0176,171,第二十三章 细胞工程 / 第1节（变式2）+ 第2节 动物细胞工程 / 知识清单 一 动物细胞培养,原代培养
BIOLOGY,0176,171,第二十三章 细胞工程 / 第1节（变式2）+ 第2节 动物细胞工程 / 知识清单 一 动物细胞培养,传代培养
BIOLOGY,0176,171,第二十三章 细胞工程 / 第1节（变式2）+ 第2节 动物细胞工程 / 知识清单 一 动物细胞培养,细胞贴壁
BIOLOGY,0176,171,第二十三章 细胞工程 / 第1节（变式2）+ 第2节 动物细胞工程 / 知识清单 一 动物细胞培养,接触抑制
BIOLOGY,0176,171,第二十三章 细胞工程 / 第1节（变式2）+ 第2节 动物细胞工程 / 知识清单 一 动物细胞培养,胰蛋白酶与胶原蛋白酶
BIOLOGY,0176,171,第二十三章 细胞工程 / 第1节（变式2）+ 第2节 动物细胞工程 / 知识清单 一 动物细胞培养,无菌无毒培养环境
BIOLOGY,0176,171,第二十三章 细胞工程 / 第1节（变式2）+ 第2节 动物细胞工程 / 知识清单 一 动物细胞培养,非对称性细胞杂交
BIOLOGY,0177,172,第二十三章 细胞工程 / 第2节 动物细胞工程 / 知识清单 一（续表）+ 二 动物细胞融合技术与单克隆抗体,干细胞
BIOLOGY,0177,172,第二十三章 细胞工程 / 第2节 动物细胞工程 / 知识清单 一（续表）+ 二 动物细胞融合技术与单克隆抗体,胚胎干细胞
BIOLOGY,0177,172,第二十三章 细胞工程 / 第2节 动物细胞工程 / 知识清单 一（续表）+ 二 动物细胞融合技术与单克隆抗体,成体干细胞
BIOLOGY,0177,172,第二十三章 细胞工程 / 第2节 动物细胞工程 / 知识清单 一（续表）+ 二 动物细胞融合技术与单克隆抗体,诱导多能干细胞
BIOLOGY,0177,172,第二十三章 细胞工程 / 第2节 动物细胞工程 / 知识清单 一（续表）+ 二 动物细胞融合技术与单克隆抗体,细胞分化潜能
BIOLOGY,0177,172,第二十三章 细胞工程 / 第2节 动物细胞工程 / 知识清单 一（续表）+ 二 动物细胞融合技术与单克隆抗体,iPS 细胞致癌风险
BIOLOGY,0177,172,第二十三章 细胞工程 / 第2节 动物细胞工程 / 知识清单 一（续表）+ 二 动物细胞融合技术与单克隆抗体,动物细胞融合
BIOLOGY,0177,172,第二十三章 细胞工程 / 第2节 动物细胞工程 / 知识清单 一（续表）+ 二 动物细胞融合技术与单克隆抗体,灭活病毒诱导融合
BIOLOGY,0177,172,第二十三章 细胞工程 / 第2节 动物细胞工程 / 知识清单 一（续表）+ 二 动物细胞融合技术与单克隆抗体,电融合法
BIOLOGY,0177,172,第二十三章 细胞工程 / 第2节 动物细胞工程 / 知识清单 一（续表）+ 二 动物细胞融合技术与单克隆抗体,杂交瘤细胞
BIOLOGY,0177,172,第二十三章 细胞工程 / 第2节 动物细胞工程 / 知识清单 一（续表）+ 二 动物细胞融合技术与单克隆抗体,单克隆抗体
BIOLOGY,0177,172,第二十三章 细胞工程 / 第2节 动物细胞工程 / 知识清单 一（续表）+ 二 动物细胞融合技术与单克隆抗体,选择培养基筛选
BIOLOGY,0177,172,第二十三章 细胞工程 / 第2节 动物细胞工程 / 知识清单 一（续表）+ 二 动物细胞融合技术与单克隆抗体,HAT 培养基
BIOLOGY,0177,172,第二十三章 细胞工程 / 第2节 动物细胞工程 / 知识清单 一（续表）+ 二 动物细胞融合技术与单克隆抗体,克隆化培养与抗体检测
BIOLOGY,0177,172,第二十三章 细胞工程 / 第2节 动物细胞工程 / 知识清单 一（续表）+ 二 动物细胞融合技术与单克隆抗体,抗体—药物偶联物
BIOLOGY,0177,172,第二十三章 细胞工程 / 第2节 动物细胞工程 / 知识清单 一（续表）+ 二 动物细胞融合技术与单克隆抗体,单克隆抗体的优点
BIOLOGY,0178,173,第二十三章 细胞工程 / 第2节 动物细胞工程 / 知识清单 三 动物体细胞核移植技术和克隆动物 + 考教衔接 + 即练即清,动物体细胞核移植
BIOLOGY,0178,173,第二十三章 细胞工程 / 第2节 动物细胞工程 / 知识清单 三 动物体细胞核移植技术和克隆动物 + 考教衔接 + 即练即清,细胞核全能性
BIOLOGY,0178,173,第二十三章 细胞工程 / 第2节 动物细胞工程 / 知识清单 三 动物体细胞核移植技术和克隆动物 + 考教衔接 + 即练即清,去核卵母细胞
BIOLOGY,0178,173,第二十三章 细胞工程 / 第2节 动物细胞工程 / 知识清单 三 动物体细胞核移植技术和克隆动物 + 考教衔接 + 即练即清,MⅡ期卵母细胞
BIOLOGY,0178,173,第二十三章 细胞工程 / 第2节 动物细胞工程 / 知识清单 三 动物体细胞核移植技术和克隆动物 + 考教衔接 + 即练即清,显微操作去核
BIOLOGY,0178,173,第二十三章 细胞工程 / 第2节 动物细胞工程 / 知识清单 三 动物体细胞核移植技术和克隆动物 + 考教衔接 + 即练即清,重构胚
BIOLOGY,0178,173,第二十三章 细胞工程 / 第2节 动物细胞工程 / 知识清单 三 动物体细胞核移植技术和克隆动物 + 考教衔接 + 即练即清,电融合
BIOLOGY,0178,173,第二十三章 细胞工程 / 第2节 动物细胞工程 / 知识清单 三 动物体细胞核移植技术和克隆动物 + 考教衔接 + 即练即清,激活重构胚
BIOLOGY,0178,173,第二十三章 细胞工程 / 第2节 动物细胞工程 / 知识清单 三 动物体细胞核移植技术和克隆动物 + 考教衔接 + 即练即清,胚胎移植
BIOLOGY,0178,173,第二十三章 细胞工程 / 第2节 动物细胞工程 / 知识清单 三 动物体细胞核移植技术和克隆动物 + 考教衔接 + 即练即清,克隆动物
BIOLOGY,0178,173,第二十三章 细胞工程 / 第2节 动物细胞工程 / 知识清单 三 动物体细胞核移植技术和克隆动物 + 考教衔接 + 即练即清,克隆动物性状差异原因
BIOLOGY,0178,173,第二十三章 细胞工程 / 第2节 动物细胞工程 / 知识清单 三 动物体细胞核移植技术和克隆动物 + 考教衔接 + 即练即清,克隆化培养
BIOLOGY,0178,173,第二十三章 细胞工程 / 第2节 动物细胞工程 / 知识清单 三 动物体细胞核移植技术和克隆动物 + 考教衔接 + 即练即清,单克隆的判定
BIOLOGY,0179,174,第二十三章 细胞工程 / 第2节 动物细胞工程 / 考法清单（单克隆抗体制备过程的相关分析）,单克隆抗体制备
BIOLOGY,0179,174,第二十三章 细胞工程 / 第2节 动物细胞工程 / 考法清单（单克隆抗体制备过程的相关分析）,杂交瘤细胞筛选
BIOLOGY,0179,174,第二十三章 细胞工程 / 第2节 动物细胞工程 / 考法清单（单克隆抗体制备过程的相关分析）,HAT 选择培养基
BIOLOGY,0179,174,第二十三章 细胞工程 / 第2节 动物细胞工程 / 考法清单（单克隆抗体制备过程的相关分析）,DNA 从头合成途径
BIOLOGY,0179,174,第二十三章 细胞工程 / 第2节 动物细胞工程 / 考法清单（单克隆抗体制备过程的相关分析）,DNA 补救途径
BIOLOGY,0179,174,第二十三章 细胞工程 / 第2节 动物细胞工程 / 考法清单（单克隆抗体制备过程的相关分析）,HGPRT
BIOLOGY,0179,174,第二十三章 细胞工程 / 第2节 动物细胞工程 / 考法清单（单克隆抗体制备过程的相关分析）,胸腺嘧啶核苷激酶
BIOLOGY,0179,174,第二十三章 细胞工程 / 第2节 动物细胞工程 / 考法清单（单克隆抗体制备过程的相关分析）,氨基蝶呤阻断作用
BIOLOGY,0179,174,第二十三章 细胞工程 / 第2节 动物细胞工程 / 考法清单（单克隆抗体制备过程的相关分析）,克隆化培养与抗体检测
BIOLOGY,0179,174,第二十三章 细胞工程 / 第2节 动物细胞工程 / 考法清单（单克隆抗体制备过程的相关分析）,杂交瘤细胞扩大培养
BIOLOGY,0179,174,第二十三章 细胞工程 / 第2节 动物细胞工程 / 考法清单（单克隆抗体制备过程的相关分析）,双特异性抗体
BIOLOGY,0180,175,第二十三章 细胞工程 / 第3节 胚胎工程 / 知识清单 一 胚胎工程的理论基础、二 胚胎工程的技术及其应用,胚胎工程
BIOLOGY,0180,175,第二十三章 细胞工程 / 第3节 胚胎工程 / 知识清单 一 胚胎工程的理论基础、二 胚胎工程的技术及其应用,精子获能
BIOLOGY,0180,175,第二十三章 细胞工程 / 第3节 胚胎工程 / 知识清单 一 胚胎工程的理论基础、二 胚胎工程的技术及其应用,卵子的准备
BIOLOGY,0180,175,第二十三章 细胞工程 / 第3节 胚胎工程 / 知识清单 一 胚胎工程的理论基础、二 胚胎工程的技术及其应用,MⅡ期卵母细胞
BIOLOGY,0180,175,第二十三章 细胞工程 / 第3节 胚胎工程 / 知识清单 一 胚胎工程的理论基础、二 胚胎工程的技术及其应用,精卵相遇与透明带反应
BIOLOGY,0180,175,第二十三章 细胞工程 / 第3节 胚胎工程 / 知识清单 一 胚胎工程的理论基础、二 胚胎工程的技术及其应用,卵细胞膜反应
BIOLOGY,0180,175,第二十三章 细胞工程 / 第3节 胚胎工程 / 知识清单 一 胚胎工程的理论基础、二 胚胎工程的技术及其应用,雌原核与雄原核
BIOLOGY,0180,175,第二十三章 细胞工程 / 第3节 胚胎工程 / 知识清单 一 胚胎工程的理论基础、二 胚胎工程的技术及其应用,受精的标志
BIOLOGY,0180,175,第二十三章 细胞工程 / 第3节 胚胎工程 / 知识清单 一 胚胎工程的理论基础、二 胚胎工程的技术及其应用,受精卵
BIOLOGY,0180,175,第二十三章 细胞工程 / 第3节 胚胎工程 / 知识清单 一 胚胎工程的理论基础、二 胚胎工程的技术及其应用,卵裂
BIOLOGY,0180,175,第二十三章 细胞工程 / 第3节 胚胎工程 / 知识清单 一 胚胎工程的理论基础、二 胚胎工程的技术及其应用,桑葚胚
BIOLOGY,0180,175,第二十三章 细胞工程 / 第3节 胚胎工程 / 知识清单 一 胚胎工程的理论基础、二 胚胎工程的技术及其应用,囊胚
BIOLOGY,0180,175,第二十三章 细胞工程 / 第3节 胚胎工程 / 知识清单 一 胚胎工程的理论基础、二 胚胎工程的技术及其应用,内细胞团
BIOLOGY,0180,175,第二十三章 细胞工程 / 第3节 胚胎工程 / 知识清单 一 胚胎工程的理论基础、二 胚胎工程的技术及其应用,滋养层
BIOLOGY,0180,175,第二十三章 细胞工程 / 第3节 胚胎工程 / 知识清单 一 胚胎工程的理论基础、二 胚胎工程的技术及其应用,囊胚腔
BIOLOGY,0180,175,第二十三章 细胞工程 / 第3节 胚胎工程 / 知识清单 一 胚胎工程的理论基础、二 胚胎工程的技术及其应用,孵化
BIOLOGY,0180,175,第二十三章 细胞工程 / 第3节 胚胎工程 / 知识清单 一 胚胎工程的理论基础、二 胚胎工程的技术及其应用,体外受精
BIOLOGY,0181,176,第二十三章 细胞工程 / 第3节 胚胎工程 / 知识清单 二（续表：胚胎移植、胚胎分割）+ 即练即清,胚胎移植
BIOLOGY,0181,176,第二十三章 细胞工程 / 第3节 胚胎工程 / 知识清单 二（续表：胚胎移植、胚胎分割）+ 即练即清,同期发情处理
BIOLOGY,0181,176,第二十三章 细胞工程 / 第3节 胚胎工程 / 知识清单 二（续表：胚胎移植、胚胎分割）+ 即练即清,超数排卵
BIOLOGY,0181,176,第二十三章 细胞工程 / 第3节 胚胎工程 / 知识清单 二（续表：胚胎移植、胚胎分割）+ 即练即清,供体与受体
BIOLOGY,0181,176,第二十三章 细胞工程 / 第3节 胚胎工程 / 知识清单 二（续表：胚胎移植、胚胎分割）+ 即练即清,胚胎移植的实质
BIOLOGY,0181,176,第二十三章 细胞工程 / 第3节 胚胎工程 / 知识清单 二（续表：胚胎移植、胚胎分割）+ 即练即清,免疫排斥与胚胎移植
BIOLOGY,0181,176,第二十三章 细胞工程 / 第3节 胚胎工程 / 知识清单 二（续表：胚胎移植、胚胎分割）+ 即练即清,胚胎分割
BIOLOGY,0181,176,第二十三章 细胞工程 / 第3节 胚胎工程 / 知识清单 二（续表：胚胎移植、胚胎分割）+ 即练即清,桑葚胚与囊胚选材
BIOLOGY,0181,176,第二十三章 细胞工程 / 第3节 胚胎工程 / 知识清单 二（续表：胚胎移植、胚胎分割）+ 即练即清,二分胚
BIOLOGY,0181,176,第二十三章 细胞工程 / 第3节 胚胎工程 / 知识清单 二（续表：胚胎移植、胚胎分割）+ 即练即清,内细胞团均等分割
BIOLOGY,0181,176,第二十三章 细胞工程 / 第3节 胚胎工程 / 知识清单 二（续表：胚胎移植、胚胎分割）+ 即练即清,滋养层取样与性别鉴定
BIOLOGY,0181,176,第二十三章 细胞工程 / 第3节 胚胎工程 / 知识清单 二（续表：胚胎移植、胚胎分割）+ 即练即清,同卵双胎
BIOLOGY,0182,177,第二十四章 基因工程 / 第1节 重组DNA技术的基本工具及DNA的粗提取与鉴定 / 知识清单 一 重组DNA技术的基本工具,限制性内切核酸酶
BIOLOGY,0182,177,第二十四章 基因工程 / 第1节 重组DNA技术的基本工具及DNA的粗提取与鉴定 / 知识清单 一 重组DNA技术的基本工具,磷酸二酯键
BIOLOGY,0182,177,第二十四章 基因工程 / 第1节 重组DNA技术的基本工具及DNA的粗提取与鉴定 / 知识清单 一 重组DNA技术的基本工具,黏性末端
BIOLOGY,0182,177,第二十四章 基因工程 / 第1节 重组DNA技术的基本工具及DNA的粗提取与鉴定 / 知识清单 一 重组DNA技术的基本工具,平末端
BIOLOGY,0182,177,第二十四章 基因工程 / 第1节 重组DNA技术的基本工具及DNA的粗提取与鉴定 / 知识清单 一 重组DNA技术的基本工具,限制酶的序列特异性
BIOLOGY,0182,177,第二十四章 基因工程 / 第1节 重组DNA技术的基本工具及DNA的粗提取与鉴定 / 知识清单 一 重组DNA技术的基本工具,同尾酶
BIOLOGY,0182,177,第二十四章 基因工程 / 第1节 重组DNA技术的基本工具及DNA的粗提取与鉴定 / 知识清单 一 重组DNA技术的基本工具,DNA 连接酶
BIOLOGY,0182,177,第二十四章 基因工程 / 第1节 重组DNA技术的基本工具及DNA的粗提取与鉴定 / 知识清单 一 重组DNA技术的基本工具,$E.\ coli$ DNA 连接酶
BIOLOGY,0182,177,第二十四章 基因工程 / 第1节 重组DNA技术的基本工具及DNA的粗提取与鉴定 / 知识清单 一 重组DNA技术的基本工具,T4 DNA 连接酶
BIOLOGY,0182,177,第二十四章 基因工程 / 第1节 重组DNA技术的基本工具及DNA的粗提取与鉴定 / 知识清单 一 重组DNA技术的基本工具,基因工程载体
BIOLOGY,0182,177,第二十四章 基因工程 / 第1节 重组DNA技术的基本工具及DNA的粗提取与鉴定 / 知识清单 一 重组DNA技术的基本工具,质粒
BIOLOGY,0182,177,第二十四章 基因工程 / 第1节 重组DNA技术的基本工具及DNA的粗提取与鉴定 / 知识清单 一 重组DNA技术的基本工具,复制原点
BIOLOGY,0182,177,第二十四章 基因工程 / 第1节 重组DNA技术的基本工具及DNA的粗提取与鉴定 / 知识清单 一 重组DNA技术的基本工具,标记基因
BIOLOGY,0182,177,第二十四章 基因工程 / 第1节 重组DNA技术的基本工具及DNA的粗提取与鉴定 / 知识清单 一 重组DNA技术的基本工具,限制酶切割位点
BIOLOGY,0183,178,第二十四章 基因工程 / 第1节 / 知识清单 一（续）+ 二 DNA 的粗提取与鉴定,pBR322 质粒
BIOLOGY,0183,178,第二十四章 基因工程 / 第1节 / 知识清单 一（续）+ 二 DNA 的粗提取与鉴定,pUC18 质粒
BIOLOGY,0183,178,第二十四章 基因工程 / 第1节 / 知识清单 一（续）+ 二 DNA 的粗提取与鉴定,Ti 质粒
BIOLOGY,0183,178,第二十四章 基因工程 / 第1节 / 知识清单 一（续）+ 二 DNA 的粗提取与鉴定,T-DNA
BIOLOGY,0183,178,第二十四章 基因工程 / 第1节 / 知识清单 一（续）+ 二 DNA 的粗提取与鉴定,蓝白斑筛选
BIOLOGY,0183,178,第二十四章 基因工程 / 第1节 / 知识清单 一（续）+ 二 DNA 的粗提取与鉴定,标记基因
BIOLOGY,0183,178,第二十四章 基因工程 / 第1节 / 知识清单 一（续）+ 二 DNA 的粗提取与鉴定,抗性基因
BIOLOGY,0183,178,第二十四章 基因工程 / 第1节 / 知识清单 一（续）+ 二 DNA 的粗提取与鉴定,营养缺陷型筛选
BIOLOGY,0183,178,第二十四章 基因工程 / 第1节 / 知识清单 一（续）+ 二 DNA 的粗提取与鉴定,报告基因
BIOLOGY,0183,178,第二十四章 基因工程 / 第1节 / 知识清单 一（续）+ 二 DNA 的粗提取与鉴定,DNA 的粗提取
BIOLOGY,0183,178,第二十四章 基因工程 / 第1节 / 知识清单 一（续）+ 二 DNA 的粗提取与鉴定,二苯胺鉴定 DNA
BIOLOGY,0183,178,第二十四章 基因工程 / 第1节 / 知识清单 一（续）+ 二 DNA 的粗提取与鉴定,DNA 在不同浓度 NaCl 中的溶解度
BIOLOGY,0183,178,第二十四章 基因工程 / 第1节 / 知识清单 一（续）+ 二 DNA 的粗提取与鉴定,预冷酒精的作用
BIOLOGY,0184,179,第二十四章 基因工程 / 第1节（即练即清）+ 第2节 PCR 和电泳 / 知识清单 一 PCR,PCR
BIOLOGY,0184,179,第二十四章 基因工程 / 第1节（即练即清）+ 第2节 PCR 和电泳 / 知识清单 一 PCR,DNA 的热变性
BIOLOGY,0184,179,第二十四章 基因工程 / 第1节（即练即清）+ 第2节 PCR 和电泳 / 知识清单 一 PCR,DNA 半保留复制
BIOLOGY,0184,179,第二十四章 基因工程 / 第1节（即练即清）+ 第2节 PCR 和电泳 / 知识清单 一 PCR,引物
BIOLOGY,0184,179,第二十四章 基因工程 / 第1节（即练即清）+ 第2节 PCR 和电泳 / 知识清单 一 PCR,耐高温 DNA 聚合酶
BIOLOGY,0184,179,第二十四章 基因工程 / 第1节（即练即清）+ 第2节 PCR 和电泳 / 知识清单 一 PCR,$Taq$ DNA 聚合酶
BIOLOGY,0184,179,第二十四章 基因工程 / 第1节（即练即清）+ 第2节 PCR 和电泳 / 知识清单 一 PCR,dNTP
BIOLOGY,0184,179,第二十四章 基因工程 / 第1节（即练即清）+ 第2节 PCR 和电泳 / 知识清单 一 PCR,PCR 缓冲液与 $\mathrm{Mg^{2+}}$
BIOLOGY,0184,179,第二十四章 基因工程 / 第1节（即练即清）+ 第2节 PCR 和电泳 / 知识清单 一 PCR,变性
BIOLOGY,0184,179,第二十四章 基因工程 / 第1节（即练即清）+ 第2节 PCR 和电泳 / 知识清单 一 PCR,复性
BIOLOGY,0184,179,第二十四章 基因工程 / 第1节（即练即清）+ 第2节 PCR 和电泳 / 知识清单 一 PCR,延伸
BIOLOGY,0184,179,第二十四章 基因工程 / 第1节（即练即清）+ 第2节 PCR 和电泳 / 知识清单 一 PCR,PCR 循环次数与产物数量
BIOLOGY,0185,180,第二十四章 基因工程 / 第2节 PCR 和电泳 / 知识清单 二 琼脂糖凝胶电泳 + 即练即清,琼脂糖凝胶电泳
BIOLOGY,0185,180,第二十四章 基因工程 / 第2节 PCR 和电泳 / 知识清单 二 琼脂糖凝胶电泳 + 即练即清,DNA 电泳迁移速率
BIOLOGY,0185,180,第二十四章 基因工程 / 第2节 PCR 和电泳 / 知识清单 二 琼脂糖凝胶电泳 + 即练即清,琼脂糖凝胶浓度
BIOLOGY,0185,180,第二十四章 基因工程 / 第2节 PCR 和电泳 / 知识清单 二 琼脂糖凝胶电泳 + 即练即清,核酸染料与紫外检测
BIOLOGY,0185,180,第二十四章 基因工程 / 第2节 PCR 和电泳 / 知识清单 二 琼脂糖凝胶电泳 + 即练即清,凝胶制备与加样孔
BIOLOGY,0185,180,第二十四章 基因工程 / 第2节 PCR 和电泳 / 知识清单 二 琼脂糖凝胶电泳 + 即练即清,上样与载样缓冲液
BIOLOGY,0185,180,第二十四章 基因工程 / 第2节 PCR 和电泳 / 知识清单 二 琼脂糖凝胶电泳 + 即练即清,Marker 标准参照物
BIOLOGY,0185,180,第二十四章 基因工程 / 第2节 PCR 和电泳 / 知识清单 二 琼脂糖凝胶电泳 + 即练即清,电泳电压设定
BIOLOGY,0185,180,第二十四章 基因工程 / 第2节 PCR 和电泳 / 知识清单 二 琼脂糖凝胶电泳 + 即练即清,电泳条带与 DNA 分子大小判断
BIOLOGY,0185,180,第二十四章 基因工程 / 第2节 PCR 和电泳 / 知识清单 二 琼脂糖凝胶电泳 + 即练即清,根据条带数判断限制酶切割位点数量
BIOLOGY,0186,181,第二十四章 基因工程 / 微专题 PCR 引物设计、选择及应用 / 一 PCR 引物设计及选择,PCR 引物设计
BIOLOGY,0186,181,第二十四章 基因工程 / 微专题 PCR 引物设计、选择及应用 / 一 PCR 引物设计及选择,PCR 引物选择
BIOLOGY,0186,181,第二十四章 基因工程 / 微专题 PCR 引物设计、选择及应用 / 一 PCR 引物设计及选择,融合基因的构建
BIOLOGY,0186,181,第二十四章 基因工程 / 微专题 PCR 引物设计、选择及应用 / 一 PCR 引物设计及选择,农杆菌转化法
BIOLOGY,0186,181,第二十四章 基因工程 / 微专题 PCR 引物设计、选择及应用 / 一 PCR 引物设计及选择,限制酶切割位点的选择
BIOLOGY,0186,181,第二十四章 基因工程 / 微专题 PCR 引物设计、选择及应用 / 一 PCR 引物设计及选择,引物方向与扩增序列
BIOLOGY,0187,182,第二十四章 基因工程 / 微专题 PCR 引物设计、选择及应用 / 一 PCR 引物设计及选择（突破指南）,引物的特点
BIOLOGY,0187,182,第二十四章 基因工程 / 微专题 PCR 引物设计、选择及应用 / 一 PCR 引物设计及选择（突破指南）,引物设计原则
BIOLOGY,0187,182,第二十四章 基因工程 / 微专题 PCR 引物设计、选择及应用 / 一 PCR 引物设计及选择（突破指南）,引物方向判断
BIOLOGY,0187,182,第二十四章 基因工程 / 微专题 PCR 引物设计、选择及应用 / 一 PCR 引物设计及选择（突破指南）,引物 $5'$ 端修饰
BIOLOGY,0187,182,第二十四章 基因工程 / 微专题 PCR 引物设计、选择及应用 / 一 PCR 引物设计及选择（突破指南）,引物与模板链互补配对
BIOLOGY,0187,182,第二十四章 基因工程 / 微专题 PCR 引物设计、选择及应用 / 一 PCR 引物设计及选择（突破指南）,扩增已知序列的引物选择
BIOLOGY,0187,182,第二十四章 基因工程 / 微专题 PCR 引物设计、选择及应用 / 一 PCR 引物设计及选择（突破指南）,检验目的基因插入方向
BIOLOGY,0187,182,第二十四章 基因工程 / 微专题 PCR 引物设计、选择及应用 / 一 PCR 引物设计及选择（突破指南）,扩增未知序列
BIOLOGY,0187,182,第二十四章 基因工程 / 微专题 PCR 引物设计、选择及应用 / 一 PCR 引物设计及选择（突破指南）,设计引物形成融合基因
BIOLOGY,0188,183,第二十四章 基因工程 / 微专题 PCR 引物设计、选择及应用 / 二 PCR 的应用,大引物 PCR
BIOLOGY,0188,183,第二十四章 基因工程 / 微专题 PCR 引物设计、选择及应用 / 二 PCR 的应用,定点突变
BIOLOGY,0188,183,第二十四章 基因工程 / 微专题 PCR 引物设计、选择及应用 / 二 PCR 的应用,重叠延伸 PCR
BIOLOGY,0188,183,第二十四章 基因工程 / 微专题 PCR 引物设计、选择及应用 / 二 PCR 的应用,构建融合基因
BIOLOGY,0188,183,第二十四章 基因工程 / 微专题 PCR 引物设计、选择及应用 / 二 PCR 的应用,PCR 复性温度与特异性
BIOLOGY,0189,184,第二十四章 基因工程 / 微专题 PCR 引物设计、选择及应用 / 二 PCR 的应用（突破指南）,大引物 PCR
BIOLOGY,0189,184,第二十四章 基因工程 / 微专题 PCR 引物设计、选择及应用 / 二 PCR 的应用（突破指南）,重叠延伸 PCR
BIOLOGY,0189,184,第二十四章 基因工程 / 微专题 PCR 引物设计、选择及应用 / 二 PCR 的应用（突破指南）,定点突变
BIOLOGY,0189,184,第二十四章 基因工程 / 微专题 PCR 引物设计、选择及应用 / 二 PCR 的应用（突破指南）,构建融合基因
BIOLOGY,0189,184,第二十四章 基因工程 / 微专题 PCR 引物设计、选择及应用 / 二 PCR 的应用（突破指南）,杂交链延伸
BIOLOGY,0189,184,第二十四章 基因工程 / 微专题 PCR 引物设计、选择及应用 / 二 PCR 的应用（突破指南）,实时荧光定量 PCR
BIOLOGY,0189,184,第二十四章 基因工程 / 微专题 PCR 引物设计、选择及应用 / 二 PCR 的应用（突破指南）,$TaqMan$ 探针
BIOLOGY,0189,184,第二十四章 基因工程 / 微专题 PCR 引物设计、选择及应用 / 二 PCR 的应用（突破指南）,荧光基团与淬灭
BIOLOGY,0189,184,第二十四章 基因工程 / 微专题 PCR 引物设计、选择及应用 / 二 PCR 的应用（突破指南）,$Taq$ DNA 聚合酶的外切活性
BIOLOGY,0189,184,第二十四章 基因工程 / 微专题 PCR 引物设计、选择及应用 / 二 PCR 的应用（突破指南）,PCR 定量检测 DNA
BIOLOGY,0190,185,第二十四章 基因工程 / 第3节 基因工程的基本操作程序 / 知识清单 一、二、三,目的基因
BIOLOGY,0190,185,第二十四章 基因工程 / 第3节 基因工程的基本操作程序 / 知识清单 一、二、三,目的基因的筛选
BIOLOGY,0190,185,第二十四章 基因工程 / 第3节 基因工程的基本操作程序 / 知识清单 一、二、三,目的基因的获取方法
BIOLOGY,0190,185,第二十四章 基因工程 / 第3节 基因工程的基本操作程序 / 知识清单 一、二、三,基因表达载体
BIOLOGY,0190,185,第二十四章 基因工程 / 第3节 基因工程的基本操作程序 / 知识清单 一、二、三,基因表达载体的构建
BIOLOGY,0190,185,第二十四章 基因工程 / 第3节 基因工程的基本操作程序 / 知识清单 一、二、三,启动子
BIOLOGY,0190,185,第二十四章 基因工程 / 第3节 基因工程的基本操作程序 / 知识清单 一、二、三,终止子
BIOLOGY,0190,185,第二十四章 基因工程 / 第3节 基因工程的基本操作程序 / 知识清单 一、二、三,标记基因
BIOLOGY,0190,185,第二十四章 基因工程 / 第3节 基因工程的基本操作程序 / 知识清单 一、二、三,复制原点
BIOLOGY,0190,185,第二十四章 基因工程 / 第3节 基因工程的基本操作程序 / 知识清单 一、二、三,组成型启动子
BIOLOGY,0190,185,第二十四章 基因工程 / 第3节 基因工程的基本操作程序 / 知识清单 一、二、三,诱导型启动子
BIOLOGY,0190,185,第二十四章 基因工程 / 第3节 基因工程的基本操作程序 / 知识清单 一、二、三,特异型启动子
BIOLOGY,0190,185,第二十四章 基因工程 / 第3节 基因工程的基本操作程序 / 知识清单 一、二、三,双酶切
BIOLOGY,0190,185,第二十四章 基因工程 / 第3节 基因工程的基本操作程序 / 知识清单 一、二、三,启动子与起始密码子的区别
BIOLOGY,0190,185,第二十四章 基因工程 / 第3节 基因工程的基本操作程序 / 知识清单 一、二、三,花粉管通道法
BIOLOGY,0190,185,第二十四章 基因工程 / 第3节 基因工程的基本操作程序 / 知识清单 一、二、三,农杆菌转化法
BIOLOGY,0190,185,第二十四章 基因工程 / 第3节 基因工程的基本操作程序 / 知识清单 一、二、三,Ti 质粒与 T-DNA
BIOLOGY,0190,185,第二十四章 基因工程 / 第3节 基因工程的基本操作程序 / 知识清单 一、二、三,显微注射法
BIOLOGY,0190,185,第二十四章 基因工程 / 第3节 基因工程的基本操作程序 / 知识清单 一、二、三,$\mathrm{Ca^{2+}}$ 处理法
BIOLOGY,0191,186,第二十四章 基因工程 / 第3节 基因工程的基本操作程序 / 知识清单 四 目的基因的检测与鉴定 + 考教衔接 + 即练即清,目的基因的检测与鉴定
BIOLOGY,0191,186,第二十四章 基因工程 / 第3节 基因工程的基本操作程序 / 知识清单 四 目的基因的检测与鉴定 + 考教衔接 + 即练即清,PCR 检测目的基因
BIOLOGY,0191,186,第二十四章 基因工程 / 第3节 基因工程的基本操作程序 / 知识清单 四 目的基因的检测与鉴定 + 考教衔接 + 即练即清,DNA 分子杂交
BIOLOGY,0191,186,第二十四章 基因工程 / 第3节 基因工程的基本操作程序 / 知识清单 四 目的基因的检测与鉴定 + 考教衔接 + 即练即清,逆转录-PCR
BIOLOGY,0191,186,第二十四章 基因工程 / 第3节 基因工程的基本操作程序 / 知识清单 四 目的基因的检测与鉴定 + 考教衔接 + 即练即清,核酸分子杂交
BIOLOGY,0191,186,第二十四章 基因工程 / 第3节 基因工程的基本操作程序 / 知识清单 四 目的基因的检测与鉴定 + 考教衔接 + 即练即清,抗原—抗体杂交
BIOLOGY,0191,186,第二十四章 基因工程 / 第3节 基因工程的基本操作程序 / 知识清单 四 目的基因的检测与鉴定 + 考教衔接 + 即练即清,个体生物学水平的鉴定
BIOLOGY,0191,186,第二十四章 基因工程 / 第3节 基因工程的基本操作程序 / 知识清单 四 目的基因的检测与鉴定 + 考教衔接 + 即练即清,农杆菌转化法的两次重组与两次导入
BIOLOGY,0192,187,"第二十四章 基因工程 / 微专题 限制酶的选择和转基因""受体细胞""的筛选 / 一 限制酶的选择",限制酶的选择原则
BIOLOGY,0192,187,"第二十四章 基因工程 / 微专题 限制酶的选择和转基因""受体细胞""的筛选 / 一 限制酶的选择",双酶切法
BIOLOGY,0192,187,"第二十四章 基因工程 / 微专题 限制酶的选择和转基因""受体细胞""的筛选 / 一 限制酶的选择",质粒自身环化
BIOLOGY,0192,187,"第二十四章 基因工程 / 微专题 限制酶的选择和转基因""受体细胞""的筛选 / 一 限制酶的选择",目的基因反向连接
BIOLOGY,0192,187,"第二十四章 基因工程 / 微专题 限制酶的选择和转基因""受体细胞""的筛选 / 一 限制酶的选择",限制酶识别序列与切割位点
BIOLOGY,0192,187,"第二十四章 基因工程 / 微专题 限制酶的选择和转基因""受体细胞""的筛选 / 一 限制酶的选择",目的基因插入方向
BIOLOGY,0193,188,"第二十四章 基因工程 / 微专题 限制酶的选择和转基因""受体细胞""的筛选 / 一 限制酶的选择（类型 2、类型 3）",同尾酶法
BIOLOGY,0193,188,"第二十四章 基因工程 / 微专题 限制酶的选择和转基因""受体细胞""的筛选 / 一 限制酶的选择（类型 2、类型 3）",鉴定目的基因插入方向
BIOLOGY,0193,188,"第二十四章 基因工程 / 微专题 限制酶的选择和转基因""受体细胞""的筛选 / 一 限制酶的选择（类型 2、类型 3）",酶切鉴定插入方向
BIOLOGY,0193,188,"第二十四章 基因工程 / 微专题 限制酶的选择和转基因""受体细胞""的筛选 / 一 限制酶的选择（类型 2、类型 3）",酶切片段大小鉴定插入方向
BIOLOGY,0193,188,"第二十四章 基因工程 / 微专题 限制酶的选择和转基因""受体细胞""的筛选 / 一 限制酶的选择（类型 2、类型 3）",黏性末端补平
BIOLOGY,0193,188,"第二十四章 基因工程 / 微专题 限制酶的选择和转基因""受体细胞""的筛选 / 一 限制酶的选择（类型 2、类型 3）",重组载体的酶切与电泳鉴定
BIOLOGY,0194,189,"第二十四章 基因工程 / 微专题 限制酶的选择和转基因""受体细胞""的筛选 / 一（类型 4）+ 二 转基因""受体细胞""的筛选",重组质粒不含酶切位点的重组方法
BIOLOGY,0194,189,"第二十四章 基因工程 / 微专题 限制酶的选择和转基因""受体细胞""的筛选 / 一（类型 4）+ 二 转基因""受体细胞""的筛选",限制酶切割位点在识别序列外侧
BIOLOGY,0194,189,"第二十四章 基因工程 / 微专题 限制酶的选择和转基因""受体细胞""的筛选 / 一（类型 4）+ 二 转基因""受体细胞""的筛选",转基因受体细胞的筛选
BIOLOGY,0194,189,"第二十四章 基因工程 / 微专题 限制酶的选择和转基因""受体细胞""的筛选 / 一（类型 4）+ 二 转基因""受体细胞""的筛选",CRISPR/Cas12a 核酸检测
BIOLOGY,0195,190,"第二十四章 基因工程 / 微专题 限制酶的选择和转基因""受体细胞""的筛选 / 二 转基因""受体细胞""的筛选（突破指南）",含抗生素培养基筛选
BIOLOGY,0195,190,"第二十四章 基因工程 / 微专题 限制酶的选择和转基因""受体细胞""的筛选 / 二 转基因""受体细胞""的筛选（突破指南）",单标记基因筛选
BIOLOGY,0195,190,"第二十四章 基因工程 / 微专题 限制酶的选择和转基因""受体细胞""的筛选 / 二 转基因""受体细胞""的筛选（突破指南）",双标记基因反向选择
BIOLOGY,0195,190,"第二十四章 基因工程 / 微专题 限制酶的选择和转基因""受体细胞""的筛选 / 二 转基因""受体细胞""的筛选（突破指南）",影印法筛选
BIOLOGY,0195,190,"第二十四章 基因工程 / 微专题 限制酶的选择和转基因""受体细胞""的筛选 / 二 转基因""受体细胞""的筛选（突破指南）",重组质粒与空质粒的区分
BIOLOGY,0195,190,"第二十四章 基因工程 / 微专题 限制酶的选择和转基因""受体细胞""的筛选 / 二 转基因""受体细胞""的筛选（突破指南）",蓝白斑筛选法
BIOLOGY,0195,190,"第二十四章 基因工程 / 微专题 限制酶的选择和转基因""受体细胞""的筛选 / 二 转基因""受体细胞""的筛选（突破指南）",$LacZ$ 基因
BIOLOGY,0195,190,"第二十四章 基因工程 / 微专题 限制酶的选择和转基因""受体细胞""的筛选 / 二 转基因""受体细胞""的筛选（突破指南）",X-gal
BIOLOGY,0195,190,"第二十四章 基因工程 / 微专题 限制酶的选择和转基因""受体细胞""的筛选 / 二 转基因""受体细胞""的筛选（突破指南）",菌落 PCR 与酶切电泳筛选
BIOLOGY,0196,191,第二十四章 基因工程 / 第4节 基因工程的应用和蛋白质工程 / 知识清单 一、二 + 即练即清,基因工程的应用
BIOLOGY,0196,191,第二十四章 基因工程 / 第4节 基因工程的应用和蛋白质工程 / 知识清单 一、二 + 即练即清,转基因抗虫植物
BIOLOGY,0196,191,第二十四章 基因工程 / 第4节 基因工程的应用和蛋白质工程 / 知识清单 一、二 + 即练即清,转基因抗病植物
BIOLOGY,0196,191,第二十四章 基因工程 / 第4节 基因工程的应用和蛋白质工程 / 知识清单 一、二 + 即练即清,转基因抗除草剂植物
BIOLOGY,0196,191,第二十四章 基因工程 / 第4节 基因工程的应用和蛋白质工程 / 知识清单 一、二 + 即练即清,乳腺生物反应器
BIOLOGY,0196,191,第二十四章 基因工程 / 第4节 基因工程的应用和蛋白质工程 / 知识清单 一、二 + 即练即清,膀胱生物反应器
BIOLOGY,0196,191,第二十四章 基因工程 / 第4节 基因工程的应用和蛋白质工程 / 知识清单 一、二 + 即练即清,工程菌
BIOLOGY,0196,191,第二十四章 基因工程 / 第4节 基因工程的应用和蛋白质工程 / 知识清单 一、二 + 即练即清,蛋白质工程
BIOLOGY,0196,191,第二十四章 基因工程 / 第4节 基因工程的应用和蛋白质工程 / 知识清单 一、二 + 即练即清,蛋白质工程的基本思路
BIOLOGY,0196,191,第二十四章 基因工程 / 第4节 基因工程的应用和蛋白质工程 / 知识清单 一、二 + 即练即清,标签蛋白
BIOLOGY,0196,191,第二十四章 基因工程 / 第4节 基因工程的应用和蛋白质工程 / 知识清单 一、二 + 即练即清,绿色荧光蛋白
BIOLOGY,0196,191,第二十四章 基因工程 / 第4节 基因工程的应用和蛋白质工程 / 知识清单 一、二 + 即练即清,蛋白质结构设计
BIOLOGY,0197,192,第二十四章 基因工程 / 微专题 基因编辑技术 / 一 CRISPR/Cas9,CRISPR/Cas9
BIOLOGY,0197,192,第二十四章 基因工程 / 微专题 基因编辑技术 / 一 CRISPR/Cas9,sgRNA
BIOLOGY,0197,192,第二十四章 基因工程 / 微专题 基因编辑技术 / 一 CRISPR/Cas9,Cas9 蛋白
BIOLOGY,0197,192,第二十四章 基因工程 / 微专题 基因编辑技术 / 一 CRISPR/Cas9,基因编辑
BIOLOGY,0197,192,第二十四章 基因工程 / 微专题 基因编辑技术 / 一 CRISPR/Cas9,脱靶效应
BIOLOGY,0197,192,第二十四章 基因工程 / 微专题 基因编辑技术 / 一 CRISPR/Cas9,DNA 损伤修复
BIOLOGY,0197,192,第二十四章 基因工程 / 微专题 基因编辑技术 / 一 CRISPR/Cas9,基因治疗
BIOLOGY,0197,192,第二十四章 基因工程 / 微专题 基因编辑技术 / 一 CRISPR/Cas9,定点定向基因编辑
BIOLOGY,0198,193,第二十四章 基因工程 / 微专题 基因编辑技术 / 二 Cre-LoxP,Cre-LoxP 系统
BIOLOGY,0198,193,第二十四章 基因工程 / 微专题 基因编辑技术 / 二 Cre-LoxP,Cre 重组酶
BIOLOGY,0198,193,第二十四章 基因工程 / 微专题 基因编辑技术 / 二 Cre-LoxP,LoxP 位点
BIOLOGY,0198,193,第二十四章 基因工程 / 微专题 基因编辑技术 / 二 Cre-LoxP,基因敲除
BIOLOGY,0198,193,第二十四章 基因工程 / 微专题 基因编辑技术 / 二 Cre-LoxP,特异性重组
BIOLOGY,0198,193,第二十四章 基因工程 / 微专题 基因编辑技术 / 二 Cre-LoxP,染色体易位
BIOLOGY,0198,193,第二十四章 基因工程 / 微专题 基因编辑技术 / 二 Cre-LoxP,基因敲除小鼠
BIOLOGY,0199,194,第二十四章 基因工程 / 微专题 基因编辑技术 / 三 同源重组,同源重组
BIOLOGY,0199,194,第二十四章 基因工程 / 微专题 基因编辑技术 / 三 同源重组,同源臂
BIOLOGY,0199,194,第二十四章 基因工程 / 微专题 基因编辑技术 / 三 同源重组,基因敲除
BIOLOGY,0199,194,第二十四章 基因工程 / 微专题 基因编辑技术 / 三 同源重组,基因敲入
BIOLOGY,0199,194,第二十四章 基因工程 / 微专题 基因编辑技术 / 三 同源重组,基因治疗
BIOLOGY,0199,194,第二十四章 基因工程 / 微专题 基因编辑技术 / 三 同源重组,DNA 双链断裂修复
BIOLOGY,0199,194,第二十四章 基因工程 / 微专题 基因编辑技术 / 三 同源重组,供体 DNA 载体
BIOLOGY,0199,194,第二十四章 基因工程 / 微专题 基因编辑技术 / 三 同源重组,纤维素降解途径
BIOLOGY,0199,194,第二十四章 基因工程 / 微专题 基因编辑技术 / 三 同源重组,$URA3$ 标记基因
BIOLOGY,0199,194,第二十四章 基因工程 / 微专题 基因编辑技术 / 三 同源重组,5-氟乳清酸筛选
