subject,pdf_page,content_page,candidate,match_kind,node_slug,node_name
MATH,0006,2,集合中元素的三个特性,none,,
MATH,0006,2,元素与集合的关系,none,,
MATH,0006,2,常用数集的符号表示,none,,
MATH,0006,2,集合的三种表示方法,none,,
MATH,0006,2,集合相等的定义,none,,
MATH,0006,2,子集与真子集的定义与记法,none,,
MATH,0006,2,空集是任何集合的子集、是任何非空集合的真子集,none,,
MATH,0006,2,"集合关系问题中""空集情形""的易错点",none,,
MATH,0006,2,点集与数集的属性区别,none,,
MATH,0006,2,含有 $n$ 个元素的集合的子集、真子集、非空子集、非空真子集个数,none,,
MATH,0006,2,并集的定义与性质,none,,
MATH,0006,2,交集的定义与性质,none,,
MATH,0006,2,补集的定义与性质,none,,
MATH,0006,2,德·摩根定律,none,,
MATH,0007,3,判断集合间基本关系的三种方法,none,,
MATH,0007,3,由 $A\cup B=A$ 或 $A\cap B=B$ 推出 $B\subseteq A$ 的解题路径,none,,
MATH,0007,3,含参集合关系问题必须分 $B=\varnothing$ 与 $B\ne\varnothing$ 讨论,none,,
MATH,0007,3,集合运算的三种方法,none,,
MATH,0007,3,两个集合的容斥原理 $\mathrm{card}(A\cup B)=\mathrm{card}(A)+\mathrm{card}(B)-\mathrm{card}(A\cap B)$,none,,
MATH,0007,3,三个集合的容斥原理,none,,
MATH,0007,3,集合创新题的三类形态,none,,
MATH,0007,3,集合创新题的解题着手点,none,,
MATH,0008,4,两个集合的容斥原理,none,,
MATH,0008,4,三个集合的容斥原理,none,,
MATH,0008,4,容斥原理的 Venn 图表示,none,,
MATH,0008,4,由集合运算结果求参数,none,,
MATH,0008,4,集合的创新题解法,none,,
MATH,0008,4,集合中的新定义问题,none,,
MATH,0008,4,集合中的新运算问题,none,,
MATH,0008,4,集合中的新性质问题,none,,
MATH,0008,4,选择题中的验证排除法与特值法,none,,
MATH,0008,4,集合相等求元素和,none,,
MATH,0008,4,由交集结果反求待定元素,none,,
MATH,0008,4,子集与真子集个数,none,,
MATH,0009,5,充分条件、必要条件、充要条件的符号语言与集合语言对应,none,,
MATH,0009,5,充分不必要、必要不充分、既不充分也不必要条件的判据,none,,
MATH,0009,5,"""小充分、大必要""的集合判据",none,,
MATH,0009,5,全称量词命题与存在量词命题的结构与简记,none,,
MATH,0009,5,全称量词命题的否定是存在量词命题,none,,
MATH,0009,5,存在量词命题的否定是全称量词命题,none,,
MATH,0009,5,全称量词命题为真的判据（所有元素都满足）与为假的判据,none,,
MATH,0009,5,存在量词命题为真的判据（存在一个满足）与为假的判据,none,,
MATH,0009,5,命题与其否定的真假相反,none,,
MATH,0010,6,充分、必要条件判断的两种方法,none,,
MATH,0010,6,集合法适用的情形,none,,
MATH,0010,6,求参数范围的两个关键,none,,
MATH,0010,6,全称量词命题为真的证明方法,none,,
MATH,0010,6,存在量词命题为真的证明方法,none,,
MATH,0010,6,利用命题与否定的真假相反关系间接判断,none,,
MATH,0010,6,将命题真假转化为不等式恒成立、有解、方程解的存在性、函数最值问题,none,,
MATH,0010,6,全称命题恒成立与最值的关系、存在命题有解与最值的关系,none,,
MATH,0011,7,不等式的八条基本性质,none,,
MATH,0011,7,可乘性中对乘数符号的讨论要求,none,,
MATH,0011,7,倒数性质,none,,
MATH,0011,7,分数性质,none,,
MATH,0011,7,一元二次不等式与二次函数图象、二次方程根的三者对应关系,none,,
MATH,0011,7,二次项系数为负时先化为正数再求解,none,,
MATH,0011,7,一元二次不等式解集的三种情形,none,,
MATH,0011,7,分式不等式的等价转化,none,,
MATH,0011,7,绝对值不等式的解法,none,,
MATH,0012,8,不等式性质的四条易错条件,none,,
MATH,0012,8,比较两个数（式）大小的四种方法,none,,
MATH,0012,8,作差法与作商法的步骤及含根号式子的处理,none,,
MATH,0012,8,利用不等式性质求取值范围的方法,none,,
MATH,0012,8,解二次项系数含参数的一元二次不等式的步骤,none,,
MATH,0013,9,一元二次不等式在 $\mathbf{R}$ 上恒成立的等价条件,none,,
MATH,0013,9,一元二次不等式在 $\mathbf{R}$ 上恒小于零的等价条件,none,,
MATH,0013,9,"恒成立问题中""二次项系数为 0""的讨论必要性",none,,
MATH,0013,9,给定区间上恒成立的解题策略,none,,
MATH,0013,9,分离参数法求恒成立的原理,none,,
MATH,0013,9,"给定参数范围求变元范围的""主元法""",none,,
MATH,0014,10,"基本不等式 $\sqrt{ab}\le\frac{a+b}{2}$ 及其成立条件（$a,b>0$）与等号条件",none,,
MATH,0014,10,算术平均数与几何平均数的定义及基本不等式的文字叙述,none,,
MATH,0014,10,重要不等式 $a^2+b^2\ge2ab$,none,,
MATH,0014,10,重要不等式 $\frac{a}{b}+\frac{b}{a}\ge2$,none,,
MATH,0014,10,重要不等式 $ab\le\left(\frac{a+b}{2}\right)^2$,none,,
MATH,0014,10,均值不等式链 $\sqrt{\frac{a^2+b^2}{2}}\ge\frac{a+b}{2}\ge\sqrt{ab}\ge\frac{2}{1/a+1/b}$,none,,
MATH,0014,10,基本不等式求最值的两条结论,none,,
MATH,0014,10,多次使用基本不等式时等号条件的相容性与不等号方向一致性,none,,
MATH,0014,10,配凑法的思想,none,,
MATH,0015,11,"常数代换法（""1""的代换）的四个步骤",none,,
MATH,0015,11,常数代换法的典型构造 $(ax+by)(\frac{m}{x}+\frac{n}{y})$ 及其最小值 $am+bn+2\sqrt{abmn}$,none,,
MATH,0015,11,常数代换法的取等条件 $\frac{bmy}{x}=\frac{anx}{y}$,none,,
MATH,0015,11,消元法的思路,none,,
MATH,0015,11,配凑法、常数代换法、消元法的适用结构对照,none,,
MATH,0015,11,不等式恒成立的等价条件,none,,
MATH,0015,11,不等式有解的等价条件,none,,
MATH,0015,11,不等式无解的等价条件,none,,
MATH,0016,12,应用基本不等式解决实际问题的四个步骤,none,,
MATH,0016,12,基本不等式与概率统计的交汇,none,,
MATH,0016,12,基本不等式与平面向量的交汇,none,,
MATH,0016,12,基本不等式与函数导数的交汇,none,,
MATH,0016,12,交汇类最值问题的通用套路,none,,
MATH,0018,14,函数的概念,exact,函数的概念,函数的概念
MATH,0018,14,自变量、函数值、定义域、值域的定义,none,,
MATH,0018,14,函数图象与竖直直线的交点个数,none,,
MATH,0018,14,判断两个函数是否为同一函数的两个要件,none,,
MATH,0018,14,函数的三种表示法,none,,
MATH,0018,14,分段函数的定义,none,,
MATH,0018,14,分段函数是一个函数而非几个函数；定义域与值域均为各段的并集,none,,
MATH,0019,15,已知 $f(x)$ 定义域求 $f(g(x))$ 定义域的方法,none,,
MATH,0019,15,已知 $f(g(x))$ 定义域求 $f(x)$ 定义域的方法,none,,
MATH,0019,15,$f(\ )$ 括号内整体取值范围决定 $f$ 的定义域,none,,
MATH,0019,15,求函数解析式的五种方法,none,,
MATH,0019,15,换元法的三个步骤与新元取值范围的必要性,none,,
MATH,0019,15,构造法解含 $f(x)$ 与 $f(1/x)$（或 $f(-x)$）的方程组,none,,
MATH,0019,15,求分段函数函数值的方法,none,,
MATH,0019,15,分段函数的方程与不等式解法,none,,
MATH,0019,15,分段函数求值域的两种方法,none,,
MATH,0020,16,函数在区间上单调递增、单调递减的定义,none,,
MATH,0020,16,增函数与减函数的定义,none,,
MATH,0020,16,单调性的图象描述,none,,
MATH,0020,16,单调性的两种等价形式,none,,
MATH,0020,16,单调区间的定义,none,,
MATH,0020,16,复合函数的单调性判据,none,,
MATH,0020,16,函数最大值的定义,none,,
MATH,0020,16,函数最小值的定义,none,,
MATH,0020,16,闭区间上连续函数必有最值,none,,
MATH,0020,16,"开区间上""单峰""连续函数必有最大值或最小值",none,,
MATH,0021,17,判断函数单调性的六种方法,none,,
MATH,0021,17,公共定义域内单调函数的运算性质,none,,
MATH,0021,17,数乘对单调性的影响,none,,
MATH,0021,17,"复合函数单调性的""同增异减""判据",none,,
MATH,0021,17,定义法证明单调性的四步,none,,
MATH,0021,17,导数法判断单调性,none,,
MATH,0021,17,赋值法处理抽象函数的单调性,none,,
MATH,0021,17,利用单调性比较大小的步骤,none,,
MATH,0021,17,利用单调性解函数不等式的框架,none,,
MATH,0022,18,求解函数不等式的本质,none,,
MATH,0022,18,利用单调性求参数的策略,none,,
MATH,0022,18,分段函数单调性的两个必要条件,none,,
MATH,0022,18,求函数最值的五种常用方法,none,,
MATH,0022,18,换元法求最值时需注意新元的取值范围,none,,
MATH,0022,18,导数法求最值的步骤,none,,
MATH,0022,18,分离常数法处理分子分母同次的公式形式,none,,
MATH,0022,18,各类函数形式与推荐求值域方法的对应关系,none,,
MATH,0023,19,奇函数与偶函数的定义,none,,
MATH,0023,19,奇偶函数的图象特征,none,,
MATH,0023,19,函数具有奇偶性的前提条件,none,,
MATH,0023,19,奇偶性的等价形式,none,,
MATH,0023,19,奇函数在 $x=0$ 处有定义则 $f(0)=0$,none,,
MATH,0023,19,偶函数满足 $f(x)=f(|x|)$,none,,
MATH,0023,19,奇偶性与单调性的关系,none,,
MATH,0023,19,函数平移后的奇偶性表达式,none,,
MATH,0023,19,周期函数与最小正周期的定义,none,,
MATH,0023,19,周期性结论,none,,
MATH,0023,19,图象自对称性,none,,
MATH,0023,19,两个函数图象的相互对称性,none,,
MATH,0023,19,由 $f(a+x)=f(b-x)$、$f(a+x)=-f(b-x)$、$f(a+x)+f(b-x)=c$ 判断对称轴或对称中心,none,,
MATH,0023,19,对称性与周期性的三条关系,none,,
MATH,0024,20,判断函数奇偶性的三种方法,none,,
MATH,0024,20,定义法的流程,none,,
MATH,0024,20,图象法判据,none,,
MATH,0024,20,奇偶函数的运算性质,none,,
MATH,0024,20,奇偶性应用的两个方向,none,,
MATH,0024,20,求函数值时用奇偶性把自变量转化到已知解析式的区间,none,,
MATH,0024,20,求参数时用定义等价式得恒等式、由系数相等构造方程组,none,,
MATH,0024,20,取特殊值求参数只提供必要条件，需验证,none,,
MATH,0025,21,运用奇偶性与单调性解不等式的策略,none,,
MATH,0025,21,奇函数在对称区间上单调性相同、偶函数相反,none,,
MATH,0025,21,"偶函数用 $f(x)=f(|x|)$ 把问题转化到 $[0,+\infty)$ 上求解",none,,
MATH,0025,21,函数周期性的判定方法,none,,
MATH,0025,21,周期的整数倍也是周期,none,,
MATH,0025,21,由局部性质推整体性质,none,,
MATH,0025,21,单调性与对称性结合问题的解题技巧,none,,
MATH,0025,21,奇偶性与对称性的互化,none,,
MATH,0026,22,解决奇偶性与对称性综合问题的两种思路,none,,
MATH,0026,22,由双对称（两轴、两中心、一轴一中心）得到周期结论,none,,
MATH,0026,22,奇偶性与周期性综合问题的处理流程,none,,
MATH,0026,22,函数四大性质（奇偶性、对称性、周期性、单调性）综合命题的处理方法,none,,
MATH,0026,22,借助奇偶性、对称性、周期性实现区间转换，再用单调性解决问题,none,,
MATH,0027,23,二次函数解析式的三种形式,none,,
MATH,0027,23,二次函数的定义域、值域、单调区间与对称轴,none,,
MATH,0027,23,二次函数值域公式,none,,
MATH,0027,23,二次函数在闭区间上的最值讨论,none,,
MATH,0027,23,二次函数最值的判据,none,,
MATH,0027,23,幂函数的概念 $y=x^\alpha$,none,,
MATH,0027,23,五个常用幂函数的定义域、值域、奇偶性与单调性,none,,
MATH,0027,23,函数 $y=ax+b/x$（$ab\ne0$）的图象、定义域、值域、奇偶性与单调性,none,,
MATH,0027,23,对勾函数的最小值,none,,
MATH,0028,24,研究二次函数图象的三个关键点,none,,
MATH,0028,24,求二次函数解析式的待定系数法,none,,
MATH,0028,24,二次函数三种解析式形式的适用情形,none,,
MATH,0028,24,一元二次方程根的分布问题的解法,none,,
MATH,0028,24,二次函数在区间上的单调性判据,none,,
MATH,0028,24,含参二次函数问题的分类讨论原则,none,,
MATH,0029,25,作幂函数图象的三个注意点,none,,
MATH,0029,25,幂函数图象的分布规律,none,,
MATH,0029,25,幂函数 $y=x^\alpha$ 在第一象限的单调性与 $\alpha$ 符号的关系,none,,
MATH,0029,25,形如 $x^{m/n}$ 的幂函数奇偶性的三条判据,none,,
MATH,0029,25,各常用幂函数的定义域、奇偶性、单调性与所过定点,none,,
MATH,0029,25,"所有幂函数在第一象限都过点 $(1,1)$",none,,
MATH,0030,26,根式的概念与性质,none,,
MATH,0030,26,正、负分数指数幂的定义与 $0$ 的指数幂的意义,none,,
MATH,0030,26,指数幂的三条运算性质,none,,
MATH,0030,26,对数的四条性质,none,,
MATH,0030,26,对数的换底公式 $\log_aN=\frac{\log_cN}{\log_ca}$ 及推论,none,,
MATH,0030,26,对数的三条运算性质,none,,
MATH,0030,26,指数函数的概念,none,,
MATH,0030,26,指数型函数与指数函数的区别,none,,
MATH,0030,26,指数函数的图象与性质,none,,
MATH,0030,26,指数函数图象恒过的三个点,none,,
MATH,0030,26,$y=a^x$ 与 $y=(1/a)^x$ 的图象关于 $y$ 轴对称,none,,
MATH,0030,26,$y$ 轴右侧指数函数图象越高底数越大,none,,
MATH,0030,26,"对数函数的概念（$y=\log_ax$，定义域 $(0,+\infty)$）与三个特征",none,,
MATH,0031,27,对数函数的定义域、值域、过定点与函数值符号规律,none,,
MATH,0031,27,对数函数的单调性与底数的关系,none,,
MATH,0031,27,由直线 $y=1$ 与对数函数图象的交点横坐标比较底数大小,none,,
MATH,0031,27,第一象限内对数函数图象从左到右底数逐渐增大,none,,
MATH,0031,27,指数函数与对数函数互为反函数,none,,
MATH,0031,27,指数幂化简与求值的三条技巧,none,,
MATH,0031,27,指数幂运算结果的规范性要求,none,,
MATH,0032,28,解决对数运算问题的四种常用方法,none,,
MATH,0032,28,由解析式判断指数函数图象的策略,none,,
MATH,0032,28,指数型函数图象的变换方法,none,,
MATH,0032,28,由直线 $x=1$ 与指数函数图象的交点判断底数大小,none,,
MATH,0032,28,比较指数式大小的三种情形与方法,none,,
MATH,0032,28,与指数函数有关的复合函数的处理,none,,
MATH,0033,29,比较对数式大小的三种类型与方法,none,,
MATH,0033,29,处理对数型复合函数必须弄清的三点,none,,
MATH,0033,29,对数型复合函数必须先求定义域的纪律,none,,
MATH,0033,29,"""同增异减""在复合函数单调性中的应用",none,,
MATH,0033,29,比较幂、指、对大小的基本思路,none,,
MATH,0033,29,中间量法,none,,
MATH,0033,29,构造法,none,,
MATH,0034,30,函数图象的平移变换规律（左加右减、上加下减）及其对 $x$ 系数不为 1 时的处理,none,,
MATH,0034,30,函数图象的对称变换,none,,
MATH,0034,30,指数函数与对数函数图象关于 $y=x$ 对称,none,,
MATH,0034,30,函数图象的伸缩变换,none,,
MATH,0034,30,函数图象的翻折变换,none,,
MATH,0034,30,$y=f(|x|)$ 必为偶函数,none,,
MATH,0035,31,画函数图象的三种一般方法,none,,
MATH,0035,31,含绝对值符号的函数用分段函数法作图,none,,
MATH,0035,31,作图必须注意定义域,none,,
MATH,0035,31,图象变换要注意变换顺序与先变形,none,,
MATH,0035,31,函数图象识别的六个观察角度,none,,
MATH,0035,31,由定义域判断图象的左右位置、由值域判断上下位置,none,,
MATH,0035,31,由奇偶性判断对称性、由单调性判断变化趋势、由周期性判断循环往复,none,,
MATH,0035,31,用特殊点与极限位置排除错误选项,none,,
MATH,0035,31,函数图象在方程根、不等式、含参问题中的应用,none,,
MATH,0036,32,函数零点的定义,exact,函数零点的定义,函数零点的定义
MATH,0036,32,零点的三个等价关系,none,,
MATH,0036,32,函数零点存在定理,exact,函数零点存在定理,函数零点存在定理
MATH,0036,32,二分法的定义与操作,none,,
MATH,0036,32,零点存在定理的逆向不成立（有零点不能推出端点异号），故 $f(a)f(b)<0$ 是充分不必要条件,none,,
MATH,0036,32,零点唯一性的判据,none,,
MATH,0036,32,函数零点与两函数图象交点的等价转化,none,,
MATH,0036,32,函数图象的三个应用角度,none,,
MATH,0036,32,图象应用问题的四个步骤,none,,
MATH,0037,33,判断函数零点所在区间的两种方法,none,,
MATH,0037,33,判断零点个数的三种方法,none,,
MATH,0037,33,"零点存在定理只能判断""存在""而不能判断""个数""的局限性",none,,
MATH,0037,33,用单调性、奇偶性、周期性、对称性确定零点个数,none,,
MATH,0037,33,已知函数零点求参数的三种方法,none,,
MATH,0037,33,含参零点问题中分离参数法的原理,none,,
MATH,0038,34,六种常见函数模型及其解析式,none,,
MATH,0038,34,指数、对数、幂函数模型在增长速度上的比较,none,,
MATH,0038,34,三类函数的图象变化趋势,none,,
MATH,0038,34,三类函数值的大小关系,none,,
MATH,0038,34,"""直线上升""""指数爆炸""""对数增长""的含义与增长量特征",none,,
MATH,0038,34,由增长特征选择合适函数模型的方法,none,,
MATH,0039,35,已知函数模型解决实际问题的三个关键,none,,
MATH,0039,35,用待定系数法确定函数模型中的参数,none,,
MATH,0039,35,解函数应用问题的四个步骤,none,,
MATH,0039,35,建模的实质,none,,
MATH,0039,35,还原环节的必要性,none,,
MATH,0039,35,常见实际问题与函数模型的对应,none,,
MATH,0041,37,函数在某点处的导数的定义,none,,
MATH,0041,37,导函数的定义,none,,
MATH,0041,37,$f'(x)$ 与 $f'(x_0)$ 的区别与联系,none,,
MATH,0041,37,导数的几何意义,exact,导数的几何意义,导数的几何意义
MATH,0041,37,切线方程 $y-y_0=f'(x_0)(x-x_0)$,none,,
MATH,0041,37,导数的绝对值反映图象变化的快慢与切线的陡峭程度,none,,
MATH,0041,37,八个基本初等函数的导数公式,none,,
MATH,0041,37,导数的四则运算法则,none,,
MATH,0041,37,复合函数的求导法则,none,,
MATH,0041,37,函数倒数的导数与根式的导数公式,none,,
MATH,0042,38,求函数导数的原则（先化简解析式再求导）与抽象函数、复合函数的求导策略,none,,
MATH,0042,38,解决切线问题的三个等式,none,,
MATH,0042,38,"""在某点处的切线""与""过某点的切线""的区别与联系",none,,
MATH,0042,38,"求""过某点""切线方程的四步法",none,,
MATH,0042,38,求两曲线公切线的两种情形,none,,
MATH,0043,39,导数符号与函数单调性的对应关系,none,,
MATH,0043,39,极小值点与极小值的定义,none,,
MATH,0043,39,极大值点与极大值的定义,none,,
MATH,0043,39,极值与极值点的概念,none,,
MATH,0043,39,极值不唯一、极大值可能小于极小值,none,,
MATH,0043,39,导数为零的点不一定是极值点,none,,
MATH,0043,39,处处可导函数的极值点处导数必为零,none,,
MATH,0043,39,闭区间上连续函数必有最值，最值在极值点或端点处取得,none,,
MATH,0043,39,有极值未必有最值、有最值未必有极值,none,,
MATH,0043,39,极值不一定是最值，不在端点处的最值必是极值,none,,
MATH,0043,39,单调函数的最值取在区间端点,none,,
MATH,0044,40,利用导数求函数单调区间的四个步骤,none,,
MATH,0044,40,单调区间必须是定义域的子集,none,,
MATH,0044,40,$f'(x)\ge0$ 且仅在有限个点为零时函数仍单调递增,none,,
MATH,0044,40,"""函数在某区间上单调递增""与""函数的单调递增区间是某区间""的区别",none,,
MATH,0044,40,由 $y=f'(x)$ 的图象读取 $f(x)$ 的单调区间,none,,
MATH,0045,41,讨论含参函数单调性的本质,none,,
MATH,0045,41,含参单调性讨论的四个分类层次,none,,
MATH,0045,41,已知单调性求参数范围的策略,none,,
MATH,0045,41,单调性与导数符号的等价转化,none,,
MATH,0045,41,"""单调递增""对应 $f'(x)\ge0$ 而非 $f'(x)>0$",none,,
MATH,0046,42,解决函数极值问题的一般思路,none,,
MATH,0046,42,判断极值必须验证根两侧导数变号,none,,
MATH,0046,42,"求闭区间 $[a,b]$ 上最值的两步",none,,
MATH,0046,42,开区间/无穷区间上最值的判断,none,,
MATH,0046,42,含参最值问题的分类讨论,none,,
MATH,0047,43,直接构造法证明不等式,none,,
MATH,0047,43,参变分离构造法,none,,
MATH,0047,43,构造双函数法,none,,
MATH,0047,43,凹凸反转法中两侧取最值的条件不必相同,none,,
MATH,0047,43,两个经典切线放缩不等式,none,,
MATH,0047,43,直接构造求导困难时改用双函数构造的判据,none,,
MATH,0048,44,不等式恒成立问题转化为最值的四种基本形式,none,,
MATH,0048,44,不等式能成立（有解）问题转化为最值的四种形式,none,,
MATH,0048,44,恒成立与能成立在最值取向上相反,none,,
MATH,0048,44,双变量恒（能）成立问题的四种量词组合与最值对应关系,none,,
MATH,0048,44,"全称量词对应""最不利""侧、存在量词对应""最有利""侧的记忆规则",none,,
MATH,0048,44,利用导数解决不等式恒成立问题的四种转化策略,none,,
MATH,0049,45,指数型放缩公式,none,,
MATH,0049,45,对数型放缩公式,none,,
MATH,0049,45,二次加强型放缩（$\mathrm{e}^x\ge1+x+\frac{1}{2}x^2$（$x\ge0$）；$\mathrm{e}^x\le1+x+\frac{1}{2}x^2$（$x\le0$）；$\ln x\le\frac{1}{\mathrm{e}}x$）,none,,
MATH,0049,45,切线放缩的几何含义,none,,
MATH,0049,45,函数零点问题的三条解题思路,none,,
MATH,0050,46,隐零点的定义,none,,
MATH,0050,46,解决隐零点问题的六条基本思路,none,,
MATH,0050,46,隐零点问题中利用 $f'(x_0)=0$ 的恒等式变形并代入其他式子以消去超越项,none,,
MATH,0050,46,隐零点所在区间的估算方法,none,,
MATH,0050,46,把零点作为主变量、其他变量作为参变量的处理技巧,none,,
MATH,0051,47,三次函数 $f(x)=ax^3+bx^2+cx+d$ 的导数 $f'(x)=3ax^2+2bx+c$ 与判别式 $\Delta=4(b^2-3ac)$,none,,
MATH,0051,47,三次函数的单调区间与极值,none,,
MATH,0051,47,三次函数极值点的个数特征,none,,
MATH,0051,47,三次函数只有 2 个零点时必有一个零点与极值点重合,none,,
MATH,0051,47,三次函数图象的中心对称性,none,,
MATH,0051,47,三次函数图象的轴对称性与 $f'(x)$ 的最值点,none,,
MATH,0051,47,一元三次方程根的个数判据,none,,
MATH,0052,48,三次函数四类问题的划分（图象与性质、极（最）值、零点、切线）,none,,
MATH,0052,48,三次函数中心对称性的应用,none,,
MATH,0052,48,三次函数两个极值点关于对称中心对称,none,,
MATH,0052,48,"""过某点作三条切线""与三次方程有三个实根的等价转化",none,,
MATH,0052,48,三次函数零点个数的判据,none,,
MATH,0053,49,导数中构造函数解不等式的关键,none,,
MATH,0053,49,"十种常见""原函数与导函数混合结构""的构造函数对照表",none,,
MATH,0053,49,$xf'(x)\pm nf(x)$ 型构造幂函数,none,,
MATH,0053,49,$f\pm f'$ 型构造指数函数,none,,
MATH,0053,49,含三角函数的构造,none,,
MATH,0053,49,$f'/f$ 型构造对数函数 $\ln f(x)$,none,,
MATH,0053,49,构造函数的核心思想,none,,
MATH,0053,49,构造问题按结合初等函数的四种角度划分,none,,
MATH,0054,50,四个常见的指对同构模型,none,,
MATH,0054,50,同构的核心原理,none,,
MATH,0054,50,利用 $x\mathrm{e}^x=\mathrm{e}^{x+\ln x}$ 得到的不等式 $\mathrm{e}^{x+\ln x}\ge x+\ln x+1$ 与 $\ln(x\mathrm{e}^x)\le x\mathrm{e}^x-1$,none,,
MATH,0054,50,凑常数、凑参数、凑变量的同构手法,none,,
MATH,0054,50,三类典型的同构变形,none,,
MATH,0054,50,用 $f(t)=t\mathrm{e}^t$ 或 $f(t)=t+\ln t$ 的单调性脱去函数符号,none,,
MATH,0054,50,指对同构问题的三个角度,none,,
MATH,0056,52,根与系数关系代换的思路,none,,
MATH,0056,52,双变量问题的核心思想,none,,
MATH,0056,52,变量比值代换的方法,none,,
MATH,0056,52,令 $t=x_2/x_1$ 或 $x_1/x_2$ 把双变量函数化为关于 $t$ 的单变量函数,none,,
MATH,0056,52,比值代换中新元 $t$ 的取值范围要求,none,,
MATH,0056,52,通过对数平均不等式型结构 $\frac{x_1-x_2}{\ln x_1-\ln x_2}$ 的比值换元,none,,
MATH,0056,52,双变量问题四种类型的处理主线,none,,
MATH,0057,53,极值点偏移的识别,none,,
MATH,0057,53,极值点偏移问题的解题核心,none,,
MATH,0057,53,"""把 $x_1$ 换成 $f$ 值相等的 $x_2$""的转化技巧",none,,
MATH,0057,53,两种常见构造形式,none,,
MATH,0057,53,极值点左偏与右偏的判别与结论形式,none,,
MATH,0057,53,极值点偏移问题也可用比值代换法证明,none,,
MATH,0057,53,极值点偏移问题的解题三步,none,,
MATH,0059,55,终边相同的角的集合表示,none,,
MATH,0059,55,终边关于 $x$ 轴、$y$ 轴对称的两角关系,none,,
MATH,0059,55,弧长公式 $l=|\alpha|r$ 与扇形面积公式 $S=\frac{1}{2}lr=\frac{1}{2}|\alpha|r^2$,none,,
MATH,0059,55,用单位圆定义三角函数,none,,
MATH,0059,55,用终边上任意点的坐标定义三角函数,none,,
MATH,0059,55,三角函数值在各象限的符号规律,none,,
MATH,0059,55,同角三角函数的平方关系 $\sin^2\alpha+\cos^2\alpha=1$,none,,
MATH,0059,55,同角三角函数的商数关系 $\tan\alpha=\sin\alpha/\cos\alpha$,none,,
MATH,0059,55,八组诱导公式,none,,
MATH,0059,55,诱导公式的总口诀,none,,
MATH,0060,56,求角的终边经过某一点的三角函数值的方法,none,,
MATH,0060,56,弦切互化的技巧,none,,
MATH,0060,56,和（差）积转换公式 $(\sin\alpha\pm\cos\alpha)^2=1\pm2\sin\alpha\cos\alpha$,none,,
MATH,0060,56,由 $\sin\alpha\pm\cos\alpha$、$\sin\alpha\cos\alpha$ 等知一求二的方程思想,none,,
MATH,0060,56,"""1""的两种三角变换",none,,
MATH,0060,56,利用诱导公式求任意角三角函数值的四步流程,none,,
MATH,0061,57,两角和与差的正弦、余弦、正切公式,none,,
MATH,0061,57,二倍角公式,exact,二倍角公式,二倍角公式
MATH,0061,57,半角公式,none,,
MATH,0061,57,辅助角公式 $a\sin\alpha+b\cos\alpha=\sqrt{a^2+b^2}\sin(\alpha+\varphi)$ 及 $\varphi$ 的确定,none,,
MATH,0061,57,降幂公式,none,,
MATH,0061,57,升幂公式,none,,
MATH,0061,57,公式的常用变形,none,,
MATH,0061,57,万能公式,none,,
MATH,0061,57,半角正切的另一种形式,none,,
MATH,0062,58,"三角函数式化简的""三看原则""",none,,
MATH,0062,58,化简的具体方法,none,,
MATH,0062,58,给角求值的三种常用方法,none,,
MATH,0062,58,"给值求值的""变角""技巧（$\alpha=(\alpha+\beta)-\beta$ 等）与角的范围讨论",none,,
MATH,0062,58,给值求角的转化思路,none,,
MATH,0063,59,正弦函数、余弦函数图象的五个关键点,none,,
MATH,0063,59,用五点法画 $y=A\sin(\omega x+\varphi)$ 简图的五点坐标,none,,
MATH,0063,59,振动量的振幅、周期、频率、相位、初相的定义,none,,
MATH,0063,59,由 $y=\sin x$ 变换到 $y=A\sin(\omega x+\varphi)$ 的两种途径,none,,
MATH,0063,59,两种途径中平移量的差异,none,,
MATH,0063,59,正弦、余弦、正切函数的定义域、值域、对称轴、对称中心、周期、单调区间与奇偶性,none,,
MATH,0063,59,对称性与周期的三条关系,none,,
MATH,0063,59,正切函数在定义域上不单调,none,,
MATH,0064,60,求三角函数最值的五种常见函数形式,none,,
MATH,0064,60,一次齐次型用辅助角公式求最值,none,,
MATH,0064,60,二次齐次型降次整理后用辅助角公式,none,,
MATH,0064,60,含 $\sin^2x$ 与 $\cos x$ 的函数转化为关于 $\cos x$ 的二次函数,none,,
MATH,0064,60,对称型用换元 $t=\sin x+\cos x$ 转化为代数问题,none,,
MATH,0064,60,分式与三角混合型换元后结合图象求最值,none,,
MATH,0064,60,由 $y=A\sin(\omega x+\varphi)+B$ 的图象求解析式的三步,none,,
MATH,0064,60,$A=(M-m)/2$、$B=(M+m)/2$ 的求法,none,,
MATH,0064,60,求 $\varphi$ 时优先选最高点或最低点代入以避免多解,none,,
MATH,0065,61,三角函数图象变换的三个解题要点,none,,
MATH,0065,61,求 $y=A\sin(\omega x+\varphi)$ 单调区间的方法,none,,
MATH,0065,61,$\omega<0$ 时先用诱导公式化为正数的必要性,none,,
MATH,0065,61,求 $y=A|\sin(\omega x+\varphi)|$ 单调区间用数形结合法,none,,
MATH,0065,61,根据单调区间求参数的思路,none,,
MATH,0065,61,正弦型与余弦型函数的递增、递减条件对照,none,,
MATH,0066,62,正弦型函数为奇函数、偶函数时相位 $\varphi$ 的取值判据,none,,
MATH,0066,62,余弦型函数为奇函数、偶函数时相位 $\varphi$ 的取值判据,none,,
MATH,0066,62,"正弦型与余弦型的奇偶性判据互为""对调""的本质",none,,
MATH,0066,62,求三角函数周期的步骤,none,,
MATH,0066,62,正弦型函数图象的对称轴必过最高点或最低点,none,,
MATH,0066,62,正弦型函数图象的对称中心横坐标必为零点,none,,
MATH,0066,62,用代入验证 $f(x_0)$ 判断对称轴与对称中心的方法,none,,
MATH,0067,63,求 $\omega$ 范围的特值法,none,,
MATH,0067,63,子集法的两种思路,none,,
MATH,0067,63,用区间包含关系列不等式求 $\omega$ 的方法,none,,
MATH,0067,63,由对称轴或对称中心建立关于 $\omega$ 的方程,none,,
MATH,0067,63,相邻对称轴、相邻对称中心、对称轴与对称中心间距与周期（及 $\omega$）的关系,none,,
MATH,0067,63,两函数图象关于直线对称的条件,none,,
MATH,0067,63,$\omega$ 范围问题的两条主线,none,,
MATH,0068,64,用排除法处理 $\omega$ 范围选择题,none,,
MATH,0068,64,用方程转化法处理零点问题,none,,
MATH,0068,64,区间限制法的三个步骤,none,,
MATH,0068,64,"零点个数问题中""是否包含端点""的讨论要求",none,,
MATH,0068,64,用数形结合法验证零点与 $\omega$ 的关系,none,,
MATH,0068,64,正弦、余弦函数最值在对称轴处取得,none,,
MATH,0068,64,零点与极值点间的水平距离为 $\frac{(2n-1)T}{4}$,none,,
MATH,0068,64,区间上只有一个最值则该区间比一个周期小；无最值则比半个周期小,none,,
MATH,0068,64,$\omega$ 范围问题的四种类型与对应的建模方式,none,,
MATH,0069,65,正弦定理的表达式 $\frac{a}{\sin A}=\frac{b}{\sin B}=\frac{c}{\sin C}=2R$,none,,
MATH,0069,65,正弦定理的变形,none,,
MATH,0069,65,余弦定理的三种形式与余弦的求法,none,,
MATH,0069,65,已知两边及其中一边的对角（SSA）解三角形的六种情形与解的个数,none,,
MATH,0069,65,三角形中大边对大角、大角对大边及 $a>b\iff A>B\iff\sin A>\sin B$,none,,
MATH,0069,65,三角形内角的三角恒等式,none,,
MATH,0069,65,斜三角形的正切恒等式 $\tan A+\tan B+\tan C=\tan A\tan B\tan C$,none,,
MATH,0069,65,三角形中的射影定理,none,,
MATH,0069,65,三角形的四种面积公式,none,,
MATH,0070,66,仰角与俯角的定义,none,,
MATH,0070,66,方位角的定义,none,,
MATH,0070,66,坡角的定义,none,,
MATH,0070,66,余弦定理可解的两类问题（两边夹一角；三边）及其解的唯一性,none,,
MATH,0070,66,正弦定理可解的两类问题（两角一边；两边及一边的对角）及解的不唯一性,none,,
MATH,0070,66,解三角形时两定理的分工,none,,
MATH,0070,66,判断三角形形状的两种转化（化边为角；化角为边）与常见结论,none,,
MATH,0071,67,判断三角形形状的易错点,none,,
MATH,0071,67,判断形状时需检验解的唯一性并挖掘隐含条件,none,,
MATH,0071,67,变形中角 $A$、$B$、$C$ 的范围对三角函数值的影响,none,,
MATH,0071,67,已知两边及一边对角时解的个数判断,none,,
MATH,0071,67,$\sin B>1$ 无解、$\sin B=1$ 一解、$\sin B<1$ 需讨论,none,,
MATH,0071,67,"""大边对大角""与""内角和为 180°""在解的多解性判断中的应用",none,,
MATH,0071,67,判断解的个数的两种视角（代数法与几何法）及二者的一致性,none,,
MATH,0072,68,三角形最值与范围问题的解题策略,none,,
MATH,0072,68,求解三角形范围问题的注意点,none,,
MATH,0072,68,三角形中的隐含条件,none,,
MATH,0072,68,实际测量问题中求距离与高度的方法,none,,
MATH,0072,68,实际测量问题中求角度的方法,none,,
MATH,0072,68,将实际问题转化为数学问题后综合运用正余弦定理,none,,
MATH,0073,69,角平分线长度公式 $AD=\dfrac{2bc\cos\angle BAD}{b+c}$,none,,
MATH,0073,69,角平分线长度公式的面积法证明,none,,
MATH,0073,69,角平分线定理 $\dfrac{AB}{AC}=\dfrac{BD}{DC}$ 及其证明思路,none,,
MATH,0073,69,角平分线分对边成两段之比等于两邻边之比,none,,
MATH,0073,69,"""爪型""三角形按分割线类型（角平分线、中线、高线、任意比值分割）的四种处理方式",none,,
MATH,0073,69,"""爪型""问题的统一思想",none,,
MATH,0074,70,中线长定理 $AB^2+AC^2=2(BD^2+AD^2)$ 及其推导,none,,
MATH,0074,70,中线长公式 $AD=\frac{1}{2}\sqrt{2b^2+2c^2-a^2}$,none,,
MATH,0074,70,用向量法求中线长,none,,
MATH,0074,70,向量法推广到任意分点,none,,
MATH,0074,70,任意分点情形下 $|\vec{AD}|^2$ 的展开式,none,,
MATH,0074,70,高线模型的两种方法,none,,
MATH,0074,70,"""爪型""三角形三种模型（角平分线、中线、高线）的核心公式对照",none,,
MATH,0076,72,向量的定义（既有大小又有方向的量）与模,none,,
MATH,0076,72,零向量的定义,none,,
MATH,0076,72,单位向量的定义,none,,
MATH,0076,72,平行向量（共线向量）的定义与规定,none,,
MATH,0076,72,相等向量与相反向量的定义,none,,
MATH,0076,72,向量加法（三角形法则、平行四边形法则）及交换律、结合律,none,,
MATH,0076,72,向量减法的定义（加相反向量）与三角形法则,none,,
MATH,0076,72,数乘的定义、方向规定与三条运算律,none,,
MATH,0076,72,共线向量定理,none,,
MATH,0076,72,平面向量基本定理,exact,平面向量基本定理,平面向量基本定理
MATH,0076,72,向量的坐标运算,none,,
MATH,0076,72,向量共线的坐标判据 $x_1y_2=x_2y_1$,none,,
MATH,0076,72,相反向量与共线单位向量的坐标表示,none,,
MATH,0077,73,解决向量概念问题的两个要点,none,,
MATH,0077,73,向量共线的含义,none,,
MATH,0077,73,共线向量定理的应用策略,none,,
MATH,0077,73,三点共线的四种等价条件,none,,
MATH,0077,73,"""系数之和为 1""作为三点共线的判据",none,,
MATH,0077,73,用一组基底表示其他向量的四步方法,none,,
MATH,0078,74,应用平面向量基本定理的实质,none,,
MATH,0078,74,用基本定理解决问题的一般思路,none,,
MATH,0078,74,基底的选择要点,none,,
MATH,0078,74,两直线交点型向量表示的解法,none,,
MATH,0078,74,求解向量坐标运算问题的三条思路,none,,
MATH,0078,74,向量坐标化把几何问题转化为数量运算问题的意义,none,,
MATH,0079,75,平面向量夹角的定义与范围,none,,
MATH,0079,75,夹角为锐角的条件（$\vec a\cdot\vec b>0$ 且不共线）；夹角为钝角的条件,none,,
MATH,0079,75,数量积的定义 $\vec a\cdot\vec b=|\vec a||\vec b|\cos\theta$ 与规定 $\mathbf{0}\cdot\vec a=0$,none,,
MATH,0079,75,数量积的坐标表示 $\vec a\cdot\vec b=x_1x_2+y_1y_2$,none,,
MATH,0079,75,数量积的三条运算律,none,,
MATH,0079,75,数量积的五条性质,none,,
MATH,0079,75,模、垂直、夹角的坐标公式,none,,
MATH,0079,75,极化恒等式 $\vec a\cdot\vec b=\frac{1}{4}[(\vec a+\vec b)^2-(\vec a-\vec b)^2]$ 及其中线形式 $\vec{AB}\cdot\vec{AC}=|\vec{AD}|^2-|\vec{BD}|^2$,none,,
MATH,0079,75,"三角形""四心""的向量条件",none,,
MATH,0079,75,三角形面积的向量形式 $S=\frac{1}{2}\sqrt{|\vec{AB}|^2|\vec{AC}|^2-(\vec{AB}\cdot\vec{AC})^2}$,none,,
MATH,0079,75,投影向量的定义与计算公式 $\vec{A_1B_1}=|\vec a|\cos\theta\cdot\vec e=\frac{\vec a\cdot\vec b}{|\vec b|}\vec e$,none,,
MATH,0080,76,解决向量数量积运算问题的三种方法,none,,
MATH,0080,76,求向量模的公式法,none,,
MATH,0080,76,求向量模的几何法,none,,
MATH,0080,76,求向量夹角的定义法与坐标法,none,,
MATH,0080,76,投影向量的两种表达,none,,
MATH,0080,76,"""$\vec X$ 在 $\vec Y$ 上的投影向量""公式 $\dfrac{\vec X\cdot\vec Y}{|\vec Y|^2}\vec Y$",none,,
MATH,0080,76,投影向量的方向由数量积正负决定,none,,
MATH,0081,77,复数的概念,exact,复数的概念,复数的概念
MATH,0081,77,复数的分类,none,,
MATH,0081,77,复数相等的充要条件,none,,
MATH,0081,77,复数的模 $|a+bi|=\sqrt{a^2+b^2}$,none,,
MATH,0081,77,共轭复数的概念 $\bar z=a-bi$,none,,
MATH,0081,77,复数的几何意义,exact,复数的几何意义,复数的几何意义
MATH,0081,77,复数的四则运算法则,none,,
MATH,0081,77,复数加减法的几何意义,none,,
MATH,0081,77,常用运算结论,none,,
MATH,0081,77,虚数单位的幂的周期性与求和为零,none,,
MATH,0081,77,模与共轭的性质,none,,
MATH,0082,78,复数模的平行四边形恒等式 $|z_1+z_2|^2+|z_1-z_2|^2=2|z_1|^2+2|z_2|^2$,none,,
MATH,0082,78,复数不等式表示的图形,none,,
MATH,0082,78,复数模的几何意义,none,,
MATH,0082,78,由模的几何意义识别轨迹,none,,
MATH,0082,78,复数运算的两条要点,none,,
MATH,0082,78,复数综合题的第一步,none,,
MATH,0082,78,由标准形式回答各类问题,none,,
MATH,0084,80,数列与项的定义,none,,
MATH,0084,80,通项公式的定义与两点注意,none,,
MATH,0084,80,递推公式的定义,none,,
MATH,0084,80,前 $n$ 项和 $S_n$ 的定义,none,,
MATH,0084,80,$a_n$ 与 $S_n$ 的分段关系,none,,
MATH,0084,80,数列最大项与最小项的判据,none,,
MATH,0084,80,数列按项的大小关系分类,none,,
MATH,0084,80,数列按项数分类,none,,
MATH,0084,80,数列与函数的关系,exact,数列与函数的关系,数列与函数的关系
MATH,0085,81,解决数列单调性问题的三种方法,none,,
MATH,0085,81,求数列最大项与最小项的两种方法,none,,
MATH,0085,81,由 $a_n$ 与 $S_n$ 关系求通项的三类题型及其处理,none,,
MATH,0085,81,由递推关系求通项的五种方法,none,,
MATH,0085,81,由 $S_n$ 求 $a_n$ 时必须验证 $n=1$ 的纪律,none,,
MATH,0086,82,累加法的原理与适用条件,none,,
MATH,0086,82,累乘法的原理与适用条件,none,,
MATH,0086,82,$a_{n+1}=pa_n+q$ 型用构造法转化为等比数列,none,,
MATH,0086,82,$a_{n+1}=pa_n+q^n$ 型两边同除以 $q^{n+1}$ 化为 $b_{n+1}=\frac{p}{q}b_n+\frac{1}{q}$,none,,
MATH,0086,82,$a_{n+1}=ka_n+pn+q$ 型构造 ${a_n+cn+d}$ 为等比数列,none,,
MATH,0086,82,分式型递推 $a_n=\frac{ma_{n-1}}{k(a_{n-1}+b)}$ 用取倒数法化为 $b_{n+1}=pb_n+q$ 型,none,,
MATH,0086,82,递推公式求通项的六种形式与方法对照,none,,
MATH,0087,83,等差数列的定义,none,,
MATH,0087,83,公差 $d$ 的符号表示,none,,
MATH,0087,83,等差中项的定义 $A=\frac{a+b}{2}$,none,,
MATH,0087,83,通项公式 $a_n=a_1+(n-1)d$ 与推广式 $a_n=a_m+(n-m)d$,none,,
MATH,0087,83,前 $n$ 项和的两个公式,none,,
MATH,0087,83,等差数列项的性质,none,,
MATH,0087,83,前 $n$ 项和的性质,none,,
MATH,0087,83,奇偶项性质,none,,
MATH,0087,83,等差数列的函数特性,none,,
MATH,0088,84,等差数列基本量运算的四种常见类型,none,,
MATH,0088,84,$a_1$ 与 $d$ 作为等差数列的两个基本元素,none,,
MATH,0088,84,基本量运算中的方程思想,none,,
MATH,0088,84,等差数列判定的定义法,none,,
MATH,0088,84,等差数列判定的等差中项法,none,,
MATH,0088,84,等差数列判定的通项公式法,none,,
MATH,0088,84,等差数列判定的前 $n$ 项和公式法,none,,
MATH,0088,84,四种判定方法的适用情形与选择,none,,
MATH,0089,85,求等差数列前 $n$ 项和最值的函数法,none,,
MATH,0089,85,求等差数列前 $n$ 项和最值的通项公式法,none,,
MATH,0089,85,等差数列下标和相等的性质,none,,
MATH,0089,85,等差中项与下标二倍关系的应用,none,,
MATH,0089,85,等差数列前 $n$ 项和的分段等差性,none,,
MATH,0089,85,$\{S_n/n\}$ 是公差为 $d/2$ 的等差数列,none,,
MATH,0089,85,两项之比与前 $2n-1$ 项和之比的关系 $\frac{a_n}{b_n}=\frac{S_{2n-1}}{T_{2n-1}}$,none,,
MATH,0090,86,等比数列的定义,none,,
MATH,0090,86,公比 $q$ 的符号表示（$q\ne0$）与 $a_{n+1}/a_n=q$,none,,
MATH,0090,86,等比中项的定义 $G^2=ab$,none,,
MATH,0090,86,通项公式 $a_n=a_1q^{n-1}$ 与推广式 $a_n=a_mq^{n-m}$,none,,
MATH,0090,86,前 $n$ 项和公式,none,,
MATH,0090,86,等比数列项的性质,none,,
MATH,0090,86,等间隔抽取的子数列仍成等比数列,none,,
MATH,0090,86,前 $n$ 项和的分段等比性,none,,
MATH,0090,86,前 $n$ 项积的等比性质,none,,
MATH,0090,86,奇偶项和之比与公比的关系,none,,
MATH,0090,86,等比数列的单调性判据,none,,
MATH,0090,86,前 $n$ 项和形如 $k-kq^n$ 是等比数列的充要条件,none,,
MATH,0091,87,等比数列基本量运算的方程思想,none,,
MATH,0091,87,等比数列求和需对公比 $q=1$ 与 $q\ne1$ 分类讨论,none,,
MATH,0091,87,等比数列判定的定义法,none,,
MATH,0091,87,等比数列判定的等比中项法,none,,
MATH,0091,87,等比数列判定的通项公式法,none,,
MATH,0091,87,等比数列判定的前 $n$ 项和公式法,none,,
MATH,0091,87,"四种判定方法在""证明""与""判定""上的适用区别",none,,
MATH,0091,87,证明数列不是等比数列的方法,none,,
MATH,0091,87,等差与等比数列四种判定方法的对照,none,,
MATH,0092,88,等比数列下标和相等的性质,none,,
MATH,0092,88,用下标和性质减少运算量的方法,none,,
MATH,0092,88,等差与等比数列在下标和性质上的对照,none,,
MATH,0092,88,等比数列隐含条件的挖掘,none,,
MATH,0092,88,由奇数项和与偶数项和求公比的方法,none,,
MATH,0092,88,由前 $n$ 项和的分段关系求值的方法,none,,
MATH,0093,89,错位相减法求和的五步流程,none,,
MATH,0093,89,等差乘等比型数列前 $n$ 项和的通式结构 $S_n=(An+B)q^n-B$,none,,
MATH,0093,89,"错位相减中""错项对齐""的操作要求",none,,
MATH,0093,89,错位相减后中间部分为等比数列（共 $n-1$ 项）的求和注意点,none,,
MATH,0093,89,裂项相消法的基本思想,none,,
MATH,0093,89,常见裂项形式,none,,
MATH,0093,89,裂项时按分母两因式之差的倒数配系数的规则,none,,
MATH,0094,90,裂项相消法求和的三个基本步骤,none,,
MATH,0094,90,等差型裂项的四条公式,none,,
MATH,0094,90,根式型裂项的三条公式,none,,
MATH,0094,90,指数型裂项的三条公式,none,,
MATH,0094,90,裂项相加型的两条公式,none,,
MATH,0094,90,其他裂项形式,none,,
MATH,0094,90,"裂项相消中""配系数 = 分母两因式之差的倒数""的规则",none,,
MATH,0095,91,分组转化法求和的适用类型,none,,
MATH,0095,91,分组转化法求和的实现,none,,
MATH,0095,91,并项法求和的适用类型,none,,
MATH,0095,91,并项法的操作,none,,
MATH,0095,91,并项法中对 $n$ 的奇偶分类讨论的必要性,none,,
MATH,0095,91,数列求和的六种方法体系,none,,
MATH,0095,91,由通项结构选择求和方法的决策流程,none,,
MATH,0096,92,判断数列中不等关系的三种方法,none,,
MATH,0096,92,数列中不等式恒成立问题的转化,none,,
MATH,0096,92,数列不等式的证明方法,none,,
MATH,0096,92,六条常见放缩公式,none,,
MATH,0096,92,放缩方向的确定,none,,
MATH,0096,92,放缩后需可求和,none,,
MATH,0096,92,数列与函数的内在联系（通项与前 $n$ 项和都是关于 $n$ 的函数）与函数思想的应用,none,,
MATH,0096,92,数列单调性与对应函数单调性的区别,none,,
MATH,0097,93,数列新定义题的解题要点,none,,
MATH,0097,93,数列与其他板块的交汇类型,none,,
MATH,0097,93,新定义数列题的通用解法四步,none,,
MATH,0097,93,"""(i,j)-可分数列""类问题的处理思路",none,,
MATH,0097,93,数列综合题的答题规范,none,,
MATH,0099,95,棱柱、棱锥、棱台的底面、侧棱、侧面形状的结构特征,none,,
MATH,0099,95,台体是由锥体截得的,none,,
MATH,0099,95,圆柱、圆锥、圆台、球的母线、轴截面、侧面展开图特征,none,,
MATH,0099,95,球面不能展开；球的截面是圆面,none,,
MATH,0099,95,球心与不过球心的截面圆心的连线垂直于截面,none,,
MATH,0099,95,球心到截面的距离、球的半径与截面半径的关系 $r=\sqrt{R^2-d^2}$,none,,
MATH,0099,95,"斜二测画法的""三变""（坐标轴夹角改变、$y$ 轴平行线段减半、图形改变）与""三不变""",none,,
MATH,0099,95,斜二测画法中直观图与原图形的面积比 $\frac{\sqrt2}{4}$,none,,
MATH,0099,95,圆柱、圆锥、圆台的侧面积公式,none,,
MATH,0099,95,柱体、锥体、台体、球的表面积与体积公式,none,,
MATH,0099,95,体积公式的统一性,none,,
MATH,0100,96,斜二测画法的关键点处理,none,,
MATH,0100,96,空间曲线（段）最短问题的解法,none,,
MATH,0100,96,最短路径问题的三步,none,,
MATH,0100,96,棱台判定的完整条件,none,,
MATH,0100,96,锥体截得台体的前提,none,,
MATH,0100,96,圆锥形成的条件,none,,
MATH,0100,96,棱锥判定的完整条件,none,,
MATH,0100,96,球由不共线三点唯一确定的条件,none,,
MATH,0101,97,求空间几何体表面积的三种方法,none,,
MATH,0101,97,"组合体表面积计算的""不重不漏""原则",none,,
MATH,0101,97,求空间几何体体积的三种方法,none,,
MATH,0101,97,等体积法求点到平面的距离,none,,
MATH,0101,97,割补法处理不规则多面体体积的思路,none,,
MATH,0101,97,各常见几何体的侧面积、表面积与体积公式,none,,
MATH,0102,98,正方体外接球与棱长的关系,none,,
MATH,0102,98,长方体外接球与长宽高的关系,none,,
MATH,0102,98,补形法的三种模型,none,,
MATH,0102,98,双面定球心法,none,,
MATH,0102,98,"球心到各顶点距离相等与""垂线交点定球心""的原理",none,,
MATH,0102,98,内切球的等体积法,none,,
MATH,0102,98,内切球的轴截面法,none,,
MATH,0103,99,棱切球的定义（与几何体每条棱都相切）与存在条件,none,,
MATH,0103,99,正四面体棱切球半径 $r=\frac{\sqrt2}{4}a$,none,,
MATH,0103,99,正方体棱切球半径 $r=\frac{a}{\sqrt2}$,none,,
MATH,0103,99,直棱柱棱切球的球心位置与半径公式 $r^2=r_底^2+(h/2)^2$,none,,
MATH,0103,99,外接球、内切球、棱切球三者的区别,none,,
MATH,0103,99,叠切球问题的两种思路,none,,
MATH,0103,99,4 个相同球两两外切可构造正四面体,none,,
MATH,0103,99,球的接切问题的方法体系,none,,
MATH,0104,100,基本事实 1（不共线三点确定一个平面）及其符号语言,none,,
MATH,0104,100,基本事实 2,none,,
MATH,0104,100,基本事实 3,none,,
MATH,0104,100,三点共线时不能确定平面的原因,none,,
MATH,0104,100,确定平面的三个推论,none,,
MATH,0104,100,空间直线与直线的三种位置关系,none,,
MATH,0104,100,空间直线与平面的三种位置关系,none,,
MATH,0104,100,空间平面与平面的两种位置关系,none,,
MATH,0104,100,基本事实 4,none,,
MATH,0104,100,"等角定理（两组对应边分别平行的两角相等或互补）及""相等或互补""的判别",none,,
MATH,0104,100,"异面直线所成角的定义（过任一点作平行线所成的角）与取值范围 $(0,\frac{\pi}{2}]$",none,,
MATH,0105,101,空间点、线、面位置关系判定的四种方法,none,,
MATH,0105,101,长方体模型在位置关系命题真假判断中的作用,none,,
MATH,0105,101,用平移法求异面直线所成角的三步,none,,
MATH,0105,101,平移时常用的作平行线位置,none,,
MATH,0105,101,解三角形求角后必须检验是所成角还是其补角,none,,
MATH,0105,101,异面直线所成角的其他求法,none,,
MATH,0105,101,向量法求异面直线所成角的公式 $\cos\theta=\frac{|\vec a\cdot\vec b|}{|\vec a||\vec b|}$,none,,
MATH,0106,102,线面平行的判定定理,none,,
MATH,0106,102,线面平行的性质定理,none,,
MATH,0106,102,面面平行的判定定理,none,,
MATH,0106,102,面面平行的性质定理,none,,
MATH,0106,102,面面平行判定定理的推论,none,,
MATH,0106,102,平行关系的判定与性质链条,none,,
MATH,0107,103,证明线面平行的三种方法,none,,
MATH,0107,103,在平面内找平行线的三种常用手段,none,,
MATH,0107,103,证明面面平行的四种方法,none,,
MATH,0107,103,"""垂直于同一直线的两个平面平行""的运用",none,,
MATH,0107,103,三种平行关系（线线、线面、面面）的证明策略对照,none,,
MATH,0108,104,线面垂直的判定定理,none,,
MATH,0108,104,线面垂直判定的平行推论,none,,
MATH,0108,104,线面垂直的性质定理,none,,
MATH,0108,104,线面垂直性质定理的推论,none,,
MATH,0108,104,直线与平面所成的角,none,,
MATH,0108,104,直线与平面所成角的取值范围,none,,
MATH,0108,104,最小角定理,none,,
MATH,0108,104,二面角,exact,二面角-x1,二面角
MATH,0108,104,二面角的平面角,none,,
MATH,0108,104,直二面角,none,,
MATH,0108,104,二面角的取值范围,none,,
MATH,0108,104,面面垂直的判定定理,none,,
MATH,0108,104,面面垂直的判定,none,,
MATH,0108,104,面面垂直的性质定理,none,,
MATH,0108,104,面面垂直性质的推论,none,,
MATH,0108,104,三垂线定理,none,,
MATH,0108,104,三垂线定理的逆定理,none,,
MATH,0108,104,空间平行与垂直关系的转化,none,,
MATH,0109,105,判定直线与平面垂直的五条路径,none,,
MATH,0110,106,判定平面与平面垂直的三条路径,none,,
MATH,0111,107,多面体中寻找截面的四种方法,none,,
MATH,0111,107,正方体中常见的截面模型,none,,
MATH,0111,107,翻折问题的不变量,none,,
MATH,0111,107,翻折问题的不变量,none,,
MATH,0111,107,翻折问题的不变量,none,,
MATH,0112,108,翻折问题的处理策略,none,,
MATH,0113,109,共线向量（平行向量）的概念,none,,
MATH,0113,109,共面向量的概念,none,,
MATH,0113,109,共线向量定理,none,,
MATH,0113,109,共面向量定理,none,,
MATH,0113,109,空间向量基本定理,none,,
MATH,0113,109,空间向量基本定理的推论,none,,
MATH,0113,109,空间向量数量积的定义与模长公式,none,,
MATH,0113,109,空间向量垂直的充要条件,none,,
MATH,0113,109,空间向量坐标运算,none,,
MATH,0113,109,空间向量共线的坐标判据,none,,
MATH,0113,109,空间向量垂直的坐标判据,none,,
MATH,0113,109,空间向量夹角的坐标公式,none,,
MATH,0113,109,用向量法判断线线、线面、面面的平行关系,none,,
MATH,0113,109,用向量法判断线线、线面、面面的垂直关系,none,,
MATH,0113,109,异面直线所成角的向量公式与取值范围,none,,
MATH,0113,109,直线与平面所成角的向量公式与取值范围,none,,
MATH,0113,109,平面与平面夹角的向量公式与取值范围,none,,
MATH,0113,109,二面角的平面角的向量公式与取值范围,none,,
MATH,0113,109,二面角余弦值的正负需由图形实际确定,none,,
MATH,0114,110,点到直线的距离公式,none,,
MATH,0114,110,点到平面的距离公式,none,,
MATH,0114,110,空间距离的转化原则,none,,
MATH,0114,110,用向量法求异面直线所成角的步骤,none,,
MATH,0114,110,异面直线所成角的余弦等于方向向量夹角余弦的绝对值,none,,
MATH,0115,111,求直线与平面所成角的定义法,none,,
MATH,0115,111,求直线与平面所成角的向量公式,none,,
MATH,0115,111,求二面角或平面与平面所成角的定义法,none,,
MATH,0115,111,求二面角或平面与平面所成角的向量法步骤,none,,
MATH,0115,111,二面角余弦值的正负须由图形判断,none,,
MATH,0116,112,求点到直线距离的三种方法,none,,
MATH,0117,113,求点到平面距离的向量法,none,,
MATH,0117,113,点到平面距离公式兼作异面直线间距离的求法,none,,
MATH,0117,113,求点到平面距离的等体积转换法,none,,
MATH,0118,114,立体几何存在性问题的解题范式,none,,
MATH,0118,114,存在性问题的几何法,none,,
MATH,0118,114,存在性问题的代数法四步骤,none,,
MATH,0118,114,用向量夹角余弦公式建立含参方程判定点是否存在,none,,
MATH,0118,114,"参数范围（如 $t\in[0,1]$）与""点在线段上""的对应关系",none,,
MATH,0119,115,立体几何动态问题的处理思路,none,,
MATH,0119,115,动点轨迹的三个分析角度,none,,
MATH,0119,115,动态平行模型求轨迹,none,,
MATH,0119,115,动态垂直模型求轨迹,none,,
MATH,0119,115,到定点距离等于定长的点的轨迹是球面,none,,
MATH,0119,115,球面被平面所截得截面圆,none,,
MATH,0119,115,以定线段为直径的球面,none,,
MATH,0119,115,定直线上的动点用 $\overrightarrow{AP}=\lambda\overrightarrow{AB}$ 参数化后化为代数问题,none,,
MATH,0122,118,直线倾斜角的定义与规定,none,,
MATH,0122,118,直线倾斜角的取值范围,none,,
MATH,0122,118,直线斜率的定义,none,,
MATH,0122,118,直线斜率的取值范围,none,,
MATH,0122,118,经过两点的斜率公式,none,,
MATH,0122,118,直线的方向向量,none,,
MATH,0122,118,斜率与方向向量坐标的关系,none,,
MATH,0122,118,直线方程的点斜式、斜截式、两点式、截距式、一般式及其适用范围,none,,
MATH,0122,118,直线系方程,none,,
MATH,0122,118,与已知直线平行、垂直的直线系方程,none,,
MATH,0122,118,过两直线交点的直线系方程,none,,
MATH,0122,118,直线的参数方程,none,,
MATH,0122,118,两直线相交、垂直、平行的判定,none,,
MATH,0122,118,两点间距离公式,none,,
MATH,0122,118,点到直线的距离公式,none,,
MATH,0122,118,两平行线间的距离公式,none,,
MATH,0123,119,圆的标准方程,none,,
MATH,0123,119,圆的一般方程及其成圆充要条件,none,,
MATH,0123,119,由一般方程求圆心坐标与半径,none,,
MATH,0123,119,同心圆系方程,none,,
MATH,0123,119,阿波罗尼斯圆,none,,
MATH,0123,119,圆的参数方程,none,,
MATH,0123,119,直线与圆位置关系的代数判据,none,,
MATH,0123,119,直线与圆位置关系的几何判据,none,,
MATH,0123,119,过圆上一点的切线方程,none,,
MATH,0123,119,过圆外一点的切点弦方程与切线长公式,none,,
MATH,0123,119,一般式圆外一点的切线长公式,none,,
MATH,0123,119,直线与圆相交的弦长公式,none,,
MATH,0123,119,圆与圆五种位置关系的判据与公切线条数,none,,
MATH,0123,119,两圆相交时公共弦所在直线的方程,none,,
MATH,0124,120,由斜率范围求倾斜角范围时须分两段讨论,none,,
MATH,0124,120,求直线方程的两种方法,none,,
MATH,0124,120,求直线方程时须先讨论斜率不存在与截距为零的情形,none,,
MATH,0124,120,求圆的方程的两种方法,none,,
MATH,0124,120,已知圆心半径信息时设标准方程、已知圆上点坐标时设一般方程,none,,
MATH,0125,121,判断直线与圆位置关系的几何法优先原则,none,,
MATH,0125,121,含参直线过定点时可转化为点与圆的位置关系判断,none,,
MATH,0125,121,判断两圆位置关系用圆心距与半径和差比较,none,,
MATH,0125,121,两圆公共弦所在直线方程由两圆方程作差得到,none,,
MATH,0125,121,两圆公共弦长的求法,none,,
MATH,0125,121,过圆上一点的切线斜率求法,none,,
MATH,0125,121,过圆外一点求切线方程的两步法及遗漏斜率不存在情形的补全,none,,
MATH,0125,121,过圆外一点的切线有两条,none,,
MATH,0126,122,直线被圆截得弦长的两种求法,none,,
MATH,0126,122,中点坐标公式在中心对称中的应用,none,,
MATH,0126,122,直线关于点对称转化为点关于点对称,none,,
MATH,0126,122,求点关于直线对称点的方程组,none,,
MATH,0126,122,直线关于直线对称转化为点关于直线对称,none,,
MATH,0126,122,点关于四类特殊直线（$x=a$、$y=b$、$y=x+c$、$y=-x+c$）的对称点坐标公式,none,,
MATH,0127,123,与圆有关的最值问题的几何性质转化,none,,
MATH,0127,123,用函数关系式求最值的常用方法,none,,
MATH,0127,123,"与圆有关的折线段最值问题的""动化定、曲化直""思路",none,,
MATH,0127,123,椭圆的定义,none,,
MATH,0127,123,由 $2a$ 与 $2c$ 大小关系判定轨迹形态,none,,
MATH,0127,123,椭圆的标准方程,none,,
MATH,0127,123,椭圆的焦点坐标与顶点坐标,none,,
MATH,0127,123,"椭圆的长轴、短轴、焦距及其与 $a,b,c$ 的对应",none,,
MATH,0127,123,椭圆的范围,none,,
MATH,0127,123,椭圆的离心率公式及其对扁平程度的刻画,none,,
MATH,0127,123,"椭圆中 $a,b,c$ 的关系 $c^2=a^2-b^2$",none,,
MATH,0128,124,椭圆的焦半径,none,,
MATH,0128,124,焦半径公式,none,,
MATH,0128,124,椭圆的通径,none,,
MATH,0128,124,焦点弦,none,,
MATH,0128,124,中点弦的斜率关系,none,,
MATH,0128,124,椭圆的两点斜率之积关系,none,,
MATH,0128,124,求椭圆标准方程的定义法,none,,
MATH,0128,124,求椭圆标准方程的待定系数法,none,,
MATH,0128,124,椭圆标准方程的统一设法,none,,
MATH,0128,124,椭圆的离心率与扁平程度,none,,
MATH,0128,124,椭圆的定义,none,,
MATH,0129,125,焦点三角形,none,,
MATH,0129,125,焦点三角形的面积公式,none,,
MATH,0129,125,焦点三角形中顶角的最大值,none,,
MATH,0129,125,焦点三角形的周长,none,,
MATH,0129,125,过焦点的弦与另一焦点构成的三角形周长,none,,
MATH,0129,125,椭圆离心率,none,,
MATH,0129,125,数形结合求最值,none,,
MATH,0129,125,利用函数求取值范围,none,,
MATH,0129,125,利用基本不等式求最值,exact,利用基本不等式求最值,利用基本不等式求最值
MATH,0129,125,椭圆中的向量数量积范围,none,,
MATH,0130,126,求椭圆离心率的直接法,none,,
MATH,0130,126,求椭圆离心率的方程法,none,,
MATH,0130,126,椭圆离心率的取值范围与根的取舍,none,,
MATH,0130,126,求椭圆离心率范围的齐次式法,none,,
MATH,0130,126,求椭圆离心率范围的函数法,none,,
MATH,0130,126,椭圆离心率,none,,
MATH,0130,126,椭圆的焦半径关系,none,,
MATH,0130,126,椭圆与圆的综合应用,none,,
MATH,0131,127,双曲线的定义,none,,
MATH,0131,127,双曲线定义的三种情形,none,,
MATH,0131,127,双曲线的焦点三角形,none,,
MATH,0131,127,双曲线焦点三角形的面积公式,none,,
MATH,0131,127,双曲线焦点弦与另一焦点构成的三角形周长,none,,
MATH,0131,127,双曲线焦半径的最小值,none,,
MATH,0131,127,双曲线焦点三角形内切圆圆心的横坐标,none,,
MATH,0131,127,双曲线的标准方程,none,,
MATH,0131,127,双曲线的范围与顶点,none,,
MATH,0131,127,双曲线的对称性,none,,
MATH,0131,127,双曲线的实轴与虚轴,none,,
MATH,0131,127,双曲线的离心率,exact,双曲线的离心率,双曲线的离心率
MATH,0131,127,双曲线的渐近线方程,none,,
MATH,0131,127,"双曲线中 $a,b,c$ 的关系",none,,
MATH,0131,127,双曲线的通径,none,,
MATH,0131,127,双曲线的焦点到渐近线的距离,none,,
MATH,0131,127,双曲线焦点弦的最短情形,none,,
MATH,0131,127,双曲线中点弦的斜率之积,none,,
MATH,0132,128,求双曲线方程的定义法,none,,
MATH,0132,128,求双曲线方程的待定系数法,none,,
MATH,0132,128,共渐近线的双曲线系方程,none,,
MATH,0132,128,共焦点的双曲线系方程,none,,
MATH,0132,128,等轴双曲线,none,,
MATH,0132,128,双曲线的渐近线方程,none,,
MATH,0132,128,双曲线的焦点三角形,none,,
MATH,0132,128,双曲线焦点三角形中的余弦定理,none,,
MATH,0132,128,双曲线焦点三角形中的正弦定理,none,,
MATH,0132,128,双曲线的焦半径,none,,
MATH,0133,129,求双曲线渐近线方程的方法,none,,
MATH,0133,129,由双曲线方程直接写出渐近线的方法,none,,
MATH,0133,129,求双曲线离心率的方法,none,,
MATH,0133,129,双曲线离心率的平方关系,none,,
MATH,0133,129,双曲线离心率的齐次式求法,none,,
MATH,0133,129,双曲线的渐近线,exact,双曲线的渐近线,双曲线的渐近线
MATH,0133,129,双曲线的离心率,exact,双曲线的离心率,双曲线的离心率
MATH,0134,130,抛物线的定义,none,,
MATH,0134,130,抛物线的焦点,none,,
MATH,0134,130,抛物线的准线,none,,
MATH,0134,130,抛物线的标准方程,none,,
MATH,0134,130,抛物线的范围,none,,
MATH,0134,130,抛物线的对称性,none,,
MATH,0134,130,抛物线的顶点,none,,
MATH,0134,130,抛物线的离心率,none,,
MATH,0134,130,抛物线的焦半径,none,,
MATH,0134,130,抛物线的焦点弦,none,,
MATH,0134,130,抛物线焦点弦的坐标乘积关系,none,,
MATH,0134,130,抛物线焦点弦的焦半径公式,none,,
MATH,0134,130,抛物线焦点弦的弦长公式,none,,
MATH,0134,130,抛物线的通径,none,,
MATH,0134,130,抛物线焦点弦构成的三角形面积,none,,
MATH,0134,130,以抛物线焦点弦为直径的圆与准线相切,none,,
MATH,0134,130,抛物线焦点弦端点的切线性质,none,,
MATH,0134,130,抛物线顶点处互相垂直的弦过定点,none,,
MATH,0135,131,抛物线的定义及应用,none,,
MATH,0135,131,抛物线中距离的焦点与准线互化,none,,
MATH,0135,131,求抛物线标准方程的定义法,none,,
MATH,0135,131,求抛物线标准方程的待定系数法,none,,
MATH,0135,131,抛物线标准方程的统一设法,none,,
MATH,0135,131,抛物线的准线方程,none,,
MATH,0135,131,抛物线的焦点坐标,none,,
MATH,0135,131,抛物线的焦半径,none,,
MATH,0135,131,抛物线的几何性质应用,none,,
MATH,0136,132,直线与圆锥曲线的位置关系,none,,
MATH,0136,132,直线与椭圆的位置关系判定,none,,
MATH,0136,132,直线与双曲线的位置关系判定,none,,
MATH,0136,132,直线与双曲线只有一个公共点的情形,none,,
MATH,0136,132,直线与抛物线的位置关系判定,none,,
MATH,0136,132,直线与抛物线只有一个公共点的情形,none,,
MATH,0136,132,中点弦问题,none,,
MATH,0136,132,解中点弦问题的方程组法,none,,
MATH,0136,132,解中点弦问题的点差法,none,,
MATH,0136,132,点差法的常见题型,none,,
MATH,0136,132,弦长问题,none,,
MATH,0136,132,焦点三角形的面积问题,none,,
MATH,0137,133,弦长问题,none,,
MATH,0137,133,弦长公式的两点间距离形式,none,,
MATH,0137,133,弦长公式的斜率形式,none,,
MATH,0137,133,抛物线焦点弦公式求弦长,none,,
MATH,0137,133,面积问题,none,,
MATH,0137,133,三角形面积的弦长与点线距形式,none,,
MATH,0137,133,三角形面积的坐标差形式,none,,
MATH,0137,133,对角线互相垂直的四边形的面积,none,,
MATH,0137,133,定点、定值与定线问题,none,,
MATH,0137,133,圆锥曲线中的定值问题,none,,
MATH,0138,134,求解定点问题的特殊探路法,none,,
MATH,0138,134,求解定点问题的一般推理法,none,,
MATH,0138,134,直线过定点的点斜式证明,none,,
MATH,0138,134,求解定值问题的引入变量法,none,,
MATH,0138,134,求解定值问题的特例法,none,,
MATH,0138,134,动点在定直线上的解题策略,none,,
MATH,0138,134,圆锥曲线中的定点问题,none,,
MATH,0138,134,圆锥曲线中的定值问题,none,,
MATH,0138,134,圆锥曲线中的定直线问题,none,,
MATH,0139,135,动点轨迹问题的定义法,none,,
MATH,0139,135,动点轨迹问题的相关点法,none,,
MATH,0139,135,常规曲线的轨迹问题,none,,
MATH,0139,135,非常规曲线的轨迹问题,none,,
MATH,0139,135,非常规曲线性质的研究方法,none,,
MATH,0139,135,曲线的对称性,none,,
MATH,0139,135,轨迹方程,none,,
MATH,0140,136,圆锥曲线中最值问题的代数法,none,,
MATH,0140,136,圆锥曲线中最值问题的几何法,none,,
MATH,0140,136,圆锥曲线中的最值问题,none,,
MATH,0140,136,直线斜率的最值,none,,
MATH,0140,136,三角形面积的最值,none,,
MATH,0141,137,建立不等关系解决圆锥曲线中的范围问题,none,,
MATH,0141,137,利用判别式构造不等关系,none,,
MATH,0141,137,利用基本不等式构造不等关系,none,,
MATH,0141,137,利用隐含不等关系建立不等式组,none,,
MATH,0141,137,利用圆锥曲线的几何特征构造不等关系,none,,
MATH,0141,137,建立目标函数解决圆锥曲线中的范围问题,none,,
MATH,0141,137,圆锥曲线中的范围问题,none,,
MATH,0141,137,参数之间的等量关系,none,,
MATH,0142,138,解决存在性问题的特殊值法,none,,
MATH,0142,138,存在性问题中核心变量的选取,none,,
MATH,0142,138,核心变量的直接法,none,,
MATH,0142,138,核心变量的间接法与方程思想,none,,
MATH,0142,138,圆锥曲线中的存在性问题,none,,
MATH,0142,138,圆锥曲线中的垂直关系存在问题,none,,
MATH,0142,138,圆锥曲线中的平行或共线关系存在问题,none,,
MATH,0142,138,圆锥曲线中的定点问题,none,,
MATH,0144,140,分类加法计数原理,exact,分类加法计数原理,分类加法计数原理
MATH,0144,140,分步乘法计数原理,exact,分步乘法计数原理,分步乘法计数原理
MATH,0144,140,两个计数原理的联系与区别,none,,
MATH,0144,140,排列的概念,none,,
MATH,0144,140,组合的概念,none,,
MATH,0144,140,排列数的定义,none,,
MATH,0144,140,组合数的定义,none,,
MATH,0144,140,排列数公式,none,,
MATH,0144,140,组合数公式,none,,
MATH,0144,140,阶乘,none,,
MATH,0144,140,组合数的性质,none,,
MATH,0146,141,分类加法计数原理的应用,none,,
MATH,0146,141,分步乘法计数原理的应用,none,,
MATH,0146,141,分类要做到不重不漏,none,,
MATH,0146,141,分步要做到步骤完整,none,,
MATH,0146,141,排列的常见模型,none,,
MATH,0146,141,排列数公式,none,,
MATH,0146,141,组合数公式,none,,
MATH,0147,142,常见排列问题的直接法,none,,
MATH,0147,142,排列问题中的间接法,none,,
MATH,0147,142,排列问题中的优先法,none,,
MATH,0147,142,排列问题中的捆绑法,none,,
MATH,0147,142,排列问题中的插空法,none,,
MATH,0147,142,排列问题中的先整体后局部,none,,
MATH,0147,142,定序问题的除法处理,none,,
MATH,0147,142,组合问题的含与不含处理,none,,
MATH,0147,142,组合问题中至少至多的分类处理,none,,
MATH,0147,142,分组与分配问题,none,,
MATH,0147,142,整体均分,none,,
MATH,0147,142,部分均分,none,,
MATH,0147,142,不等分组,none,,
MATH,0147,142,均匀分组的除序,none,,
MATH,0148,143,二项式定理,exact,二项式定理,二项式定理
MATH,0148,143,二项式系数,none,,
MATH,0148,143,二项展开式的通项,none,,
MATH,0148,143,二项式系数与项的系数的区别,none,,
MATH,0148,143,二项式系数的对称性,none,,
MATH,0148,143,二项式系数的增减性,none,,
MATH,0148,143,二项式系数的最大值,none,,
MATH,0148,143,各二项式系数的和,none,,
MATH,0148,143,奇数项与偶数项的二项式系数和,none,,
MATH,0148,143,求二项展开式中的特定项,none,,
MATH,0149,144,求几个多项式积的展开式中特定项的方法,none,,
MATH,0149,144,三项式展开式中特定项的因式分解法,none,,
MATH,0149,144,三项式展开式中特定项的分组展开法,none,,
MATH,0149,144,三项式展开式中特定项的组合分析法,none,,
MATH,0149,144,二项式系数和,none,,
MATH,0149,144,赋值法求各项系数和,none,,
MATH,0149,144,奇数项的系数和,none,,
MATH,0149,144,偶数项的系数和,none,,
MATH,0149,144,用二项展开式处理整除余数问题,none,,
MATH,0151,146,频数与频率,none,,
MATH,0151,146,随机事件的概率,none,,
MATH,0151,146,互斥事件,none,,
MATH,0151,146,对立事件,none,,
MATH,0151,146,概率的基本性质,none,,
MATH,0151,146,古典概型,exact,古典概型,古典概型
MATH,0151,146,古典概型的概率公式,none,,
MATH,0151,146,事件的相互独立性,none,,
MATH,0151,146,相互独立事件的性质,none,,
MATH,0151,146,条件概率,exact,条件概率,条件概率
MATH,0151,146,条件概率的性质,none,,
MATH,0152,147,条件概率的加法性质,none,,
MATH,0152,147,条件概率的对立事件性质,none,,
MATH,0152,147,概率的乘法公式,none,,
MATH,0152,147,全概率公式,none,,
MATH,0152,147,贝叶斯公式,none,,
MATH,0152,147,古典概型概率的列举法,none,,
MATH,0152,147,古典概型概率的列表法,none,,
MATH,0152,147,古典概型概率的树状图法,none,,
MATH,0152,147,"""至少""""至多""型概率的对立事件转化",none,,
MATH,0153,148,相互独立事件的判定,none,,
MATH,0153,148,相互独立事件同时发生的概率,none,,
MATH,0153,148,概率的基本性质,none,,
MATH,0153,148,赛制类概率模型的分支分解法,none,,
MATH,0154,149,条件概率的定义法,none,,
MATH,0154,149,条件概率的样本点个数法,none,,
MATH,0154,149,全概率公式的应用,none,,
MATH,0154,149,完备事件组,none,,
MATH,0154,149,互斥事件分割法,none,,
MATH,0154,149,独立元件电路的连接模型,none,,
MATH,0155,150,离散型随机变量,exact,离散型随机变量,离散型随机变量
MATH,0155,150,离散型随机变量的分布列,none,,
MATH,0155,150,分布列的性质,none,,
MATH,0155,150,两点分布,none,,
MATH,0155,150,离散型随机变量的均值,none,,
MATH,0155,150,离散型随机变量的方差,exact,离散型随机变量的方差,离散型随机变量的方差
MATH,0155,150,随机变量的标准差,none,,
MATH,0155,150,均值与方差的性质,none,,
MATH,0155,150,均值与方差的关系,none,,
MATH,0155,150,两点分布的均值与方差,none,,
MATH,0156,151,分布列性质求参数,none,,
MATH,0156,151,分布列的概率求和法,none,,
MATH,0156,151,分布列的验证方法,none,,
MATH,0156,151,离散型随机变量分布列的求法,none,,
MATH,0156,151,离散型随机变量均值的求法,none,,
MATH,0156,151,离散型随机变量方差的求法,none,,
MATH,0156,151,等差数列与分布列的综合,none,,
MATH,0157,152,均值与方差在决策中的应用,none,,
MATH,0157,152,用均值比较随机变量取值的平均水平,none,,
MATH,0157,152,用方差比较随机变量的稳定性,none,,
MATH,0157,152,得分型随机变量的分布列与期望,none,,
MATH,0158,153,$n$ 重伯努利试验,none,,
MATH,0158,153,二项分布,exact,二项分布,二项分布
MATH,0158,153,二项分布的分布列,none,,
MATH,0158,153,二项分布的均值与方差,none,,
MATH,0158,153,超几何分布,exact,超几何分布,超几何分布
MATH,0158,153,超几何分布的分布列,none,,
MATH,0158,153,超几何分布的均值,none,,
MATH,0158,153,二项分布与超几何分布的区别,none,,
MATH,0158,153,正态密度函数,none,,
MATH,0158,153,正态曲线,none,,
MATH,0158,153,正态分布,exact,正态分布,正态分布
MATH,0158,153,标准正态分布,none,,
MATH,0158,153,正态曲线的对称性,none,,
MATH,0158,153,正态曲线的峰值,none,,
MATH,0158,153,正态曲线的面积性质,none,,
MATH,0158,153,参数 $\mu$ 对正态曲线位置的影响,none,,
MATH,0158,153,参数 $\sigma$ 对正态曲线形状的影响,none,,
MATH,0158,153,正态分布的均值与方差,none,,
MATH,0159,154,$3\sigma$ 原则,none,,
MATH,0159,154,正态分布在 $\mu\pm k\sigma$ 内的概率,none,,
MATH,0159,154,二项分布的应用,none,,
MATH,0159,154,二项分布中概率最大的成功次数,none,,
MATH,0160,155,超几何分布的判断,none,,
MATH,0160,155,超几何分布的分布列的求法,none,,
MATH,0160,155,$\chi^2$ 独立性检验统计量,none,,
MATH,0160,155,列联表,none,,
MATH,0160,155,分层抽样,none,,
MATH,0160,155,不可放回抽样与可放回抽样的期望比较,none,,
MATH,0161,156,正态分布的 $3\sigma$ 原则应用,none,,
MATH,0161,156,正态曲线的对称性,none,,
MATH,0161,156,正态分布概率的区间转化,none,,
MATH,0161,156,独立性检验的临界值表,none,,
MATH,0161,156,正态分布的实际估计,none,,
MATH,0162,157,信息传输的译码概率模型,none,,
MATH,0162,157,独立重复试验的概率,none,,
MATH,0162,157,新定义型概率问题,none,,
MATH,0162,157,进位制的转换,none,,
MATH,0162,157,随机游走模型,none,,
MATH,0162,157,概率与函数的综合,none,,
MATH,0163,158,概率与函数的综合问题,none,,
MATH,0163,158,概率与导数的综合问题,none,,
MATH,0163,158,随机游走模型,none,,
MATH,0163,158,分层随机抽样,exact,分层随机抽样,分层随机抽样
MATH,0163,158,超几何分布的应用,none,,
MATH,0163,158,二项分布的最值问题,none,,
MATH,0163,158,概率与数列的综合问题,none,,
MATH,0164,159,概率与数列的综合问题,none,,
MATH,0164,159,概率递推关系的建立,none,,
MATH,0164,159,二项分布的期望,none,,
MATH,0164,159,全概率公式的加权求法,none,,
MATH,0164,159,独立重复试验的分布列,none,,
MATH,0165,160,简单随机抽样,exact,简单随机抽样,简单随机抽样
MATH,0165,160,分层随机抽样,exact,分层随机抽样,分层随机抽样
MATH,0165,160,统计图表,none,,
MATH,0165,160,频率分布直方图的画法,none,,
MATH,0165,160,极差,none,,
MATH,0165,160,组距与组数,none,,
MATH,0165,160,百分位数,none,,
MATH,0166,161,百分位数的计算,none,,
MATH,0166,161,中位数是第 50 百分位数,none,,
MATH,0166,161,众数,none,,
MATH,0166,161,中位数,none,,
MATH,0166,161,平均数,none,,
MATH,0166,161,由频率分布直方图估计众数,none,,
MATH,0166,161,由频率分布直方图估计中位数,none,,
MATH,0166,161,由频率分布直方图估计平均数,none,,
MATH,0166,161,方差,none,,
MATH,0166,161,标准差,none,,
MATH,0166,161,分层随机抽样的总样本平均数,none,,
MATH,0166,161,分层随机抽样的总样本方差,none,,
MATH,0167,162,抽签法,none,,
MATH,0167,162,随机数法,none,,
MATH,0167,162,分层随机抽样的抽样比,none,,
MATH,0167,162,分层随机抽样的比例分配,none,,
MATH,0167,162,条形图,none,,
MATH,0167,162,扇形图,none,,
MATH,0167,162,统计图的读取与比较,none,,
MATH,0168,163,扇形图的应用,none,,
MATH,0168,163,折线图的应用,none,,
MATH,0168,163,条形图与直方图的应用,none,,
MATH,0168,163,组合统计图,none,,
MATH,0168,163,频率分布直方图的纵轴含义,none,,
MATH,0168,163,频率分布直方图中小矩形面积等于频率,none,,
MATH,0168,163,由频率分布直方图估计概率,none,,
MATH,0168,163,由频率分布直方图估计平均数,none,,
MATH,0169,164,由频率分布直方图估计平均数,none,,
MATH,0169,164,由频率分布直方图估计方差,none,,
MATH,0169,164,由频率分布直方图估计众数,none,,
MATH,0169,164,由频率分布直方图估计中位数,none,,
MATH,0169,164,由频率分布直方图估计百分位数,none,,
MATH,0169,164,百分位数的线性插值求法,none,,
MATH,0169,164,频率分布表与直方图的相互转化,none,,
MATH,0169,164,用样本估计总体的人数估算,none,,
MATH,0171,166,相关关系,none,,
MATH,0171,166,散点图,none,,
MATH,0171,166,正相关,none,,
MATH,0171,166,负相关,none,,
MATH,0171,166,线性相关,none,,
MATH,0171,166,非线性相关,none,,
MATH,0171,166,样本相关系数,none,,
MATH,0171,166,样本相关系数的取值范围与意义,none,,
MATH,0171,166,经验回归方程,none,,
MATH,0171,166,最小二乘估计公式,none,,
MATH,0171,166,残差平方和,none,,
MATH,0171,166,残差图,none,,
MATH,0172,167,决定系数 $R^2$,none,,
MATH,0172,167,残差,none,,
MATH,0172,167,残差图,none,,
MATH,0172,167,$2\times2$ 列联表,none,,
MATH,0172,167,独立性检验,exact,独立性检验,独立性检验
MATH,0172,167,$\chi^2$ 的计算公式,none,,
MATH,0172,167,小概率值 $\alpha$ 的临界值,none,,
MATH,0172,167,独立性检验的检验规则,none,,
MATH,0172,167,零假设 $H_0$,none,,
MATH,0173,168,判断相关关系的方法,none,,
MATH,0173,168,散点图判断相关关系,none,,
MATH,0173,168,样本相关系数判断相关程度,none,,
MATH,0173,168,经验回归方程斜率与相关性的关系,none,,
MATH,0173,168,决定系数与拟合效果,none,,
MATH,0173,168,异常样本点对回归的影响,none,,
MATH,0173,168,线性回归模型,none,,
MATH,0173,168,用经验回归方程进行预测,none,,
MATH,0174,169,求经验回归方程的步骤,none,,
MATH,0174,169,最小二乘估计的斜率和截距公式,none,,
MATH,0174,169,求非线性经验回归方程的步骤,none,,
MATH,0174,169,散点图选择拟合函数,none,,
MATH,0174,169,非线性回归的线性化变换,none,,
MATH,0174,169,指数型衰减模型的识别,none,,
MATH,0175,170,独立性检验的零假设,none,,
MATH,0175,170,独立性检验的基本步骤,none,,
MATH,0175,170,等高条形图,none,,
MATH,0175,170,由等高条形图判断分类变量的关联,none,,
MATH,0175,170,条件概率的求法,none,,
PHYSICS,0018,12,重力的产生、公式与方向；g 随海拔与纬度的变化规律,none,,
PHYSICS,0018,12,重心的概念与悬挂法,none,,
PHYSICS,0018,12,弹力的定义、产生条件与方向,none,,
PHYSICS,0018,12,常见模型（面面/点面/点点/轻绳/轻杆）的弹力方向,none,,
PHYSICS,0018,12,弹力有无的四类判断方法,none,,
PHYSICS,0019,13,弹簧串联与并联的等效劲度系数公式及变化方向,none,,
PHYSICS,0019,13,静摩擦力与滑动摩擦力的产生条件、方向、大小对比,none,,
PHYSICS,0019,13,摩擦力大小的计算依据,none,,
PHYSICS,0019,13,"""有摩擦力一定有弹力，有弹力不一定有摩擦力""",none,,
PHYSICS,0020,14,静摩擦力有无及方向的四类判断方法,none,,
PHYSICS,0020,14,用假设光滑法判断静摩擦力的有无,none,,
PHYSICS,0020,14,用转换对象 + 牛顿第三定律判断静摩擦力方向,none,,
PHYSICS,0020,14,摩擦力的四类突变（静→动、动→静、静→静、动→动）各自的方向与大小变化,none,,
PHYSICS,0021,15,合力与分力的等效替代关系,none,,
PHYSICS,0021,15,力的合成法则,none,,
PHYSICS,0021,15,两个共点力的合力范围与最值条件,none,,
PHYSICS,0021,15,三个共点力的合力最小值判据,none,,
PHYSICS,0021,15,计算法求合力,none,,
PHYSICS,0021,15,效果分解法与正交分解法的区别、实例结果与适用场合,none,,
PHYSICS,0021,15,正交分解法的坐标轴选取原则,none,,
PHYSICS,0022,16,死结与活结的区别以及两侧张力是否相等,none,,
PHYSICS,0022,16,定杆与动杆的区别以及弹力方向是否沿杆,none,,
PHYSICS,0023,17,牛顿第三定律的内容与表达式,none,,
PHYSICS,0023,17,一对作用力与反作用力 vs 一对平衡力的四点区别,none,,
PHYSICS,0023,17,受力分析的一般步骤,none,,
PHYSICS,0023,17,整体法与隔离法的研究对象与选用原则,none,,
PHYSICS,0023,17,"整体法与隔离法交替使用及""先整体后隔离""的优先顺序",none,,
PHYSICS,0024,18,平衡状态的定义与平衡条件,none,,
PHYSICS,0024,18,处理共点力平衡的三类方法,none,,
PHYSICS,0024,18,定滑轮只改变力的方向不改变力的大小,none,,
PHYSICS,0024,18,"多研究对象时""先整体求外力、再隔离求内力""的求解次序",none,,
PHYSICS,0025,19,动态平衡的定义与核心思想,none,,
PHYSICS,0025,19,图解法的适用特点（一力恒定、一力方向不变、第三力大小方向均变）与判断依据,none,,
PHYSICS,0025,19,相似三角形法的适用特点与解法,none,,
PHYSICS,0025,19,辅助圆法的适用特点（两变力夹角不变）与解法,none,,
PHYSICS,0026,20,用正弦定理处理动态平衡的三步思路,none,,
PHYSICS,0026,20,"临界问题的判据词（""刚好""""恰能""""恰好""）及其含义",none,,
PHYSICS,0026,20,三类常见临界条件,none,,
PHYSICS,0026,20,平衡中极值问题的三类解法,none,,
PHYSICS,0026,20,极限分析法的要害：临界条件必须在变化过程中寻找，不能停留于单一状态,none,,
PHYSICS,0027,21,探究弹簧弹力与形变量关系的实验原理,none,,
PHYSICS,0027,21,测弹簧原长必须竖直悬挂,none,,
PHYSICS,0027,21,测量弹簧长度须在竖直悬挂且稳定时进行，刻度尺竖直靠近弹簧,none,,
PHYSICS,0027,21,作图规范：横坐标是形变量而非长度；描点均匀分布在直线两侧,none,,
PHYSICS,0027,21,三类数据处理方法,none,,
PHYSICS,0027,21,形变超出弹性限度时 $F$-$x$ 图像弯曲,none,,
PHYSICS,0027,21,三类误差来源（标值/测量/作图不准）及两项改进方案,none,,
PHYSICS,0029,22,验证力的平行四边形定则的实验原理,none,,
PHYSICS,0029,22,"操作步骤中的""等效""要求",none,,
PHYSICS,0029,22,两分力夹角与拉力方向的操作规范,none,,
PHYSICS,0029,22,记录力方向时标记点应离 $O$ 点尽量远,none,,
PHYSICS,0029,22,数据处理：同标度作图，比较合成的 $F$ 与实测的 $F'$,none,,
PHYSICS,0029,22,六条注意事项,none,,
PHYSICS,0029,22,五类误差来源,none,,
PHYSICS,0029,22,两项改进方案,none,,
PHYSICS,0030,23,牛顿第一定律的内容,none,,
PHYSICS,0030,23,牛顿第一定律的两点意义,none,,
PHYSICS,0030,23,惯性的定义、量度（质量是唯一量度）与普遍性,none,,
PHYSICS,0030,23,牛顿第二定律的内容与表达式 $F=ma$,none,,
PHYSICS,0030,23,"牛顿第二定律的""六性""",none,,
PHYSICS,0030,23,加速度定义式 $a=\Delta v/\Delta t$ 与决定式 $a=F/m$ 的区别,none,,
PHYSICS,0031,24,用牛顿第二定律解决瞬时性问题的三步思维流程,none,,
PHYSICS,0031,24,细线/弹簧的弹力在状态突变时的差异,none,,
PHYSICS,0031,24,被烧断的细线、剪断的弹簧弹力、被抽出木板对物体的弹力会立即消失,none,,
PHYSICS,0031,24,单位制与基本量/导出量、基本单位/导出单位的构成关系,none,,
PHYSICS,0031,24,国际单位制七个基本物理量及其基本单位,none,,
PHYSICS,0031,24,转动惯量 $J=\sum m_i r_i^2$ 的物理意义,none,,
PHYSICS,0031,24,复摆的定义（绕固定水平轴、形状大小不变、重力作用下的微小摆动）及其与单摆的类比,none,,
PHYSICS,0031,24,量纲法判断物理表达式是否可能成立,none,,
PHYSICS,0032,25,动力学两类基本问题及其转化关系,none,,
PHYSICS,0032,25,"解决动力学两类基本问题的""两个分析、一个桥梁""",none,,
PHYSICS,0032,25,运动分析要找出相邻过程的联系点,none,,
PHYSICS,0032,25,受力分析须逐个过程进行，注意摩擦力与弹力可能变化,none,,
PHYSICS,0032,25,牛顿第二定律在多过程问题中的应用三要点,none,,
PHYSICS,0032,25,动力学图像问题的分析四步法,none,,
PHYSICS,0032,25,图像中斜率、面积、截距对应的物理意义,none,,
PHYSICS,0032,25,临界点处物体运动形式往往发生变化,none,,
PHYSICS,0033,26,$v$-$t$ 图像的斜率表示加速度、面积表示位移,none,,
PHYSICS,0033,26,$a$-$t$ 图像的面积表示速度的变化量,none,,
PHYSICS,0033,26,$v^2$-$x$ 图像的斜率表示加速度的 2 倍,none,,
PHYSICS,0033,26,$F$-$a$ 图像的斜率表示物体的质量,none,,
PHYSICS,0033,26,$F$-$t$ 图像的面积表示力的冲量或动量的变化量,none,,
PHYSICS,0033,26,$F$-$x$ 图像的面积表示力做的功或动能的变化量,none,,
PHYSICS,0033,26,超重、失重、完全失重的现象判据,none,,
PHYSICS,0033,26,超重与失重的加速度方向判据,none,,
PHYSICS,0033,26,超重失重的动力学原理式,none,,
PHYSICS,0033,26,超重失重与速度方向无关、重力本身不变,none,,
PHYSICS,0034,27,共速连接体的两类形态,none,,
PHYSICS,0034,27,关联速度连接体：绳关联（速度大小相等、方向不同）与杆关联,none,,
PHYSICS,0034,27,处理连接体问题的整体法与隔离法,none,,
PHYSICS,0034,27,整体法的选取原则,none,,
PHYSICS,0034,27,隔离法的选取原则,none,,
PHYSICS,0034,27,整体法与隔离法的交替运用,none,,
PHYSICS,0034,27,连接体中力的分配规律 $F_{12}=\frac{m_2}{m_1+m_2}F$ 及其适用条件,none,,
PHYSICS,0035,28,临界极值问题的题干用语识别,none,,
PHYSICS,0035,28,接触与脱离的临界条件 $F_N=0$,none,,
PHYSICS,0035,28,相对滑动的临界条件为静摩擦力达到最大值,none,,
PHYSICS,0035,28,绳断裂的临界条件为张力等于最大承受张力；绳松弛的临界条件为 $F_T=0$,none,,
PHYSICS,0035,28,收尾速度（最终速度）的临界条件为合力为零,none,,
PHYSICS,0035,28,解决临界极值问题的三种方法,none,,
PHYSICS,0036,29,传送带模型的实质是物体与传送带间的相对运动,none,,
PHYSICS,0036,29,传送带模型的两类,none,,
PHYSICS,0036,29,处理传送带问题的一般思路,none,,
PHYSICS,0036,29,共速是摩擦力与运动状态发生改变的临界点,none,,
PHYSICS,0036,29,倾斜传送带共速后的运动判据,none,,
PHYSICS,0036,29,物体位移以地面为参考系；相对位移的计算,none,,
PHYSICS,0036,29,划痕长度的计算规则,none,,
PHYSICS,0036,29,物块轻放于匀速传送带上时，传送带长度需满足 $L>\dfrac{v^2}{2\mu g}$ 才可能共速,none,,
PHYSICS,0037,30,水平传送带模型：$v_0$ 与 $v$ 同向时的三种情形,none,,
PHYSICS,0037,30,水平传送带模型：物体能否在离开传送带前与传送带共速的判据,none,,
PHYSICS,0037,30,反向进入（速度与传动方向相反）时的运动：先匀减速、后反向匀加速、可能再匀速,none,,
PHYSICS,0037,30,倾斜传送带上的摩擦力突变分析,none,,
PHYSICS,0037,30,传送带与连接体结合（绳跨过定滑轮、绳与传送带平行）的分析思路,none,,
PHYSICS,0038,31,倾斜传送带上行时 $\mu>\tan\theta$ 与 $\mu<\tan\theta$ 两种情形的初速度分段讨论,none,,
PHYSICS,0038,31,倾斜传送带上的加速度表达式：$a=(\mu\cos\theta-\sin\theta)g$、$a=(\mu\cos\theta+\sin\theta)g$、$a=(\sin\theta-\mu\cos\theta)g$,none,,
PHYSICS,0038,31,"倾斜传送带下行时分段加速度（$a_1$ 与 $a_2$）及""共速后加速度改变""的判据",none,,
PHYSICS,0038,31,"传送带长度 $l$ 与""达到共速所需位移""比较决定最终运动形式",none,,
PHYSICS,0038,31,$\mu>\tan\theta$ 时共速后可保持匀速；$\mu<\tan\theta$ 时共速后仍继续加速（或反向）直至离开,none,,
PHYSICS,0039,32,"滑块-木板模型的""一个转折""",none,,
PHYSICS,0039,32,"滑块-木板模型的""两个关联""",none,,
PHYSICS,0039,32,处理滑块-木板模型的一般思路,none,,
PHYSICS,0039,32,共速假设的判别方法,none,,
PHYSICS,0039,32,滑块-木板模型的题型划分,none,,
PHYSICS,0040,33,$a$-$F$ 图像中滑块-木板系统的三个阶段,none,,
PHYSICS,0040,33,$a$-$F$ 图线转折点的物理含义,none,,
PHYSICS,0040,33,"斜面上""木板恰好能静止""隐含 $\mu_{板-斜面}=\tan\theta$ 的条件",none,,
PHYSICS,0040,33,斜面上滑块-木板模型中判断木板能否保持静止的方法,none,,
PHYSICS,0040,33,滑块不脱离木板的最小长度判据,none,,
PHYSICS,0040,33,系统因摩擦产生热量的计算思路,none,,
PHYSICS,0041,34,"水平面上滑块-木板模型按""力作用在块上/板上""的分类解读",none,,
PHYSICS,0041,34,$F$ 作用在块上、水平面光滑时的相对静止过程方程与两个临界条件,none,,
PHYSICS,0041,34,$F$ 作用在块上、水平面粗糙时的方程（对整体 $F-f'=(m+M)a$；对板 $f_{弹}-f'=Ma$）与临界条件,none,,
PHYSICS,0041,34,$F$ 作用在板上时的临界条件,none,,
PHYSICS,0041,34,相对滑动后块与板各自的运动方程,none,,
PHYSICS,0041,34,"$a$-$F$ 图像中""对地滑动""段与""板块滑动""段的划分与斜率含义",none,,
PHYSICS,0042,35,探究加速度与力、质量关系的实验原理,none,,
PHYSICS,0042,35,平衡阻力的方法,none,,
PHYSICS,0042,35,槽码质量需远小于小车质量的原因与豁免条件,none,,
PHYSICS,0042,35,操作细节：小车靠近打点计时器、先接通电源后释放、到达滑轮前按住小车,none,,
PHYSICS,0042,35,数据处理方法,none,,
PHYSICS,0042,35,$a$-$F$、$a$-$1/M$ 图像的三类反常形状及原因,none,,
PHYSICS,0042,35,误差来源,none,,
PHYSICS,0042,35,两项改进方案,none,,
PHYSICS,0043,36,物体做曲线运动的两个判据,none,,
PHYSICS,0043,36,曲线运动是变速运动、加速度不为 0,none,,
PHYSICS,0043,36,匀变速曲线运动与变加速曲线运动的区分,none,,
PHYSICS,0043,36,曲线运动轨迹的特征,none,,
PHYSICS,0043,36,由合力与速度的夹角判断速率变化,none,,
PHYSICS,0043,36,运动的合成与分解遵循平行四边形定则,none,,
PHYSICS,0043,36,运动分解的方法,none,,
PHYSICS,0043,36,合运动与分运动的等时性、独立性、等效性,none,,
PHYSICS,0043,36,由两分运动的性质推断合运动性质,none,,
PHYSICS,0043,36,小船渡河模型,none,,
PHYSICS,0044,37,小船渡河的最短时间：船头垂直河岸，$t_{\min}=d/v_{船}$,none,,
PHYSICS,0044,37,渡河时间只取决于船沿垂直河岸方向的分速度,none,,
PHYSICS,0044,37,水速小于船速时的最短位移渡河,none,,
PHYSICS,0044,37,水速大于船速时的最短位移渡河,none,,
PHYSICS,0044,37,在斜面上建立 $Oxy$ 坐标系做二维运动分析（分解为沿坐标轴方向的独立分运动，分别列运动学方程）的通用方法,none,,
PHYSICS,0045,38,分析小船渡河问题的思维流程,none,,
PHYSICS,0045,38,关联速度模型的五类典型情境及其定量关系,none,,
PHYSICS,0045,38,关联速度的通用解法：分解实际速度，沿绳（杆）方向分速度大小相等,none,,
PHYSICS,0045,38,处理关联速度问题的两条原则,none,,
PHYSICS,0046,39,平抛运动的坐标建立方式,none,,
PHYSICS,0046,39,平抛运动的速度关系,none,,
PHYSICS,0046,39,平抛运动的位移关系,none,,
PHYSICS,0046,39,平抛运动的轨迹方程 $y=\frac{g}{2v_0^2}x^2$,none,,
PHYSICS,0046,39,平抛运动的重要推论,none,,
PHYSICS,0046,39,平抛运动在相等时间内速度变化量相等,none,,
PHYSICS,0046,39,平抛运动水平位移的均匀性与竖直方向位移差恒定,none,,
PHYSICS,0046,39,与斜面有关的平抛运动的四类约束（垂直打到斜面、切入斜面、位移垂直斜面、落在斜面上）及其时间关系式,none,,
PHYSICS,0046,39,与斜面有关问题的判别方法,none,,
PHYSICS,0047,40,圆弧面约束的三类平抛情形（切入圆弧面凹槽、在半圆内的平抛、从圆上一点水平抛出落到圆周上）及其关系式,none,,
PHYSICS,0047,40,"平抛运动""离斜面距离最大""的判据",none,,
PHYSICS,0047,40,按斜面方向建立坐标系的处理方法,none,,
PHYSICS,0047,40,类平抛运动的定义,none,,
PHYSICS,0047,40,类平抛运动的速度与位移关系,none,,
PHYSICS,0047,40,类平抛运动的坐标建系方式,none,,
PHYSICS,0048,41,斜抛运动的坐标建立与运动分解,none,,
PHYSICS,0048,41,斜抛运动水平方向的速度与位移公式,none,,
PHYSICS,0048,41,斜抛运动竖直方向的速度与位移公式,none,,
PHYSICS,0048,41,斜抛运动的飞行时间 $t_{总}=\frac{2v_0\sin\theta}{g}$,none,,
PHYSICS,0048,41,斜抛运动的射高 $H_m=\frac{v_0^2\sin^2\theta}{2g}$,none,,
PHYSICS,0048,41,斜抛运动的射程 $x_m=\frac{v_0^2\sin 2\theta}{g}$；$v_0$ 一定时 $\theta=45°$ 射程最大,none,,
PHYSICS,0048,41,用逆向思维处理斜抛运动,none,,
PHYSICS,0048,41,带电粒子在匀强电场中类平抛运动的坐标分解方法,none,,
PHYSICS,0049,42,抛体运动临界问题的常见描述与解题关键,none,,
PHYSICS,0049,42,抛体运动极值问题的解题方法,none,,
PHYSICS,0049,42,落向斜坡类问题的分析链,none,,
PHYSICS,0049,42,立体空间抛体运动问题的降维思想,none,,
PHYSICS,0050,43,降维法的一般步骤,none,,
PHYSICS,0050,43,抛体运动相遇问题的常见类型,none,,
PHYSICS,0050,43,抛体运动相遇问题的特点,none,,
PHYSICS,0050,43,抛体运动相遇问题的解题方法,none,,
PHYSICS,0050,43,两物体竖直分运动性质不同的相遇问题分析,none,,
PHYSICS,0050,43,平抛与竖直上抛相遇的条件,none,,
PHYSICS,0051,44,描述圆周运动的物理量间的关系,none,,
PHYSICS,0051,44,向心加速度的三种表达式,none,,
PHYSICS,0051,44,线速度与角速度、周期、频率的关系式,none,,
PHYSICS,0051,44,周期与频率的关系 $T=1/f$,none,,
PHYSICS,0051,44,共轴传动的特征（角速度相同）及定量关系,none,,
PHYSICS,0051,44,皮带传动/齿轮传动/摩擦传动的特征（轮缘或啮合处线速度大小相等）及定量关系,none,,
PHYSICS,0051,44,匀速圆周运动中合力提供向心力及其表达式,none,,
PHYSICS,0051,44,变速圆周运动中切向力与法向力的作用,none,,
PHYSICS,0051,44,离心与近心的条件判据,none,,
PHYSICS,0052,45,"圆周运动动力学问题的""一审二确三分四列""分析思路",none,,
PHYSICS,0052,45,确定研究对象的方法,none,,
PHYSICS,0052,45,确定圆周运动轨道平面的重要性,none,,
PHYSICS,0052,45,圆周运动分析中的几何关系,none,,
PHYSICS,0052,45,运动情况分析,none,,
PHYSICS,0052,45,受力分析与向心力来源的确定,none,,
PHYSICS,0052,45,由牛顿运动定律与圆周运动知识列方程,none,,
PHYSICS,0052,45,圆锥摆类问题中夹角与角速度的关系,none,,
PHYSICS,0053,46,水平面内圆周运动临界问题的通用判据,none,,
PHYSICS,0053,46,单体转盘上物块的受力与临界条件,none,,
PHYSICS,0053,46,转盘同侧绳连接两物体的两个临界状态,none,,
PHYSICS,0053,46,转盘异侧绳连接两物体开始滑动的临界方程组,none,,
PHYSICS,0053,46,叠加连接体在转盘上的先后滑动判据,none,,
PHYSICS,0053,46,球绳转盘模型（绳张力恒等于吊物重力）及 $A$ 向外滑动的临界条件,none,,
PHYSICS,0053,46,圆锥摆的临界角速度 $\omega=\sqrt{g/(l\cos\theta)}$,none,,
PHYSICS,0054,47,竖直面内圆周运动的两类模型（绳球模型与杆球模型）及其实例,none,,
PHYSICS,0054,47,绳球模型与杆球模型在受力能力上的共同特征与区别,none,,
PHYSICS,0054,47,绳球模型最高点与最低点的动力学方程,none,,
PHYSICS,0054,47,"杆球模型最高点""拉力""与""支持力""两种情况的动力学方程",none,,
PHYSICS,0054,47,绳球模型最高点速度范围 $v\ge\sqrt{gR}$ 与脱轨条件,none,,
PHYSICS,0054,47,"杆球模型最高点速度范围 $v\ge0$ 与""不存在脱轨""的特点",none,,
PHYSICS,0054,47,两类模型最高点临界速度的差异,none,,
PHYSICS,0054,47,杆球模型 $F_N$-$v^2$ 图像的物理含义,none,,
PHYSICS,0055,48,斜面上圆周运动的受力分解,none,,
PHYSICS,0055,48,斜面上圆周运动的最易滑动位置,none,,
PHYSICS,0055,48,斜面上圆周运动的最低点临界方程,none,,
PHYSICS,0055,48,斜面转盘临界角速度 $\omega_{\max}=\sqrt{\dfrac{g(\mu\cos\theta-\sin\theta)}{r}}$,none,,
PHYSICS,0055,48,斜面转盘能稳住物块的前提条件 $\mu>\tan\theta$,none,,
PHYSICS,0056,49,探究平抛运动特点的实验原理,none,,
PHYSICS,0056,49,装置调节要求,none,,
PHYSICS,0056,49,实验操作要求,none,,
PHYSICS,0056,49,作图要求,none,,
PHYSICS,0056,49,判断轨迹是否为抛物线的方法,none,,
PHYSICS,0056,49,由完整轨迹求初速度 $v_0=x\sqrt{g/(2y)}$,none,,
PHYSICS,0056,49,由残缺轨迹求初速度,none,,
PHYSICS,0056,49,实验误差来源与改进,none,,
PHYSICS,0056,49,探究平抛运动特点的对比实验法,none,,
PHYSICS,0056,49,传感器法探究平抛运动,none,,
PHYSICS,0057,50,探究向心力大小与半径、角速度、质量关系的实验原理与装置,none,,
PHYSICS,0057,50,控制变量法的三次探究设计,none,,
PHYSICS,0057,50,转速控制要求,none,,
PHYSICS,0057,50,数据处理与结论,none,,
PHYSICS,0057,50,用绳和沙袋定性研究向心力的方案,none,,
PHYSICS,0057,50,用力传感器与光电门传感器定量研究向心力的方案,none,,
PHYSICS,0058,51,"开普勒第一定律（轨道定律）的内容与""行星轨道必有近日点和远日点""的推论",none,,
PHYSICS,0058,51,开普勒第二定律（面积定律）的内容及近/远日点速度关系 $v_1/v_2=r_2/r_1$,none,,
PHYSICS,0058,51,开普勒第三定律（周期定律）$\frac{a^3}{T^2}=k$，$k$ 只与中心天体有关,none,,
PHYSICS,0058,51,由面积定律推导近日点与远日点的速度关系,none,,
PHYSICS,0058,51,万有引力定律的表达式与引力常量,none,,
PHYSICS,0058,51,万有引力定律的三条适用条件,none,,
PHYSICS,0058,51,匀质球层空腔内万有引力合力为零的推论,none,,
PHYSICS,0058,51,匀质球体内部万有引力公式 $F'=G\frac{Mmr}{R^3}$ 及其推导,none,,
PHYSICS,0058,51,万有引力的两个效果,none,,
PHYSICS,0058,51,赤道与两极处万有引力与重力的关系式,none,,
PHYSICS,0059,52,由环绕天体的 $r$、$v$ 求中心天体质量 $M=rv^2/G$,none,,
PHYSICS,0059,52,由环绕天体的 $r$、$\omega$ 求中心天体质量 $M=r^3\omega^2/G$,none,,
PHYSICS,0059,52,由环绕天体的 $r$、$T$ 求中心天体质量 $M=4\pi^2r^3/(GT^2)$,none,,
PHYSICS,0059,52,天体密度的三种表达式,none,,
PHYSICS,0059,52,在中心天体表面附近运行时密度只与周期有关：$\rho=3\pi/(GT^2)$ 与 $\rho=3\omega^2/(4\pi G)$,none,,
PHYSICS,0059,52,由表面重力加速度求天体质量 $M=gR^2/G$ 与密度 $\rho=3g/(4\pi GR)$,none,,
PHYSICS,0059,52,用自由落体、竖直上抛、平抛运动等测天体表面重力加速度,none,,
PHYSICS,0059,52,天体质量估算只能得到中心天体质量,none,,
PHYSICS,0059,52,中心天体半径 $R$ 与轨道半径 $r$ 的区别,none,,
PHYSICS,0059,52,星球内部重力加速度随深度变化,none,,
PHYSICS,0060,53,天体运行参量随轨道半径变化的规律,none,,
PHYSICS,0060,53,"""高轨低速大周期""的结论",none,,
PHYSICS,0060,53,近地卫星、地球同步卫星与赤道物体三者的向心力来源差异,none,,
PHYSICS,0060,53,三者的轨道半径关系 $r_2>r_3=r_1$,none,,
PHYSICS,0060,53,三者角速度、线速度、向心加速度的大小排序,none,,
PHYSICS,0060,53,比较卫星参量用 $v=\sqrt{GM/r}$、$a=GM/r^2$；比较同步卫星与赤道物体用 $v=\omega r$、$a=\omega^2r$,none,,
PHYSICS,0060,53,由几何条件先求轨道半径之比、再由万有引力提供向心力求各参量之比的解题方法,none,,
PHYSICS,0061,54,第一宇宙速度的含义（最小发射速度、最大环绕速度）与数值 $7.9\ \mathrm{km/s}$,none,,
PHYSICS,0061,54,第二宇宙速度的含义（挣脱地球引力束缚的最小发射速度）与数值 $11.2\ \mathrm{km/s}$,none,,
PHYSICS,0061,54,第三宇宙速度的含义（挣脱太阳引力束缚的最小发射速度）与数值 $16.7\ \mathrm{km/s}$,none,,
PHYSICS,0061,54,三个宇宙速度均为地表的发射速度,none,,
PHYSICS,0061,54,$7.9\ \mathrm{km/s}<v<11.2\ \mathrm{km/s}$ 时卫星轨道为椭圆,none,,
PHYSICS,0061,54,"第一宇宙速度作为""发射最小、环绕最大""的双重含义",none,,
PHYSICS,0061,54,"地球同步卫星的四个""一定""",none,,
PHYSICS,0061,54,同步卫星高度的推导 $h=\sqrt[3]{GMT^2/4\pi^2}-R\approx5.6R$,none,,
PHYSICS,0061,54,引力势能的表达式 $E_p=-\dfrac{GMm}{r}$,none,,
PHYSICS,0062,55,天体追及问题的角速度关系式,none,,
PHYSICS,0062,55,天体追及问题的解题方法,none,,
PHYSICS,0062,55,狭义相对论的两个基本假设,none,,
PHYSICS,0062,55,时间延缓效应公式 $\Delta t=\frac{\Delta\tau}{\sqrt{1-(v/c)^2}}$,none,,
PHYSICS,0062,55,长度收缩效应公式 $l=l_0\sqrt{1-(v/c)^2}$,none,,
PHYSICS,0062,55,相对论效应只有在速度接近光速时才显著,none,,
PHYSICS,0063,56,卫星变轨的原理,none,,
PHYSICS,0063,56,变轨过程中同一点速度的比较（$v_{A1}<v_{A2}$、$v_{B2}<v_{B3}$）与不同轨道速度的比较,none,,
PHYSICS,0063,56,变轨问题中的速度排序 $v_{B2}<v_{B3}<v_{A1}<v_{A2}$,none,,
PHYSICS,0063,56,变轨问题中加速度的比较,none,,
PHYSICS,0063,56,用开普勒第三定律比较变轨前后周期,none,,
PHYSICS,0063,56,变轨过程中的机械能变化,none,,
PHYSICS,0063,56,引力势能表达式 $E_p=-\frac{GMm}{R}$ 与椭圆轨道运行时间的估算,none,,
PHYSICS,0064,57,双星系统的受力特点,none,,
PHYSICS,0064,57,双星系统的运动特点,none,,
PHYSICS,0064,57,双星系统中质量与轨道半径的关系 $r_1/r_2=m_2/m_1$,none,,
PHYSICS,0064,57,双星系统的周期公式 $T=2\pi\sqrt{L^3/[G(m_1+m_2)]}$,none,,
PHYSICS,0064,57,双星系统的总质量公式 $m_1+m_2=4\pi^2L^3/(GT^2)$,none,,
PHYSICS,0064,57,多星问题的通用解法,none,,
PHYSICS,0064,57,四类多星模型的受力方程与轨道半径,none,,
PHYSICS,0065,58,恒力做功的计算式 $W=Fl\cos\alpha$ 与功的正负判断,none,,
PHYSICS,0065,58,变力做功的六种计算方法,none,,
PHYSICS,0065,58,用微元法求曲线运动中摩擦力做的功,none,,
PHYSICS,0065,58,用功率法求恒定功率下的功,none,,
PHYSICS,0065,58,用平均力法求弹力做的功,none,,
PHYSICS,0065,58,用 $F$-$x$ 图像面积求变力做的功,none,,
PHYSICS,0065,58,合力做功的三种计算方法,none,,
PHYSICS,0065,58,摩擦力做功的特点,none,,
PHYSICS,0065,58,一对静摩擦力做功的代数和为零,none,,
PHYSICS,0065,58,一对滑动摩擦力做功的代数和等于负的摩擦生热（$W_1+W_2=-Q$），即系统损失的机械能转化为内能,none,,
PHYSICS,0066,59,平均功率的两种表达式,none,,
PHYSICS,0066,59,瞬时功率的两种表达式,none,,
PHYSICS,0066,59,恒定功率启动的过程分析,none,,
PHYSICS,0066,59,恒定加速度启动的过程分析,none,,
PHYSICS,0066,59,两种启动方式的 $P$-$t$、$F$-$t$、$v$-$t$ 图像特征,none,,
PHYSICS,0066,59,机车最大速度公式 $v_m=P_额/F_阻$,none,,
PHYSICS,0066,59,恒定加速度启动中匀加速结束时的速度 $v_1=P_额/F_0$ 小于最大速度,none,,
PHYSICS,0066,59,恒定功率启动时用动能定理求解位移或时间,none,,
PHYSICS,0067,60,动能的定义与表达式 $E_k=\frac{1}{2}mv^2$,none,,
PHYSICS,0067,60,动能是标量，与速度方向无关,none,,
PHYSICS,0067,60,动能的变化量 $\Delta E_k=\frac{1}{2}mv_2^2-\frac{1}{2}mv_1^2$,none,,
PHYSICS,0067,60,动能定理的内容,none,,
PHYSICS,0067,60,动能定理的表达式 $W=E_{k2}-E_{k1}$,none,,
PHYSICS,0067,60,动能定理的适用范围,none,,
PHYSICS,0067,60,动能定理在竖直平面内曲线运动（U 型池）中的应用思路,none,,
PHYSICS,0068,61,应用动能定理解题的一般步骤,none,,
PHYSICS,0068,61,动能是标量、动能定理是标量式，不能分解动能,none,,
PHYSICS,0068,61,动能定理适用于多过程问题,none,,
PHYSICS,0068,61,$v$-$t$ 图像面积表示位移、$a$-$t$ 图像面积表示速度变化量,none,,
PHYSICS,0068,61,$F$-$x$ 图像面积表示功、$P$-$t$ 图像面积表示功,none,,
PHYSICS,0068,61,$E_k$-$x$ 图像斜率表示合力,none,,
PHYSICS,0068,61,$E_k$-$s$ 图像的读法,none,,
PHYSICS,0068,61,平抛运动中 $E_k$ 与时间的关系,none,,
PHYSICS,0069,62,动能定理在多过程问题中的两种用法,none,,
PHYSICS,0069,62,多过程问题的分析思路,none,,
PHYSICS,0069,62,各阶段衔接点的承前启后作用,none,,
PHYSICS,0069,62,变力做功在多过程问题中容易出错需重点分析,none,,
PHYSICS,0069,62,往复运动的特点,none,,
PHYSICS,0069,62,往复运动中路程与位移不再相等,none,,
PHYSICS,0069,62,重力做功与路程无关,none,,
PHYSICS,0069,62,摩擦力做功与路程相关,none,,
PHYSICS,0069,62,动能定理处理往复运动的便捷性,none,,
PHYSICS,0070,63,重力势能的表达式 $E_p=mgh$（$h$ 为相对参考平面的高度）与功能关系 $W_G=-\Delta E_p$,none,,
PHYSICS,0070,63,弹性势能的表达式 $E_p'=\frac{1}{2}kx^2$（$x$ 为形变量）与功能关系 $W_{弹}=-\Delta E_p'$,none,,
PHYSICS,0070,63,机械能守恒定律的三种表达形式,none,,
PHYSICS,0070,63,守恒观点需要选取零势能面；转化观点对应动能与势能的转化；转移观点对应系统内物体间机械能的转移,none,,
PHYSICS,0070,63,机械能守恒指整个过程中机械能保持不变，而非仅初末状态机械能相等,none,,
PHYSICS,0070,63,判断机械能守恒的三种方法,none,,
PHYSICS,0070,63,绳子突然绷紧、物体间非弹性碰撞等情境机械能不守恒,none,,
PHYSICS,0070,63,系统机械能守恒时单个物体的机械能不一定守恒,none,,
PHYSICS,0070,63,机械能守恒的条件不是合力做功为零，而是只有重力和系统内弹力做功,none,,
PHYSICS,0071,64,角速度相等的杆连接体的机械能特点,none,,
PHYSICS,0071,64,分速度相等的绳连接体的机械能特点,none,,
PHYSICS,0071,64,弹簧弹力做功与路径无关，只与初末状态形变量有关,none,,
PHYSICS,0071,64,弹性势能最大值的判据,none,,
PHYSICS,0071,64,弹簧处于原长时弹性势能为零,none,,
PHYSICS,0071,64,系统机械能守恒与单个物体机械能守恒的区别,none,,
PHYSICS,0072,65,系统机械能守恒问题的解题思路,none,,
PHYSICS,0072,65,机械能守恒三种表达式（$E_1=E_2$、$\Delta E_p=-\Delta E_k$、$\Delta E_A=-\Delta E_B$）的灵活选用,none,,
PHYSICS,0072,65,对功能关系的理解,none,,
PHYSICS,0072,65,重力做功与重力势能变化的关系 $W_G=-\Delta E_p$,none,,
PHYSICS,0072,65,弹簧弹力做功与弹性势能变化的关系 $W_{弹}=-\Delta E_p'$,none,,
PHYSICS,0072,65,合力做功与动能变化的关系 $W_合=\Delta E_k$,none,,
PHYSICS,0072,65,除重力和系统内弹力之外其他力做功与机械能变化的关系 $W_{其}=\Delta E$,none,,
PHYSICS,0072,65,一对相互作用的滑动摩擦力的总功与系统内能变化的关系 $W_f=-\Delta E_内$,none,,
PHYSICS,0073,66,能量守恒定律的定义,none,,
PHYSICS,0073,66,对能量守恒定律的两点理解,none,,
PHYSICS,0073,66,能量守恒定律在含摩擦、电动机、多种能量形式转换问题中的应用思路,none,,
PHYSICS,0074,67,传送带模型的动力学分析流程,none,,
PHYSICS,0074,67,传送带模型的能量分析对象,none,,
PHYSICS,0074,67,用物体与传送带的 $v$-$t$ 图像分析位移关系,none,,
PHYSICS,0074,67,"区分""相对地面的位移""与""相对传送带的位移""",none,,
PHYSICS,0074,67,由 $v$-$t$ 图像的两段面积差读出相对位移,none,,
PHYSICS,0074,67,摩擦力方向突变的判据,none,,
PHYSICS,0074,67,摩擦生热计算 $Q=f\cdot\Delta s_{相对}$,none,,
PHYSICS,0075,68,滑块-木板模型的动力学分析流程,none,,
PHYSICS,0075,68,滑块与木板相对静止时不产生内能,none,,
PHYSICS,0075,68,滑块与木板相对滑动时三个位移的区分,none,,
PHYSICS,0075,68,三个位移的关系 $x_m=x_M+\Delta x$,none,,
PHYSICS,0075,68,用动能定理与功能关系分析滑块和木板各自的能量转化与转移,none,,
PHYSICS,0076,69,验证机械能守恒定律的实验原理,none,,
PHYSICS,0076,69,打点计时器与纸带的安装要求,none,,
PHYSICS,0076,69,重物的选择要求,none,,
PHYSICS,0076,69,操作顺序要求,none,,
PHYSICS,0076,69,速度的计算方法,none,,
PHYSICS,0076,69,验证机械能守恒的三种方法,none,,
PHYSICS,0076,69,"选择""开始两点间距接近 $2\ \mathrm{mm}$""纸带的原因",none,,
PHYSICS,0076,69,$\frac{1}{2}v^2$-$h$ 图像过原点且斜率为 $g$ 是机械能守恒的判据,none,,
PHYSICS,0076,69,系统误差的来源与表现,none,,
PHYSICS,0076,69,偶然误差的减小方法,none,,
PHYSICS,0076,69,用拉力传感器验证机械能守恒的方案及关系式 $T_{\max}=3mg-2T_{\min}$,none,,
PHYSICS,0077,70,动能、动量、冲量的表达式、单位与矢标性对比,none,,
PHYSICS,0077,70,动量与动能的关联式 $E_k=p^2/(2m)$、$p=\sqrt{2mE_k}$,none,,
PHYSICS,0077,70,动量是状态量，冲量是过程量,none,,
PHYSICS,0077,70,动量的瞬时性（速度用瞬时速度）、矢量性（方向与速度方向相同）、相对性,none,,
PHYSICS,0077,70,动量变化量的计算,none,,
PHYSICS,0077,70,冲量的四个特点,none,,
PHYSICS,0077,70,作用力与反作用力的冲量总是等大反向,none,,
PHYSICS,0077,70,冲量的四种计算方法,none,,
PHYSICS,0077,70,$F$-$t$ 图像与 $t$ 轴所围面积表示冲量,none,,
PHYSICS,0078,71,动量定理的内容,none,,
PHYSICS,0078,71,动量定理的表达式 $I=F\Delta t=\Delta p=p'-p$,none,,
PHYSICS,0078,71,合力的冲量是动量变化的原因,none,,
PHYSICS,0078,71,合力等于动量的变化率 $F=\Delta p/\Delta t$,none,,
PHYSICS,0078,71,用动量定理解释生活现象,none,,
PHYSICS,0078,71,$F$ 一定时作用时间越长动量变化越大,none,,
PHYSICS,0078,71,用 $F$-$t$ 图线与横轴所围面积求冲量、用 $v$-$t$ 图像面积求位移，二者结合求解做功与动量问题,none,,
PHYSICS,0078,71,"用动能定理解释""高空抛物""的危害",none,,
PHYSICS,0079,72,"流体问题的""柱状模型""构建方法",none,,
PHYSICS,0079,72,流体微元的质量与动量表达式,none,,
PHYSICS,0079,72,微粒类问题的处理方法,none,,
PHYSICS,0079,72,流体问题中对柱状流体应用动量定理 $F\Delta t=\Delta m\Delta v$ 建立方程,none,,
PHYSICS,0079,72,分方向动量定理 $I_x=\Delta p_x=m\Delta v_x$、$I_y=\Delta p_y=m\Delta v_y$,none,,
PHYSICS,0079,72,两个方向的动量变化独立互不干扰，可分方向列式,none,,
PHYSICS,0080,73,动量守恒定律的两种表达式,none,,
PHYSICS,0080,73,动量守恒定律的适用条件,none,,
PHYSICS,0080,73,动量守恒定律的五个特性,none,,
PHYSICS,0080,73,动量守恒解答中须选取统一正方向、速度须相对同一参考系,none,,
PHYSICS,0080,73,碰撞现象的特点,none,,
PHYSICS,0080,73,碰撞的三种类型及其动量、机械能、形变恢复程度的对比,none,,
PHYSICS,0080,73,碰撞问题遵守的三条原则,none,,
PHYSICS,0081,74,碰撞的速度合理性判据,none,,
PHYSICS,0081,74,弹性碰撞的一般速度公式,none,,
PHYSICS,0081,74,"""一动一静""弹性碰撞的特例公式",none,,
PHYSICS,0081,74,弹性碰撞的三种质量情形,none,,
PHYSICS,0081,74,爆炸问题的概念与三个特点,none,,
PHYSICS,0081,74,爆炸过程中内力远大于外力故动量守恒；有其他形式能量转化为动能故总动能增加,none,,
PHYSICS,0082,75,反冲现象的概念,none,,
PHYSICS,0082,75,反冲现象的作用原理,none,,
PHYSICS,0082,75,反冲运动的动量守恒,none,,
PHYSICS,0082,75,反冲运动的总动能增加,none,,
PHYSICS,0082,75,人船模型的动量守恒方程与位移关系方程,none,,
PHYSICS,0082,75,人船模型的位移分配公式 $x_人=\frac{M}{M+m}L$、$x_船=\frac{m}{M+m}L$,none,,
PHYSICS,0082,75,人船模型的运动特点,none,,
PHYSICS,0082,75,人船模型中速度比与位移比相等且等于质量反比,none,,
PHYSICS,0083,76,子弹打木块模型的动量守恒,none,,
PHYSICS,0083,76,子弹打木块模型的机械能损失,none,,
PHYSICS,0083,76,子弹嵌入木块的情境（类比完全非弹性碰撞，机械能损失最多）及其动量守恒与能量守恒方程,none,,
PHYSICS,0083,76,子弹穿透木块的情境（类比非弹性碰撞）及其动量守恒与能量守恒方程,none,,
PHYSICS,0083,76,判断子弹能否射穿木块的方法,none,,
PHYSICS,0083,76,"滑块-木板模型中""未滑离""的情形（类比子弹未射出）及方程",none,,
PHYSICS,0083,76,"滑块-木板模型中""滑离""的情形及方程",none,,
PHYSICS,0084,77,滑块-木板模型的规律选取策略,none,,
PHYSICS,0084,77,滑块-弹簧模型的两种特殊状态,none,,
PHYSICS,0084,77,弹簧恢复原长时弹性势能为零,none,,
PHYSICS,0084,77,滑块-弹簧模型的动量守恒方程与机械能守恒方程,none,,
PHYSICS,0084,77,滑块-弹簧模型的周期性运动序列,none,,
PHYSICS,0085,78,滑块-弹簧模型 $v$-$t$ 图像的速度交叉特征,none,,
PHYSICS,0085,78,三种质量关系下弹簧恢复原长时的速度特征,none,,
PHYSICS,0085,78,滑块-斜（曲）面体模型中的动量守恒方向,none,,
PHYSICS,0085,78,滑块-斜（曲）面体模型全过程机械能守恒,none,,
PHYSICS,0085,78,上升到最大高度的判据（滑块竖直分速度为零、水平分速度与曲面体相同）及方程,none,,
PHYSICS,0085,78,最大上升高度不一定等于轨道高度,none,,
PHYSICS,0085,78,"滑块-曲（斜）面体模型""上升阶段类比完全非弹性碰撞、返回最低点类比弹性碰撞""",none,,
PHYSICS,0086,79,力的瞬时作用与牛顿第二定律,none,,
PHYSICS,0086,79,力的时间累积作用与动量定理,none,,
PHYSICS,0086,79,力的空间累积作用与动能定理,none,,
PHYSICS,0086,79,功能关系（$f\cdot s_{相对}=Q=\Delta E_内$、$W_G=-\Delta E_p$）与机械能守恒定律,none,,
PHYSICS,0086,79,动量观点与能量观点的相同点,none,,
PHYSICS,0086,79,动量观点与能量观点的不同点,none,,
PHYSICS,0086,79,动力学观点的适用情形,none,,
PHYSICS,0086,79,动量观点的适用情形,none,,
PHYSICS,0086,79,能量观点的适用情形,none,,
PHYSICS,0087,80,"""动碰动""问题的参考系变换方法",none,,
PHYSICS,0087,80,变换参考系后应用弹性碰撞公式,none,,
PHYSICS,0087,80,换回地面参考系的方法,none,,
PHYSICS,0087,80,动碰动碰后速度的地面参考系表达式 $v_1=\frac{m_1-m_2}{m_1+m_2}(v_{10}-v_{20})+v_{20}$、$v_2=\frac{2m_1}{m_1+m_2}(v_{10}-v_{20})+v_{20}$,none,,
PHYSICS,0087,80,非弹性碰撞中相对速度按比例衰减（恢复系数 $e$）的处理思路,none,,
PHYSICS,0087,80,竖直面内圆轨道上两球多次碰撞的周期性分析,none,,
PHYSICS,0088,81,验证动量守恒定律的实验原理,none,,
PHYSICS,0088,81,用水平位移代替速度的原理,none,,
PHYSICS,0088,81,验证式 $m_1s_{OP}=m_1s_{OM}+m_2s_{ON}$ 与弹性碰撞附加判据 $m_1s_{OP}^2=m_1s_{OM}^2+m_2s_{ON}^2$,none,,
PHYSICS,0088,81,需要测量的物理量,none,,
PHYSICS,0088,81,小球的选择要求,none,,
PHYSICS,0088,81,斜槽的安装要求,none,,
PHYSICS,0088,81,起点位置的控制要求,none,,
PHYSICS,0088,81,小球落点的确定方法,none,,
PHYSICS,0088,81,$O$ 与 $O'$ 点的确定方法及二者间距等于两球半径之和,none,,
PHYSICS,0088,81,用多次测量取平均值减小半径与水平位移的测量误差,none,,
PHYSICS,0088,81,用气垫导轨做该实验的优点,none,,
PHYSICS,0088,81,在斜面上完成该实验的优点,none,,
PHYSICS,0089,82,弹簧振子的简谐运动条件,none,,
PHYSICS,0089,82,水平与竖直弹簧振子的回复力来源与平衡位置,none,,
PHYSICS,0089,82,弹簧振子的周期公式 $T=2\pi\sqrt{m/k}$ 与振幅无关,none,,
PHYSICS,0089,82,弹簧振子的能量转化（水平：弹性势能与动能；竖直：弹性势能、重力势能与动能）与系统机械能守恒,none,,
PHYSICS,0089,82,简谐运动的动力学表达式 $F=-kx$,none,,
PHYSICS,0089,82,简谐运动的运动学表达式 $x=A\sin(\omega t+\varphi)$,none,,
PHYSICS,0089,82,简谐运动的图像意义,none,,
PHYSICS,0089,82,由 $x$-$t$ 图像可获取的信息,none,,
PHYSICS,0090,83,简谐运动的动力学特征 $F=-kx$ 与负号的物理含义,none,,
PHYSICS,0090,83,简谐运动的能量特征,none,,
PHYSICS,0090,83,简谐运动的周期性特征,none,,
PHYSICS,0090,83,简谐运动的对称性特征,none,,
PHYSICS,0090,83,单摆的三个理想化条件,none,,
PHYSICS,0090,83,单摆回复力的来源（重力沿垂直于摆线方向的分力）与近似表达式 $F_{回}=-\frac{mg}{l}x$,none,,
PHYSICS,0090,83,单摆向心力的来源（摆线张力与重力沿摆线方向分力的合力）$F_{向}=F_T-mg\cos\theta$,none,,
PHYSICS,0090,83,单摆在最高点与最低点的受力特征,none,,
PHYSICS,0090,83,单摆的周期公式 $T=2\pi\sqrt{l/g}$，与振幅和摆球质量无关,none,,
PHYSICS,0091,84,受迫振动的定义,none,,
PHYSICS,0091,84,受迫振动的特点,none,,
PHYSICS,0091,84,共振的现象,none,,
PHYSICS,0091,84,共振的条件,none,,
PHYSICS,0091,84,共振曲线的形状与峰值位置,none,,
PHYSICS,0091,84,简谐运动、受迫振动、共振在振动周期/频率决定因素上的对比,none,,
PHYSICS,0091,84,三者在振动能量来源上的对比,none,,
PHYSICS,0091,84,常见实例,none,,
PHYSICS,0091,84,带铁钉的单摆周期计算,none,,
PHYSICS,0091,84,等效摆长的概念,none,,
PHYSICS,0092,85,机械波形成的两个条件,none,,
PHYSICS,0092,85,机械波传播的特点,none,,
PHYSICS,0092,85,各质点做受迫振动，振动周期与频率与波源相同,none,,
PHYSICS,0092,85,各质点起振方向相同，离波源越远振动越滞后,none,,
PHYSICS,0092,85,波源完成一次全振动波形向前传播一个波长,none,,
PHYSICS,0092,85,波的图像可提供的信息,none,,
PHYSICS,0092,85,波形不变的条件,none,,
PHYSICS,0092,85,波传播方向上两质点步调关系的判据,none,,
PHYSICS,0092,85,波的传播方向与质点振动方向的三种互判方法,none,,
PHYSICS,0093,86,波传播多解的原因,none,,
PHYSICS,0093,86,波的多解问题的解题思路,none,,
PHYSICS,0093,86,时间关系通式 $\Delta t=nT+t_0$ 与传播距离通式 $\Delta x=n\lambda+x_0$,none,,
PHYSICS,0093,86,波速公式 $v=\Delta x/\Delta t$ 与 $v=\lambda/T=\lambda f$,none,,
PHYSICS,0093,86,由两个时刻波形图与传播方向确定波速的多解性,none,,
PHYSICS,0094,87,波的干涉中加强点与减弱点的公式法判据,none,,
PHYSICS,0094,87,两波源步调相反时的加强/减弱判据,none,,
PHYSICS,0094,87,图像法判断加强点与减弱点,none,,
PHYSICS,0094,87,加强点与减弱点之间质点振幅介于两者之间,none,,
PHYSICS,0094,87,加强线与减弱线的分布,none,,
PHYSICS,0094,87,波的衍射的定义,none,,
PHYSICS,0094,87,产生明显衍射现象的条件,none,,
PHYSICS,0094,87,一切波都能发生衍射，衍射是波特有的现象,none,,
PHYSICS,0094,87,多普勒效应中接收频率的含义,none,,
PHYSICS,0094,87,多普勒效应的现象,none,,
PHYSICS,0094,87,多普勒效应中波源频率并未改变，改变的是接收频率,none,,
PHYSICS,0095,88,由两质点振动图像确定波动情况的方法,none,,
PHYSICS,0095,88,由两时刻波的图像分析周期与传播速度的方法,none,,
PHYSICS,0095,88,已知振动图像与波的图像综合解题的关键,none,,
PHYSICS,0095,88,波的图像与振动图像的区别,none,,
PHYSICS,0096,89,解决简谐运动综合问题的思路,none,,
PHYSICS,0096,89,简谐运动的判据,none,,
PHYSICS,0096,89,质量均匀分布的球壳对内部物体的引力为零,none,,
PHYSICS,0096,89,简谐运动的最大速度 $v_m=A\omega=2\pi A/T$,none,,
PHYSICS,0096,89,沿地球直径隧道的真空列车做简谐运动，其运行时间与近地卫星周期相关,none,,
PHYSICS,0096,89,隧道列车在 O′ 点受支持力与速度的分析方法,none,,
PHYSICS,0097,90,等量同种电荷中垂线上的场强分布,none,,
PHYSICS,0097,90,由电场力的位移关系式判断简谐运动,none,,
PHYSICS,0097,90,带电粒子在连线上的小位移振动可视为简谐运动,none,,
PHYSICS,0097,90,"简谐运动周期公式 $T=2\pi\sqrt{m/k}$ 在""等效劲度系数""情境中的运用",none,,
PHYSICS,0097,90,动量守恒定律与简谐运动结合的分析,none,,
PHYSICS,0097,90,弹性势能表达式 $E_p=\frac{1}{2}kx^2$ 与振幅的求解,none,,
PHYSICS,0098,91,用单摆测重力加速度的实验原理,none,,
PHYSICS,0098,91,制作单摆的要求,none,,
PHYSICS,0098,91,"摆长的测量方法与""摆长 = 摆线长 + 摆球半径""的关系",none,,
PHYSICS,0098,91,单摆必须在同一竖直平面内摆动且摆角小于 $5°$,none,,
PHYSICS,0098,91,计时的要求,none,,
PHYSICS,0098,91,图像法处理数据,none,,
PHYSICS,0098,91,公式法处理数据并取多次平均值,none,,
PHYSICS,0098,91,偶然误差的来源与减小方法,none,,
PHYSICS,0098,91,系统误差的来源与减小方法,none,,
PHYSICS,0098,91,用力传感器测单摆周期进而测重力加速度的方案,none,,
PHYSICS,0098,91,用智能手机感知磁性强弱变化测单摆周期的方案,none,,
PHYSICS,0099,92,电荷守恒定律的内容,none,,
PHYSICS,0099,92,两个完全相同的导体球接触后分开时净电荷量平均分配,none,,
PHYSICS,0099,92,库仑定律的表达式 $F=kq_1q_2/r^2$ 与静电力常量 $k=9.0\times10^9\ \mathrm{N\cdot m^2/C^2}$,none,,
PHYSICS,0099,92,库仑定律的适用条件,none,,
PHYSICS,0099,92,静电力的方向在两电荷连线上,none,,
PHYSICS,0099,92,$r\to0$ 时电荷不能视为点电荷，静电力不趋于无限大,none,,
PHYSICS,0099,92,静电力与其他力综合的平衡问题解题思路,none,,
PHYSICS,0099,92,电场的定义（电荷周围传递电荷间相互作用的特殊物质）与基本性质,none,,
PHYSICS,0099,92,电场强度的定义,none,,
PHYSICS,0099,92,电场强度是矢量，规定正电荷受力方向为该点场强方向,none,,
PHYSICS,0099,92,电场强度的唯一性,none,,
PHYSICS,0099,92,电场强度的叠加性,none,,
PHYSICS,0099,92,电场强度三个公式的比较,none,,
PHYSICS,0100,93,电场线的七个特点,none,,
PHYSICS,0100,93,等量异种点电荷连线上的场强分布,none,,
PHYSICS,0100,93,等量异种点电荷中垂线上的场强分布,none,,
PHYSICS,0100,93,等量同种正点电荷连线上的场强分布,none,,
PHYSICS,0100,93,等量同种正点电荷中垂线上的场强分布,none,,
PHYSICS,0100,93,关于中点对称位置的场强关系,none,,
PHYSICS,0101,94,电场强度的矢量叠加原则,none,,
PHYSICS,0101,94,应用矢量叠加法分析电场强度的三个步骤,none,,
PHYSICS,0101,94,对称图形顶点均匀分布等量同种点电荷时中心处场强为 0,none,,
PHYSICS,0101,94,用电荷平移（叠加等量异号电荷）简化对称分布的场强计算,none,,
PHYSICS,0101,94,对称法的思路,none,,
PHYSICS,0101,94,均匀带电圆环圆心处场强为 0,none,,
PHYSICS,0101,94,均匀带电球壳内部场强处处为零、外部等效于电荷集中于球心,none,,
PHYSICS,0102,95,割补法的思路,none,,
PHYSICS,0102,95,用割补法求有很小缺口的均匀带电圆环中心处的场强,none,,
PHYSICS,0102,95,等效法的思路,none,,
PHYSICS,0102,95,点电荷与无限大接地金属板形成的电场可等效为两个等量异种点电荷电场的一部分,none,,
PHYSICS,0102,95,均匀带电球壳外部电场等效于电荷集中在球心,none,,
PHYSICS,0102,95,四种求场强特殊方法的适用情境,none,,
PHYSICS,0103,96,微元法的思路,none,,
PHYSICS,0103,96,均匀带电圆环轴线上场强的微元叠加分析思路,none,,
PHYSICS,0103,96,极限法的思路,none,,
PHYSICS,0103,96,均匀带电圆板轴线上的场强公式 $E=2\pi k\sigma\left(1-\frac{x}{\sqrt{x^2+R^2}}\right)$ 及其极限情形,none,,
PHYSICS,0103,96,求场强四种特殊方法的选用技巧,none,,
PHYSICS,0104,97,静电力做功的四种计算方法,none,,
PHYSICS,0104,97,静电力做功与路径无关、只与始末位置有关,none,,
PHYSICS,0104,97,电势能的定义与决定式 $E_p=q\varphi$,none,,
PHYSICS,0104,97,电势能是标量，正负号表示大小；具有相对性,none,,
PHYSICS,0104,97,静电力做功与电势能变化的关系,none,,
PHYSICS,0104,97,某点电势能等于把电荷从该点移到零势能位置静电力所做的功,none,,
PHYSICS,0104,97,电势的定义式 $\varphi=E_p/q$,none,,
PHYSICS,0104,97,电势是标量，其正负表示比零电势高或低,none,,
PHYSICS,0104,97,电势的相对性,none,,
PHYSICS,0104,97,电势差的定义式 $U_{AB}=W_{AB}/q$,none,,
PHYSICS,0104,97,电势差与电势的关系 $U_{AB}=\varphi_A-\varphi_B$、$U_{AB}=-U_{BA}$,none,,
PHYSICS,0104,97,电势差由电场本身性质决定,none,,
PHYSICS,0104,97,多个点电荷电势的叠加,none,,
PHYSICS,0105,98,电势高低的五种判断方法,none,,
PHYSICS,0105,98,某点电势由电场与空间位置决定，与试探电荷无关,none,,
PHYSICS,0105,98,匀强电场中电势差与电场强度的关系式 $U=Ed$,none,,
PHYSICS,0105,98,沿电场线方向电势降低最快,none,,
PHYSICS,0105,98,匀强电场中沿任意直线方向电势均匀变化,none,,
PHYSICS,0105,98,等势面的四个特点,none,,
PHYSICS,0105,98,由等势面分布与电势差求匀强电场的电场强度,none,,
PHYSICS,0106,99,等量异种点电荷连线上的电势变化,none,,
PHYSICS,0106,99,等量异种点电荷中垂线是电势为 0 的等势面,none,,
PHYSICS,0106,99,等量同种正（负）电荷连线中点与中垂线上的电势极值特征,none,,
PHYSICS,0106,99,判断轨迹上速度方向的方法,none,,
PHYSICS,0106,99,判断静电力方向的方法,none,,
PHYSICS,0106,99,已知电场线与轨迹时静电力方向与电场线共线；已知等势面与轨迹时静电力方向与等势面垂直,none,,
PHYSICS,0106,99,由静电力方向与速度方向的夹角判断做功正负与电势能增减,none,,
PHYSICS,0106,99,带电粒子仅受静电力时轨迹类问题的解题思维流程,none,,
PHYSICS,0106,99,静电平衡的定义,none,,
PHYSICS,0106,99,静电平衡导体的五个特点,none,,
PHYSICS,0107,100,静电场的五条功能关系,none,,
PHYSICS,0107,100,由 $v$-$t$ 图像分析静电力方向与大小变化,none,,
PHYSICS,0107,100,由静电力方向与电荷电性判断电场方向、电势高低与电势能变化,none,,
PHYSICS,0107,100,$\varphi$-$x$ 图像的读法,none,,
PHYSICS,0107,100,$\varphi$-$x$ 图像中电势为零处场强不一定为零,none,,
PHYSICS,0107,100,由 $\varphi$-$x$ 图像判断电势高低与场强方向,none,,
PHYSICS,0107,100,用 $E=|\Delta\varphi/\Delta x|$ 由 $\varphi$-$x$ 图像斜率求电场强度,none,,
PHYSICS,0108,101,$E$-$x$ 图像的读法,none,,
PHYSICS,0108,101,$E$>0 表示场强沿正方向、$E$<0 表示场强沿负方向,none,,
PHYSICS,0108,101,$E_p$-$x$ 图像的读法,none,,
PHYSICS,0108,101,由 $E_p$-$x$ 图像判断静电力做功的正负与场强方向,none,,
PHYSICS,0108,101,静电场四类图像的总对比,none,,
PHYSICS,0108,101,由 $\varphi$-$x$ 图像的极值位置判断该处场强为零，并结合 $E=kQ/r^2$ 判断点电荷的电性、位置与电荷量关系,none,,
PHYSICS,0109,102,电容器的组成,none,,
PHYSICS,0109,102,电容器的充电过程,none,,
PHYSICS,0109,102,电容器的放电过程,none,,
PHYSICS,0109,102,电容的定义式 $C=Q/U$ 与单位换算,none,,
PHYSICS,0109,102,平行板电容器电容的决定式 $C=\frac{\varepsilon_rS}{4\pi kd}$,none,,
PHYSICS,0109,102,定义式与决定式的区别与联系,none,,
PHYSICS,0109,102,平行板电容器动态分析的两种类型,none,,
PHYSICS,0109,102,断开电源时各物理量的变化规律,none,,
PHYSICS,0109,102,连接电源时各物理量的变化规律,none,,
PHYSICS,0109,102,含二极管时充放电受单向导电性限制,none,,
PHYSICS,0110,103,平行板电容器动态分析的一般思路,none,,
PHYSICS,0110,103,带电粒子做直线运动的两个条件,none,,
PHYSICS,0110,103,用动力学观点分析带电粒子直线运动,none,,
PHYSICS,0110,103,用功能观点分析带电粒子直线运动,none,,
PHYSICS,0110,103,是否考虑重力的判别,none,,
PHYSICS,0110,103,带电粒子在匀强电场中偏转的运动形式（类平抛运动）与处理方法,none,,
PHYSICS,0110,103,偏转的基本关系式,none,,
PHYSICS,0110,103,偏转的中点结论,none,,
PHYSICS,0110,103,出电场后继续偏转距离的计算 $y'=y+L\tan\theta=\left(\frac{l}{2}+L\right)\tan\theta$,none,,
PHYSICS,0111,104,用动能定理求解偏转中的末速度,none,,
PHYSICS,0111,104,偏转电场内电势差与偏移量的关系 $U_y=\frac{U}{d}y$,none,,
PHYSICS,0111,104,计算粒子打到屏上位置离中心距离的三种表达式,none,,
PHYSICS,0111,104,相同加速电压下不同带电粒子的偏转特性,none,,
PHYSICS,0112,105,等效重力场的定义,none,,
PHYSICS,0112,105,等效重力的定义,none,,
PHYSICS,0112,105,等效重力加速度的定义 $g_{等效}=G_合/m$,none,,
PHYSICS,0112,105,"等效""最低点""与等效""最高点""的确定方法",none,,
PHYSICS,0112,105,重力场与电场共线时的等效重力分析,none,,
PHYSICS,0112,105,重力场与电场成夹角时的等效重力大小 $G_合=\sqrt{(mg)^2+(qE)^2}$ 与方向 $\tan\alpha=\frac{qE}{mg}$,none,,
PHYSICS,0112,105,用等效重力场处理竖直面圆周运动,none,,
PHYSICS,0113,106,力电综合问题的动力学观点,none,,
PHYSICS,0113,106,力电综合问题的能量观点,none,,
PHYSICS,0113,106,力电综合问题的动量观点,none,,
PHYSICS,0113,106,电场强度随位移变化时的分析,none,,
PHYSICS,0114,107,带电粒子在交变电场中做直线运动的两种情形,none,,
PHYSICS,0114,107,交变电场直线运动的分析方法,none,,
PHYSICS,0114,107,带电粒子在交变电场中做曲线运动的两类处理,none,,
PHYSICS,0114,107,交变电场问题的分析思路,none,,
PHYSICS,0114,107,交变电场中运动的三种常见情况,none,,
PHYSICS,0114,107,"直线加速器中""筒长随速度增大而增大""的设计原理",none,,
PHYSICS,0115,108,用 $v$-$t$ 图像分析交变电场中粒子运动时的五个注意点,none,,
PHYSICS,0115,108,穿越时间极短时把交变电场视为匀强电场的近似处理,none,,
PHYSICS,0115,108,交变电场中运动的对称性与周期性的应用,none,,
PHYSICS,0115,108,不同时刻进入电场的粒子在交变电场中的位移与轨迹差异,none,,
PHYSICS,0116,109,电容器充电过程的电流变化规律,none,,
PHYSICS,0116,109,电容器放电过程的电流变化规律,none,,
PHYSICS,0116,109,观察电容器充放电现象的操作步骤,none,,
PHYSICS,0116,109,用 $I$-$t$ 图像面积计算充放电过程中的电荷量,none,,
PHYSICS,0116,109,充电完成后电容器电压等于电源电动势，由 $C=Q/U$ 估算电容,none,,
PHYSICS,0116,109,实验注意事项,none,,
PHYSICS,0116,109,误差来源,none,,
PHYSICS,0116,109,用电流、电压传感器改进实验,none,,
PHYSICS,0117,110,电流的产生,none,,
PHYSICS,0117,110,电流的定义 $I=q/t$,none,,
PHYSICS,0117,110,电流的三种表达式及其比较,none,,
PHYSICS,0117,110,电流微观表达式 $I=neSv$ 的推导,none,,
PHYSICS,0117,110,欧姆定律的内容 $I=U/R$,none,,
PHYSICS,0117,110,电阻定律的内容与公式 $R=\rho l/S$,none,,
PHYSICS,0117,110,伏安特性曲线的物理含义,none,,
PHYSICS,0117,110,非线性元件电阻的求法,none,,
PHYSICS,0117,110,电阻定义式与决定式的区别与适用范围,none,,
PHYSICS,0118,111,串联电路的特点,none,,
PHYSICS,0118,111,并联电路的特点,none,,
PHYSICS,0118,111,串并联电路的总功率等于各部分功率之和,none,,
PHYSICS,0118,111,电表改装成电压表的原理（串联大电阻分压）及量程、接入电阻、总内阻的关系式,none,,
PHYSICS,0118,111,电表改装成电流表的原理（并联小电阻分流）及量程、接入电阻、总内阻的关系式,none,,
PHYSICS,0118,111,量程扩大倍数 $n$ 的含义与接入电阻的计算,none,,
PHYSICS,0118,111,改装后电表内阻的变化,none,,
PHYSICS,0118,111,电表校准电路的连接方式,none,,
PHYSICS,0118,111,由 $U$-$x$ 图线的斜率反映电阻（斜率大处电阻大），结合电阻定律判断电阻率,none,,
PHYSICS,0119,112,纯电阻电路与非纯电阻电路的实例判别,none,,
PHYSICS,0119,112,纯电阻电路中的电功与电热关系（$W=Q=UIt=I^2Rt=U^2t/R$）及电功率与热功率相等,none,,
PHYSICS,0119,112,非纯电阻电路中的电功与电热关系（$W=UIt=E_{其他}+Q$，$Q=I^2Rt$）及 $P_电>P_热$,none,,
PHYSICS,0119,112,电动机的输入功率、机械功率与热功率的关系,none,,
PHYSICS,0119,112,转子被卡住的电动机可视作纯电阻电路,none,,
PHYSICS,0119,112,电表改装的综合计算,none,,
PHYSICS,0120,113,闭合电路欧姆定律的内容,none,,
PHYSICS,0120,113,闭合电路欧姆定律的两个公式及其适用范围,none,,
PHYSICS,0120,113,路端电压与负载的关系,none,,
PHYSICS,0120,113,断路与短路的极限情形,none,,
PHYSICS,0120,113,路端电压与电流的关系式 $U=E-Ir$ 及其 $U$-$I$ 图像,none,,
PHYSICS,0120,113,电源总功率、内部消耗功率、输出功率的表达式,none,,
PHYSICS,0120,113,电源效率的表达式,none,,
PHYSICS,0120,113,电源输出功率的极值,none,,
PHYSICS,0120,113,同一输出功率对应两个可能的外电阻且 $R_1R_2=r^2$,none,,
PHYSICS,0120,113,输出功率最大与效率最高不是同一条件,none,,
PHYSICS,0121,114,等效电源与等效内阻的确定方法,none,,
PHYSICS,0121,114,三种常见电路的等效电动势与等效内阻表达式,none,,
PHYSICS,0121,114,电源 $U$-$I$ 图像与定值电阻 $U$-$I$ 图像的对比,none,,
PHYSICS,0121,114,电源 $U$-$I$ 图形的纵截距为电动势、横截距为短路电流、斜率绝对值为内阻,none,,
PHYSICS,0121,114,两图线交点的物理含义,none,,
PHYSICS,0121,114,图线与坐标轴围成面积的物理含义,none,,
PHYSICS,0121,114,分析 $U$-$I$ 图像时须检查坐标原点是否从零开始,none,,
PHYSICS,0121,114,"用""等效电源""法求可变电阻的最大功率",none,,
PHYSICS,0122,115,电路动态分析的程序法,none,,
PHYSICS,0122,115,"电路动态分析的""串反并同""结论法及其适用条件",none,,
PHYSICS,0122,115,电路动态分析的极限法,none,,
PHYSICS,0122,115,含电容器电路的分析方法,none,,
PHYSICS,0122,115,用 $Q=CU$ 计算稳定状态时电容器的电荷量,none,,
PHYSICS,0122,115,电路结构变化时电容器的充放电分析（判断电压升降、电荷量增减、极板电性变化与电流方向）及 $\Delta Q=C\Delta U$,none,,
PHYSICS,0122,115,对 $\Delta U/\Delta I$ 的两层理解,none,,
PHYSICS,0123,116,计算电容器电荷量及其改变量的思路,none,,
PHYSICS,0123,116,画等效电路图的方法,none,,
PHYSICS,0123,116,断路与短路的现象特点,none,,
PHYSICS,0123,116,用电流表、电压表示数判断故障的三类情况及其原因分析,none,,
PHYSICS,0123,116,电流表有示数而电压表无示数时的三种原因,none,,
PHYSICS,0123,116,电压表有示数而电流表无示数时的两种原因,none,,
PHYSICS,0123,116,两表均无示数的原因,none,,
PHYSICS,0123,116,电路故障查找的排除法,none,,
PHYSICS,0124,117,游标卡尺的原理,none,,
PHYSICS,0124,117,游标卡尺的三种精度,none,,
PHYSICS,0124,117,游标卡尺的读数方法 $(x+K\times\text{精度})$ 及不估读的要求,none,,
PHYSICS,0124,117,"螺旋测微器的原理（螺距 0.5 mm、可动刻度 50 等分、每格 0.01 mm）与""千分尺""名称由来",none,,
PHYSICS,0124,117,螺旋测微器的读数方法（固定刻度 + 可动刻度估读一位×0.01）及半毫米刻度线的判断,none,,
PHYSICS,0124,117,电流表、电压表读数与量程的关系,none,,
PHYSICS,0124,117,电流表内接法的选择条件（$R_x\gg R_A$ 或 $R_x>\sqrt{R_AR_V}$）与误差,none,,
PHYSICS,0124,117,电流表外接法的选择条件（$R_x\ll R_V$ 或 $R_x<\sqrt{R_AR_V}$）与误差,none,,
PHYSICS,0124,117,内接法、外接法的电阻修正公式,none,,
PHYSICS,0124,117,滑动变阻器限流式接法的电路结构与滑片初始位置,none,,
PHYSICS,0124,117,滑动变阻器分压式接法的电路结构与滑片初始位置,none,,
PHYSICS,0124,117,两种接法的电压调节范围差异与选择原则,none,,
PHYSICS,0125,118,限流式与分压式接法的电压、电流调节范围对比,none,,
PHYSICS,0125,118,两种接法的特点对比,none,,
PHYSICS,0125,118,滑动变阻器接法的选择原则,none,,
PHYSICS,0125,118,电学实验设计与仪器选择的三原则,none,,
PHYSICS,0125,118,电表量程选择的要求,none,,
PHYSICS,0125,118,测量金属丝电阻率的实验原理 $\rho=R_xS/l$ 与横截面积 $S=\pi d^2/4$,none,,
PHYSICS,0125,118,金属丝直径与长度的测量要求,none,,
PHYSICS,0125,118,金属丝电阻小故用电流表外接法；闭合开关前滑动变阻器滑片调至接入阻值最大处,none,,
PHYSICS,0125,118,测多组 $U$、$I$ 数据的操作要求,none,,
PHYSICS,0126,119,计算待测电阻的两种数据处理方法,none,,
PHYSICS,0126,119,图像法作图的规范,none,,
PHYSICS,0126,119,电阻率的计算公式 $\rho=\pi R_xd^2/(4l)$,none,,
PHYSICS,0126,119,测量电阻率的误差来源,none,,
PHYSICS,0126,119,避免发热误差的操作要求,none,,
PHYSICS,0126,119,三种消除电表内阻系统误差的改进电路,none,,
PHYSICS,0126,119,串联分压比例法测电阻的原理,none,,
PHYSICS,0126,119,伏安法测电阻的实验原理 $R=U/I$,none,,
PHYSICS,0126,119,伏安法测电阻的电路连接要求,none,,
PHYSICS,0126,119,测多组数据（12 组左右）并绘制伏安特性曲线,none,,
PHYSICS,0126,119,伏安法测电阻的系统误差来源,none,,
PHYSICS,0127,120,电流表差值法的原理（用定值电阻把电流表当电压表用）与内阻求解公式,none,,
PHYSICS,0127,120,电压表差值法的原理（用定值电阻把电压表当电流表用）与内阻求解公式,none,,
PHYSICS,0127,120,半偏法测电流表内阻的步骤、实验条件（$R_1\gg R_A$）、结果与误差方向,none,,
PHYSICS,0127,120,半偏法测电压表内阻的步骤、实验条件（$R_1\ll R_V$）、结果与误差方向,none,,
PHYSICS,0127,120,等效替代法测电阻的原理与两种情况,none,,
PHYSICS,0127,120,"等效替代法的操作要点（电阻箱初值置最大、滑片位置不变、电表示数相同）与""无系统误差""的优点",none,,
PHYSICS,0128,121,电桥法测电阻的操作,none,,
PHYSICS,0128,121,电桥平衡的条件 $R_1/R_2=R_3/R_x$ 及其推导,none,,
PHYSICS,0128,121,测量电源电动势和内阻的实验原理,none,,
PHYSICS,0128,121,选电池的要求,none,,
PHYSICS,0128,121,连接电路的注意事项,none,,
PHYSICS,0128,121,闭合开关前滑动变阻器滑片置于接入阻值最大处,none,,
PHYSICS,0128,121,测量数据的要求,none,,
PHYSICS,0128,121,数据处理的计算法,none,,
PHYSICS,0128,121,数据处理的作图法,none,,
PHYSICS,0128,121,电压表分流造成的系统误差,none,,
PHYSICS,0129,122,电流表内接（串入干路）测电源时 $E$ 准确、$r$ 偏大的误差结论,none,,
PHYSICS,0129,122,电压表内接（并接电源两端）测电源时 $E$、$r$ 均偏小的误差结论,none,,
PHYSICS,0129,122,减小系统误差的电路选择,none,,
PHYSICS,0129,122,安阻法测电动势和内阻的原理式 $E=I(R+r)$,none,,
PHYSICS,0129,122,安阻法的两种图像处理,none,,
PHYSICS,0129,122,安阻法的误差来源与结论,none,,
PHYSICS,0129,122,伏阻法测电动势和内阻的原理式 $E=U+\frac{U}{R}r$,none,,
PHYSICS,0129,122,伏阻法的图像处理,none,,
PHYSICS,0129,122,伏阻法的误差来源与结论,none,,
PHYSICS,0129,122,三种测电源电动势与内阻方法的对照,none,,
PHYSICS,0130,123,多用电表电阻挡的工作原理,none,,
PHYSICS,0130,123,"欧姆表刻度不均匀、""左密右疏""的成因",none,,
PHYSICS,0130,123,二极管的单向导电性,none,,
PHYSICS,0130,123,多用电表的表盘结构与选择开关的功能区,none,,
PHYSICS,0130,123,机械调零的方法,none,,
PHYSICS,0130,123,"红黑表笔的使用规则（电流""红进黑出""）及测电压并联、测电流串联",none,,
PHYSICS,0130,123,测电阻的操作要求,none,,
PHYSICS,0130,123,电阻测量值的读取,none,,
PHYSICS,0130,123,用多用电表判断二极管正负极,none,,
PHYSICS,0130,123,使用完毕后的处置,none,,
PHYSICS,0130,123,多用电表使用的误差来源与改进,none,,
PHYSICS,0131,124,磁感应强度的矢量性与方向规定,none,,
PHYSICS,0131,124,磁感应强度定义式成立的条件,none,,
PHYSICS,0131,124,磁感应强度由磁场本身决定，与放入的通电导线无关,none,,
PHYSICS,0131,124,磁感线的五个特点,none,,
PHYSICS,0131,124,"安培定则中""因""与""果""的区分",none,,
PHYSICS,0131,124,直线电流、通电螺线管、环形电流三种磁场形态的描述,none,,
PHYSICS,0131,124,磁场叠加的分析步骤,none,,
PHYSICS,0132,125,用左手定则判定安培力方向的方法,none,,
PHYSICS,0132,125,安培力方向的特点,none,,
PHYSICS,0132,125,平行通电直导线间的相互作用,none,,
PHYSICS,0132,125,安培力大小的通式 $F=BIl\sin\theta$,none,,
PHYSICS,0132,125,电流方向与磁场垂直时 $F=BIl$；平行时 $F=0$,none,,
PHYSICS,0132,125,弯曲通电导线的有效长度,none,,
PHYSICS,0132,125,闭合线圈在匀强磁场中所受安培力合力为零,none,,
PHYSICS,0132,125,安培力作用下导体运动情况的五种判断方法,none,,
PHYSICS,0132,125,结论法的两条结论,none,,
PHYSICS,0133,126,安培力作用下力学问题的基本分析思路,none,,
PHYSICS,0133,126,安培力问题的视图转换方法,none,,
PHYSICS,0133,126,安培力作用下导体棒的平衡方程与加速方程,none,,
PHYSICS,0134,127,洛伦兹力大小的三种情形,none,,
PHYSICS,0134,127,用左手定则判定洛伦兹力方向的方法,none,,
PHYSICS,0134,127,洛伦兹力方向的特点,none,,
PHYSICS,0134,127,洛伦兹力与安培力的联系（安培力是洛伦兹力的宏观表现）与区别,none,,
PHYSICS,0134,127,洛伦兹力不做功、只改变速度方向的结论,none,,
PHYSICS,0134,127,洛伦兹力作用下带电体做变速直线运动时的动态分析链,none,,
PHYSICS,0134,127,带电体离开接触面的条件,none,,
PHYSICS,0135,128,带电粒子在匀强磁场中的三种运动形式,none,,
PHYSICS,0135,128,洛伦兹力提供向心力的方程 $qvB=mv^2/R$ 与半径公式 $R=mv/(qB)=\sqrt{2mE_k}/(qB)$,none,,
PHYSICS,0135,128,动能与半径的关系 $E_k=q^2B^2R^2/(2m)$,none,,
PHYSICS,0135,128,圆周运动周期公式 $T=2\pi R/v=2\pi m/(qB)$,none,,
PHYSICS,0135,128,"用""入射、出射方向的垂线交点""确定圆心的方法",none,,
PHYSICS,0135,128,"用""入射方向垂线与入射出射连线中垂线的交点""确定圆心的方法",none,,
PHYSICS,0135,128,由几何知识（勾股定理、三角函数、弦切角定理）求半径,none,,
PHYSICS,0135,128,由磁场宽度与轨迹水平长度求半径 $R=(L^2+d^2)/(2d)$ 与 $R=L/\sin\theta$,none,,
PHYSICS,0135,128,用圆心角求时间 $t=\theta T/(2\pi)$ 与用弧长求时间 $t=\theta R/v$,none,,
PHYSICS,0135,128,速度偏转角等于圆心角；圆心角与弦切角的关系,none,,
PHYSICS,0136,129,带电粒子在匀强磁场中做匀速圆周运动问题的解题思路,none,,
PHYSICS,0136,129,定圆心、求半径、算时间的三步分析框架,none,,
PHYSICS,0136,129,由圆心角计算时间 $t=\frac{\theta}{2\pi}T=\frac{\theta m}{qB}$,none,,
PHYSICS,0136,129,圆心角与速度偏转角、弦切角的关系,none,,
PHYSICS,0136,129,粒子源向各方向发射粒子时的临界与边界分析方法,none,,
PHYSICS,0137,130,直线边界的对称性结论,none,,
PHYSICS,0137,130,平行边界的临界条件,none,,
PHYSICS,0137,130,"圆形边界的""沿径向射入必沿径向射出""结论",none,,
PHYSICS,0137,130,圆形边界的等角进出规律,none,,
PHYSICS,0137,130,多边形/角形边界的两点把握,none,,
PHYSICS,0137,130,角形边界的临界判据,none,,
PHYSICS,0138,131,有界磁场问题的四类多解原因,none,,
PHYSICS,0138,131,带电粒子电性不同导致轨迹方向不同,none,,
PHYSICS,0138,131,磁场方向不同导致偏转方向相反,none,,
PHYSICS,0138,131,临界状态不唯一导致的多解,none,,
PHYSICS,0138,131,电场与磁场相接空间中粒子做周期性运动导致的多解,none,,
PHYSICS,0138,131,求解有界磁场多解问题的技巧,none,,
PHYSICS,0139,132,"""放缩圆""模型的适用条件（速度方向一定、大小不同）与规律",none,,
PHYSICS,0139,132,"""放缩圆""的应用方法",none,,
PHYSICS,0139,132,"""旋转圆""模型的适用条件（速度大小一定、方向不同）与规律",none,,
PHYSICS,0139,132,"""旋转圆""的应用方法",none,,
PHYSICS,0139,132,"""平移圆""模型的适用条件（速率与方向相同、入射点不同但在同一直线上）与规律",none,,
PHYSICS,0139,132,"""平移圆""的应用方法",none,,
PHYSICS,0139,132,三类动态圆模型在相同量、不同量与几何操作上的对照,none,,
PHYSICS,0140,133,刚好穿出磁场边界的临界条件,none,,
PHYSICS,0140,133,速度一定时运动时间与弧长（弦长）、圆心角的关系,none,,
PHYSICS,0140,133,速率变化时运动时间由圆心角决定,none,,
PHYSICS,0140,133,"圆形磁场中""轨迹圆半径大于磁场圆半径且入射出射点在同一径两端""时圆心角最大、时间最长",none,,
PHYSICS,0140,133,"""磁聚焦""模型的现象、条件（轨迹圆半径等于磁场圆半径）与菱形证明",none,,
PHYSICS,0140,133,"""磁发散""模型的现象、条件与菱形证明",none,,
PHYSICS,0140,133,磁聚焦与磁发散的对偶关系,none,,
PHYSICS,0141,134,速度选择器的原理与选择条件 $v_0=E/B$,none,,
PHYSICS,0141,134,磁流体发电机的原理（洛伦兹力偏转使极板带电）与稳定条件 $U=v_0Bd$,none,,
PHYSICS,0141,134,电磁流量计的原理与流量公式 $Q=\pi dU/(4B)$,none,,
PHYSICS,0141,134,霍尔效应的定义,none,,
PHYSICS,0141,134,霍尔元件的电压公式 $U_H=kIB/d$ 与霍尔系数 $k=1/(nq)$,none,,
PHYSICS,0141,134,由霍尔电压极性判断载流子类型,none,,
PHYSICS,0142,135,回旋加速器的构造,none,,
PHYSICS,0142,135,回旋加速器的工作原理,none,,
PHYSICS,0142,135,回旋加速器的最大动能公式 $E_{km}=q^2B^2R^2/(2m)$,none,,
PHYSICS,0142,135,回旋加速器的加速次数 $n=E_{km}/(qU)$ 与在磁场中运动的总时间 $t=\pi BR^2/(2U)$,none,,
PHYSICS,0142,135,质谱仪的物理分析,none,,
PHYSICS,0142,135,质谱仪中的半径公式 $r=\frac{1}{B}\sqrt{2mU/q}$ 与比荷公式 $q/m=2U/(B^2r^2)$,none,,
PHYSICS,0142,135,质谱仪按偏转半径区分不同比荷粒子的原理,none,,
PHYSICS,0143,136,组合场的定义,none,,
PHYSICS,0143,136,组合场问题的分析思路,none,,
PHYSICS,0143,136,电场中两类运动的求解方法,none,,
PHYSICS,0143,136,磁场中两类运动的求解方法,none,,
PHYSICS,0143,136,磁场与磁场组合的实质,none,,
PHYSICS,0143,136,两段圆弧衔接点与两圆心共线的几何特点,none,,
PHYSICS,0143,136,电场与磁场组合的四类衔接情形,none,,
PHYSICS,0144,137,动量定理在洛伦兹力场景中的应用,none,,
PHYSICS,0144,137,正则动量关系的推导与结论,none,,
PHYSICS,0144,137,位移与速度分量的交叉对应关系,none,,
PHYSICS,0144,137,正则动量方法的适用情形,none,,
PHYSICS,0144,137,用正则动量绕开轨迹形状分析问题的思想方法与求解速度分量的技巧,none,,
PHYSICS,0145,138,叠加场的定义,none,,
PHYSICS,0145,138,三种场在力的特点上的对比,none,,
PHYSICS,0145,138,三种场在功与能上的对比,none,,
PHYSICS,0145,138,叠加场中的五种运动形式,none,,
PHYSICS,0145,138,匀速直线运动的条件,none,,
PHYSICS,0145,138,匀变速直线运动的条件,none,,
PHYSICS,0145,138,匀速圆周运动的条件,none,,
PHYSICS,0145,138,类平抛运动的条件,none,,
PHYSICS,0146,139,配速法的三种常见情形,none,,
PHYSICS,0146,139,配速法的处理方法,none,,
PHYSICS,0146,139,配速法的物理图像,none,,
PHYSICS,0146,139,漂移速度的计算 $v_d=F_恒/(qB)$,none,,
PHYSICS,0146,139,摆线运动的最大速度与离出发点最大高度的判断方法,none,,
PHYSICS,0146,139,带电小球在电、磁场叠加场中做匀速圆周运动的临界几何分析,none,,
PHYSICS,0147,140,交变电磁场的三种类型,none,,
PHYSICS,0147,140,交变电磁场问题的基本分析思路,none,,
PHYSICS,0147,140,按时间段切分并逐段判断运动形式的方法,none,,
PHYSICS,0147,140,用衔接点的速度与位置建立前后两段联系的方法,none,,
PHYSICS,0147,140,带电粒子在电场中加速后进入磁场的组合分析,none,,
PHYSICS,0148,141,带电粒子速度与磁场方向不垂直时的运动分析,none,,
PHYSICS,0148,141,洛伦兹力只由垂直分量决定 $F_洛=qv_\perp B$,none,,
PHYSICS,0148,141,垂直分运动为匀速圆周运动，其半径 $R=mv_\perp/(qB)=mv_0\cos\theta/(qB)$,none,,
PHYSICS,0148,141,平行分运动为匀速直线运动,none,,
PHYSICS,0148,141,等距螺旋线运动的概念与螺距公式 $y=v_\parallel T=2\pi mv_0\sin\theta/(qB)$,none,,
PHYSICS,0148,141,圆周运动周期 $T=2\pi m/(qB)$ 与速度无关,none,,
PHYSICS,0148,141,"用""运动独立性""分解处理螺旋线问题的方法",none,,
PHYSICS,0149,142,立体空间电磁场问题的基本分析思路,none,,
PHYSICS,0149,142,将立体运动分解为两个互相垂直平面内运动的方法,none,,
PHYSICS,0149,142,速度与磁场成夹角时的分解法,none,,
PHYSICS,0149,142,螺旋线的直径由垂直分量决定 $D=2mv_0\sin\alpha/(qB)$、螺距由平行分量决定 $\Delta x=v_0\cos\alpha\cdot T$,none,,
PHYSICS,0149,142,两个分运动具有等时性,none,,
PHYSICS,0149,142,带电粒子经电场加速或偏转后进入磁场的空间组合问题分析,none,,
PHYSICS,0150,143,磁通量的公式 $\Phi=BS$（$S$ 为垂直于 $B$ 的投影面积）、标量性与单位 Wb,none,,
PHYSICS,0150,143,磁通量的物理意义,none,,
PHYSICS,0150,143,产生感应电流的条件,exact,产生感应电流的条件,产生感应电流的条件
PHYSICS,0150,143,回路不闭合时只有感应电动势而无感应电流,none,,
PHYSICS,0150,143,楞次定律的内容,none,,
PHYSICS,0150,143,"对""阻碍""的四个层次理解",none,,
PHYSICS,0150,143,"""增反减同""的推论",none,,
PHYSICS,0150,143,"""来拒去留""的推论",none,,
PHYSICS,0150,143,"""增缩减扩""的推论",none,,
PHYSICS,0150,143,右手定则的内容与适用情况,none,,
PHYSICS,0151,144,三个定则与一个定律的辨析,none,,
PHYSICS,0151,144,各定则的适用现象与因果关系对应,none,,
PHYSICS,0151,144,"""四步法""判断感应电流方向",none,,
PHYSICS,0151,144,探究影响感应电流方向因素的实验器材与作用,none,,
PHYSICS,0151,144,条形磁体插入/拔出的四种情形下感应电流方向与感应电流磁场方向的实验结论,none,,
PHYSICS,0151,144,"实验结论与""增反减同""的一致性",none,,
PHYSICS,0151,144,涡电流的产生与左右两部分涡电流的相互作用,none,,
PHYSICS,0151,144,"安培定则与左手定则联合分析""运动 → 电流 → 受力 → 运动""的链式问题",none,,
PHYSICS,0152,145,感应电动势的产生条件,none,,
PHYSICS,0152,145,产生感应电动势的导体相当于电源,none,,
PHYSICS,0152,145,法拉第电磁感应定律的内容,none,,
PHYSICS,0152,145,单匝与 $n$ 匝线圈的感应电动势表达式 $E=\Delta\Phi/\Delta t$、$E=n\Delta\Phi/\Delta t$,none,,
PHYSICS,0152,145,应用 $E=n\Delta\Phi/\Delta t$ 的三种思路,none,,
PHYSICS,0152,145,变化率与变化量的区别,none,,
PHYSICS,0152,145,导体垂直切割磁感线的电动势 $E=Blv$,none,,
PHYSICS,0152,145,导体不垂直切割时的电动势 $E=Blv\sin\theta$,none,,
PHYSICS,0152,145,$E=Blv$ 的五个特性,none,,
PHYSICS,0152,145,有效长度的含义,none,,
PHYSICS,0152,145,导体棒绕一端转动切割的感应电动势 $E=\frac{1}{2}Bl^2\omega$,none,,
PHYSICS,0153,146,互感现象的定义（一个线圈电流变化使其变化磁场在另一线圈中产生感应电动势）与互感电动势,none,,
PHYSICS,0153,146,自感现象的定义,none,,
PHYSICS,0153,146,自感电动势的表达式 $E=L\Delta I/\Delta t$,none,,
PHYSICS,0153,146,自感系数 $L$ 的影响因素,none,,
PHYSICS,0153,146,通电自感的现象,none,,
PHYSICS,0153,146,通电自感实验的器材要求,none,,
PHYSICS,0153,146,断电自感的现象,none,,
PHYSICS,0153,146,断电自感实验的器材要求,none,,
PHYSICS,0153,146,自感电动势总是阻碍原电流的变化,none,,
PHYSICS,0153,146,判断灯泡是否闪亮的方法,none,,
PHYSICS,0154,147,通电时自感电动势的方向与作用,none,,
PHYSICS,0154,147,断电时自感电动势的方向与作用,none,,
PHYSICS,0154,147,电流稳定时线圈的等效处理,none,,
PHYSICS,0154,147,涡流的产生,none,,
PHYSICS,0154,147,涡流的特点,exact,特点-整个导体回路的电阻一般很小-感应电流很大-故金属块的发热功率很大,涡流的特点
PHYSICS,0154,147,涡流的应用,none,,
PHYSICS,0154,147,涡流的防止措施,none,,
PHYSICS,0154,147,电磁阻尼的成因、效果与能量转化,none,,
PHYSICS,0154,147,电磁驱动的成因、效果与能量转化,none,,
PHYSICS,0154,147,相对运动下感应电动势与安培力的计算（$E=NBL(v-v')$；$F=\frac{2N^2B^2L^2(v-v')}{R}$）与最大速度条件,none,,
PHYSICS,0155,148,电磁感应电路问题的分析流程,none,,
PHYSICS,0155,148,电源的确定,none,,
PHYSICS,0155,148,电动势大小的三种计算式,none,,
PHYSICS,0155,148,电动势方向的判断,none,,
PHYSICS,0155,148,画等效电路图的方法,none,,
PHYSICS,0155,148,闭合电路欧姆定律在电磁感应问题中的应用 $I=E/(R_外+r)$,none,,
PHYSICS,0155,148,路端电压与电动势的区别,none,,
PHYSICS,0155,148,电磁感应中的电功与电热计算,none,,
PHYSICS,0155,148,通过导体横截面电荷量的计算 $q=It=n\Delta\Phi/R_总$,none,,
PHYSICS,0155,148,感生电动势与动生电动势共存的综合分析,none,,
PHYSICS,0156,149,电磁感应图像的两大类型,none,,
PHYSICS,0156,149,电磁感应图像问题的三类问题形式,none,,
PHYSICS,0156,149,判断方向所用规律,none,,
PHYSICS,0156,149,计算大小所用规律,none,,
PHYSICS,0156,149,排除法的要点,none,,
PHYSICS,0156,149,函数法的要点,none,,
PHYSICS,0156,149,图像问题的一般解题步骤,none,,
PHYSICS,0157,150,有初速度的单杆模型的等效电路,none,,
PHYSICS,0157,150,单杆模型的图形转换方法,none,,
PHYSICS,0157,150,安培力表达式 $F_安=B^2L^2v/(R+r)$ 与加速度表达式,none,,
PHYSICS,0157,150,有摩擦时单杆的运动性质（加速度逐渐减小的减速运动）与 $v$-$t$ 图像特征,none,,
PHYSICS,0157,150,单杆模型的能量分析,none,,
PHYSICS,0157,150,电荷量与位移的关系 $q=BLx/(R+r)$,none,,
PHYSICS,0157,150,用动量定理求时间,none,,
PHYSICS,0157,150,安培力的冲量公式 $I_安=BLq$,none,,
PHYSICS,0158,151,受恒定外力单杆模型的等效电路与电流表达式,none,,
PHYSICS,0158,151,受恒定外力时加速度表达式 $a=F/m-\mu g-\frac{B^2L^2v}{m(R+r)}$,none,,
PHYSICS,0158,151,受恒定外力时的运动性质（加速度减小的加速运动）与最大速度 $v_m=\frac{(F-\mu mg)(R+r)}{B^2L^2}$,none,,
PHYSICS,0158,151,受恒定外力时的能量守恒 $Fx=\frac{1}{2}mv_m^2+Q+\mu mgx$ 与焦耳热按电阻比例分配,none,,
PHYSICS,0158,151,"受恒定外力时的动量定理（$(F-\mu mg)t-BLq=mv$）与""$q$、$x$、$t$ 知一求二""的分析框架",none,,
PHYSICS,0158,151,两种单杆模型（有初速度无外力／无初速度有恒力）在加速度、运动性质、最终状态上的对照,none,,
PHYSICS,0158,151,单杆模型的动态分析闭环逻辑,none,,
PHYSICS,0159,152,单杆模型三大观点（牛顿运动定律、动量、能量）的选用原则,none,,
PHYSICS,0159,152,求瞬时状态或全过程力学量变化时用牛顿运动定律,none,,
PHYSICS,0159,152,求位移、时间、电荷量时用动量的观点,none,,
PHYSICS,0159,152,求焦耳热或功能关系时用能量的观点,none,,
PHYSICS,0159,152,求最大速度时用合力为零的平衡条件,none,,
PHYSICS,0159,152,竖直导轨中金属杆在开关闭合前后的运动图像分析,none,,
PHYSICS,0159,152,由运动要求反推外力条件,none,,
PHYSICS,0159,152,金属框在交替磁场中运动的周期性分析,none,,
PHYSICS,0160,153,单杆电源模型的等效电路,none,,
PHYSICS,0160,153,有源单杆的安培力表达式 $F_安=BL(E-BLv)/(r+R)$,none,,
PHYSICS,0160,153,有源单杆的运动过程（加速运动，$v$ 增则安培力减、加速度减）与最大速度 $v_m=E/(BL)$,none,,
PHYSICS,0160,153,有源单杆的能量关系,none,,
PHYSICS,0160,153,用动量定理求有源单杆的总电荷量 $q=mE/(B^2L^2)$,none,,
PHYSICS,0160,153,用动量定理求有源单杆加速过程的位移,none,,
PHYSICS,0161,154,含容单杆（有初速度无外力）的电流表达式 $I=(BLv-U_C)/R$ 与安培力表达式,none,,
PHYSICS,0161,154,该情形下杆做加速度减小的减速运动，$BLv=U_C$ 时电流为零并做匀速直线运动,none,,
PHYSICS,0161,154,该情形的最小速度 $v_{\min}=mv_0/(m+B^2L^2C)$ 及能量转化,none,,
PHYSICS,0161,154,用动量定理与电荷量关系求含容单杆的稳定速度,none,,
PHYSICS,0161,154,含容单杆受恒定外力时做匀加速直线运动，$a=F/(m+B^2L^2C)$,none,,
PHYSICS,0161,154,该情形下的能量关系 $W_F=\frac{1}{2}mv^2+E_C+Q$,none,,
PHYSICS,0161,154,电容器放电式的电流表达式 $I=(U_C-BLv)/R$ 与运动性质,none,,
PHYSICS,0161,154,放电式的最终速度 $v_m=BLCE/(m+B^2L^2C)$ 及能量转化,none,,
PHYSICS,0161,154,含容单杆三种情形在电流、运动性质与最终状态上的对照,none,,
PHYSICS,0161,154,含容单杆的稳定条件,none,,
PHYSICS,0162,155,不等距无外力双杆模型的受力分析,none,,
PHYSICS,0162,155,双杆模型的过程分析,none,,
PHYSICS,0162,155,双杆系统的稳定条件,none,,
PHYSICS,0162,155,不等距双杆稳定时速度不等,none,,
PHYSICS,0162,155,双杆模型的动量分析,none,,
PHYSICS,0162,155,双杆模型的能量分析,none,,
PHYSICS,0162,155,双杆模型的四步分析流程,none,,
PHYSICS,0162,155,主动杆作为电源、其电阻作为内阻的电路分析视角,none,,
PHYSICS,0163,156,不等距有外力双杆模型的受力分析,none,,
PHYSICS,0163,156,该模型的过程分析,none,,
PHYSICS,0163,156,不等距有外力双杆的稳定条件 $L_1a_1'=L_2a_2'$,none,,
PHYSICS,0163,156,该模型的动量分析,none,,
PHYSICS,0163,156,该模型的能量分析,none,,
PHYSICS,0163,156,双杆模型动量守恒的适用范围,none,,
PHYSICS,0163,156,四种双杆模型的稳定条件对照,none,,
PHYSICS,0163,156,"稳定条件与""回路电流恒为零或恒定""的统一理解",none,,
PHYSICS,0164,157,线框水平平动切割磁场的加速度,none,,
PHYSICS,0164,157,线框竖直平动切割磁场的加速度,none,,
PHYSICS,0164,157,线框斜向平动切割磁场的加速度,none,,
PHYSICS,0164,157,线框竖直/斜面进入磁场时按重力与安培力的关系分为匀速、加速、减速三种情形,none,,
PHYSICS,0164,157,线框完全进入磁场后的运动,none,,
PHYSICS,0164,157,线框进入磁场过程的能量转换,none,,
PHYSICS,0164,157,线框穿过磁场时通过横截面的电荷量 $q=\Delta\Phi/R=BL^2/R$,none,,
PHYSICS,0164,157,线框模型的三段式分析,none,,
PHYSICS,0165,158,线框模型的两条纪律,none,,
PHYSICS,0165,158,线框过程的三段式分解,none,,
PHYSICS,0165,158,线框进入与离开磁场时安培力均为阻力，故穿过磁场后速度必然减小,none,,
PHYSICS,0165,158,两线框进入同一磁场时的比较,none,,
PHYSICS,0165,158,由 $v$-$t$ 图像分析线框进出磁场过程中的速度变化与临界时刻,none,,
PHYSICS,0165,158,线框从静止释放穿越磁场时的能量与电势差分析,none,,
PHYSICS,0165,158,斜面上线框穿越两个磁场区域的运动分析与平均功率计算,none,,
PHYSICS,0166,159,正弦式交变电流的产生条件,none,,
PHYSICS,0166,159,线圈平面与中性面重合时的特点,none,,
PHYSICS,0166,159,线圈平面与中性面垂直时的特点,none,,
PHYSICS,0166,159,电流方向一个周期内改变两次,none,,
PHYSICS,0166,159,感应电动势最大值 $E_m=nBS\omega$ 与转轴位置、线圈形状无关,none,,
PHYSICS,0166,159,从中性面开始计时的变化规律,none,,
PHYSICS,0166,159,"交变电流""四值""（瞬时值、峰值、平均值、有效值）的物理含义",none,,
PHYSICS,0166,159,各值的重要关系式,none,,
PHYSICS,0166,159,"""四值""的选用原则",none,,
PHYSICS,0167,160,非常规交变电流有效值的计算方法,none,,
PHYSICS,0167,160,分段计算各段热量并求和得到一个周期的总热量,none,,
PHYSICS,0167,160,用 $Q=I^2Rt$ 与 $Q=U^2t/R$ 反求电流与电压有效值,none,,
PHYSICS,0167,160,正弦（余弦）波形部分可直用 $I_m/\sqrt2$ 的三种情形,none,,
PHYSICS,0167,160,任意一段正弦波形不能直接套用 $I_m/\sqrt2$,none,,
PHYSICS,0167,160,矩形波（方波）的分段热量计算,none,,
PHYSICS,0167,160,半波整流式正弦波形的有效值计算,none,,
PHYSICS,0167,160,有效值计算的通用思路,none,,
PHYSICS,0168,161,探究变压器电压与匝数关系的实验原理与控制变量法,none,,
PHYSICS,0168,161,实验操作步骤,none,,
PHYSICS,0168,161,电表量程的选择要求,none,,
PHYSICS,0168,161,实验结论,exact,实验结论,实验结论
PHYSICS,0168,161,实验注意事项,none,,
PHYSICS,0168,161,实验误差来源,none,,
PHYSICS,0168,161,理想变压器的三个基本特点,none,,
PHYSICS,0168,161,理想变压器的四个基本关系,none,,
PHYSICS,0168,161,多副线圈时电流关系的处理方法,none,,
PHYSICS,0168,161,变压器不改变交变电流的频率,none,,
PHYSICS,0169,162,远距离输电的电路构成,none,,
PHYSICS,0169,162,升压变压器与降压变压器的电压、电流、功率关系,none,,
PHYSICS,0169,162,输送回路中输电线电流与副线圈电流的关系 $I_2=I_3=I_线$,none,,
PHYSICS,0169,162,远距离输电的能量关系 $P_1=P_损+P_4$,none,,
PHYSICS,0169,162,电压损失的表达式 $\Delta U=U_2-U_3=I_2R$,none,,
PHYSICS,0169,162,功率损失的多种表达式 $P_损=I_2^2R=(P_2/U_2)^2R=I_2\Delta U=(\Delta U)^2/R$,none,,
PHYSICS,0169,162,高压输电的原理,none,,
PHYSICS,0169,162,含储能站的复杂输电网络分析,none,,
PHYSICS,0169,162,直流输电与交流配电的转换分析,none,,
PHYSICS,0170,163,理想变压器各量的制约关系,none,,
PHYSICS,0170,163,"变压器动态分析的""因果链""",none,,
PHYSICS,0170,163,匝数比不变、负载变化时的动态分析,none,,
PHYSICS,0170,163,负载不变、匝数比变化时的动态分析,none,,
PHYSICS,0170,163,含变压器电路动态分析的一般思路,none,,
PHYSICS,0170,163,"变压器动态分析""先副后原""的顺序要求",none,,
PHYSICS,0171,164,等效电阻法的建立,none,,
PHYSICS,0171,164,等效电阻法中的比例关系,none,,
PHYSICS,0171,164,多副线圈变压器各线圈的等效电阻 $R_k'=\frac{n_1^2}{n_k^2}R_k$,none,,
PHYSICS,0171,164,等效电源法的思路,none,,
PHYSICS,0171,164,等效电源法的结论 $E'=\frac{U}{k}$、$r'=\frac{R_0}{k^2}$,none,,
PHYSICS,0171,164,两种等效法的适用场景,none,,
PHYSICS,0171,164,含变压器输电线路中增加用户数或改变匝数比时的动态分析,none,,
PHYSICS,0172,165,电磁振荡中放电过程与充电过程的量变规律,none,,
PHYSICS,0172,165,充电过程的量变规律,none,,
PHYSICS,0172,165,电磁振荡的周期（频率）公式 $T=2\pi\sqrt{LC}$,none,,
PHYSICS,0172,165,$i$-$t$ 与 $q$-$t$ 图像的相位关系,none,,
PHYSICS,0172,165,电学量（$U$、$E$、$E_电$）对应 $q$-$t$ 图像；磁学量（$B$、$E_磁$）对应 $i$-$t$ 图像,none,,
PHYSICS,0172,165,麦克斯韦电磁场理论,none,,
PHYSICS,0172,165,三种变化情形对应关系,none,,
PHYSICS,0172,165,电磁波的形成（变化的电磁场由近及远传播）与横波性质,none,,
PHYSICS,0172,165,电磁波传播不需要介质、真空中各频率速度相同,none,,
PHYSICS,0172,165,介质中电磁波波速与频率的关系（频率越高，波速越小）及 $v=\lambda f$,none,,
PHYSICS,0172,165,$LC$ 振荡电路充放电的三种判断方法,none,,
PHYSICS,0173,166,折射定律的内容与表达式 $\sin\theta_1/\sin\theta_2=n_{12}$,none,,
PHYSICS,0173,166,光的折射与反射同时发生,none,,
PHYSICS,0173,166,折射率的定义式 $n=\sin\theta_1/\sin\theta_2$,none,,
PHYSICS,0173,166,折射率与光速的关系式 $n=c/v$ 及 $n>1$,none,,
PHYSICS,0173,166,折射率与光的频率的关系,none,,
PHYSICS,0173,166,同一种光在不同介质中频率不变,none,,
PHYSICS,0173,166,解决光的折射问题的常规思路,none,,
PHYSICS,0173,166,入射角与折射角都是光线与法线的夹角,none,,
PHYSICS,0173,166,光路的可逆性及其在作图与分析中的应用,none,,
PHYSICS,0173,166,视深问题（从正上方观察，视深约为实际深度的 $1/n$）与光在水中传播最短时间的分析,none,,
PHYSICS,0174,167,全反射现象的定义,none,,
PHYSICS,0174,167,光密介质与光疏介质的判别,none,,
PHYSICS,0174,167,全反射过程中能量的变化,none,,
PHYSICS,0174,167,临界角的定义（折射角为 90° 时的入射角）与公式 $\sin C=1/n$,none,,
PHYSICS,0174,167,发生全反射的两个条件,none,,
PHYSICS,0174,167,全反射的应用,exact,应用,全反射的应用
PHYSICS,0174,167,不同频率的光在同一介质中折射率不同（蓝光折射率大于黄光）与全反射临界角的关系,none,,
PHYSICS,0174,167,平行光射入球面时能否射出的临界分析与挡光面积的计算,none,,
PHYSICS,0175,168,光的干涉现象,none,,
PHYSICS,0175,168,光的干涉条件,none,,
PHYSICS,0175,168,相干光源的获得方法,none,,
PHYSICS,0175,168,双缝干涉的亮纹条件 $\Delta r=n\lambda$,none,,
PHYSICS,0175,168,双缝干涉的暗纹条件 $\Delta r=(2n+1)\lambda/2$,none,,
PHYSICS,0175,168,双缝干涉条纹间距公式 $\Delta x=l\lambda/d$ 及各量对其影响,none,,
PHYSICS,0175,168,由条纹间距测量光波波长的原理,none,,
PHYSICS,0175,168,薄膜干涉的形成原因,none,,
PHYSICS,0175,168,薄膜干涉的应用,exact,薄膜干涉的应用,薄膜干涉的应用
PHYSICS,0175,168,用楔形空气膜测金属丝直径的原理,none,,
PHYSICS,0176,169,斜劈薄膜干涉的条纹间距公式 $\Delta x=\lambda/(2\tan\theta)$ 及其推导,none,,
PHYSICS,0176,169,斜劈越陡条纹间距越小；条纹间距与波长成正比,none,,
PHYSICS,0176,169,光的衍射现象,none,,
PHYSICS,0176,169,发生明显衍射现象的条件,none,,
PHYSICS,0176,169,衍射的应用,none,,
PHYSICS,0176,169,单缝衍射与双缝干涉图样的区别,none,,
PHYSICS,0176,169,圆孔衍射（同心圆环、中央亮斑）与圆板衍射（中央暗斑）的图样特征,none,,
PHYSICS,0176,169,自然光的定义,none,,
PHYSICS,0176,169,偏振光的定义,none,,
PHYSICS,0176,169,光的偏振说明光是横波,none,,
PHYSICS,0177,170,测量玻璃折射率的实验原理,none,,
PHYSICS,0177,170,插针法的操作要求,none,,
PHYSICS,0177,170,入射角的选择要求,none,,
PHYSICS,0177,170,画玻璃砖边界线的操作要求,none,,
PHYSICS,0177,170,测量折射率的三种数据处理方法,none,,
PHYSICS,0177,170,误差分析,exact,误差分析-x1,误差分析
PHYSICS,0178,171,用双缝干涉测量光波波长的实验原理,none,,
PHYSICS,0178,171,实验装置与光路,none,,
PHYSICS,0178,171,单缝与双缝的作用,none,,
PHYSICS,0178,171,安装要求,none,,
PHYSICS,0178,171,测量头调节方法,none,,
PHYSICS,0178,171,条纹间距的计算公式 $\Delta x=(a_n-a_1)/(n-1)$,none,,
PHYSICS,0178,171,测量多组数据求波长的平均值,none,,
PHYSICS,0178,171,误差来源,none,,
PHYSICS,0178,171,用激光笔与双缝的实验方案及其优缺点,none,,
PHYSICS,0178,171,洛埃镜实验的原理,none,,
PHYSICS,0179,172,分子直径与分子质量的数量级,none,,
PHYSICS,0179,172,阿伏加德罗常数 $N_A=6.02\times10^{23}\ \mathrm{mol^{-1}}$ 的物理意义,none,,
PHYSICS,0179,172,分子的两种模型,none,,
PHYSICS,0179,172,分子直径与体积的关系式,none,,
PHYSICS,0179,172,宏观量与微观量的关系,none,,
PHYSICS,0179,172,气体分子占据空间体积与分子本身体积的区别,none,,
PHYSICS,0179,172,分子热运动的定义,none,,
PHYSICS,0179,172,扩散现象及其与温度的关系,none,,
PHYSICS,0179,172,布朗运动的定义、本质（微粒运动反映液体分子运动）及影响因素,none,,
PHYSICS,0179,172,分子速率分布规律（中间多两头少）及温度升高时分布曲线的变化,none,,
PHYSICS,0180,173,分子间作用力随距离的变化规律,none,,
PHYSICS,0180,173,分子势能随距离的变化规律,none,,
PHYSICS,0180,173,分子间距 $r_0$ 的物理意义,none,,
PHYSICS,0180,173,分子势能与重力势能、弹性势能、电势能的类比,none,,
PHYSICS,0180,173,分子势能为零与分子势能最小的区别,none,,
PHYSICS,0180,173,分子动能的定义与决定因素,none,,
PHYSICS,0180,173,分子势能的定义与决定因素,none,,
PHYSICS,0180,173,内能的定义（所有分子热运动动能与分子势能的总和）与决定因素,none,,
PHYSICS,0180,173,温度与内能等物理量只对大量分子有意义，对单个分子没有实际意义,none,,
PHYSICS,0181,174,单晶体、多晶体与非晶体在外形上的区别,none,,
PHYSICS,0181,174,三者在熔点上的区别,none,,
PHYSICS,0181,174,三者在物理性质上的区别,none,,
PHYSICS,0181,174,三者在原子（分子、离子）排列上的区别,none,,
PHYSICS,0181,174,各类物质的典型实例,none,,
PHYSICS,0181,174,液体表面张力的定义、形成原因（表面层分子间距大、表现为引力）、方向与作用,none,,
PHYSICS,0181,174,表面张力使液体表面积趋于最小,none,,
PHYSICS,0181,174,浸润与不浸润的定义及成因,none,,
PHYSICS,0181,174,毛细现象的定义与特点,none,,
PHYSICS,0181,174,液晶的物理性质,none,,
PHYSICS,0181,174,液晶的微观结构,none,,
PHYSICS,0181,174,判断晶体与否的依据,none,,
PHYSICS,0182,175,气体压强的产生原因,none,,
PHYSICS,0182,175,气体压强的微观决定因素,none,,
PHYSICS,0182,175,"气体压强的微观表达式 $p=2Nmv/(S\Delta t)$ 与""撞击次数×平均撞击力""的形象理解",none,,
PHYSICS,0182,175,玻意耳定律的内容与表达式,none,,
PHYSICS,0182,175,查理定律的内容与表达式,none,,
PHYSICS,0182,175,盖-吕萨克定律的内容与表达式,none,,
PHYSICS,0182,175,理想气体的定义,none,,
PHYSICS,0182,175,理想气体的特点,none,,
PHYSICS,0182,175,理想气体状态方程 $p_1V_1/T_1=p_2V_2/T_2$（或 $pV/T=C$）及常量 $C$ 的影响因素,none,,
PHYSICS,0182,175,理想气体状态方程与克拉伯龙方程 $pV=nRT$ 的关系,none,,
PHYSICS,0183,176,利用气体实验定律与理想气体状态方程解题的基本思路,none,,
PHYSICS,0183,176,等温变化的 $p$-$V$ 图像,none,,
PHYSICS,0183,176,等温变化的 $p$-$\frac{1}{V}$ 图像,none,,
PHYSICS,0183,176,等容变化的 $p$-$T$ 图像,none,,
PHYSICS,0183,176,等压变化的 $V$-$T$ 图像,none,,
PHYSICS,0183,176,图像问题分析的四要素,none,,
PHYSICS,0183,176,$p$-$V$ 图像中图线与 $V$ 轴所围面积表示气体对外界或外界对气体做的功,none,,
PHYSICS,0183,176,不同图像之间的转换方法,none,,
PHYSICS,0184,177,玻璃管-液柱模型的两类研究对象,none,,
PHYSICS,0184,177,气体压强处处相等的特点与液体压强随深度变化的特点,none,,
PHYSICS,0184,177,玻璃管-液柱模型的核心方程 $p_下+\rho gh=p_上$,none,,
PHYSICS,0184,177,解决玻璃管-液柱模型的基本步骤,none,,
PHYSICS,0184,177,常见情形下的压强关系,none,,
PHYSICS,0184,177,玻璃管缓慢旋转过程中封闭气体做等温变化,none,,
PHYSICS,0184,177,液柱粗细变化时的几何关系与压强关系分析,none,,
PHYSICS,0185,178,求封闭气体压强的力平衡法,none,,
PHYSICS,0185,178,求封闭气体压强的等压面法,none,,
PHYSICS,0185,178,求封闭气体压强的液片法,none,,
PHYSICS,0185,178,加速运动系统中封闭气体压强的求法,none,,
PHYSICS,0185,178,倾斜管中 $h$ 与管长的换算,none,,
PHYSICS,0185,178,关联气体问题的处理方法,none,,
PHYSICS,0185,178,在斜面上加速运动的液柱压强分析,none,,
PHYSICS,0186,179,活塞-汽缸模型的解题思路,none,,
PHYSICS,0186,179,以活塞为研究对象的处理方法,none,,
PHYSICS,0186,179,以气体为研究对象的处理方法,none,,
PHYSICS,0186,179,气体实验定律的选用判据,none,,
PHYSICS,0186,179,计算气体压强必以活塞为研究对象的解题规范,none,,
PHYSICS,0186,179,活塞与汽缸间有摩擦时的受力分析,none,,
PHYSICS,0187,180,单缸双塞问题的分析要点,none,,
PHYSICS,0187,180,单缸双塞加弹簧问题的分析要点,none,,
PHYSICS,0187,180,"弹簧的原长、劲度系数与伸长量在""力—几何""联系中的作用",none,,
PHYSICS,0187,180,关联气体问题（两汽缸通过细管连通、带阀门）的分析要点,none,,
PHYSICS,0187,180,绝热活塞与导热汽缸在热学分析中的含义,none,,
PHYSICS,0187,180,处理多活塞/关联气体问题的一般步骤,none,,
PHYSICS,0187,180,"活塞位置未知时""先假设后验证""的解题策略",none,,
PHYSICS,0188,181,气体变质量问题的核心思想,none,,
PHYSICS,0188,181,充气（打气）问题的研究对象选择,none,,
PHYSICS,0188,181,灌气（分装）问题的研究对象选择,none,,
PHYSICS,0188,181,漏气问题的研究对象选择,none,,
PHYSICS,0188,181,抽气问题的研究对象选择,none,,
PHYSICS,0188,181,理想气体状态方程的分态式,none,,
PHYSICS,0188,181,玻意耳定律的分态式 $p_1V_1+p_2V_2+\cdots=pV$,none,,
PHYSICS,0188,181,变质量问题的分析流程,none,,
PHYSICS,0188,181,充气问题的典型方程,none,,
PHYSICS,0188,181,"汲液器类""气体封闭与液体排出""问题的压强与体积分析",none,,
PHYSICS,0190,183,热力学第一定律的内容,none,,
PHYSICS,0190,183,表达式 $\Delta U=W+Q$ 中三个量的正负号法则,none,,
PHYSICS,0190,183,绝热过程的能量关系 $W=\Delta U$,none,,
PHYSICS,0190,183,等容过程的能量关系 $Q=\Delta U$,none,,
PHYSICS,0190,183,恒温过程或内能不变时的关系 $W+Q=0$,none,,
PHYSICS,0190,183,热力学第二定律的克劳修斯表述,none,,
PHYSICS,0190,183,热力学第二定律的开尔文表述,none,,
PHYSICS,0190,183,热力学第二定律的方向性实例,none,,
PHYSICS,0190,183,能量守恒定律的内容与条件性,none,,
PHYSICS,0190,183,第一类永动机违背能量守恒定律、第二类永动机违背热力学第二定律,none,,
PHYSICS,0190,183,等温线、等容线、等压线之间变化过程的做功、吸放热与内能变化分析,none,,
PHYSICS,0190,183,由体积变化判断做功、由温度变化判断内能的对应关系,none,,
PHYSICS,0191,184,等压线之间变化过程的做功、吸放热与内能变化分析,none,,
PHYSICS,0191,184,综合考虑气体实验定律与热力学第一定律的思维流程,none,,
PHYSICS,0191,184,研究对象的类型,none,,
PHYSICS,0191,184,由图像直接判断气体状态变化,none,,
PHYSICS,0191,184,由体积变化判断做功,none,,
PHYSICS,0191,184,由温度变化判断内能,none,,
PHYSICS,0191,184,由热力学第一定律分析吸放热与内能变化,none,,
PHYSICS,0191,184,"汽缸-活塞模型中""卡销""约束对活塞位置与压强的影响",none,,
PHYSICS,0191,184,电热丝加热过程中的能量守恒,none,,
PHYSICS,0192,185,用油膜法估测分子直径的原理 $D=V/S$,none,,
PHYSICS,0192,185,油酸酒精溶液的配制方法,none,,
PHYSICS,0192,185,一滴溶液体积的测量方法,none,,
PHYSICS,0192,185,油酸薄膜的形成方法,none,,
PHYSICS,0192,185,油膜面积的测量方法,none,,
PHYSICS,0192,185,油膜法实验的误差来源,none,,
PHYSICS,0192,185,探究等温下 $p$-$V$ 关系的实验装置与操作,none,,
PHYSICS,0192,185,数据处理方法,none,,
PHYSICS,0192,185,该实验的误差来源,none,,
PHYSICS,0193,186,热辐射的定义,none,,
PHYSICS,0193,186,黑体的定义（完全吸收入射电磁波而不反射；理想化模型）与小孔模型,none,,
PHYSICS,0193,186,黑体辐射的定义,none,,
PHYSICS,0193,186,黑体辐射的实验规律,none,,
PHYSICS,0193,186,温度升高时黑体辐射的两条变化,none,,
PHYSICS,0193,186,能量子的定义,none,,
PHYSICS,0193,186,能量子表达式 $\varepsilon=h\nu$ 与普朗克常量 $h=6.63\times10^{-34}\ \mathrm{J\cdot s}$,none,,
PHYSICS,0193,186,光电效应的定义与光电子的概念,none,,
PHYSICS,0193,186,光电效应的截止频率（极限频率）及其只与金属自身性质有关,none,,
PHYSICS,0193,186,光电效应的饱和电流,none,,
PHYSICS,0193,186,光电效应的基本规律,none,,
PHYSICS,0194,187,遏止电压的含义（使光电流减小为 0 的反向电压）及取决于入射光频率,none,,
PHYSICS,0194,187,光电效应的瞬时性,none,,
PHYSICS,0194,187,爱因斯坦光电效应方程 $E_k=h\nu-W_0$,none,,
PHYSICS,0194,187,逸出功的定义与表达式 $W_0=h\nu_c=hc/\lambda_c$,none,,
PHYSICS,0194,187,光电效应方程的物理意义,none,,
PHYSICS,0194,187,光电效应的两种决定关系,none,,
PHYSICS,0194,187,光子与光电子的区别,none,,
PHYSICS,0194,187,光电子动能与最大初动能的区别,none,,
PHYSICS,0194,187,入射光强度与光子能量的区别,none,,
PHYSICS,0194,187,$E_k$-$\nu$ 图像的读法,none,,
PHYSICS,0194,187,同频率不同光强时 $I$-$U$ 图像的读法,none,,
PHYSICS,0194,187,不同频率时 $I$-$U$ 图像的读法,none,,
PHYSICS,0194,187,$U_c$-$\nu$ 图像的读法,none,,
PHYSICS,0194,187,关键方程 $eU_c=E_k=h\nu-W_0$ 与 $U_c=\frac{h}{e}\nu-\frac{W_0}{e}$,none,,
PHYSICS,0195,188,康普顿效应的概念,none,,
PHYSICS,0195,188,光子动量的表达式 $p=h/\lambda$ 及其推导,none,,
PHYSICS,0195,188,康普顿效应的四点意义,none,,
PHYSICS,0195,188,光的波动性的表现（干涉和衍射）与概率波概念,none,,
PHYSICS,0195,188,"光的粒子性的表现（光电效应、康普顿效应）与""一份一份""的含义",none,,
PHYSICS,0195,188,波动性与粒子性的对立统一,none,,
PHYSICS,0195,188,波和粒子在宏观世界不能统一、在微观世界统一,none,,
PHYSICS,0195,188,物质波（德布罗意波）的定义,none,,
PHYSICS,0195,188,德布罗意波长公式 $\lambda=h/p=h/(mv)$,none,,
PHYSICS,0195,188,光子动量与波长的关系及光子能量与光子数的计算,none,,
PHYSICS,0196,189,"电子的发现（J.J.汤姆孙研究阴极射线）及""原子不是最小微粒""的结论",none,,
PHYSICS,0196,189,$\alpha$ 粒子散射实验的现象,none,,
PHYSICS,0196,189,卢瑟福的核式结构模型,none,,
PHYSICS,0196,189,光谱的定义（用棱镜或光栅把光按波长展开）与分类,none,,
PHYSICS,0196,189,巴耳末系与巴耳末公式 $\frac{1}{\lambda}=R_\infty(\frac{1}{2^2}-\frac{1}{n^2})$,none,,
PHYSICS,0196,189,里德伯常量 $R_\infty=1.10\times10^7\ \mathrm{m^{-1}}$,none,,
PHYSICS,0196,189,玻尔理论的轨道量子化,none,,
PHYSICS,0196,189,玻尔理论的能量量子化,none,,
PHYSICS,0196,189,频率条件 $h\nu=|E_初-E_末|$,none,,
PHYSICS,0196,189,氢原子的能级数值与能级图,none,,
PHYSICS,0196,189,自发跃迁,none,,
PHYSICS,0196,189,受激跃迁中光子激发与碰撞激发的区别,none,,
PHYSICS,0197,190,电离态的定义,none,,
PHYSICS,0197,190,电离能的定义（跃迁到电离态所需吸收的最小能量）与氢原子基态电离能 $13.6\ \mathrm{eV}$,none,,
PHYSICS,0197,190,电离后自由电子仍可具有动能,none,,
PHYSICS,0197,190,大量氢原子辐射谱线条数的计算 $N=C_n^2=n(n-1)/2$,none,,
PHYSICS,0197,190,单个氢原子最多辐射谱线条数 $n-1$,none,,
PHYSICS,0197,190,光子激发与电子（粒子）激发在能量要求上的区别,none,,
PHYSICS,0197,190,跃迁能量关系,none,,
PHYSICS,0197,190,由辐射谱线种数反推激发态的能级数 $n$,none,,
PHYSICS,0197,190,巴耳末系的判定,none,,
PHYSICS,0198,191,$\alpha$ 衰变的方程与实质,none,,
PHYSICS,0198,191,$\beta$ 衰变的方程与实质,none,,
PHYSICS,0198,191,衰变遵循电荷数守恒与质量数守恒,none,,
PHYSICS,0198,191,$\gamma$ 射线伴随 $\alpha$ 或 $\beta$ 射线产生,none,,
PHYSICS,0198,191,由两个守恒定律确定 $\alpha$、$\beta$ 衰变次数的方法,none,,
PHYSICS,0198,191,三种射线的本质、速度、电离本领与穿透本领的对比,none,,
PHYSICS,0198,191,半衰期的公式,none,,
PHYSICS,0198,191,半衰期由核内部因素决定，与外部条件（温度、压强）和化学状态无关,none,,
PHYSICS,0198,191,原子核人工转变的三个人工核反应,none,,
PHYSICS,0198,191,重核裂变的典型方程,none,,
PHYSICS,0198,191,轻核聚变的典型方程,none,,
PHYSICS,0199,192,结合能的含义,none,,
PHYSICS,0199,192,质量数越大的原子核结合能越大,none,,
PHYSICS,0199,192,比结合能的物理意义,none,,
PHYSICS,0199,192,轻核与重核的比结合能都较小、中等核最大,none,,
PHYSICS,0199,192,比结合能较小的核变为比结合能较大的核时释放核能,none,,
PHYSICS,0199,192,质能方程 $E=mc^2$ 的理解,none,,
PHYSICS,0199,192,质量亏损与释放能量 $\Delta E=\Delta mc^2$,none,,
PHYSICS,0199,192,原子核分解时吸收能量,none,,
PHYSICS,0199,192,核能计算的两种算法,none,,
PHYSICS,0199,192,原子核的结合能等于比结合能乘核子数,none,,
PHYSICS,0199,192,核反应中质量数与电荷数守恒但质量不守恒,none,,
PHYSICS,0199,192,由衰变方程用守恒定律求 $\alpha$、$\beta$ 衰变次数与释放核能,none,,
PHYSICS,0199,192,"核反应中""动量守恒 + 能量守恒""联合分析粒子动能分配",none,,
CHEMISTRY,0003,1,物质的组成,exact,物质的组成,物质的组成
CHEMISTRY,0003,1,同素异形体,none,,
CHEMISTRY,0003,1,游离态与化合态,none,,
CHEMISTRY,0003,1,物质的分类,exact,物质的分类,物质的分类
CHEMISTRY,0003,1,纯净物与混合物,none,,
CHEMISTRY,0003,1,单质与化合物,none,,
CHEMISTRY,0003,1,离子化合物与共价化合物,none,,
CHEMISTRY,0003,1,电解质与非电解质,none,,
CHEMISTRY,0003,1,碱性氧化物,none,,
CHEMISTRY,0003,1,酸性氧化物,none,,
CHEMISTRY,0003,1,两性氧化物与过氧化物,none,,
CHEMISTRY,0003,1,分散系的组成与分类,none,,
CHEMISTRY,0003,1,胶体的性质,none,,
CHEMISTRY,0003,1,丁达尔效应,exact,丁达尔效应,丁达尔效应
CHEMISTRY,0003,1,电泳与聚沉,none,,
CHEMISTRY,0003,1,Fe(OH)₃ 胶体的制备,normalized,fe-oh-3胶体的制备,Fe(OH)3胶体的制备
CHEMISTRY,0003,1,物理变化与化学变化的判断,none,,
CHEMISTRY,0004,2,三馏、三色、五解、十七化,none,,
CHEMISTRY,0004,2,物理变化与化学变化的辨析,none,,
CHEMISTRY,0004,2,物质的转化关系,none,,
CHEMISTRY,0004,2,化学与传统文化,none,,
CHEMISTRY,0004,2,古文中的物质成分与类别判断,none,,
CHEMISTRY,0005,3,古文中物质的成分判断,none,,
CHEMISTRY,0005,3,古文记载的分离提纯方法,none,,
CHEMISTRY,0005,3,蒸馏与结晶的适用对象,none,,
CHEMISTRY,0005,3,传统文化中的反应类型判断,none,,
CHEMISTRY,0005,3,由古文信息推断物质类别,none,,
CHEMISTRY,0006,4,古文记载的分离提纯方法,none,,
CHEMISTRY,0006,4,升华与蒸发结晶的适用对象,none,,
CHEMISTRY,0006,4,化石能源与清洁能源,none,,
CHEMISTRY,0006,4,金属材料,exact,金属材料,金属材料
CHEMISTRY,0006,4,无机非金属材料,none,,
CHEMISTRY,0006,4,有机高分子材料,none,,
CHEMISTRY,0006,4,复合材料,none,,
CHEMISTRY,0006,4,环境问题与防治措施,none,,
CHEMISTRY,0006,4,酸雨的成因与治理,none,,
CHEMISTRY,0007,5,环境问题与防治措施,none,,
CHEMISTRY,0007,5,绿色化学,exact,绿色化学,绿色化学
CHEMISTRY,0007,5,原子经济性,exact,原子经济性,原子经济性
CHEMISTRY,0007,5,原子利用率的计算,none,,
CHEMISTRY,0007,5,常见食品添加剂,none,,
CHEMISTRY,0007,5,常见药物的成分与用途,none,,
CHEMISTRY,0007,5,合理用药,none,,
CHEMISTRY,0007,5,药物的设计与合成,none,,
CHEMISTRY,0008,6,铝热反应及其应用,none,,
CHEMISTRY,0008,6,钠的还原性与冶炼金属,none,,
CHEMISTRY,0008,6,碳还原二氧化硅制备粗硅,none,,
CHEMISTRY,0008,6,FeCl₃ 溶液腐蚀铜制印刷电路板,none,,
CHEMISTRY,0008,6,硅的半导体性质,none,,
CHEMISTRY,0008,6,二氧化硅与光导纤维,none,,
CHEMISTRY,0008,6,二氧化硫的杀菌与抗氧化作用,none,,
CHEMISTRY,0008,6,铁粉的还原性与食品抗氧化,none,,
CHEMISTRY,0008,6,浓氨水检验氯气管道漏气,none,,
CHEMISTRY,0008,6,纯碱溶液去油污的水解原理,none,,
CHEMISTRY,0008,6,硅酸钠（水玻璃）的性质与用途,none,,
CHEMISTRY,0009,7,物质的量,exact,物质的量,物质的量
CHEMISTRY,0009,7,阿伏加德罗常数,exact,阿伏加德罗常数,阿伏加德罗常数
CHEMISTRY,0009,7,摩尔质量,none,,
CHEMISTRY,0009,7,气体摩尔体积,exact,气体摩尔体积-x1,气体摩尔体积
CHEMISTRY,0009,7,标准状况,none,,
CHEMISTRY,0009,7,阿伏加德罗定律,none,,
CHEMISTRY,0009,7,阿伏加德罗定律的推论,none,,
CHEMISTRY,0009,7,理想气体状态方程,none,,
CHEMISTRY,0009,7,物质的量与粒子数、质量、体积的换算,none,,
CHEMISTRY,0010,8,物质的量浓度,exact,物质的量浓度-x1,物质的量浓度
CHEMISTRY,0010,8,溶质质量分数与物质的量浓度的换算,none,,
CHEMISTRY,0010,8,溶液的稀释定律,none,,
CHEMISTRY,0010,8,以物质的量为中心的换算关系,none,,
CHEMISTRY,0010,8,容量瓶的规格与选择,none,,
CHEMISTRY,0010,8,一定物质的量浓度溶液的配制步骤,none,,
CHEMISTRY,0010,8,容量瓶的使用与检漏,none,,
CHEMISTRY,0011,9,容量瓶的检漏,none,,
CHEMISTRY,0011,9,溶液的转移与洗涤操作,none,,
CHEMISTRY,0011,9,定容操作,none,,
CHEMISTRY,0011,9,配制溶液的误差分析,none,,
CHEMISTRY,0011,9,仰视与俯视读数对结果的影响,none,,
CHEMISTRY,0012,10,守恒法,none,,
CHEMISTRY,0012,10,电荷守恒,none,,
CHEMISTRY,0012,10,元素守恒与原子守恒,none,,
CHEMISTRY,0012,10,得失电子守恒,none,,
CHEMISTRY,0012,10,质量守恒定律,none,,
CHEMISTRY,0012,10,差量法,none,,
CHEMISTRY,0012,10,理论差量与实际差量,none,,
CHEMISTRY,0013,11,关系式法,none,,
CHEMISTRY,0013,11,多步反应中起始物质与最终物质的量的关系,none,,
CHEMISTRY,0013,11,由守恒关系直接建立关系式,none,,
CHEMISTRY,0014,12,电解质与非电解质,none,,
CHEMISTRY,0014,12,强电解质与弱电解质,exact,强电解质与弱电解质,强电解质与弱电解质
CHEMISTRY,0014,12,电离方程式,none,,
CHEMISTRY,0014,12,多元弱酸的分步电离,none,,
CHEMISTRY,0014,12,酸式盐的电离,none,,
CHEMISTRY,0014,12,离子反应,exact,离子反应,离子反应
CHEMISTRY,0014,12,复分解反应型离子反应,none,,
CHEMISTRY,0014,12,离子共存判断,none,,
CHEMISTRY,0014,12,无色溶液中的有色离子,none,,
CHEMISTRY,0014,12,归中反应,none,,
CHEMISTRY,0014,12,硝酸的强氧化性,none,,
CHEMISTRY,0014,12,ClO⁻ 的氧化性,none,,
CHEMISTRY,0015,13,离子共存中的复分解反应,none,,
CHEMISTRY,0015,13,离子共存中的氧化还原反应,none,,
CHEMISTRY,0015,13,配合反应,none,,
CHEMISTRY,0015,13,相互促进的水解反应,none,,
CHEMISTRY,0015,13,判断溶液酸碱性的常见信息,none,,
CHEMISTRY,0015,13,离子推断的四原则,none,,
CHEMISTRY,0015,13,离子方程式的书写步骤,none,,
CHEMISTRY,0015,13,离子方程式书写的两易、两等、两查,none,,
CHEMISTRY,0015,13,微溶物的书写规则,none,,
CHEMISTRY,0015,13,与量有关的离子方程式,none,,
CHEMISTRY,0015,13,连续型反应,none,,
CHEMISTRY,0016,14,连续型反应,none,,
CHEMISTRY,0016,14,物质配比型反应,none,,
CHEMISTRY,0016,14,少量物质定为 1 mol 的配比法,none,,
CHEMISTRY,0016,14,竞争型反应,none,,
CHEMISTRY,0016,14,复分解反应型的反应先后顺序,none,,
CHEMISTRY,0016,14,氧化还原反应型的反应先后顺序,none,,
CHEMISTRY,0016,14,离子方程式正误判断,none,,
CHEMISTRY,0016,14,明矾净水原理的离子方程式,none,,
CHEMISTRY,0017,15,离子方程式正误判断,none,,
CHEMISTRY,0017,15,反应物配比与题设条件对离子方程式的影响,none,,
CHEMISTRY,0017,15,氧化还原反应的本质,none,,
CHEMISTRY,0017,15,氧化还原反应的特征,none,,
CHEMISTRY,0017,15,氧化剂与还原剂,none,,
CHEMISTRY,0017,15,氧化产物与还原产物,none,,
CHEMISTRY,0017,15,氧化还原反应与四种基本反应类型的关系,none,,
CHEMISTRY,0018,16,常见的氧化剂,none,,
CHEMISTRY,0018,16,常见的还原剂,none,,
CHEMISTRY,0018,16,氧化性、还原性强弱的比较,exact,氧化性-还原性强弱的比较,氧化性、还原性强弱的比较
CHEMISTRY,0018,16,由反应方程式判断氧化性与还原性,none,,
CHEMISTRY,0018,16,金属、非金属活动性顺序,none,,
CHEMISTRY,0018,16,元素周期律与氧化性还原性,none,,
CHEMISTRY,0018,16,由反应条件与剧烈程度比较,none,,
CHEMISTRY,0018,16,由反应程度比较氧化性,none,,
CHEMISTRY,0018,16,浓度、酸碱度对氧化性还原性的影响,none,,
CHEMISTRY,0019,17,酸碱度对氧化性的影响,none,,
CHEMISTRY,0019,17,电子转移难易与氧化性还原性强弱,none,,
CHEMISTRY,0019,17,氧化还原反应的守恒规律,none,,
CHEMISTRY,0019,17,氧化还原反应的强弱规律,none,,
CHEMISTRY,0019,17,价态规律,none,,
CHEMISTRY,0019,17,归中规律,none,,
CHEMISTRY,0019,17,同种元素相邻价态不发生氧化还原反应,none,,
CHEMISTRY,0019,17,难易规律,none,,
CHEMISTRY,0019,17,先后规律,none,,
CHEMISTRY,0020,18,氧化还原反应方程式的配平原则,none,,
CHEMISTRY,0020,18,得失电子守恒配平法,none,,
CHEMISTRY,0020,18,电荷守恒配平法,none,,
CHEMISTRY,0020,18,氧化还原反应方程式的配平步骤,none,,
CHEMISTRY,0020,18,正向配平法,none,,
CHEMISTRY,0020,18,逆向配平法,none,,
CHEMISTRY,0020,18,缺项配平法,none,,
CHEMISTRY,0020,18,有机物中碳元素化合价的判定,none,,
CHEMISTRY,0020,18,特殊物质中元素的化合价,none,,
CHEMISTRY,0020,18,得失电子守恒法计算,none,,
CHEMISTRY,0020,18,单线桥与双线桥,none,,
CHEMISTRY,0021,19,得失电子守恒的应用,none,,
CHEMISTRY,0021,19,新情境中氧化还原反应方程式的书写,none,,
CHEMISTRY,0021,19,氧化还原滴定数据处理,none,,
CHEMISTRY,0021,19,由化合价升降确定氧化剂与还原产物,none,,
CHEMISTRY,0021,19,缺项配平中 H⁺ 或 OH⁻ 的补充,none,,
CHEMISTRY,0022,20,新情境中氧化还原反应方程式的书写,none,,
CHEMISTRY,0022,20,中性溶液中配平电荷的加 H⁺ 或 OH⁻ 规则,none,,
CHEMISTRY,0022,20,常见物质的氧化还原转化关系,none,,
CHEMISTRY,0022,20,非氧化还原反应离子方程式的书写,none,,
CHEMISTRY,0022,20,根据题干或流程图信息书写方程式,none,,
CHEMISTRY,0022,20,由元素周期律类比迁移,none,,
CHEMISTRY,0022,20,基于盐类水解原理书写方程式,none,,
CHEMISTRY,0022,20,由物质稳定性推断分解产物,none,,
CHEMISTRY,0022,20,由平衡移动原理书写离子方程式,none,,
CHEMISTRY,0023,22,钠的物理性质与保存,none,,
CHEMISTRY,0023,22,钠的化学性质,none,,
CHEMISTRY,0023,22,钠的用途,exact,钠的用途,钠的用途
CHEMISTRY,0023,22,氧化钠,exact,氧化钠,氧化钠
CHEMISTRY,0023,22,过氧化钠,exact,过氧化钠,过氧化钠
CHEMISTRY,0023,22,过氧化钠的电子式,none,,
CHEMISTRY,0023,22,碳酸钠与碳酸氢钠,none,,
CHEMISTRY,0023,22,碳酸钠与碳酸氢钠的相互转化,exact,碳酸钠与碳酸氢钠的相互转化,碳酸钠与碳酸氢钠的相互转化
CHEMISTRY,0023,22,碳酸钠与碳酸氢钠的鉴别,none,,
CHEMISTRY,0023,22,焰色试验,exact,焰色试验,焰色试验
CHEMISTRY,0023,22,焰色试验的本质与实验步骤,none,,
CHEMISTRY,0025,23,侯氏制碱法,none,,
CHEMISTRY,0025,23,侯氏制碱法的反应原理,none,,
CHEMISTRY,0025,23,侯氏制碱法的循环物质,none,,
CHEMISTRY,0025,23,索尔维法与侯氏制碱法的比较,none,,
CHEMISTRY,0025,23,碱金属单质的物理性质,none,,
CHEMISTRY,0025,23,碱金属的密度递变规律,none,,
CHEMISTRY,0025,23,碱金属与水、氧气的反应规律,none,,
CHEMISTRY,0025,23,超氧化钾,none,,
CHEMISTRY,0026,24,铁的物理性质,exact,铁的物理性质,铁的物理性质
CHEMISTRY,0026,24,铁的化学性质,exact,铁的化学性质,铁的化学性质
CHEMISTRY,0026,24,铁的钝化,none,,
CHEMISTRY,0026,24,铁与稀硝酸的反应,none,,
CHEMISTRY,0026,24,铁与不同氧化性非金属单质的反应,none,,
CHEMISTRY,0026,24,铁的氧化物,exact,铁的氧化物,铁的氧化物
CHEMISTRY,0026,24,铁的氢氧化物,exact,铁的氢氧化物,铁的氢氧化物
CHEMISTRY,0026,24,Fe(OH)₂ 的制备与氧化,none,,
CHEMISTRY,0026,24,Fe²⁺ 与 Fe³⁺ 的检验,none,,
CHEMISTRY,0026,24,铁氰化钾检验 Fe²⁺,none,,
CHEMISTRY,0026,24,邻二氮菲检验 Fe²⁺,none,,
CHEMISTRY,0026,24,Fe²⁺ 与 Fe³⁺ 的相互转化,normalized,fe2-与fe3-的相互转化,Fe2＋与Fe3＋的相互转化
CHEMISTRY,0026,24,铁元素的价—类二维图,none,,
CHEMISTRY,0027,25,金属冶炼方法,none,,
CHEMISTRY,0027,25,电解法冶炼活泼金属,none,,
CHEMISTRY,0027,25,热还原法冶炼金属,none,,
CHEMISTRY,0027,25,热分解法冶炼不活泼金属,none,,
CHEMISTRY,0027,25,钾的冶炼原理,none,,
CHEMISTRY,0027,25,合金,exact,合金,合金
CHEMISTRY,0027,25,合金的性能特点,none,,
CHEMISTRY,0027,25,铁合金与碳素钢,none,,
CHEMISTRY,0027,25,铝合金,none,,
CHEMISTRY,0027,25,新型合金,none,,
CHEMISTRY,0028,26,镁的物理性质与化学性质,none,,
CHEMISTRY,0028,26,镁的用途,none,,
CHEMISTRY,0028,26,氧化镁,none,,
CHEMISTRY,0028,26,氢氧化镁,none,,
CHEMISTRY,0028,26,从海水中提取金属镁,none,,
CHEMISTRY,0028,26,铝的物理性质与化学性质,none,,
CHEMISTRY,0028,26,铝的钝化,none,,
CHEMISTRY,0028,26,氧化铝,none,,
CHEMISTRY,0028,26,两性氧化物,none,,
CHEMISTRY,0028,26,氢氧化铝,none,,
CHEMISTRY,0028,26,两性氢氧化物,none,,
CHEMISTRY,0028,26,四羟基合铝酸钠,none,,
CHEMISTRY,0028,26,铜的物理性质与化学性质,none,,
CHEMISTRY,0028,26,铜绿的形成,none,,
CHEMISTRY,0028,26,氧化性强弱对铜产物价态的影响,none,,
CHEMISTRY,0029,27,氧化亚铜的性质,none,,
CHEMISTRY,0029,27,氧化亚铜与稀硫酸的歧化反应,none,,
CHEMISTRY,0029,27,无水硫酸铜检验水,none,,
CHEMISTRY,0029,27,铜的化合物间转化关系,none,,
CHEMISTRY,0029,27,胆矾与无水硫酸铜的相互转化,none,,
CHEMISTRY,0030,28,化工流程图的结构主线,none,,
CHEMISTRY,0030,28,原料预处理的读题方法,none,,
CHEMISTRY,0030,28,元素守恒与化合价升降分析法,none,,
CHEMISTRY,0030,28,粉碎研磨的作用,none,,
CHEMISTRY,0030,28,水浸、酸浸、碱浸、盐浸,none,,
CHEMISTRY,0030,28,提高浸出率的方法,none,,
CHEMISTRY,0030,28,焙烧、煅烧、灼烧的作用,none,,
CHEMISTRY,0030,28,温度对反应的影响,none,,
CHEMISTRY,0030,28,温度过高或过低的答题思路,none,,
CHEMISTRY,0030,28,酸浸中硫酸盐沉淀的二次除杂,none,,
CHEMISTRY,0030,28,盐酸浸取与氧化剂的相互影响,none,,
CHEMISTRY,0031,29,压强对反应的影响,none,,
CHEMISTRY,0031,29,减压蒸馏,none,,
CHEMISTRY,0031,29,调节 pH 的目的与原则,none,,
CHEMISTRY,0031,29,调节 pH 的常用试剂,none,,
CHEMISTRY,0031,29,调节 pH 的注意事项,none,,
CHEMISTRY,0031,29,金属离子沉淀完全的 pH 判断,none,,
CHEMISTRY,0031,29,除杂时沉淀剂的选择,none,,
CHEMISTRY,0031,29,溶度积常数的计算,none,,
CHEMISTRY,0031,29,过滤与抽滤,none,,
CHEMISTRY,0031,29,萃取和分液,none,,
CHEMISTRY,0031,29,蒸发结晶与冷却结晶的选择,none,,
CHEMISTRY,0031,29,蒸馏和分馏,none,,
CHEMISTRY,0031,29,反萃取,none,,
CHEMISTRY,0031,29,趁热过滤的目的,none,,
CHEMISTRY,0031,29,洗涤沉淀的方法,none,,
CHEMISTRY,0031,29,气体氛围中蒸发防水解,none,,
CHEMISTRY,0031,29,重结晶,exact,重结晶,重结晶
CHEMISTRY,0032,30,循环物质的判断,none,,
CHEMISTRY,0032,30,化工流程图中箭头回头的含义,none,,
CHEMISTRY,0032,30,母液的循环利用,none,,
CHEMISTRY,0032,30,调 pH 沉淀法,none,,
CHEMISTRY,0032,30,碳酸氢盐沉淀法,none,,
CHEMISTRY,0034,32,粗硅的制备,none,,
CHEMISTRY,0034,32,硅的用途,none,,
CHEMISTRY,0034,32,二氧化硅的存在形式与物理性质,none,,
CHEMISTRY,0034,32,二氧化硅与碱、碱性氧化物的反应,none,,
CHEMISTRY,0034,32,二氧化硅与氢氟酸反应,none,,
CHEMISTRY,0034,32,盛碱试剂瓶用橡胶塞,none,,
CHEMISTRY,0034,32,硅酸的性质与制备,none,,
CHEMISTRY,0034,32,硅胶,none,,
CHEMISTRY,0034,32,硅酸钠与水玻璃,none,,
CHEMISTRY,0034,32,硅酸盐材料,none,,
CHEMISTRY,0034,32,玻璃的生产原理,none,,
CHEMISTRY,0034,32,新型陶瓷与碳化硅,none,,
CHEMISTRY,0034,32,碳纳米材料,none,,
CHEMISTRY,0035,33,氯气的物理性质,none,,
CHEMISTRY,0035,33,氯气与金属、非金属的反应,none,,
CHEMISTRY,0035,33,氯气与还原性物质的反应,none,,
CHEMISTRY,0035,33,氯气与碱、水的反应,none,,
CHEMISTRY,0035,33,氯气与变价金属生成高价氯化物,none,,
CHEMISTRY,0035,33,氯气的实验室制法,none,,
CHEMISTRY,0035,33,氯气制取装置的净化与尾气吸收,none,,
CHEMISTRY,0035,33,新制氯水的成分,none,,
CHEMISTRY,0035,33,氯水中各微粒的性质,none,,
CHEMISTRY,0035,33,氯水的漂白性,none,,
CHEMISTRY,0035,33,次氯酸的性质,none,,
CHEMISTRY,0035,33,漂白液的制备与成分,none,,
CHEMISTRY,0035,33,漂白粉的制备、成分与失效,none,,
CHEMISTRY,0036,34,氯元素的价—类二维图,none,,
CHEMISTRY,0036,34,氯气与碱的歧化反应,none,,
CHEMISTRY,0036,34,氯的含氧酸盐间的归中反应,none,,
CHEMISTRY,0036,34,歧化反应需碱性、归中反应需酸性,none,,
CHEMISTRY,0036,34,卤素单质的相似性,none,,
CHEMISTRY,0036,34,卤素单质性质的递变性,none,,
CHEMISTRY,0036,34,氟元素的特殊性,none,,
CHEMISTRY,0036,34,溴单质的保存,none,,
CHEMISTRY,0036,34,碘与淀粉的显色反应,none,,
CHEMISTRY,0036,34,硫代硫酸钠与碘的反应,none,,
CHEMISTRY,0036,34,卤素互化物,none,,
CHEMISTRY,0036,34,拟卤素与换元法,none,,
CHEMISTRY,0036,34,卤素离子的沉淀法检验,none,,
CHEMISTRY,0036,34,卤素离子的置换—萃取法检验,none,,
CHEMISTRY,0036,34,碘离子的氧化—淀粉法检验,none,,
CHEMISTRY,0037,35,氯碱工业的反应原理,none,,
CHEMISTRY,0037,35,海水提溴的流程,none,,
CHEMISTRY,0037,35,海水提溴中的氧化还原反应,none,,
CHEMISTRY,0037,35,溴的吹出与富集,none,,
CHEMISTRY,0037,35,海带提碘的流程,none,,
CHEMISTRY,0037,35,碘的萃取与分液,none,,
CHEMISTRY,0037,35,反萃取法提碘,none,,
CHEMISTRY,0037,35,碘的归中反应,none,,
CHEMISTRY,0038,36,硫单质的物理性质,none,,
CHEMISTRY,0038,36,硫单质的氧化性与还原性,none,,
CHEMISTRY,0038,36,二氧化硫的物理性质,none,,
CHEMISTRY,0038,36,二氧化硫的酸性氧化物性质,none,,
CHEMISTRY,0038,36,二氧化硫的还原性,none,,
CHEMISTRY,0038,36,二氧化硫的漂白性,none,,
CHEMISTRY,0038,36,二氧化硫与二氧化碳的鉴别与除杂顺序,none,,
CHEMISTRY,0038,36,二氧化硫的实验室制法,none,,
CHEMISTRY,0038,36,二氧化硫的用途,none,,
CHEMISTRY,0038,36,三氧化硫的性质,none,,
CHEMISTRY,0038,36,硫化氢的性质,none,,
CHEMISTRY,0038,36,硫酸的物理性质,none,,
CHEMISTRY,0038,36,浓硫酸的三大特性,none,,
CHEMISTRY,0038,36,浓硫酸的强氧化性,none,,
CHEMISTRY,0038,36,钝化现象,none,,
CHEMISTRY,0038,36,接触法制硫酸,none,,
CHEMISTRY,0038,36,硫酸根离子的检验,none,,
CHEMISTRY,0039,37,硫酸根离子的检验方法,none,,
CHEMISTRY,0039,37,加盐酸排除干扰离子,none,,
CHEMISTRY,0039,37,硫元素的价—类二维图,none,,
CHEMISTRY,0039,37,硫元素化合价的台阶式升降,none,,
CHEMISTRY,0039,37,浓硫酸干燥二氧化硫,none,,
CHEMISTRY,0039,37,含硫物质的连续氧化,none,,
CHEMISTRY,0039,37,硫不能一步氧化为三氧化硫,none,,
CHEMISTRY,0039,37,+4 价硫化合物的相互转化,none,,
CHEMISTRY,0039,37,硫在自然界中的循环,none,,
CHEMISTRY,0040,38,氮气的结构与化学性质,none,,
CHEMISTRY,0040,38,氮的固定,none,,
CHEMISTRY,0040,38,一氧化氮与二氧化氮的性质,none,,
CHEMISTRY,0040,38,二氧化氮与四氧化二氮的平衡,none,,
CHEMISTRY,0040,38,氮氧化物的污染,none,,
CHEMISTRY,0040,38,硝酸的物理性质,none,,
CHEMISTRY,0040,38,硝酸的强氧化性,none,,
CHEMISTRY,0040,38,硝酸与金属、非金属的反应,none,,
CHEMISTRY,0040,38,硝酸的不稳定性,none,,
CHEMISTRY,0040,38,硝酸的工业制法,none,,
CHEMISTRY,0040,38,氨的分子结构与空间构型,none,,
CHEMISTRY,0040,38,氨的物理性质,none,,
CHEMISTRY,0040,38,氨与水、酸、氧气的反应,none,,
CHEMISTRY,0040,38,氨的配位性,none,,
CHEMISTRY,0040,38,氨的实验室制法,exact,氨的实验室制法,氨的实验室制法
CHEMISTRY,0040,38,氨的验满方法,none,,
CHEMISTRY,0040,38,氨的工业合成,none,,
CHEMISTRY,0041,39,喷泉实验的原理,none,,
CHEMISTRY,0041,39,形成喷泉的气体与液体组合,none,,
CHEMISTRY,0041,39,铵盐的物理性质,none,,
CHEMISTRY,0041,39,铵盐与碱的反应,none,,
CHEMISTRY,0041,39,铵盐的受热分解,none,,
CHEMISTRY,0041,39,铵根离子的水解,none,,
CHEMISTRY,0041,39,铵根离子的检验,none,,
CHEMISTRY,0041,39,氮元素的价—类二维图,none,,
CHEMISTRY,0041,39,氮氧化物的歧化反应,none,,
CHEMISTRY,0041,39,氮氧化物的归中反应,none,,
CHEMISTRY,0041,39,氮气不能一步氧化为二氧化氮,none,,
CHEMISTRY,0042,40,原子的构成,none,,
CHEMISTRY,0042,40,质量数与质子数、中子数的关系,none,,
CHEMISTRY,0042,40,元素、核素、同位素的概念,none,,
CHEMISTRY,0042,40,核素中子数可以为 0,none,,
CHEMISTRY,0042,40,概率密度与电子云,none,,
CHEMISTRY,0042,40,原子轨道的概念,none,,
CHEMISTRY,0042,40,原子轨道的形状与数目,none,,
CHEMISTRY,0042,40,原子轨道的能量高低顺序,none,,
CHEMISTRY,0042,40,电子的空间运动状态与运动状态,none,,
CHEMISTRY,0042,40,构造原理,exact,构造原理,构造原理
CHEMISTRY,0042,40,能量最低原理,none,,
CHEMISTRY,0042,40,泡利原理,none,,
CHEMISTRY,0042,40,洪特规则,none,,
CHEMISTRY,0042,40,基态阳离子的电子排布式,none,,
CHEMISTRY,0042,40,原子结构示意图,none,,
CHEMISTRY,0043,41,基态原子核外电子排布的表示方法,exact,基态原子核外电子排布的表示方法,基态原子核外电子排布的表示方法
CHEMISTRY,0043,41,电子排布式与简化电子排布式,none,,
CHEMISTRY,0043,41,电子排布图,none,,
CHEMISTRY,0043,41,价电子排布式,none,,
CHEMISTRY,0043,41,全充满、半充满、全空结构的稳定性,none,,
CHEMISTRY,0043,41,由价电子排布式判断元素所在周期,none,,
CHEMISTRY,0043,41,基态、激发态与原子光谱,none,,
CHEMISTRY,0043,41,元素周期表的结构,exact,元素周期表的结构,元素周期表的结构
CHEMISTRY,0043,41,元素周期表的 s、p、d、ds 分区,none,,
CHEMISTRY,0043,41,价电子排布与元素性质的关系,none,,
CHEMISTRY,0044,42,元素周期表的分区,none,,
CHEMISTRY,0044,42,元素周期表和元素周期律的应用,none,,
CHEMISTRY,0044,42,半导体材料的寻找区域,none,,
CHEMISTRY,0044,42,主族元素性质的递变规律,none,,
CHEMISTRY,0044,42,电离能的递变与反常,none,,
CHEMISTRY,0044,42,由逐级电离能判断化合价,none,,
CHEMISTRY,0044,42,电负性的应用,none,,
CHEMISTRY,0044,42,由化合价正负比较电负性,none,,
CHEMISTRY,0044,42,对角线规则,exact,对角线规则,对角线规则
CHEMISTRY,0044,42,微粒半径大小的三看比较法,none,,
CHEMISTRY,0045,43,金属性强弱的判断依据,none,,
CHEMISTRY,0045,43,非金属性强弱的判断依据,none,,
CHEMISTRY,0045,43,用最高价氧化物对应水化物比较金属性、非金属性,none,,
CHEMISTRY,0045,43,位—构—性关系,none,,
CHEMISTRY,0045,43,核外电子层数与周期数的关系,none,,
CHEMISTRY,0045,43,最外层电子数与主族序数的关系,none,,
CHEMISTRY,0045,43,化合价与族序数的关系,none,,
CHEMISTRY,0045,43,由元素在周期表中的特殊位置推断元素,none,,
CHEMISTRY,0046,44,由短周期元素特征推断元素,none,,
CHEMISTRY,0046,44,由第四周期元素未成对电子数推断元素,none,,
CHEMISTRY,0046,44,10 电子微粒,none,,
CHEMISTRY,0046,44,18 电子微粒,none,,
CHEMISTRY,0046,44,"""阴上、阳下""规律",none,,
CHEMISTRY,0046,44,元素推断的常考类型,none,,
CHEMISTRY,0046,44,同主族相邻周期元素原子序数之差,none,,
CHEMISTRY,0047,45,由核外电子数之和推断短周期元素,none,,
CHEMISTRY,0047,45,结构式型元素推断,none,,
CHEMISTRY,0047,45,共价键数目与元素的对应关系,none,,
CHEMISTRY,0047,45,离子化合物中阳离子电荷与族序数的关系,none,,
CHEMISTRY,0047,45,不满足 8 电子稳定结构的情况,none,,
CHEMISTRY,0047,45,多核离子中电荷的归属分析,none,,
CHEMISTRY,0047,45,配位键对成键数目的影响,none,,
CHEMISTRY,0048,46,坐标图像型元素推断,none,,
CHEMISTRY,0048,46,核反应型元素推断,none,,
CHEMISTRY,0048,46,核反应中的质子数守恒与质量数守恒,none,,
CHEMISTRY,0049,47,化学键的分类,none,,
CHEMISTRY,0049,47,离子键与离子化合物,none,,
CHEMISTRY,0049,47,极性键与非极性键,none,,
CHEMISTRY,0049,47,σ 键与 π 键,none,,
CHEMISTRY,0049,47,共价键成键规律,none,,
CHEMISTRY,0049,47,键参数及其对分子性质的影响,none,,
CHEMISTRY,0049,47,共价键的方向性和饱和性,none,,
CHEMISTRY,0049,47,配位键,exact,配位键,配位键
CHEMISTRY,0049,47,配合物的组成,none,,
CHEMISTRY,0049,47,离子键的影响因素,none,,
CHEMISTRY,0049,47,金属键及其影响因素,none,,
CHEMISTRY,0049,47,金属的物理性质与金属键,none,,
CHEMISTRY,0049,47,共价化合物与离子化合物的判断,none,,
CHEMISTRY,0050,48,电子式的书写方法,none,,
CHEMISTRY,0050,48,结构式,none,,
CHEMISTRY,0050,48,价层电子对互斥（VSEPR）模型,none,,
CHEMISTRY,0050,48,中心原子价层电子对数的计算公式,none,,
CHEMISTRY,0050,48,孤电子对数的计算,none,,
CHEMISTRY,0050,48,离子中中心原子价电子数的修正,none,,
CHEMISTRY,0051,49,杂化轨道理论的要点,none,,
CHEMISTRY,0051,49,sp、sp²、sp³ 杂化轨道,none,,
CHEMISTRY,0051,49,杂化轨道类型的判断,none,,
CHEMISTRY,0051,49,价层电子对数与杂化轨道数的关系,none,,
CHEMISTRY,0051,49,分子与离子的空间结构判断,none,,
CHEMISTRY,0051,49,等电子原理,exact,等电子原理,等电子原理
CHEMISTRY,0051,49,常见等电子体及其空间结构,none,,
CHEMISTRY,0051,49,范德华力及其影响因素,none,,
CHEMISTRY,0051,49,氢键的表示方法,none,,
CHEMISTRY,0051,49,氢键的形成原子与特征,none,,
CHEMISTRY,0051,49,分子间氢键与分子内氢键,none,,
CHEMISTRY,0052,50,氢键的影响因素,none,,
CHEMISTRY,0052,50,氢键对物质性质的影响,none,,
CHEMISTRY,0052,50,分子的手性,none,,
CHEMISTRY,0052,50,手性碳原子,none,,
CHEMISTRY,0052,50,极性分子与非极性分子,none,,
CHEMISTRY,0052,50,键的极性对酸性的影响,none,,
CHEMISTRY,0052,50,推电子基团与吸电子基团,none,,
CHEMISTRY,0052,50,电子云密度对碱性的影响,none,,
CHEMISTRY,0052,50,相似相溶规律,none,,
CHEMISTRY,0052,50,氢键对溶解性的影响,none,,
CHEMISTRY,0052,50,超分子的概念,none,,
CHEMISTRY,0052,50,超分子内的作用力,none,,
CHEMISTRY,0052,50,分子识别与自组装,none,,
CHEMISTRY,0052,50,超分子的应用,none,,
CHEMISTRY,0053,51,由价层电子对数判断杂化轨道类型,none,,
CHEMISTRY,0053,51,由空间结构判断杂化轨道类型,none,,
CHEMISTRY,0053,51,由结构式判断杂化轨道类型,none,,
CHEMISTRY,0053,51,取代法判断杂化轨道类型,none,,
CHEMISTRY,0053,51,V 形结构杂化类型的多样性,none,,
CHEMISTRY,0053,51,共价键极性与分子极性的关系,none,,
CHEMISTRY,0053,51,常见极性分子与非极性分子,none,,
CHEMISTRY,0053,51,ABₙ 型分子极性的经验规律,none,,
CHEMISTRY,0054,52,键长与键能的比较方法,none,,
CHEMISTRY,0054,52,原子半径对键长、键能的影响,none,,
CHEMISTRY,0054,52,共用电子对数对键长、键能的影响,none,,
CHEMISTRY,0054,52,键角大小的比较模型,none,,
CHEMISTRY,0054,52,杂化类型与键角大小的关系,none,,
CHEMISTRY,0054,52,孤电子对数对键角的影响,none,,
CHEMISTRY,0054,52,电负性对键角的影响,none,,
CHEMISTRY,0054,52,多重键对键角的影响,none,,
CHEMISTRY,0055,53,大 π 键的概念,none,,
CHEMISTRY,0055,53,大 π 键的形成条件,none,,
CHEMISTRY,0055,53,大 π 键的表示方法,none,,
CHEMISTRY,0055,53,用电子式法确定大 π 键电子数,none,,
CHEMISTRY,0055,53,用化合价法确定大 π 键电子数,none,,
CHEMISTRY,0055,53,离子中大 π 键电子数的修正,none,,
CHEMISTRY,0055,53,常见分子或离子中的大 π 键,none,,
CHEMISTRY,0056,54,晶体的结构特征,none,,
CHEMISTRY,0056,54,晶体的性质特征,none,,
CHEMISTRY,0056,54,晶体的获得途径,none,,
CHEMISTRY,0056,54,X 射线衍射测定晶体结构,none,,
CHEMISTRY,0056,54,晶胞,exact,晶胞,晶胞
CHEMISTRY,0056,54,晶胞的无隙并置,none,,
CHEMISTRY,0056,54,平行六面体晶胞,none,,
CHEMISTRY,0056,54,离子晶体中的配位数,none,,
CHEMISTRY,0056,54,金属晶体中的配位数,none,,
CHEMISTRY,0056,54,金刚石晶体结构,none,,
CHEMISTRY,0056,54,金刚石中碳环与键数比,none,,
CHEMISTRY,0056,54,二氧化硅晶体结构,none,,
CHEMISTRY,0056,54,二氧化硅中原子个数比,none,,
CHEMISTRY,0056,54,二氧化硅最小环的原子数,none,,
CHEMISTRY,0057,55,干冰晶体的分子排列,none,,
CHEMISTRY,0057,55,分子晶体中分子的配位数,none,,
CHEMISTRY,0057,55,NaCl 型晶胞结构,none,,
CHEMISTRY,0057,55,CsCl 型晶胞结构,none,,
CHEMISTRY,0057,55,晶胞中微粒数目的计算,none,,
CHEMISTRY,0057,55,常见晶体中共价键数目,none,,
CHEMISTRY,0057,55,晶体类型与构成微粒,none,,
CHEMISTRY,0057,55,微粒间作用力类型,none,,
CHEMISTRY,0057,55,晶体溶解性比较,none,,
CHEMISTRY,0057,55,晶体熔沸点比较,none,,
CHEMISTRY,0057,55,晶体硬度比较,none,,
CHEMISTRY,0057,55,晶体导电性比较,none,,
CHEMISTRY,0057,55,过渡晶体,none,,
CHEMISTRY,0057,55,离子键成分与电负性差值,none,,
CHEMISTRY,0057,55,混合型晶体,none,,
CHEMISTRY,0057,55,石墨的 sp² 杂化与层状结构,none,,
CHEMISTRY,0057,55,石墨的导电性成因,none,,
CHEMISTRY,0058,56,晶体熔沸点高低的一般规律,none,,
CHEMISTRY,0058,56,分子间氢键对熔沸点的影响,none,,
CHEMISTRY,0058,56,分子内氢键对熔沸点的影响,none,,
CHEMISTRY,0058,56,相对分子质量与范德华力,none,,
CHEMISTRY,0058,56,分子极性与熔沸点,none,,
CHEMISTRY,0058,56,同分异构体烷烃的沸点比较,none,,
CHEMISTRY,0058,56,金属键强弱与熔沸点,none,,
CHEMISTRY,0058,56,共价键键能与熔沸点,none,,
CHEMISTRY,0058,56,离子键强弱与熔沸点,none,,
CHEMISTRY,0059,57,均摊法,none,,
CHEMISTRY,0059,57,长方体晶胞的均摊规则,none,,
CHEMISTRY,0059,57,非长方体结构单元的均摊规则,none,,
CHEMISTRY,0059,57,由晶胞粒子数确定化学式,none,,
CHEMISTRY,0059,57,分子结构与晶体结构化学式的区别,none,,
CHEMISTRY,0059,57,立方体中粒子周围粒子数的判断,none,,
CHEMISTRY,0059,57,晶胞密度的计算,none,,
CHEMISTRY,0059,57,晶胞质量与体积的求算,none,,
CHEMISTRY,0060,58,晶胞密度公式中阿伏加德罗常数的含义,none,,
CHEMISTRY,0060,58,长度单位换算,none,,
CHEMISTRY,0060,58,截距法判断原子分数坐标,none,,
CHEMISTRY,0060,58,金刚石晶胞的原子分数坐标,none,,
CHEMISTRY,0060,58,原子间距的计算方法,none,,
CHEMISTRY,0060,58,简单立方晶胞的原子最短距离,none,,
CHEMISTRY,0060,58,体心立方晶胞的原子最短距离,none,,
CHEMISTRY,0060,58,面心立方晶胞的原子最短距离,none,,
CHEMISTRY,0060,58,金刚石型晶胞的原子最短距离,none,,
CHEMISTRY,0060,58,由分数坐标计算原子间距,none,,
CHEMISTRY,0060,58,晶胞投影图分析,none,,
CHEMISTRY,0060,58,体心立方晶胞的投影图,none,,
CHEMISTRY,0060,58,面心立方晶胞的投影图,none,,
CHEMISTRY,0061,59,面心立方晶胞的俯视图投影,none,,
CHEMISTRY,0061,59,面心立方晶胞的体对角线投影,none,,
CHEMISTRY,0061,59,金刚石晶胞的俯视图投影,none,,
CHEMISTRY,0061,59,金刚石晶胞的体对角线投影,none,,
CHEMISTRY,0062,60,反应热,exact,反应热,反应热
CHEMISTRY,0062,60,焓变,exact,焓变,焓变
CHEMISTRY,0062,60,吸热反应与放热反应,none,,
CHEMISTRY,0062,60,由能量高低判断吸放热,none,,
CHEMISTRY,0062,60,正反应与逆反应的活化能,none,,
CHEMISTRY,0062,60,化学键断裂与形成中的能量变化,none,,
CHEMISTRY,0062,60,催化剂对活化能与反应热的影响,none,,
CHEMISTRY,0062,60,常见的吸热反应,none,,
CHEMISTRY,0062,60,常见的放热反应,none,,
CHEMISTRY,0062,60,燃烧热,exact,燃烧热-x1,燃烧热
CHEMISTRY,0062,60,中和反应反应热,none,,
CHEMISTRY,0062,60,燃烧热的指定产物,none,,
CHEMISTRY,0062,60,中和反应反应热的测定装置,none,,
CHEMISTRY,0062,60,中和反应反应热的计算公式,none,,
CHEMISTRY,0063,61,中和反应反应热计算公式中各符号的含义,none,,
CHEMISTRY,0063,61,简易量热计的保温措施,none,,
CHEMISTRY,0063,61,中和反应热测定中碱稍过量,none,,
CHEMISTRY,0063,61,终止温度的读取,none,,
CHEMISTRY,0064,62,热化学方程式的意义,none,,
CHEMISTRY,0064,62,热化学方程式的书写要求,none,,
CHEMISTRY,0064,62,物质聚集状态的标注,none,,
CHEMISTRY,0064,62,化学计量数与焓变数值的对应,none,,
CHEMISTRY,0064,62,热化学方程式的倍数与逆写规则,none,,
CHEMISTRY,0064,62,可逆反应热化学方程式中焓变的含义,none,,
CHEMISTRY,0064,62,盖斯定律,exact,盖斯定律-x1,盖斯定律
CHEMISTRY,0064,62,由反应物与生成物能量计算反应热,none,,
CHEMISTRY,0064,62,由键能计算反应热,none,,
CHEMISTRY,0064,62,由活化能计算反应热,none,,
CHEMISTRY,0064,62,虚拟路径法,none,,
CHEMISTRY,0064,62,留元法,none,,
CHEMISTRY,0065,63,消元法,none,,
CHEMISTRY,0065,63,留元法与消元法的综合运用,none,,
CHEMISTRY,0065,63,反应热大小的比较,exact,反应热大小的比较,反应热大小的比较
CHEMISTRY,0065,63,由能量变化比较反应热,none,,
CHEMISTRY,0065,63,由物质状态比较反应热,none,,
CHEMISTRY,0065,63,由反应程度比较反应热,none,,
CHEMISTRY,0065,63,由反应关系比较反应热,none,,
CHEMISTRY,0065,63,用能量图比较反应热,none,,
CHEMISTRY,0066,64,由反应历程曲线图判断吸放热,none,,
CHEMISTRY,0066,64,决速步的判断,none,,
CHEMISTRY,0066,64,活化能与物质稳定性,none,,
CHEMISTRY,0066,64,催化剂对反应历程的影响,none,,
CHEMISTRY,0066,64,中间产物与过渡态的区分,none,,
CHEMISTRY,0066,64,能垒图,none,,
CHEMISTRY,0066,64,由能垒判断决速步,none,,
CHEMISTRY,0066,64,催化剂降低活化能不改变焓变,none,,
CHEMISTRY,0067,65,循环图式,none,,
CHEMISTRY,0067,65,循环图中反应物的判断,none,,
CHEMISTRY,0067,65,循环图中生成物的判断,none,,
CHEMISTRY,0067,65,循环图中催化剂的判断,none,,
CHEMISTRY,0067,65,循环图中中间产物的判断,none,,
CHEMISTRY,0068,66,原电池,exact,原电池,原电池
CHEMISTRY,0068,66,原电池的构成条件,none,,
CHEMISTRY,0068,66,原电池的工作原理,none,,
CHEMISTRY,0068,66,铜锌原电池的电极反应,none,,
CHEMISTRY,0068,66,盐桥及其离子移动方向,none,,
CHEMISTRY,0068,66,原电池正负极的判断依据,none,,
CHEMISTRY,0068,66,化学电源,none,,
CHEMISTRY,0068,66,一次电池,exact,一次电池,一次电池
CHEMISTRY,0068,66,碱性锌锰电池,none,,
CHEMISTRY,0068,66,二次电池,exact,二次电池,二次电池
CHEMISTRY,0068,66,铅酸蓄电池的充放电反应,none,,
CHEMISTRY,0068,66,燃料电池,exact,燃料电池,燃料电池
CHEMISTRY,0068,66,氢氧燃料电池的电极反应,none,,
CHEMISTRY,0069,67,氢氧燃料电池的正极反应,none,,
CHEMISTRY,0069,67,氢氧燃料电池的总反应,none,,
CHEMISTRY,0069,67,燃料电池电极不参与反应,none,,
CHEMISTRY,0069,67,甲烷燃料电池的电极反应,none,,
CHEMISTRY,0069,67,甲醇燃料电池的电极反应,none,,
CHEMISTRY,0069,67,原电池加快反应速率,none,,
CHEMISTRY,0069,67,比较金属活动性强弱,none,,
CHEMISTRY,0069,67,Mg、Al 在 NaOH 溶液中的原电池,none,,
CHEMISTRY,0069,67,设计制作化学电源,none,,
CHEMISTRY,0069,67,牺牲阳极法,none,,
CHEMISTRY,0070,68,电解池,exact,电解池,电解池
CHEMISTRY,0070,68,电解池的构成条件,none,,
CHEMISTRY,0070,68,电解池工作原理,none,,
CHEMISTRY,0070,68,阴极放电顺序,none,,
CHEMISTRY,0070,68,阳极放电顺序,none,,
CHEMISTRY,0070,68,活性电极与惰性电极,none,,
CHEMISTRY,0070,68,铁作阳极的氧化产物,none,,
CHEMISTRY,0070,68,用惰性电极电解电解质溶液的类型,none,,
CHEMISTRY,0070,68,电解水型,none,,
CHEMISTRY,0070,68,电解电解质型,none,,
CHEMISTRY,0070,68,放氢生碱型,none,,
CHEMISTRY,0070,68,放氧生酸型,none,,
CHEMISTRY,0070,68,电解后电解质溶液的复原,none,,
CHEMISTRY,0071,69,电解原理的应用,none,,
CHEMISTRY,0071,69,氯碱工业,none,,
CHEMISTRY,0071,69,离子交换膜电解饱和食盐水,none,,
CHEMISTRY,0071,69,电镀,none,,
CHEMISTRY,0071,69,电镀液的特点,none,,
CHEMISTRY,0071,69,电解精炼铜,none,,
CHEMISTRY,0071,69,阳极泥,none,,
CHEMISTRY,0071,69,电冶金,none,,
CHEMISTRY,0071,69,电解熔融氯化钠制钠,none,,
CHEMISTRY,0071,69,电解熔融氧化铝制铝,none,,
CHEMISTRY,0072,70,金属腐蚀的本质,exact,金属腐蚀的本质,金属腐蚀的本质
CHEMISTRY,0072,70,化学腐蚀,none,,
CHEMISTRY,0072,70,电化学腐蚀,none,,
CHEMISTRY,0072,70,析氢腐蚀,none,,
CHEMISTRY,0072,70,吸氧腐蚀,none,,
CHEMISTRY,0072,70,金属腐蚀快慢的影响因素,none,,
CHEMISTRY,0072,70,金属的防护,exact,金属的防护,金属的防护
CHEMISTRY,0072,70,改变金属材料的组成,none,,
CHEMISTRY,0072,70,覆盖保护层,none,,
CHEMISTRY,0072,70,牺牲阳极法,none,,
CHEMISTRY,0072,70,外加电流法,none,,
CHEMISTRY,0073,71,电极反应式的一般书写方法,none,,
CHEMISTRY,0073,71,电极反应式配电荷守恒,none,,
CHEMISTRY,0073,71,不同介质中电极反应式的离子选择,none,,
CHEMISTRY,0073,71,电极反应式配原子守恒,none,,
CHEMISTRY,0073,71,燃料电池总反应式的书写,none,,
CHEMISTRY,0073,71,氧气在不同环境中的还原反应式,none,,
CHEMISTRY,0073,71,燃料电池负极反应式的书写,none,,
CHEMISTRY,0073,71,有机燃料中碳元素化合价的判断,none,,
CHEMISTRY,0073,71,碱性燃料电池中二氧化碳的产物形式,none,,
CHEMISTRY,0074,72,二次电池电极反应式的书写,none,,
CHEMISTRY,0074,72,由总反应式与简单极求复杂极,none,,
CHEMISTRY,0074,72,充放电电极反应的互逆关系,none,,
CHEMISTRY,0074,72,电极反应式中转移电子数的确定,none,,
CHEMISTRY,0074,72,电解池中电极反应式的书写,none,,
CHEMISTRY,0074,72,惰性电极与活性电极的判断,none,,
CHEMISTRY,0074,72,阴离子放电顺序,none,,
CHEMISTRY,0074,72,阳离子放电顺序,none,,
CHEMISTRY,0074,72,电解总反应式的书写,none,,
CHEMISTRY,0075,73,新型电化学装置的分析步骤,none,,
CHEMISTRY,0075,73,原电池与电解池的判断,none,,
CHEMISTRY,0075,73,电极名称的判断方法,none,,
CHEMISTRY,0075,73,电化学装置中电子流向与离子移向,none,,
CHEMISTRY,0075,73,电势高低的判断,none,,
CHEMISTRY,0075,73,外接电源与电极的连接判断,none,,
CHEMISTRY,0075,73,离子交换膜的种类判断,none,,
CHEMISTRY,0076,74,锂电池,none,,
CHEMISTRY,0076,74,锂离子电池,none,,
CHEMISTRY,0076,74,锂离子电池的嵌入脱嵌原理,none,,
CHEMISTRY,0076,74,锂离子电池的正负极材料,none,,
CHEMISTRY,0076,74,金属—空气电池,none,,
CHEMISTRY,0076,74,有机物电极反应的氧化还原判断,none,,
CHEMISTRY,0076,74,醌酚互变反应,none,,
CHEMISTRY,0076,74,醛羧酸互变反应,none,,
CHEMISTRY,0076,74,有机物转移电子数的计算,none,,
CHEMISTRY,0076,74,高分子链节的转移电子数,none,,
CHEMISTRY,0076,74,浓差电池,none,,
CHEMISTRY,0078,75,浓差电池的电极反应,none,,
CHEMISTRY,0078,75,浓差电池中离子交换膜的作用,none,,
CHEMISTRY,0078,75,总反应为非氧化还原反应的电池,none,,
CHEMISTRY,0078,75,电化学计算的三种方法,none,,
CHEMISTRY,0078,75,根据总反应式进行电化学计算,none,,
CHEMISTRY,0078,75,根据电子转移守恒进行电化学计算,none,,
CHEMISTRY,0078,75,根据关系式进行电化学计算,none,,
CHEMISTRY,0078,75,电化学计算中的电荷量公式,none,,
CHEMISTRY,0078,75,串联电路中电子转移守恒,none,,
CHEMISTRY,0079,76,法拉第效率,none,,
CHEMISTRY,0079,76,法拉第效率的计算公式,none,,
CHEMISTRY,0079,76,双极膜,none,,
CHEMISTRY,0080,77,离子交换膜的分类,none,,
CHEMISTRY,0080,77,阳离子交换膜,none,,
CHEMISTRY,0080,77,阴离子交换膜,none,,
CHEMISTRY,0080,77,质子交换膜,none,,
CHEMISTRY,0080,77,离子交换膜的应用,none,,
CHEMISTRY,0080,77,双极膜,none,,
CHEMISTRY,0080,77,离子交换膜类型的判断方法,none,,
CHEMISTRY,0080,77,氯碱工业中离子交换膜的选择,none,,
CHEMISTRY,0081,78,氨基酸的等电点,none,,
CHEMISTRY,0081,78,氨基酸的两性离子形式,none,,
CHEMISTRY,0081,78,双极膜,none,,
CHEMISTRY,0081,78,离子交换膜在物质分离中的应用,none,,
CHEMISTRY,0082,79,化学反应速率的表达式,none,,
CHEMISTRY,0082,79,化学反应速率的单位,none,,
CHEMISTRY,0082,79,不能用固体或纯液体表示反应速率,none,,
CHEMISTRY,0082,79,平均反应速率与瞬时速率,none,,
CHEMISTRY,0082,79,化学反应速率的计算,none,,
CHEMISTRY,0082,79,反应速率大小比较的归一法,none,,
CHEMISTRY,0082,79,反应速率大小比较的比值法,none,,
CHEMISTRY,0082,79,反应速率大小比较的条件法,none,,
CHEMISTRY,0082,79,平衡移动法比较速率,none,,
CHEMISTRY,0082,79,影响化学反应速率的因素,exact,影响化学反应速率的因素,影响化学反应速率的因素
CHEMISTRY,0082,79,浓度对反应速率的影响,none,,
CHEMISTRY,0082,79,压强对反应速率的影响,none,,
CHEMISTRY,0082,79,温度对反应速率的影响,none,,
CHEMISTRY,0082,79,催化剂对反应速率的影响,none,,
CHEMISTRY,0082,79,充入无关气体对反应速率的影响,none,,
CHEMISTRY,0082,79,有效碰撞理论,none,,
CHEMISTRY,0082,79,活化分子与活化分子百分数,none,,
CHEMISTRY,0083,80,可逆反应,exact,可逆反应,可逆反应
CHEMISTRY,0083,80,可逆反应的特点,none,,
CHEMISTRY,0083,80,化学平衡状态的特征,none,,
CHEMISTRY,0083,80,化学平衡状态的判断,exact,化学平衡状态的判断,化学平衡状态的判断
CHEMISTRY,0083,80,由正逆反应速率相等判断平衡,none,,
CHEMISTRY,0083,80,由变量不变判断平衡,none,,
CHEMISTRY,0083,80,由压强判断平衡状态,none,,
CHEMISTRY,0083,80,由平均相对分子质量判断平衡,none,,
CHEMISTRY,0083,80,由密度判断平衡状态,none,,
CHEMISTRY,0083,80,由颜色判断平衡状态,none,,
CHEMISTRY,0083,80,由浓度商与平衡常数判断平衡,none,,
CHEMISTRY,0084,81,改变条件对化学平衡的影响,none,,
CHEMISTRY,0084,81,浓度对平衡移动的影响,none,,
CHEMISTRY,0084,81,压强对平衡移动的影响,none,,
CHEMISTRY,0084,81,温度对平衡移动的影响,none,,
CHEMISTRY,0084,81,催化剂对化学平衡的影响,none,,
CHEMISTRY,0084,81,充入无关气体对平衡的影响,none,,
CHEMISTRY,0084,81,判断化学平衡移动方向的思维流程,none,,
CHEMISTRY,0084,81,勒夏特列原理,exact,勒夏特列原理,勒夏特列原理
CHEMISTRY,0084,81,等效平衡,exact,等效平衡,等效平衡
CHEMISTRY,0084,81,恒温恒容下的等效平衡,none,,
CHEMISTRY,0084,81,恒温恒压下的等效平衡,none,,
CHEMISTRY,0085,82,等效平衡,exact,等效平衡,等效平衡
CHEMISTRY,0085,82,极值换算（一边倒）法,none,,
CHEMISTRY,0085,82,恒温恒容等效平衡,none,,
CHEMISTRY,0085,82,平衡转化率,exact,平衡转化率,平衡转化率
CHEMISTRY,0085,82,化学计量数与转化率的关系,none,,
CHEMISTRY,0085,82,改变投料对转化率的影响,none,,
CHEMISTRY,0085,82,温度对转化率的影响,none,,
CHEMISTRY,0085,82,催化剂对转化率的影响,none,,
CHEMISTRY,0085,82,催化剂的选择性,none,,
CHEMISTRY,0085,82,平衡转化率与反应速率的区分,none,,
CHEMISTRY,0086,83,化学平衡常数,exact,化学平衡常数,化学平衡常数
CHEMISTRY,0086,83,平衡常数表达式,none,,
CHEMISTRY,0086,83,固体与纯液体不计入平衡常数,none,,
CHEMISTRY,0086,83,正逆反应平衡常数互为倒数,none,,
CHEMISTRY,0086,83,化学方程式系数与平衡常数幂次,none,,
CHEMISTRY,0086,83,多重平衡规则,none,,
CHEMISTRY,0086,83,平衡常数的意义,none,,
CHEMISTRY,0086,83,平衡常数只受温度影响,none,,
CHEMISTRY,0086,83,浓度商,none,,
CHEMISTRY,0086,83,用 Q 与 K 判断反应方向,none,,
CHEMISTRY,0086,83,由 K 随温度变化判断反应热效应,none,,
CHEMISTRY,0086,83,三段式法,none,,
CHEMISTRY,0086,83,平衡转化率计算,none,,
CHEMISTRY,0086,83,平衡时体积分数计算,none,,
CHEMISTRY,0086,83,平衡压强比计算,none,,
CHEMISTRY,0087,84,分压平衡常数,none,,
CHEMISTRY,0087,84,分压的计算,none,,
CHEMISTRY,0087,84,分压平衡常数只受温度影响,none,,
CHEMISTRY,0087,84,分压三段式法,none,,
CHEMISTRY,0087,84,分压平衡常数计算模板,none,,
CHEMISTRY,0087,84,恒温恒容下压强与物质的量成正比,none,,
CHEMISTRY,0088,85,充入不参与反应的气体对平衡的影响,none,,
CHEMISTRY,0088,85,恒压条件下惰性气体对转化率的影响,none,,
CHEMISTRY,0088,85,分压的计算,none,,
CHEMISTRY,0088,85,用分压表示平衡常数 Kp,none,,
CHEMISTRY,0088,85,CO 的选择性,none,,
CHEMISTRY,0088,85,标准平衡常数,none,,
CHEMISTRY,0088,85,由多重平衡计算目标反应的平衡常数,none,,
CHEMISTRY,0088,85,盖斯定律求反应焓变,none,,
CHEMISTRY,0089,86,基元反应,exact,基元反应,基元反应
CHEMISTRY,0089,86,反应速率常数,none,,
CHEMISTRY,0089,86,速率常数的影响因素,none,,
CHEMISTRY,0089,86,基元反应的速率方程,none,,
CHEMISTRY,0089,86,用浓度幂表示反应速率,none,,
CHEMISTRY,0089,86,用物质的量分数或分压表达速率方程,none,,
CHEMISTRY,0089,86,复杂反应,none,,
CHEMISTRY,0089,86,决速步,none,,
CHEMISTRY,0089,86,速率常数与化学平衡常数的关系,none,,
CHEMISTRY,0089,86,由正逆速率常数之比求平衡常数,none,,
CHEMISTRY,0089,86,lgk 与 1/T 关系图像,none,,
CHEMISTRY,0090,87,阿伦尼乌斯公式,none,,
CHEMISTRY,0090,87,活化能,exact,活化能,活化能
CHEMISTRY,0090,87,由 Rlnk 与 1/T 图像求活化能,none,,
CHEMISTRY,0090,87,反应进行方向的焓判据,none,,
CHEMISTRY,0090,87,反应进行方向的熵判据,none,,
CHEMISTRY,0090,87,熵值大小的比较,none,,
CHEMISTRY,0090,87,复合判据,none,,
CHEMISTRY,0090,87,吉布斯自由能判据,none,,
CHEMISTRY,0090,87,焓变熵变与温度对反应方向的共同影响,none,,
CHEMISTRY,0090,87,化工生产适宜条件的一般原则,none,,
CHEMISTRY,0090,87,化学反应的调控,none,,
CHEMISTRY,0091,88,控制反应速率的措施,none,,
CHEMISTRY,0091,88,提高平衡转化率的措施,none,,
CHEMISTRY,0091,88,合成氨反应原理,none,,
CHEMISTRY,0091,88,合成氨反应特点,none,,
CHEMISTRY,0091,88,合成氨投料比的选择,none,,
CHEMISTRY,0091,88,合成氨压强的选择,none,,
CHEMISTRY,0091,88,合成氨温度的选择,none,,
CHEMISTRY,0091,88,合成氨催化剂与催化剂中毒,none,,
CHEMISTRY,0091,88,压强对设备的要求与工业选择的权衡,none,,
CHEMISTRY,0091,88,催化剂活性对温度选择的影响,none,,
CHEMISTRY,0092,89,反应速率与平衡图像的三看一判断,none,,
CHEMISTRY,0092,89,速率—时间图像,none,,
CHEMISTRY,0092,89,由速率—时间图像判断外界条件改变,none,,
CHEMISTRY,0092,89,增大浓度对正逆反应速率的影响,none,,
CHEMISTRY,0092,89,升高温度对正逆反应速率的影响,none,,
CHEMISTRY,0092,89,减小压强对正逆反应速率的影响,none,,
CHEMISTRY,0092,89,催化剂对正逆反应速率的影响,none,,
CHEMISTRY,0092,89,先拐先平数值大原则,none,,
CHEMISTRY,0092,89,由含量—时间图像判断反应热效应,none,,
CHEMISTRY,0092,89,由含量—时间图像判断气体分子数变化,none,,
CHEMISTRY,0092,89,定一议二原则,none,,
CHEMISTRY,0092,89,恒温线与等压线的辅助线分析法,none,,
CHEMISTRY,0093,90,非平衡量与平衡量的区分,none,,
CHEMISTRY,0093,90,含量—温度图像的极值点含义,none,,
CHEMISTRY,0093,90,由含量—温度图像极值点后段判断反应热效应,none,,
CHEMISTRY,0093,90,平衡曲线外非平衡点的移动方向判断,none,,
CHEMISTRY,0093,90,由 A% 与平衡曲线位置判断 v正 与 v逆 的大小,none,,
CHEMISTRY,0093,90,复合图像的分离分析法,none,,
CHEMISTRY,0093,90,催化剂活性与温度的关系,none,,
CHEMISTRY,0093,90,竞争反应,none,,
CHEMISTRY,0093,90,选择性,none,,
CHEMISTRY,0093,90,由竞争反应的 ΔH 分析选择性变化,none,,
CHEMISTRY,0093,90,副反应对转化率的影响,none,,
CHEMISTRY,0095,92,多重平衡体系,none,,
CHEMISTRY,0095,92,连续反应,none,,
CHEMISTRY,0095,92,竞争反应,none,,
CHEMISTRY,0095,92,连续反应的中间产物浓度变化,none,,
CHEMISTRY,0095,92,由速率常数比判断中间产物含量,none,,
CHEMISTRY,0095,92,中间产物浓度的叠加计算,none,,
CHEMISTRY,0095,92,竞争反应的主要产物判断,none,,
CHEMISTRY,0095,92,活化能与竞争反应产物选择性,none,,
CHEMISTRY,0095,92,多重平衡中产物调控的速率角度,none,,
CHEMISTRY,0095,92,多重平衡中产物调控的限度角度,none,,
CHEMISTRY,0095,92,温度对竞争反应速率的影响,none,,
CHEMISTRY,0095,92,压强对多重平衡移动的影响,none,,
CHEMISTRY,0095,92,多重平衡的三段式法,none,,
CHEMISTRY,0095,92,竞争型多重平衡的浓度计算,none,,
CHEMISTRY,0095,92,连续型多重平衡的计算方法,none,,
CHEMISTRY,0096,93,连续型多重平衡的三段式法,none,,
CHEMISTRY,0096,93,连续反应平衡量作为下一步起始量,none,,
CHEMISTRY,0096,93,原子守恒法,none,,
CHEMISTRY,0096,93,原子守恒法的三步流程,none,,
CHEMISTRY,0096,93,多重平衡体系图像的分析方法,none,,
CHEMISTRY,0096,93,由物理量实际变化趋势判断主导平衡,none,,
CHEMISTRY,0097,94,CO2 的平衡转化率,none,,
CHEMISTRY,0097,94,CH3OH 的平衡产率,none,,
CHEMISTRY,0097,94,CH3OH 的选择性,none,,
CHEMISTRY,0097,94,用物质的量分数表示的速率方程,none,,
CHEMISTRY,0097,94,由正逆速率常数大小比较温度高低,none,,
CHEMISTRY,0097,94,多重平衡中产率与选择性的区别,none,,
CHEMISTRY,0098,95,弱电解质,none,,
CHEMISTRY,0098,95,弱电解质的种类,none,,
CHEMISTRY,0098,95,弱电解质电离方程式的书写,none,,
CHEMISTRY,0098,95,多元弱酸分步电离,none,,
CHEMISTRY,0098,95,多元弱碱一步电离,none,,
CHEMISTRY,0098,95,电离平衡,exact,电离平衡,电离平衡
CHEMISTRY,0098,95,温度对电离平衡的影响,none,,
CHEMISTRY,0098,95,稀释对电离平衡的影响,none,,
CHEMISTRY,0098,95,同离子效应,none,,
CHEMISTRY,0098,95,电离平衡移动与电离度变化的区别,none,,
CHEMISTRY,0098,95,电解质溶液的导电能力,none,,
CHEMISTRY,0098,95,导电能力与电解质强弱的区别,none,,
CHEMISTRY,0098,95,电离度,exact,电离度,电离度
CHEMISTRY,0098,95,电离度的计算方法,none,,
CHEMISTRY,0098,95,浓度与温度对电离度的影响,none,,
CHEMISTRY,0098,95,电离平衡常数,none,,
CHEMISTRY,0098,95,Ka 与 Kb 的表达式,none,,
CHEMISTRY,0098,95,电离平衡常数只与温度有关,none,,
CHEMISTRY,0099,96,多元弱酸酸性主要由第一步电离决定,none,,
CHEMISTRY,0099,96,由电离平衡常数判断弱酸相对强弱,none,,
CHEMISTRY,0099,96,强酸制弱酸,none,,
CHEMISTRY,0099,96,由电离平衡常数判断酸与盐的反应,none,,
CHEMISTRY,0099,96,由电离平衡常数判断粒子浓度比值变化,none,,
CHEMISTRY,0099,96,酸式酸根离子电离与水解程度的比较,none,,
CHEMISTRY,0099,96,水解常数的计算,none,,
CHEMISTRY,0099,96,由起始浓度与氢离子浓度求 Ka,none,,
CHEMISTRY,0099,96,由 Ka 与起始浓度求氢离子浓度,none,,
CHEMISTRY,0099,96,一元强酸与一元弱酸的比较,none,,
CHEMISTRY,0099,96,中和碱的能力,none,,
CHEMISTRY,0099,96,与活泼金属反应产生氢气的量,none,,
CHEMISTRY,0099,96,强酸与弱酸的稀释图像,none,,
CHEMISTRY,0099,96,加水稀释倍数与 pH 变化的关系,none,,
CHEMISTRY,0099,96,强酸与弱酸的判断方法,none,,
CHEMISTRY,0100,97,强酸与弱酸的判断方法,none,,
CHEMISTRY,0100,97,由稀释后 pH 变化判断弱酸,none,,
CHEMISTRY,0100,97,由中和碱的量判断弱酸,none,,
CHEMISTRY,0100,97,由与金属反应速率判断弱酸,none,,
CHEMISTRY,0100,97,水的电离平衡,none,,
CHEMISTRY,0100,97,水的离子积常数,exact,水的离子积常数,水的离子积常数
CHEMISTRY,0100,97,Kw 只与温度有关,none,,
CHEMISTRY,0100,97,Kw 的适用范围,none,,
CHEMISTRY,0100,97,温度对水的电离的影响,none,,
CHEMISTRY,0100,97,酸和碱对水的电离的抑制,none,,
CHEMISTRY,0100,97,能水解的盐对水的电离的促进,none,,
CHEMISTRY,0100,97,钠与水反应对水的电离的影响,none,,
CHEMISTRY,0101,98,溶液酸碱性的判断,none,,
CHEMISTRY,0101,98,pH 的计算公式,none,,
CHEMISTRY,0101,98,pH 的适用范围,none,,
CHEMISTRY,0101,98,pH 试纸的使用方法,none,,
CHEMISTRY,0101,98,pH 计测量法,none,,
CHEMISTRY,0101,98,溶液 pH 计算的一般思维模型,none,,
CHEMISTRY,0101,98,酸碱混合后 pH 的计算,none,,
CHEMISTRY,0101,98,酸碱中和滴定,exact,酸碱中和滴定,酸碱中和滴定
CHEMISTRY,0101,98,酸式滴定管与碱式滴定管,none,,
CHEMISTRY,0101,98,滴定管的读数规则,none,,
CHEMISTRY,0101,98,滴定管的选择,none,,
CHEMISTRY,0101,98,聚四氟乙烯活塞滴定管,none,,
CHEMISTRY,0101,98,中和滴定指示剂的选择,none,,
CHEMISTRY,0101,98,石蕊不能作中和滴定指示剂,none,,
CHEMISTRY,0101,98,滴定前的准备步骤,none,,
CHEMISTRY,0101,98,滴定管的检漏、洗涤与润洗,none,,
CHEMISTRY,0101,98,排除滴定管气泡的方法,none,,
CHEMISTRY,0101,98,滴定操作中左右手与眼睛的分工,none,,
CHEMISTRY,0101,98,半滴溶液的加入方法,none,,
CHEMISTRY,0101,98,滴定终点的判断,none,,
CHEMISTRY,0101,98,中和滴定的数据处理,none,,
CHEMISTRY,0102,99,中和滴定的误差分析,none,,
CHEMISTRY,0102,99,滴定管未润洗引起的误差,none,,
CHEMISTRY,0102,99,锥形瓶润洗引起的误差,none,,
CHEMISTRY,0102,99,气泡对滴定结果的影响,none,,
CHEMISTRY,0102,99,滴定读数仰视俯视引起的误差,none,,
CHEMISTRY,0102,99,滴定终点判断的答题模板,none,,
CHEMISTRY,0102,99,滴定曲线分析,none,,
CHEMISTRY,0102,99,滴定曲线起点的比较,none,,
CHEMISTRY,0102,99,滴定突变范围,none,,
CHEMISTRY,0102,99,强酸强碱滴定的突变范围大于弱酸弱碱,none,,
CHEMISTRY,0103,100,盐类水解的实质,none,,
CHEMISTRY,0103,100,盐类水解的规律,exact,规律,盐类水解的规律
CHEMISTRY,0103,100,有弱才水解，越弱越水解,none,,
CHEMISTRY,0103,100,谁强显谁性，同强显中性,none,,
CHEMISTRY,0103,100,正盐水解程度大于酸式盐,none,,
CHEMISTRY,0103,100,酸式盐溶液酸碱性的判断,none,,
CHEMISTRY,0103,100,强酸酸式盐只电离不水解,none,,
CHEMISTRY,0103,100,酸式酸根离子电离与水解程度的比较,none,,
CHEMISTRY,0103,100,盐类水解的影响因素,exact,盐类水解的影响因素,盐类水解的影响因素
CHEMISTRY,0103,100,温度对盐类水解的影响,none,,
CHEMISTRY,0103,100,浓度对盐类水解的影响,none,,
CHEMISTRY,0103,100,加水稀释对水解程度的影响,none,,
CHEMISTRY,0103,100,外加酸碱对盐类水解的影响,none,,
CHEMISTRY,0103,100,水解方程式的书写,none,,
CHEMISTRY,0103,100,多元弱酸盐分步水解,none,,
CHEMISTRY,0103,100,相互促进的水解反应,none,,
CHEMISTRY,0103,100,双水解完全进行的条件,none,,
CHEMISTRY,0103,100,完全双水解的符号表示,none,,
CHEMISTRY,0104,101,不是双水解的离子反应辨析,none,,
CHEMISTRY,0104,101,相互促进水解而不能大量共存的离子组合,none,,
CHEMISTRY,0104,101,完全双水解离子方程式的书写步骤,none,,
CHEMISTRY,0104,101,双水解方程式的电荷配平,none,,
CHEMISTRY,0104,101,双水解方程式中水的确定,none,,
CHEMISTRY,0104,101,盐的水解常数,none,,
CHEMISTRY,0104,101,水解常数与 Kw、Ka 的关系,none,,
CHEMISTRY,0104,101,水解常数只受温度影响,none,,
CHEMISTRY,0104,101,由水解常数与电离常数判断酸式盐的酸碱性,none,,
CHEMISTRY,0104,101,盐类水解的应用,none,,
CHEMISTRY,0104,101,由盐溶液 pH 判断弱酸酸性强弱,none,,
CHEMISTRY,0104,101,配制易水解盐溶液的方法,none,,
CHEMISTRY,0104,101,氢氧化铁胶体的制取,none,,
CHEMISTRY,0104,101,明矾净水原理,none,,
CHEMISTRY,0104,101,泡沫灭火器原理,none,,
CHEMISTRY,0104,101,盐作除锈剂的原理,none,,
CHEMISTRY,0104,101,由 TiCl4 制备 TiO2,none,,
CHEMISTRY,0104,101,盐溶液蒸干所得产物的判断,none,,
CHEMISTRY,0104,101,易水解盐溶液在 HCl 气流中蒸发,none,,
CHEMISTRY,0105,102,沉淀溶解平衡,exact,沉淀溶解平衡,沉淀溶解平衡
CHEMISTRY,0105,102,沉淀溶解平衡的特点,none,,
CHEMISTRY,0105,102,沉淀溶解平衡的影响因素,none,,
CHEMISTRY,0105,102,稀释对沉淀溶解平衡的影响,none,,
CHEMISTRY,0105,102,温度对沉淀溶解平衡的影响,none,,
CHEMISTRY,0105,102,同离子效应,none,,
CHEMISTRY,0105,102,向沉淀溶解方向移动的前提,none,,
CHEMISTRY,0105,102,溶度积,exact,溶度积,溶度积
CHEMISTRY,0105,102,溶度积表达式,none,,
CHEMISTRY,0105,102,溶度积只受温度影响,none,,
CHEMISTRY,0105,102,溶度积规则,none,,
CHEMISTRY,0105,102,由 Q 与 Ksp 判断沉淀的生成与溶解,none,,
CHEMISTRY,0106,103,沉淀的生成,none,,
CHEMISTRY,0106,103,加沉淀剂法,none,,
CHEMISTRY,0106,103,调节 pH 法除去杂质离子,none,,
CHEMISTRY,0106,103,沉淀完全的判断标准,none,,
CHEMISTRY,0106,103,混合溶液体积变化对 Q 的影响,none,,
CHEMISTRY,0106,103,沉淀的溶解,none,,
CHEMISTRY,0106,103,酸碱溶解法,none,,
CHEMISTRY,0106,103,氧化还原法溶解沉淀,none,,
CHEMISTRY,0106,103,生成配合物法溶解沉淀,none,,
CHEMISTRY,0106,103,盐溶解法,none,,
CHEMISTRY,0106,103,沉淀的转化,none,,
CHEMISTRY,0106,103,沉淀转化与 Ksp 的关系,none,,
CHEMISTRY,0106,103,沉淀转化的实质,none,,
CHEMISTRY,0106,103,难溶物向更难溶物转化,none,,
CHEMISTRY,0106,103,由沉淀先后次序比较 Ksp,none,,
CHEMISTRY,0106,103,由 Ksp 计算沉淀某离子的 pH 范围,none,,
CHEMISTRY,0107,104,单一盐溶液中微粒浓度大小的比较,none,,
CHEMISTRY,0107,104,不同盐溶液中同一离子浓度的比较,none,,
CHEMISTRY,0107,104,混合溶液中微粒浓度的比较,none,,
CHEMISTRY,0107,104,盐溶液混合后微粒浓度的分析方法,none,,
CHEMISTRY,0107,104,电荷守恒,none,,
CHEMISTRY,0107,104,元素守恒,none,,
CHEMISTRY,0107,104,质子守恒,none,,
CHEMISTRY,0107,104,三大守恒的联立关系,none,,
CHEMISTRY,0107,104,质子守恒的得质子失质子分析法,none,,
CHEMISTRY,0108,105,微粒浓度大小的定性比较法,none,,
CHEMISTRY,0108,105,溶质微粒与平衡产物的层次比较,none,,
CHEMISTRY,0108,105,微粒浓度大小的定量比较法,none,,
CHEMISTRY,0108,105,守恒法比较微粒浓度,none,,
CHEMISTRY,0108,105,常数法比较微粒浓度,none,,
CHEMISTRY,0108,105,微粒浓度关系的解题模型,none,,
CHEMISTRY,0108,105,由溶质成分判断溶液酸碱性,none,,
CHEMISTRY,0108,105,由守恒式类型识别等式来源,none,,
CHEMISTRY,0109,106,离子平衡图像的解题策略,none,,
CHEMISTRY,0109,106,坐标轴意义的识别,none,,
CHEMISTRY,0109,106,曲线变化趋势的分析,none,,
CHEMISTRY,0109,106,中和滴定图像的关键点,none,,
CHEMISTRY,0109,106,由起点 pH 判断酸强弱,none,,
CHEMISTRY,0109,106,中和一半点的溶质与浓度关系,none,,
CHEMISTRY,0109,106,中性点的微粒浓度关系,none,,
CHEMISTRY,0109,106,恰好中和点的微粒浓度关系,none,,
CHEMISTRY,0109,106,过量一倍点的微粒浓度关系,none,,
CHEMISTRY,0109,106,沉淀溶解平衡图像,none,,
CHEMISTRY,0109,106,沉淀溶解平衡曲线上的点与线外点,none,,
CHEMISTRY,0109,106,溶度积与 Q 的大小比较,none,,
CHEMISTRY,0109,106,沉淀溶解平衡图像坐标的对数化,none,,
CHEMISTRY,0109,106,分布系数,none,,
CHEMISTRY,0109,106,分布系数曲线的交点含义,none,,
CHEMISTRY,0110,107,分布系数曲线代表的微粒,none,,
CHEMISTRY,0110,107,由总浓度与分布系数求平衡浓度,none,,
CHEMISTRY,0110,107,由相邻曲线交点求电离常数,none,,
CHEMISTRY,0110,107,由分布系数交点求特定点的 pH,none,,
CHEMISTRY,0110,107,分布系数图像中电荷守恒的书写,none,,
CHEMISTRY,0110,107,配位平衡,none,,
CHEMISTRY,0110,107,配位平衡图像,none,,
CHEMISTRY,0110,107,由配位平衡曲线交点求配合物稳定常数,none,,
CHEMISTRY,0110,107,平均配位数,none,,
CHEMISTRY,0110,107,对数图像,none,,
CHEMISTRY,0110,107,负对数图像,none,,
CHEMISTRY,0110,107,酸度 AG 的含义,none,,
CHEMISTRY,0110,107,对数与负对数图像的解题关键,none,,
CHEMISTRY,0111,108,pOH—pH 图像,none,,
CHEMISTRY,0111,108,由 pOH—pH 图像判断溶液酸碱性,none,,
CHEMISTRY,0111,108,等温线上不同点的 Kw 相同,none,,
CHEMISTRY,0111,108,复合图像,none,,
CHEMISTRY,0111,108,复合图像的坐标系区分方法,none,,
CHEMISTRY,0111,108,由曲线变化趋势识别坐标系归属,none,,
CHEMISTRY,0113,110,烃与烃的衍生物,none,,
CHEMISTRY,0113,110,有机物的碳骨架分类,none,,
CHEMISTRY,0113,110,有机物的官能团分类,none,,
CHEMISTRY,0113,110,常见官能团名称与结构,none,,
CHEMISTRY,0113,110,烷烃的系统命名法,none,,
CHEMISTRY,0113,110,主链选择原则,none,,
CHEMISTRY,0113,110,主链编号原则,none,,
CHEMISTRY,0113,110,取代基书写规则,none,,
CHEMISTRY,0113,110,烷烃的习惯命名法,none,,
CHEMISTRY,0113,110,正戊烷与异戊烷,none,,
CHEMISTRY,0114,111,含官能团链状有机物的命名,none,,
CHEMISTRY,0114,111,卤代烃的命名,none,,
CHEMISTRY,0114,111,酯的命名,none,,
CHEMISTRY,0114,111,含苯环有机物的命名,none,,
CHEMISTRY,0114,111,苯环取代基的邻间对表示,none,,
CHEMISTRY,0114,111,研究有机物的一般方法,none,,
CHEMISTRY,0114,111,元素定性分析与定量分析,none,,
CHEMISTRY,0114,111,实验式的确定,none,,
CHEMISTRY,0114,111,质谱法测相对分子质量,none,,
CHEMISTRY,0114,111,红外光谱确定官能团,none,,
CHEMISTRY,0114,111,核磁共振氢谱确定氢原子种类,none,,
CHEMISTRY,0114,111,X 射线衍射测键长键角,none,,
CHEMISTRY,0114,111,有机物不饱和度计算,none,,
CHEMISTRY,0115,112,含氮有机物的不饱和度计算,none,,
CHEMISTRY,0115,112,由结构片段判断不饱和度,none,,
CHEMISTRY,0115,112,同系物的判断,none,,
CHEMISTRY,0115,112,同分异构体的类型,none,,
CHEMISTRY,0115,112,碳架异构,none,,
CHEMISTRY,0115,112,位置异构,none,,
CHEMISTRY,0115,112,官能团异构,none,,
CHEMISTRY,0115,112,顺反异构,none,,
CHEMISTRY,0115,112,对映异构,none,,
CHEMISTRY,0115,112,手性碳原子与手性分子,none,,
CHEMISTRY,0115,112,有机反应基本类型,none,,
CHEMISTRY,0115,112,取代反应,exact,取代反应,取代反应
CHEMISTRY,0115,112,酯化反应,exact,酯化反应,酯化反应
CHEMISTRY,0115,112,水解反应,none,,
CHEMISTRY,0115,112,加成反应,exact,加成反应,加成反应
CHEMISTRY,0115,112,消去反应,none,,
CHEMISTRY,0115,112,加聚反应,none,,
CHEMISTRY,0115,112,缩聚反应,none,,
CHEMISTRY,0115,112,有机氧化反应,none,,
CHEMISTRY,0115,112,有机还原反应,none,,
CHEMISTRY,0116,113,烷烃、单烯烃、单炔烃的通式,none,,
CHEMISTRY,0116,113,脂肪烃的物理性质递变规律,none,,
CHEMISTRY,0116,113,烷烃的取代反应,none,,
CHEMISTRY,0116,113,烯烃的取代反应,none,,
CHEMISTRY,0116,113,烯烃与卤素、卤化氢、水的加成,none,,
CHEMISTRY,0116,113,乙炔与氯化氢加成制氯乙烯,none,,
CHEMISTRY,0116,113,乙炔水化制乙醛,none,,
CHEMISTRY,0116,113,烯烃、炔烃的加聚反应,none,,
CHEMISTRY,0116,113,"二烯烃的 1,2-加成与 1,4-加成",none,,
CHEMISTRY,0116,113,烃的燃烧通式,none,,
CHEMISTRY,0116,113,烷烃与烯烃炔烃的鉴别,none,,
CHEMISTRY,0117,114,实验室制乙烯的原理与装置,none,,
CHEMISTRY,0117,114,实验室制乙炔的原理与装置,none,,
CHEMISTRY,0117,114,制乙烯时浓硫酸的作用与体积比,none,,
CHEMISTRY,0117,114,制乙炔用饱和食盐水的原因,none,,
CHEMISTRY,0117,114,乙烯、乙炔气体的除杂与检验,none,,
CHEMISTRY,0117,114,芳香烃的定义,none,,
CHEMISTRY,0117,114,苯的同系物的侧链卤代,none,,
CHEMISTRY,0117,114,苯环的卤代反应,none,,
CHEMISTRY,0117,114,苯及其同系物的硝化反应,none,,
CHEMISTRY,0117,114,苯的磺化反应,none,,
CHEMISTRY,0117,114,苯环的加成反应,none,,
CHEMISTRY,0117,114,苯的同系物的氧化反应,none,,
CHEMISTRY,0117,114,苯不能被酸性高锰酸钾氧化,none,,
CHEMISTRY,0117,114,煤的气化、液化、干馏,none,,
CHEMISTRY,0117,114,石油的分馏、裂化、裂解,none,,
CHEMISTRY,0117,114,卤代烃的通式与官能团,none,,
CHEMISTRY,0117,114,卤代烃的物理性质,exact,卤代烃的物理性质,卤代烃的物理性质
CHEMISTRY,0117,114,卤代烃的水解反应,none,,
CHEMISTRY,0118,115,卤代烃的消去反应,none,,
CHEMISTRY,0118,115,α-碳、β-碳与 α-氢、β-氢,none,,
CHEMISTRY,0118,115,卤代烃发生消去反应的条件,none,,
CHEMISTRY,0118,115,卤代烃中卤素原子的检验,none,,
CHEMISTRY,0118,115,醇的分子结构,none,,
CHEMISTRY,0118,115,饱和一元醇的通式,none,,
CHEMISTRY,0118,115,醇的沸点递变规律,none,,
CHEMISTRY,0118,115,氢键对醇沸点的影响,none,,
CHEMISTRY,0118,115,醇的溶解性,none,,
CHEMISTRY,0119,116,乙醇分子中键的断裂方式,none,,
CHEMISTRY,0119,116,乙醇与钠的反应,none,,
CHEMISTRY,0119,116,乙醇与卤化氢的反应,none,,
CHEMISTRY,0119,116,醇的分子间脱水,none,,
CHEMISTRY,0119,116,醇的消去反应,none,,
CHEMISTRY,0119,116,醇的酯化反应,none,,
CHEMISTRY,0119,116,醇的催化氧化反应,none,,
CHEMISTRY,0119,116,乙醇被酸性高锰酸钾、酸性重铬酸钾氧化,none,,
CHEMISTRY,0119,116,醇发生消去反应的条件,none,,
CHEMISTRY,0119,116,醇催化氧化产物与 α-H 个数的关系,none,,
CHEMISTRY,0119,116,酚的分子结构,none,,
CHEMISTRY,0119,116,苯酚的物理性质,none,,
CHEMISTRY,0119,116,苯酚的弱酸性,none,,
CHEMISTRY,0119,116,苯酚与钠、氢氧化钠的反应,none,,
CHEMISTRY,0119,116,苯酚与浓溴水的取代反应,none,,
CHEMISTRY,0119,116,苯酚的显色反应,none,,
CHEMISTRY,0119,116,苯酚的氧化反应,none,,
CHEMISTRY,0119,116,苯酚与碳酸、碳酸氢根酸性的比较,none,,
CHEMISTRY,0119,116,苯酚钠与二氧化碳的反应,none,,
CHEMISTRY,0120,117,醇羟基、酚羟基、羧基氢原子活泼性比较,none,,
CHEMISTRY,0120,117,醇羟基、酚羟基、羧基与钠、氢氧化钠、碳酸钠、碳酸氢钠的反应差异,none,,
CHEMISTRY,0120,117,醛的结构与醛基,none,,
CHEMISTRY,0120,117,甲醛是最简单的醛,none,,
CHEMISTRY,0120,117,饱和一元醛的通式,none,,
CHEMISTRY,0120,117,酮的结构与酮羰基,none,,
CHEMISTRY,0120,117,丙酮,none,,
CHEMISTRY,0121,118,醛的银镜反应,none,,
CHEMISTRY,0121,118,醛与新制氢氧化铜的反应,none,,
CHEMISTRY,0121,118,醛的催化氧化,none,,
CHEMISTRY,0121,118,醛被酸性高锰酸钾、溴水氧化,none,,
CHEMISTRY,0121,118,醛的催化加氢,none,,
CHEMISTRY,0121,118,醛与 HCN 的加成,none,,
CHEMISTRY,0121,118,羟醛缩合反应,none,,
CHEMISTRY,0121,118,醛基与碳碳双键共存时的检验顺序,none,,
CHEMISTRY,0121,118,酮的加成反应,none,,
CHEMISTRY,0121,118,羧酸的分子结构与通式,none,,
CHEMISTRY,0121,118,羧酸的酸性与酸的通性,none,,
CHEMISTRY,0121,118,"酯化反应中""酸脱羟基醇脱氢""",none,,
CHEMISTRY,0121,118,羧酸与氨生成酰胺,none,,
CHEMISTRY,0121,118,羧酸的 α-H 取代,none,,
CHEMISTRY,0121,118,羧酸被氢化铝锂还原,none,,
CHEMISTRY,0121,118,甲酸、苯甲酸、乙二酸的用途,none,,
CHEMISTRY,0121,118,羧酸衍生物的分类,none,,
CHEMISTRY,0121,118,酯的结构与酯基,none,,
CHEMISTRY,0122,119,酯的酸性水解与碱性水解,none,,
CHEMISTRY,0122,119,酚酯水解消耗氢氧化钠的量,none,,
CHEMISTRY,0122,119,乙酸乙酯的实验室制法,none,,
CHEMISTRY,0122,119,酯化反应中浓硫酸的作用,none,,
CHEMISTRY,0122,119,饱和碳酸钠溶液在酯化实验中的作用,none,,
CHEMISTRY,0122,119,胺的定义与氨基,none,,
CHEMISTRY,0122,119,胺的碱性,none,,
CHEMISTRY,0122,119,酰胺的定义与酰胺基,none,,
CHEMISTRY,0122,119,酰胺的水解,none,,
CHEMISTRY,0123,120,单键旋转思想,none,,
CHEMISTRY,0123,120,碳碳双键与三键不能旋转,none,,
CHEMISTRY,0123,120,定平面规律,none,,
CHEMISTRY,0123,120,定直线规律,none,,
CHEMISTRY,0123,120,饱和碳原子导致所有原子不共面,none,,
CHEMISTRY,0123,120,苯环至少有 12 个原子共平面,none,,
CHEMISTRY,0123,120,碳碳双键至少有 6 个原子共平面,none,,
CHEMISTRY,0123,120,甲烷、乙烯、乙炔、苯、甲醛的空间构型,none,,
CHEMISTRY,0123,120,有机物分子中共线原子数的判断,none,,
CHEMISTRY,0123,120,有机物分子中共面原子数的判断,none,,
CHEMISTRY,0123,120,环状结构中成环单键不能旋转,none,,
CHEMISTRY,0124,121,常见烷烃同分异构体数目,none,,
CHEMISTRY,0124,121,苯环多元取代同分异构体数目,none,,
CHEMISTRY,0124,121,等效氢原子法,none,,
CHEMISTRY,0124,121,烷基种数法,none,,
CHEMISTRY,0124,121,定一移一法,none,,
CHEMISTRY,0124,121,叠加相乘法,none,,
CHEMISTRY,0124,121,替代法,none,,
CHEMISTRY,0124,121,含氮有机物同分异构体的书写,none,,
CHEMISTRY,0124,121,碎片拼装法,none,,
CHEMISTRY,0124,121,限定条件下同分异构体的书写,none,,
CHEMISTRY,0124,121,不饱和度在推断同分异构体中的应用,none,,
CHEMISTRY,0124,121,核磁共振氢谱峰面积比与结构对称性,none,,
CHEMISTRY,0126,123,糖类的概念与分类,none,,
CHEMISTRY,0126,123,葡萄糖的结构与官能团,none,,
CHEMISTRY,0126,123,果糖的结构与官能团,none,,
CHEMISTRY,0126,123,葡萄糖的还原性,none,,
CHEMISTRY,0126,123,葡萄糖的加成反应,none,,
CHEMISTRY,0126,123,葡萄糖的酯化反应,none,,
CHEMISTRY,0126,123,葡萄糖的发酵,none,,
CHEMISTRY,0126,123,核糖与脱氧核糖,none,,
CHEMISTRY,0126,123,蔗糖与麦芽糖的结构差异,none,,
CHEMISTRY,0126,123,麦芽糖的还原性,none,,
CHEMISTRY,0126,123,二糖的水解产物,none,,
CHEMISTRY,0126,123,淀粉与纤维素的组成,none,,
CHEMISTRY,0126,123,淀粉与纤维素的化学性质,none,,
CHEMISTRY,0126,123,淀粉水解程度的判断,none,,
CHEMISTRY,0126,123,检验水解产物前需中和硫酸的原因,none,,
CHEMISTRY,0127,124,油脂的概念与结构,none,,
CHEMISTRY,0127,124,常见高级脂肪酸,none,,
CHEMISTRY,0127,124,油脂的氢化,none,,
CHEMISTRY,0127,124,油脂的皂化反应,none,,
CHEMISTRY,0127,124,油脂与高分子,none,,
CHEMISTRY,0127,124,不饱和油脂的检验,none,,
CHEMISTRY,0127,124,α-氨基酸的通式与官能团,none,,
CHEMISTRY,0127,124,氨基酸的两性,none,,
CHEMISTRY,0127,124,氨基酸的成肽反应与肽键,none,,
CHEMISTRY,0127,124,链状二肽的种数,none,,
CHEMISTRY,0127,124,蛋白质的组成元素,none,,
CHEMISTRY,0127,124,蛋白质的水解,none,,
CHEMISTRY,0127,124,蛋白质的两性,none,,
CHEMISTRY,0127,124,蛋白质的盐析,none,,
CHEMISTRY,0127,124,蛋白质的变性,none,,
CHEMISTRY,0127,124,蛋白质的显色反应,none,,
CHEMISTRY,0127,124,蛋白质的灼烧反应,none,,
CHEMISTRY,0128,125,酶的概念与催化特点,none,,
CHEMISTRY,0128,125,核酸的组成元素,none,,
CHEMISTRY,0128,125,核苷酸的组成,none,,
CHEMISTRY,0128,125,核糖核苷酸与脱氧核糖核苷酸,none,,
CHEMISTRY,0128,125,DNA 与 RNA 的结构与功能,none,,
CHEMISTRY,0128,125,加聚反应,none,,
CHEMISTRY,0128,125,缩聚反应,none,,
CHEMISTRY,0128,125,由二元醇与二元酸合成聚酯,none,,
CHEMISTRY,0128,125,由氨基酸合成聚酰胺,none,,
CHEMISTRY,0128,125,酚醛树脂的合成,none,,
CHEMISTRY,0129,126,加聚反应与缩聚反应单体的结构特征,none,,
CHEMISTRY,0129,126,加聚产物与缩聚产物链节的组成差异,none,,
CHEMISTRY,0129,126,弯箭头法判断加聚产物单体,none,,
CHEMISTRY,0129,126,缩聚产物单体的判断方法,none,,
CHEMISTRY,0129,126,由聚酰胺推断单体,none,,
CHEMISTRY,0129,126,由聚酯推断单体,none,,
CHEMISTRY,0129,126,苯酚与醛的缩聚产物,none,,
CHEMISTRY,0129,126,环氧乙烷型开环聚合,none,,
CHEMISTRY,0129,126,塑料的主要成分与加工助剂,none,,
CHEMISTRY,0129,126,热塑性塑料与热固性塑料,none,,
CHEMISTRY,0129,126,酚醛树脂的酸催化合成,none,,
CHEMISTRY,0129,126,酚醛树脂的碱催化合成,none,,
CHEMISTRY,0130,127,多羟甲基苯酚中间体,none,,
CHEMISTRY,0130,127,网状结构酚醛树脂,none,,
CHEMISTRY,0130,127,纤维的分类,none,,
CHEMISTRY,0130,127,合成纤维的主要品种,none,,
CHEMISTRY,0130,127,涤纶（聚对苯二甲酸乙二酯）的合成,none,,
CHEMISTRY,0130,127,锦纶 66（聚己二酰己二胺）的合成,none,,
CHEMISTRY,0130,127,芳纶纤维的合成,none,,
CHEMISTRY,0130,127,橡胶的分类,none,,
CHEMISTRY,0130,127,合成橡胶的原料与性能,none,,
CHEMISTRY,0130,127,顺丁橡胶的合成,none,,
CHEMISTRY,0130,127,橡胶的硫化,none,,
CHEMISTRY,0130,127,天然橡胶的结构与单体,none,,
CHEMISTRY,0130,127,硫化程度对橡胶性能的影响,none,,
CHEMISTRY,0131,128,碳链增长的方法,none,,
CHEMISTRY,0131,128,醛、酮与 HCN 的加成,none,,
CHEMISTRY,0131,128,氰醇的水解,none,,
CHEMISTRY,0131,128,腈的催化加氢制胺,none,,
CHEMISTRY,0131,128,乙炔与 HCN 加成制丙烯腈,none,,
CHEMISTRY,0131,128,腈的水解制羧酸,none,,
CHEMISTRY,0132,129,碳链缩短的方法,none,,
CHEMISTRY,0132,129,羧酸盐脱羧反应,none,,
CHEMISTRY,0132,129,烯烃、炔烃被酸性高锰酸钾氧化断链,none,,
CHEMISTRY,0132,129,芳香烃侧链的氧化,none,,
CHEMISTRY,0132,129,成环反应,none,,
CHEMISTRY,0132,129,环酯、环肽、环醚的形成,none,,
CHEMISTRY,0132,129,乙炔聚合成苯,none,,
CHEMISTRY,0132,129,双烯合成,none,,
CHEMISTRY,0132,129,官能团的引入方法,none,,
CHEMISTRY,0132,129,羟基的引入,none,,
CHEMISTRY,0132,129,卤素原子的引入,none,,
CHEMISTRY,0132,129,碳碳双键的引入,none,,
CHEMISTRY,0132,129,羧基的引入,none,,
CHEMISTRY,0132,129,官能团的消除,none,,
CHEMISTRY,0132,129,酚羟基的保护,none,,
CHEMISTRY,0132,129,碳碳双键的保护,none,,
CHEMISTRY,0132,129,氨基的保护,none,,
CHEMISTRY,0132,129,醛基的保护,none,,
CHEMISTRY,0133,130,官能团间的衍变,none,,
CHEMISTRY,0133,130,官能团种类改变,none,,
CHEMISTRY,0133,130,官能团数目和种类改变,none,,
CHEMISTRY,0133,130,官能团位置改变,none,,
CHEMISTRY,0133,130,正合成分析法,none,,
CHEMISTRY,0133,130,逆合成分析法,none,,
CHEMISTRY,0133,130,有机合成路线的思维程序,none,,
CHEMISTRY,0133,130,由乙烯合成草酸二乙酯的路线,none,,
CHEMISTRY,0133,130,二元羧酸与一元醇形成的酯,none,,
CHEMISTRY,0133,130,有机合成中官能团的保护,none,,
CHEMISTRY,0134,131,由反应条件推断有机反应类型,none,,
CHEMISTRY,0134,131,卤代烃的水解与消去条件,none,,
CHEMISTRY,0134,131,浓硫酸加热条件下的有机反应,none,,
CHEMISTRY,0134,131,醇的催化氧化条件,none,,
CHEMISTRY,0134,131,醛的氧化反应条件,none,,
CHEMISTRY,0134,131,由有机物性质推断官能团,none,,
CHEMISTRY,0134,131,溴水与酸性高锰酸钾褪色的区别,none,,
CHEMISTRY,0134,131,银镜反应与砖红色沉淀,none,,
CHEMISTRY,0134,131,酚羟基的检验,none,,
CHEMISTRY,0134,131,由定量关系推断官能团数目,none,,
CHEMISTRY,0134,131,银镜反应的定量关系,none,,
CHEMISTRY,0134,131,羧基与碳酸钠、碳酸氢钠反应的定量关系,none,,
CHEMISTRY,0134,131,醇羟基催化氧化的定量关系,none,,
CHEMISTRY,0134,131,由产物推断反应物结构,none,,
CHEMISTRY,0134,131,醇能否被催化氧化的结构条件,none,,
CHEMISTRY,0134,131,卤代烃与醇消去反应的结构条件,none,,
CHEMISTRY,0135,132,由苯环一卤代物数目推断取代基位置,none,,
CHEMISTRY,0135,132,有机推断模型的构建,none,,
CHEMISTRY,0135,132,有机合成的三先三后策略,none,,
CHEMISTRY,0135,132,先消后加策略,none,,
CHEMISTRY,0135,132,苯环定位效应与先占后除,none,,
CHEMISTRY,0135,132,官能团的保护与复原,none,,
CHEMISTRY,0135,132,巧用陌生反应设计合成路线,none,,
CHEMISTRY,0135,132,顺推法与逆推法,none,,
CHEMISTRY,0135,132,卤代烃与氰化钠反应增长碳链,none,,
CHEMISTRY,0135,132,烯烃的臭氧化,none,,
CHEMISTRY,0135,132,由烯烃氧化产物推断烯烃结构,none,,
CHEMISTRY,0135,132,双烯合成,none,,
CHEMISTRY,0136,133,羟醛缩合反应,none,,
CHEMISTRY,0136,133,β-羟基醛的生成与脱水,none,,
CHEMISTRY,0136,133,苯环上硝基的还原,none,,
CHEMISTRY,0136,133,格氏试剂与醛酮的加成,none,,
CHEMISTRY,0136,133,由格氏试剂制备醇,none,,
CHEMISTRY,0136,133,酯交换反应,none,,
CHEMISTRY,0136,133,羧酸转化为酰氯,none,,
CHEMISTRY,0136,133,苯环上的烷基化反应,none,,
CHEMISTRY,0137,134,醛酮与伯胺缩合生成亚胺,none,,
CHEMISTRY,0137,134,芳香醚的脱甲基反应,none,,
CHEMISTRY,0137,134,48% HBr 断裂醚键,none,,
CHEMISTRY,0137,134,胺的烷基化反应,none,,
CHEMISTRY,0137,134,同系物与同分异构体数目的判断,none,,
CHEMISTRY,0138,135,可直接加热的仪器,none,,
CHEMISTRY,0138,135,试管加热液体与固体的注意事项,none,,
CHEMISTRY,0138,135,蒸发皿的使用与搅拌,none,,
CHEMISTRY,0138,135,坩埚与坩埚钳的使用,none,,
CHEMISTRY,0138,135,垫陶土网加热的仪器,none,,
CHEMISTRY,0138,135,三颈烧瓶的盛液量,none,,
CHEMISTRY,0138,135,锥形瓶滴定时的盛液量,none,,
CHEMISTRY,0138,135,量筒的使用与规格选取原则,none,,
CHEMISTRY,0138,135,容量瓶的使用与检漏,none,,
CHEMISTRY,0138,135,酸式滴定管与碱式滴定管的选择,none,,
CHEMISTRY,0138,135,聚四氟乙烯活塞滴定管,none,,
CHEMISTRY,0138,135,滴定管的读数精确度,none,,
CHEMISTRY,0138,135,托盘天平的使用与称量规则,none,,
CHEMISTRY,0138,135,温度计水银球的位置,none,,
CHEMISTRY,0138,135,酒精灯的使用与外焰加热,none,,
CHEMISTRY,0139,136,干燥管的用途与气体流向,none,,
CHEMISTRY,0139,136,固体吸收剂的选用,none,,
CHEMISTRY,0139,136,胶头滴管的使用方法,none,,
CHEMISTRY,0139,136,广口瓶与细口瓶的用途区别,none,,
CHEMISTRY,0139,136,棕色瓶的使用,none,,
CHEMISTRY,0139,136,玻璃塞与橡胶塞的选择,none,,
CHEMISTRY,0139,136,集气瓶的使用与安全措施,none,,
CHEMISTRY,0139,136,分液漏斗的使用与分液操作,none,,
CHEMISTRY,0139,136,"过滤的""一贴二低三靠""",none,,
CHEMISTRY,0139,136,长颈漏斗的液封,none,,
CHEMISTRY,0139,136,恒压滴液漏斗,none,,
CHEMISTRY,0139,136,冷凝管的类型与冷凝水方向,none,,
CHEMISTRY,0139,136,广口瓶的一材多用,none,,
CHEMISTRY,0139,136,洗气瓶的进出气方向,none,,
CHEMISTRY,0139,136,量气瓶的进气方式,none,,
CHEMISTRY,0139,136,防倒吸安全瓶,none,,
CHEMISTRY,0139,136,监控气体流速的装置,none,,
CHEMISTRY,0139,136,特殊试剂的保存方法,none,,
CHEMISTRY,0139,136,防氧化、防水解、防挥发、防腐蚀的保存措施,none,,
CHEMISTRY,0140,137,药品取用的三忌原则,none,,
CHEMISTRY,0140,137,固体药品的取用方法,none,,
CHEMISTRY,0140,137,液体药品的取用方法,none,,
CHEMISTRY,0140,137,药品取用量的规定,none,,
CHEMISTRY,0140,137,物质的溶解与加快溶解的措施,none,,
CHEMISTRY,0140,137,浓硫酸的稀释,none,,
CHEMISTRY,0140,137,浓硫酸与浓硝酸的混合顺序,none,,
CHEMISTRY,0140,137,气体溶解与防倒吸,none,,
CHEMISTRY,0140,137,加热操作与容器外壁干燥,none,,
CHEMISTRY,0140,137,水浴加热与油浴加热的选用,none,,
CHEMISTRY,0140,137,试纸的种类及用途,none,,
CHEMISTRY,0140,137,试纸检测溶液与气体的方法,none,,
CHEMISTRY,0140,137,使用试纸的注意事项,none,,
CHEMISTRY,0140,137,装置气密性的检查,none,,
CHEMISTRY,0140,137,微热法、液差法、滴液法,none,,
CHEMISTRY,0140,137,仪器的洗涤与污物清洗试剂,none,,
CHEMISTRY,0140,137,实验室五防措施,none,,
CHEMISTRY,0140,137,防倒吸装置的原理,none,,
CHEMISTRY,0141,138,防堵塞装置,none,,
CHEMISTRY,0141,138,液封与恒压滴液装置,none,,
CHEMISTRY,0141,138,尾气处理装置,none,,
CHEMISTRY,0141,138,可燃性气体点燃前验纯,none,,
CHEMISTRY,0141,138,防暴沸与沸石,none,,
CHEMISTRY,0141,138,实验常见事故的处理,none,,
CHEMISTRY,0141,138,皮肤沾酸碱的急救处理,none,,
CHEMISTRY,0141,138,误食重金属盐的急救,none,,
CHEMISTRY,0141,138,汞洒落的处理,none,,
CHEMISTRY,0141,138,磷灼伤的冲洗,none,,
CHEMISTRY,0141,138,化学试剂的保存方法,none,,
CHEMISTRY,0141,138,玻璃仪器的选用,none,,
CHEMISTRY,0141,138,量筒与滴定管的精确度,none,,
CHEMISTRY,0142,139,物质的检验,none,,
CHEMISTRY,0142,139,物质的鉴别,none,,
CHEMISTRY,0142,139,物质检验和鉴别的原则,none,,
CHEMISTRY,0142,139,物质检验的物理方法,none,,
CHEMISTRY,0142,139,物质检验的化学方法,none,,
CHEMISTRY,0142,139,检验物质的基本要求,none,,
CHEMISTRY,0142,139,检验中排除干扰离子,none,,
CHEMISTRY,0142,139,物质检验的步骤,none,,
CHEMISTRY,0142,139,常见气体的检验,none,,
CHEMISTRY,0142,139,可燃性气体（$\mathrm{H_2}$、$\mathrm{CO}$、$\mathrm{CH_4}$、乙烯）的检验,none,,
CHEMISTRY,0142,139,酸性气体（$\mathrm{CO_2}$、$\mathrm{SO_2}$、$\mathrm{HCl}$）的检验,none,,
CHEMISTRY,0142,139,焰色试验,exact,焰色试验,焰色试验
CHEMISTRY,0143,140,常见气体的检验,none,,
CHEMISTRY,0143,140,气体检验中干扰因素的排除,none,,
CHEMISTRY,0143,140,混合气体检验顺序的设计,none,,
CHEMISTRY,0143,140,常见离子的检验,none,,
CHEMISTRY,0143,140,沉淀法检验离子,none,,
CHEMISTRY,0143,140,气体法检验离子,none,,
CHEMISTRY,0143,140,显色法检验离子,none,,
CHEMISTRY,0143,140,离子检验中干扰离子与排除措施,none,,
CHEMISTRY,0143,140,焰色试验,exact,焰色试验,焰色试验
CHEMISTRY,0144,141,物质的分离,none,,
CHEMISTRY,0144,141,物质的提纯,none,,
CHEMISTRY,0144,141,"分离提纯的""四原则""",none,,
CHEMISTRY,0144,141,"分离提纯的""四必须""",none,,
CHEMISTRY,0144,141,过滤,exact,过滤,过滤
CHEMISTRY,0144,141,"过滤操作的""一贴、二低、三靠""",none,,
CHEMISTRY,0144,141,蒸发结晶,none,,
CHEMISTRY,0144,141,冷却结晶,none,,
CHEMISTRY,0144,141,萃取剂的选择,none,,
CHEMISTRY,0144,141,分液操作,none,,
CHEMISTRY,0145,142,升华,none,,
CHEMISTRY,0145,142,蒸馏,exact,蒸馏,蒸馏
CHEMISTRY,0145,142,蒸馏操作的注意事项,none,,
CHEMISTRY,0145,142,洗气,none,,
CHEMISTRY,0145,142,渗析,none,,
CHEMISTRY,0145,142,重结晶,exact,重结晶,重结晶
CHEMISTRY,0145,142,除杂的常用化学方法,none,,
CHEMISTRY,0145,142,沉淀法除杂,none,,
CHEMISTRY,0145,142,化气法除杂,none,,
CHEMISTRY,0145,142,杂转纯法,none,,
CHEMISTRY,0145,142,氧化还原法除杂,none,,
CHEMISTRY,0145,142,热分解法除杂,none,,
CHEMISTRY,0145,142,酸碱溶解法除杂,none,,
CHEMISTRY,0145,142,"""固＋固""""固＋液""""液＋液""""气＋气""混合物的分离与提纯",none,,
CHEMISTRY,0147,144,物质制备实验思维模型,none,,
CHEMISTRY,0147,144,制备实验方案的评价视角,none,,
CHEMISTRY,0147,144,制备方案的绿色化学评价,none,,
CHEMISTRY,0147,144,制备方案的安全性评价,none,,
CHEMISTRY,0147,144,制备方案的规范性评价,none,,
CHEMISTRY,0147,144,气体制备的装置连接顺序,none,,
CHEMISTRY,0147,144,气体发生装置的选取依据,none,,
CHEMISTRY,0147,144,固体加热型气体发生装置,none,,
CHEMISTRY,0147,144,固液常温型气体发生装置,none,,
CHEMISTRY,0147,144,启普发生器的使用条件,none,,
CHEMISTRY,0147,144,气体净化装置,none,,
CHEMISTRY,0147,144,防倒吸装置,none,,
CHEMISTRY,0147,144,冷凝回流装置,none,,
CHEMISTRY,0148,145,常见气体杂质的净化剂选择,none,,
CHEMISTRY,0148,145,气体净化装置,none,,
CHEMISTRY,0148,145,干燥剂的选用原则,none,,
CHEMISTRY,0148,145,酸性干燥剂,none,,
CHEMISTRY,0148,145,碱性干燥剂,none,,
CHEMISTRY,0148,145,中性干燥剂,none,,
CHEMISTRY,0148,145,气体收集方法,none,,
CHEMISTRY,0148,145,排水法收集气体,none,,
CHEMISTRY,0148,145,排空气法收集气体,none,,
CHEMISTRY,0148,145,尾气处理与防倒吸,none,,
CHEMISTRY,0149,146,探究物质性质实验方案的设计过程,none,,
CHEMISTRY,0149,146,探究实验方案的评价类型,none,,
CHEMISTRY,0149,146,装置评价型,none,,
CHEMISTRY,0149,146,原理评价型,none,,
CHEMISTRY,0149,146,探究实验方案的评价角度,none,,
CHEMISTRY,0149,146,实验用品选择的评价,none,,
CHEMISTRY,0149,146,最佳方案的选用,none,,
CHEMISTRY,0149,146,"""实验操作、现象与结论""的正误判断",none,,
CHEMISTRY,0151,148,物质制备的一般流程,none,,
CHEMISTRY,0151,148,气体净化与干燥的先后顺序,none,,
CHEMISTRY,0151,148,有机物制备的反应装置,none,,
CHEMISTRY,0151,148,恒压滴液漏斗,none,,
CHEMISTRY,0151,148,球形冷凝管,none,,
CHEMISTRY,0151,148,蒸馏装置,none,,
CHEMISTRY,0151,148,分水器,none,,
CHEMISTRY,0151,148,有机物制备实验题的思维流程,none,,
CHEMISTRY,0151,148,产率的计算,none,,
CHEMISTRY,0151,148,实验操作类答题语言规范,none,,
CHEMISTRY,0152,149,证明沉淀完全,none,,
CHEMISTRY,0152,149,沉淀洗涤的操作,none,,
CHEMISTRY,0152,149,判断沉淀是否洗净,none,,
CHEMISTRY,0152,149,常用洗涤剂的选择,none,,
CHEMISTRY,0152,149,萃取、分液操作规范表述,none,,
CHEMISTRY,0152,149,润洗滴定管,none,,
CHEMISTRY,0152,149,滴定管赶气泡,none,,
CHEMISTRY,0152,149,判断滴定终点,none,,
CHEMISTRY,0152,149,滴加半滴液体,none,,
CHEMISTRY,0152,149,实验设计的答题模板,none,,
CHEMISTRY,0152,149,实验现象的描述规范,none,,
CHEMISTRY,0152,149,仪器或装置的作用表述,none,,
CHEMISTRY,0152,149,原因、理由类表述,none,,
CHEMISTRY,0153,150,"原因、理由类答题的""正说""与""反说""",none,,
CHEMISTRY,0153,150,分批加入的目的,none,,
CHEMISTRY,0153,150,缓缓通入气体的目的,none,,
CHEMISTRY,0153,150,加热至恒重的目的,none,,
CHEMISTRY,0153,150,调节溶液 pH 的目的,none,,
CHEMISTRY,0153,150,控制体系温度的目的,none,,
CHEMISTRY,0153,150,调节体系压强的目的,none,,
CHEMISTRY,0153,150,反应物配比选择的目的,none,,
CHEMISTRY,0153,150,冷凝回流的目的,none,,
CHEMISTRY,0153,150,配制溶液时先煮沸水的目的,none,,
CHEMISTRY,0153,150,实验前通入气体的目的,none,,
CHEMISTRY,0153,150,实验中通入气体的目的,none,,
CHEMISTRY,0153,150,实验后通入气体的目的,none,,
CHEMISTRY,0153,150,末端放置干燥管的目的,none,,
CHEMISTRY,0155,152,定量测定数据的方法,none,,
CHEMISTRY,0155,152,测沉淀质量法,none,,
CHEMISTRY,0155,152,测气体体积法,none,,
CHEMISTRY,0155,152,测量气体体积的实验装置,none,,
CHEMISTRY,0156,153,量气时的注意事项,none,,
CHEMISTRY,0156,153,测气体质量法,none,,
CHEMISTRY,0156,153,滴定法,none,,
CHEMISTRY,0156,153,氧化还原滴定法,none,,
CHEMISTRY,0156,153,滴定指示剂,none,,
CHEMISTRY,0156,153,沉淀滴定法,exact,沉淀滴定法,沉淀滴定法
CHEMISTRY,0156,153,沉淀指示剂,none,,
CHEMISTRY,0156,153,热重法,none,,
CHEMISTRY,0156,153,定量实验数据的处理方法,none,,
CHEMISTRY,0156,153,关系式法,none,,
CHEMISTRY,0157,154,关系式法,none,,
CHEMISTRY,0157,154,守恒法,none,,
CHEMISTRY,0157,154,质量守恒,none,,
CHEMISTRY,0157,154,电荷守恒,none,,
CHEMISTRY,0157,154,得失电子守恒,none,,
CHEMISTRY,0157,154,多步滴定计算,none,,
CHEMISTRY,0157,154,连续滴定法,none,,
CHEMISTRY,0157,154,返滴定法,none,,
CHEMISTRY,0157,154,热重曲线计算,none,,
BIOLOGY,0005,1,真核细胞,exact,真核细胞,真核细胞
BIOLOGY,0005,1,原核细胞,exact,原核细胞,原核细胞
BIOLOGY,0005,1,肽聚糖细胞壁,none,,
BIOLOGY,0005,1,几丁质细胞壁,none,,
BIOLOGY,0005,1,拟核,none,,
BIOLOGY,0005,1,二分裂,none,,
BIOLOGY,0005,1,环状DNA,none,,
BIOLOGY,0005,1,病毒无细胞结构,none,,
BIOLOGY,0005,1,病毒遗传物质类型,none,,
BIOLOGY,0005,1,蓝细菌光合自养,none,,
BIOLOGY,0005,1,支原体无细胞壁,none,,
BIOLOGY,0005,1,共用一套遗传密码,none,,
BIOLOGY,0005,1,病毒营寄生生活,none,,
BIOLOGY,0006,2,大量元素,none,,
BIOLOGY,0006,2,微量元素,none,,
BIOLOGY,0006,2,自由水,none,,
BIOLOGY,0006,2,结合水,none,,
BIOLOGY,0006,2,自由水与结合水比值,none,,
BIOLOGY,0006,2,水的极性分子,none,,
BIOLOGY,0006,2,氢键,none,,
BIOLOGY,0006,2,水的比热容,none,,
BIOLOGY,0006,2,无机盐离子形式,none,,
BIOLOGY,0006,2,无机盐组成化合物,none,,
BIOLOGY,0006,2,缓冲对,none,,
BIOLOGY,0006,2,细胞外液渗透压,none,,
BIOLOGY,0006,2,钙离子与肌无力抽搐,none,,
BIOLOGY,0006,2,结合水与抗逆性,none,,
BIOLOGY,0007,3,葡萄糖,none,,
BIOLOGY,0007,3,核糖与脱氧核糖,none,,
BIOLOGY,0007,3,蔗糖麦芽糖乳糖组成,none,,
BIOLOGY,0007,3,淀粉,none,,
BIOLOGY,0007,3,纤维素,none,,
BIOLOGY,0007,3,糖原,none,,
BIOLOGY,0007,3,几丁质,none,,
BIOLOGY,0007,3,还原糖,none,,
BIOLOGY,0007,3,斐林试剂,none,,
BIOLOGY,0007,3,苏丹Ⅲ染液,none,,
BIOLOGY,0007,3,脂肪,none,,
BIOLOGY,0007,3,磷脂,none,,
BIOLOGY,0007,3,固醇,none,,
BIOLOGY,0007,3,维生素D与钙磷吸收,none,,
BIOLOGY,0007,3,脂肪与糖类供能比较,none,,
BIOLOGY,0008,4,饱和脂肪酸,none,,
BIOLOGY,0008,4,不饱和脂肪酸,none,,
BIOLOGY,0008,4,脂肪熔点与凝固,none,,
BIOLOGY,0008,4,几丁质用途,none,,
BIOLOGY,0008,4,几丁质吸附重金属,none,,
BIOLOGY,0008,4,磷脂结构特点,none,,
BIOLOGY,0008,4,种子形成糖脂转化,none,,
BIOLOGY,0008,4,种子萌发糖脂转化,none,,
BIOLOGY,0008,4,种子干重与鲜重变化,none,,
BIOLOGY,0008,4,脂肪转化为糖类增氧,none,,
BIOLOGY,0009,5,氨基酸结构通式,none,,
BIOLOGY,0009,5,R基,none,,
BIOLOGY,0009,5,必需氨基酸,none,,
BIOLOGY,0009,5,非必需氨基酸,none,,
BIOLOGY,0009,5,脱水缩合,exact,脱水缩合,脱水缩合
BIOLOGY,0009,5,肽键,none,,
BIOLOGY,0009,5,二硫键,none,,
BIOLOGY,0009,5,蛋白质结构多样性,none,,
BIOLOGY,0009,5,蛋白质功能多样性,none,,
BIOLOGY,0009,5,血红蛋白,none,,
BIOLOGY,0009,5,转运蛋白,none,,
BIOLOGY,0009,5,双缩脲试剂,none,,
BIOLOGY,0009,5,斐林试剂与双缩脲试剂差异,none,,
BIOLOGY,0009,5,氨基酸数与肽键数计算,none,,
BIOLOGY,0009,5,蛋白质检测,none,,
BIOLOGY,0010,6,核苷酸,exact,核苷酸,核苷酸
BIOLOGY,0010,6,核苷,none,,
BIOLOGY,0010,6,脱氧核糖核苷酸,none,,
BIOLOGY,0010,6,核糖核苷酸,none,,
BIOLOGY,0010,6,含氮碱基种类,none,,
BIOLOGY,0010,6,DNA双螺旋结构,none,,
BIOLOGY,0010,6,核酶,none,,
BIOLOGY,0010,6,mRNA,none,,
BIOLOGY,0010,6,tRNA,none,,
BIOLOGY,0010,6,rRNA,none,,
BIOLOGY,0010,6,核酸的分布,none,,
BIOLOGY,0010,6,细胞生物的遗传物质,none,,
BIOLOGY,0010,6,病毒的遗传物质,none,,
BIOLOGY,0010,6,单体与多聚体,none,,
BIOLOGY,0010,6,脂肪不属于生物大分子,none,,
BIOLOGY,0011,7,蛋白质一级结构,none,,
BIOLOGY,0011,7,蛋白质二级结构,none,,
BIOLOGY,0011,7,蛋白质三级结构,none,,
BIOLOGY,0011,7,蛋白质四级结构,none,,
BIOLOGY,0011,7,蛋白质构象与活性,none,,
BIOLOGY,0011,7,蛋白质变性,none,,
BIOLOGY,0011,7,蛋白质水解,none,,
BIOLOGY,0011,7,蛋白质修饰,none,,
BIOLOGY,0011,7,蛋白质磷酸化,none,,
BIOLOGY,0011,7,肽键,none,,
BIOLOGY,0011,7,二硫键,none,,
BIOLOGY,0011,7,双缩脲反应,none,,
BIOLOGY,0012,8,细胞膜制备选材,none,,
BIOLOGY,0012,8,细胞膜成分,none,,
BIOLOGY,0012,8,磷脂双分子层,none,,
BIOLOGY,0012,8,流动镶嵌模型,exact,流动镶嵌模型,流动镶嵌模型
BIOLOGY,0012,8,糖被,none,,
BIOLOGY,0012,8,膜蛋白功能,none,,
BIOLOGY,0012,8,细胞膜不对称性,none,,
BIOLOGY,0012,8,细胞膜流动性,none,,
BIOLOGY,0012,8,胆固醇的双重调节,none,,
BIOLOGY,0012,8,细胞膜选择透过性,none,,
BIOLOGY,0012,8,细胞膜的功能,none,,
BIOLOGY,0012,8,细胞间信息交流,none,,
BIOLOGY,0012,8,胞间连丝,none,,
BIOLOGY,0012,8,脂质体,none,,
BIOLOGY,0012,8,水通道蛋白,none,,
BIOLOGY,0013,9,核膜,none,,
BIOLOGY,0013,9,核仁,none,,
BIOLOGY,0013,9,染色质,none,,
BIOLOGY,0013,9,染色体,none,,
BIOLOGY,0013,9,核孔,none,,
BIOLOGY,0013,9,核孔复合体,none,,
BIOLOGY,0013,9,核定位信号,none,,
BIOLOGY,0013,9,细胞核的功能,none,,
BIOLOGY,0013,9,核质物质交换,none,,
BIOLOGY,0013,9,无核真核细胞,none,,
BIOLOGY,0014,10,差速离心法,none,,
BIOLOGY,0014,10,叶绿体,exact,叶绿体,叶绿体
BIOLOGY,0014,10,线粒体,exact,线粒体,线粒体
BIOLOGY,0014,10,半自主性细胞器,none,,
BIOLOGY,0014,10,内质网,exact,内质网,内质网
BIOLOGY,0014,10,高尔基体,exact,高尔基体,高尔基体
BIOLOGY,0014,10,溶酶体,exact,溶酶体,溶酶体
BIOLOGY,0014,10,液泡,exact,液泡,液泡
BIOLOGY,0014,10,核糖体,exact,核糖体,核糖体
BIOLOGY,0014,10,中心体,none,,
BIOLOGY,0014,10,细胞骨架,exact,细胞骨架,细胞骨架
BIOLOGY,0014,10,细胞质流动,none,,
BIOLOGY,0014,10,显微结构,none,,
BIOLOGY,0014,10,亚显微结构,none,,
BIOLOGY,0014,10,细胞器分工,none,,
BIOLOGY,0015,11,分泌蛋白,none,,
BIOLOGY,0015,11,分泌蛋白的合成与运输过程,none,,
BIOLOGY,0015,11,同位素标记法,none,,
BIOLOGY,0015,11,细胞的生物膜系统,exact,细胞的生物膜系统-x1,细胞的生物膜系统
BIOLOGY,0015,11,生物膜系统的功能,none,,
BIOLOGY,0015,11,生物膜之间的联系,none,,
BIOLOGY,0015,11,内质网膜与核膜、细胞膜的直接联系,none,,
BIOLOGY,0015,11,囊泡运输,none,,
BIOLOGY,0015,11,胞吐与膜的流动性,none,,
BIOLOGY,0015,11,示踪同位素的放射性与非放射性区分,none,,
BIOLOGY,0016,12,溶酶体的起源,none,,
BIOLOGY,0016,12,初级溶酶体,none,,
BIOLOGY,0016,12,次级溶酶体,none,,
BIOLOGY,0016,12,自噬溶酶体与异噬溶酶体,none,,
BIOLOGY,0016,12,溶酶体消化作用的三种途径,none,,
BIOLOGY,0016,12,溶酶体的自溶作用,none,,
BIOLOGY,0016,12,溶酶体膜不被自身水解酶水解的原因,none,,
BIOLOGY,0016,12,溶酶体水解产物可被细胞再利用,none,,
BIOLOGY,0016,12,自噬体的形成与降解途径,none,,
BIOLOGY,0017,13,蛋白质分选,none,,
BIOLOGY,0017,13,蛋白质分选信号,none,,
BIOLOGY,0017,13,信号序列在定向转移后被切除,none,,
BIOLOGY,0017,13,后翻译转运途径,none,,
BIOLOGY,0017,13,共翻译转运途径,none,,
BIOLOGY,0017,13,细胞质基质的可溶性驻留蛋白与骨架蛋白,none,,
BIOLOGY,0017,13,粗面内质网在分泌蛋白合成中的作用,none,,
BIOLOGY,0017,13,膜围绕细胞结构的蛋白质定向运输,none,,
BIOLOGY,0018,14,渗透作用,exact,渗透作用,渗透作用
BIOLOGY,0018,14,渗透作用的发生条件,none,,
BIOLOGY,0018,14,渗透方向,none,,
BIOLOGY,0018,14,渗透平衡与液面差,none,,
BIOLOGY,0018,14,动物细胞的吸水和失水,exact,动物细胞的吸水和失水-x1,动物细胞的吸水和失水
BIOLOGY,0018,14,细胞膜可看作半透膜,none,,
BIOLOGY,0018,14,细胞吸水膨胀、失水皱缩与动态平衡,none,,
BIOLOGY,0018,14,原生质层,none,,
BIOLOGY,0018,14,细胞壁的伸缩性小于原生质层,none,,
BIOLOGY,0018,14,质壁分离,exact,质壁分离,质壁分离
BIOLOGY,0018,14,质壁分离复原,none,,
BIOLOGY,0018,14,质壁分离自动复原,none,,
BIOLOGY,0019,15,植物细胞吸水和失水的判断方法,none,,
BIOLOGY,0019,15,细胞液浓度与外界溶液浓度的大小关系对吸水失水的决定作用,none,,
BIOLOGY,0019,15,水分子交换平衡时细胞液浓度、吸水能力与外界溶液浓度的变化,none,,
BIOLOGY,0019,15,外界溶液溶质不进入细胞时细胞与溶液间无溶质交换,none,,
BIOLOGY,0020,16,被动运输,exact,被动运输,被动运输
BIOLOGY,0020,16,自由扩散,exact,自由扩散,自由扩散
BIOLOGY,0020,16,协助扩散,exact,协助扩散,协助扩散
BIOLOGY,0020,16,转运蛋白,none,,
BIOLOGY,0020,16,水通道蛋白,none,,
BIOLOGY,0020,16,主动运输,exact,主动运输,主动运输
BIOLOGY,0020,16,主动运输消耗 ATP 并需要载体蛋白,none,,
BIOLOGY,0020,16,胞吞,exact,胞吞,胞吞
BIOLOGY,0020,16,胞吐,exact,胞吐,胞吐
BIOLOGY,0020,16,膜的流动性在胞吞胞吐中的作用,none,,
BIOLOGY,0020,16,物质进出细胞方式的比较,none,,
BIOLOGY,0020,16,温度对物质运输的影响,none,,
BIOLOGY,0021,17,自由扩散影响因素,none,,
BIOLOGY,0021,17,协助扩散饱和现象,none,,
BIOLOGY,0021,17,载体蛋白饱和性,none,,
BIOLOGY,0021,17,通道蛋白无饱和性,none,,
BIOLOGY,0021,17,主动运输能量需求,none,,
BIOLOGY,0021,17,主动运输氧浓度曲线,none,,
BIOLOGY,0021,17,无氧呼吸供能,none,,
BIOLOGY,0021,17,红细胞主动运输特点,none,,
BIOLOGY,0021,17,胞吞胞吐耗能,none,,
BIOLOGY,0021,17,转运蛋白,none,,
BIOLOGY,0021,17,载体蛋白,none,,
BIOLOGY,0021,17,通道蛋白,none,,
BIOLOGY,0021,17,载体蛋白构象改变,none,,
BIOLOGY,0021,17,离子通道,none,,
BIOLOGY,0022,18,物质运输方式判断依据,none,,
BIOLOGY,0022,18,依据物质种类判断,none,,
BIOLOGY,0022,18,依据模型判断,none,,
BIOLOGY,0022,18,依据运输条件判断,none,,
BIOLOGY,0022,18,气体分子自由扩散,none,,
BIOLOGY,0022,18,脂溶性物质自由扩散,none,,
BIOLOGY,0022,18,大分子胞吞胞吐,none,,
BIOLOGY,0022,18,逆浓度梯度运输,none,,
BIOLOGY,0022,18,耗能运输途径,none,,
BIOLOGY,0022,18,ATP直接供能,none,,
BIOLOGY,0022,18,离子电化学梯度势能,none,,
BIOLOGY,0022,18,光驱动运输,none,,
BIOLOGY,0022,18,囊泡运输,none,,
BIOLOGY,0022,18,胞吞胞吐膜蛋白协助,none,,
BIOLOGY,0022,18,通道蛋白与协助扩散,none,,
BIOLOGY,0023,19,主动运输特点,none,,
BIOLOGY,0023,19,主动运输命题规律,none,,
BIOLOGY,0023,19,主动运输与呼吸作用,none,,
BIOLOGY,0023,19,主动运输与光合作用,none,,
BIOLOGY,0023,19,主动运输与神经调节,none,,
BIOLOGY,0023,19,ATP驱动泵,none,,
BIOLOGY,0023,19,协同转运蛋白,none,,
BIOLOGY,0023,19,质子泵,none,,
BIOLOGY,0023,19,钠钾泵,none,,
BIOLOGY,0023,19,逆向转运蛋白,none,,
BIOLOGY,0023,19,钠钙交换体,none,,
BIOLOGY,0023,19,电化学梯度驱动转运,none,,
BIOLOGY,0024,20,主动运输类型划分,none,,
BIOLOGY,0024,20,ATP驱动泵,none,,
BIOLOGY,0024,20,协同转运蛋白,none,,
BIOLOGY,0024,20,光驱动泵,none,,
BIOLOGY,0024,20,电化学势能驱动,none,,
BIOLOGY,0024,20,同向转运,none,,
BIOLOGY,0024,20,逆向转运,none,,
BIOLOGY,0024,20,光能驱动质子泵,none,,
BIOLOGY,0024,20,细菌紫膜质,none,,
BIOLOGY,0024,20,解偶联剂,none,,
BIOLOGY,0024,20,转运蛋白兼具酶活性,none,,
BIOLOGY,0024,20,直接供能与间接供能辨析,none,,
BIOLOGY,0025,21,酶的概念,none,,
BIOLOGY,0025,21,酶的本质,exact,酶的本质,酶的本质
BIOLOGY,0025,21,酶在细胞内外均起作用,none,,
BIOLOGY,0025,21,酶作用验证实验,none,,
BIOLOGY,0025,21,过氧化氢酶,none,,
BIOLOGY,0025,21,无机催化剂对照,none,,
BIOLOGY,0025,21,阳性对照,none,,
BIOLOGY,0025,21,活化能,none,,
BIOLOGY,0025,21,降低活化能机理,none,,
BIOLOGY,0025,21,酶可重复利用,none,,
BIOLOGY,0025,21,酶的高效性,none,,
BIOLOGY,0025,21,酶的专一性,none,,
BIOLOGY,0025,21,脲酶,none,,
BIOLOGY,0025,21,作用条件较温和,none,,
BIOLOGY,0025,21,酶制剂低温保存,none,,
BIOLOGY,0026,22,影响酶促反应速率的因素,none,,
BIOLOGY,0026,22,温度对酶活性的影响,none,,
BIOLOGY,0026,22,pH 对酶活性的影响,none,,
BIOLOGY,0026,22,底物浓度对酶促反应速率的影响,none,,
BIOLOGY,0026,22,酶浓度对酶促反应速率的影响,none,,
BIOLOGY,0026,22,酶量限制下的反应速率平台,none,,
BIOLOGY,0026,22,底物浓度和酶浓度不改变酶的活性,none,,
BIOLOGY,0026,22,竞争性抑制剂,none,,
BIOLOGY,0026,22,非竞争性抑制剂,none,,
BIOLOGY,0026,22,探究温度对酶活性影响的实验设计,none,,
BIOLOGY,0026,22,探究 pH 对酶活性影响的实验设计,none,,
BIOLOGY,0026,22,碘液检测淀粉水解程度,none,,
BIOLOGY,0027,23,实验设计的单一变量原则,none,,
BIOLOGY,0027,23,空白对照,none,,
BIOLOGY,0027,23,自身对照,none,,
BIOLOGY,0027,23,相互对照,none,,
BIOLOGY,0027,23,条件对照,none,,
BIOLOGY,0027,23,平行重复原则,none,,
BIOLOGY,0027,23,实验设计的科学性原则,none,,
BIOLOGY,0027,23,自变量,none,,
BIOLOGY,0027,23,加法原理与减法原理,none,,
BIOLOGY,0027,23,因变量与可观测指标,none,,
BIOLOGY,0027,23,无关变量及其控制,none,,
BIOLOGY,0028,24,实验分析的一般步骤,none,,
BIOLOGY,0028,24,由实验目的确定自变量与因变量,none,,
BIOLOGY,0028,24,由处理条件与检测指标对应关系判断变量,none,,
BIOLOGY,0028,24,实验组与对照组的分析,none,,
BIOLOGY,0028,24,两个及以上自变量实验的单一变量处理,none,,
BIOLOGY,0028,24,实验结果的描述规范,none,,
BIOLOGY,0028,24,实验结论的描述规范,none,,
BIOLOGY,0029,25,腺苷三磷酸,none,,
BIOLOGY,0029,25,ATP 的组成元素,none,,
BIOLOGY,0029,25,ATP 的结构简式与特殊化学键,none,,
BIOLOGY,0029,25,腺苷的组成,none,,
BIOLOGY,0029,25,ATP 是高能磷酸化合物,none,,
BIOLOGY,0029,25,ATP 是驱动细胞生命活动的直接能源物质,none,,
BIOLOGY,0029,25,ATP 与 ADP 的相互转化,none,,
BIOLOGY,0029,25,ATP 合成与水解的场所,none,,
BIOLOGY,0029,25,ATP 合成与水解的能量来源与去路,none,,
BIOLOGY,0029,25,ATP 与 ADP 转化速度快而含量少,none,,
BIOLOGY,0029,25,ATP 合成伴随放能反应、水解伴随吸能反应,none,,
BIOLOGY,0029,25,ATP 水解与合成不是可逆反应,none,,
BIOLOGY,0029,25,ATP 为主动运输供能的机制,none,,
BIOLOGY,0029,25,载体蛋白的磷酸化与构象改变,none,,
BIOLOGY,0029,25,ATP 与 RNA 的关系,none,,
BIOLOGY,0029,25,"各物质中""A""的含义辨析",none,,
BIOLOGY,0030,26,磷酸化,none,,
BIOLOGY,0030,26,去磷酸化,none,,
BIOLOGY,0030,26,蛋白质磷酸化,none,,
BIOLOGY,0030,26,蛋白激酶,none,,
BIOLOGY,0030,26,蛋白磷酸酶,none,,
BIOLOGY,0030,26,可逆磷酸化调节,none,,
BIOLOGY,0030,26,细胞信号转导,none,,
BIOLOGY,0030,26,蛋白质构象改变,none,,
BIOLOGY,0030,26,活化与失活开关,none,,
BIOLOGY,0030,26,ATP磷酸基团转移,none,,
BIOLOGY,0031,27,酵母菌兼性厌氧,none,,
BIOLOGY,0031,27,对比实验,none,,
BIOLOGY,0031,27,NaOH吸收二氧化碳,none,,
BIOLOGY,0031,27,澄清石灰水检测二氧化碳,none,,
BIOLOGY,0031,27,溴麝香草酚蓝溶液,none,,
BIOLOGY,0031,27,酸性重铬酸钾检测酒精,none,,
BIOLOGY,0031,27,细胞呼吸的实质,none,,
BIOLOGY,0031,27,有氧呼吸第一阶段,none,,
BIOLOGY,0031,27,糖酵解,none,,
BIOLOGY,0031,27,丙酮酸,none,,
BIOLOGY,0031,27,有氧呼吸第二阶段,none,,
BIOLOGY,0031,27,有氧呼吸第三阶段,none,,
BIOLOGY,0031,27,酒精发酵,none,,
BIOLOGY,0031,27,乳酸发酵,none,,
BIOLOGY,0031,27,细胞呼吸的意义,none,,
BIOLOGY,0031,27,代谢枢纽,none,,
BIOLOGY,0032,28,瓦堡效应,none,,
BIOLOGY,0032,28,无氧呼吸能量去向,none,,
BIOLOGY,0032,28,呼吸方式判断依据,none,,
BIOLOGY,0032,28,物质的量关系判断法,none,,
BIOLOGY,0032,28,二氧化碳释放量与氧气吸收量,none,,
BIOLOGY,0032,28,产乳酸的无氧呼吸,none,,
BIOLOGY,0032,28,脂质作呼吸底物,none,,
BIOLOGY,0032,28,细胞呼吸相关计算,none,,
BIOLOGY,0032,28,呼吸作用物质比例,none,,
BIOLOGY,0033,29,糖酵解,none,,
BIOLOGY,0033,29,三羧酸循环,none,,
BIOLOGY,0033,29,柠檬酸循环,none,,
BIOLOGY,0033,29,乙酰辅酶A,none,,
BIOLOGY,0033,29,草酰乙酸,none,,
BIOLOGY,0033,29,丙酮酸羧化,none,,
BIOLOGY,0033,29,线粒体基质,none,,
BIOLOGY,0033,29,细胞呼吸代谢枢纽,none,,
BIOLOGY,0033,29,三羧酸循环中间产物,none,,
BIOLOGY,0033,29,呼吸电子传递,none,,
BIOLOGY,0033,29,氧化磷酸化,none,,
BIOLOGY,0033,29,ATP合酶,none,,
BIOLOGY,0034,30,电子传递链,none,,
BIOLOGY,0034,30,氧化磷酸化,none,,
BIOLOGY,0034,30,质子浓度梯度,none,,
BIOLOGY,0034,30,ATP合酶,none,,
BIOLOGY,0034,30,化学渗透,none,,
BIOLOGY,0034,30,线粒体内膜,none,,
BIOLOGY,0034,30,膜间隙,none,,
BIOLOGY,0034,30,NADH脱氢酶,none,,
BIOLOGY,0034,30,辅酶Q,none,,
BIOLOGY,0034,30,细胞色素c,none,,
BIOLOGY,0034,30,细胞色素氧化酶,none,,
BIOLOGY,0034,30,解偶联剂,none,,
BIOLOGY,0035,31,氧气浓度影响细胞呼吸,none,,
BIOLOGY,0035,31,温度影响酶活性,none,,
BIOLOGY,0035,31,自由水含量,none,,
BIOLOGY,0035,31,二氧化碳抑制呼吸,none,,
BIOLOGY,0035,31,无氧呼吸消失点,none,,
BIOLOGY,0035,31,果蔬储藏条件,none,,
BIOLOGY,0035,31,种子储藏条件,none,,
BIOLOGY,0035,31,中耕松土,none,,
BIOLOGY,0035,31,排涝防烂根,none,,
BIOLOGY,0035,31,发酵产品制备,none,,
BIOLOGY,0035,31,有氧运动与乳酸,none,,
BIOLOGY,0035,31,伤口透气包扎,none,,
BIOLOGY,0035,31,种子萌发呼吸变化,none,,
BIOLOGY,0036,32,氧气浓度与无氧呼吸,none,,
BIOLOGY,0036,32,Q点只进行无氧呼吸,none,,
BIOLOGY,0036,32,P点只进行有氧呼吸,none,,
BIOLOGY,0036,32,有氧无氧呼吸并存,none,,
BIOLOGY,0036,32,呼吸作用最弱点,none,,
BIOLOGY,0036,32,蔬菜水果储藏氧浓度,none,,
BIOLOGY,0036,32,呼吸商,none,,
BIOLOGY,0036,32,二氧化碳生成量,none,,
BIOLOGY,0036,32,氧气吸收量,none,,
BIOLOGY,0037,33,光合色素提取原理,none,,
BIOLOGY,0037,33,无水乙醇提取色素,none,,
BIOLOGY,0037,33,二氧化硅助研磨,none,,
BIOLOGY,0037,33,碳酸钙保护叶绿素,none,,
BIOLOGY,0037,33,纸层析法,none,,
BIOLOGY,0037,33,滤液细线画法,none,,
BIOLOGY,0037,33,四种光合色素,none,,
BIOLOGY,0037,33,色素带与含量,none,,
BIOLOGY,0037,33,光合色素吸收光谱,none,,
BIOLOGY,0037,33,叶绿素合成条件,none,,
BIOLOGY,0037,33,水的光解,none,,
BIOLOGY,0037,33,NADPH,none,,
BIOLOGY,0037,33,二氧化碳固定,none,,
BIOLOGY,0037,33,三碳化合物还原,none,,
BIOLOGY,0037,33,卡尔文循环,none,,
BIOLOGY,0038,34,水的光解,none,,
BIOLOGY,0038,34,光反应ATP合成,none,,
BIOLOGY,0038,34,NADPH合成,none,,
BIOLOGY,0038,34,还原型辅酶Ⅱ,none,,
BIOLOGY,0038,34,光反应能量变化,none,,
BIOLOGY,0038,34,暗反应能量变化,none,,
BIOLOGY,0038,34,光合作用总反应式,none,,
BIOLOGY,0038,34,NADPH的还原剂作用,none,,
BIOLOGY,0038,34,光反应与暗反应联系,none,,
BIOLOGY,0038,34,核酮糖二磷酸,none,,
BIOLOGY,0038,34,三磷酸甘油酸,none,,
BIOLOGY,0038,34,光合产物淀粉与蔗糖,none,,
BIOLOGY,0038,34,淀粉与蔗糖合成场所,none,,
BIOLOGY,0038,34,化能合成作用,none,,
BIOLOGY,0038,34,硝化细菌,none,,
BIOLOGY,0039,35,环境变化物质含量分析,none,,
BIOLOGY,0039,35,物质的来源与去路,none,,
BIOLOGY,0039,35,光照减弱C3C5变化,none,,
BIOLOGY,0039,35,CO2减少C3C5变化,none,,
BIOLOGY,0039,35,ATP与NADPH变化,none,,
BIOLOGY,0039,35,光反应与暗反应连锁,none,,
BIOLOGY,0039,35,Rubisco,none,,
BIOLOGY,0039,35,蔗糖运输优点,none,,
BIOLOGY,0039,35,光合色素吸光率,none,,
BIOLOGY,0040,36,光补偿点,none,,
BIOLOGY,0040,36,光饱和点,none,,
BIOLOGY,0040,36,阴生植物与阳生植物,none,,
BIOLOGY,0040,36,光照强度影响光反应,none,,
BIOLOGY,0040,36,光质影响光合作用,none,,
BIOLOGY,0040,36,绿光几乎不被吸收,none,,
BIOLOGY,0040,36,CO2补偿点,none,,
BIOLOGY,0040,36,CO2饱和点,none,,
BIOLOGY,0040,36,温度影响酶活性,none,,
BIOLOGY,0040,36,矿质元素与叶绿素,none,,
BIOLOGY,0040,36,磷参与ATP形成,none,,
BIOLOGY,0040,36,水分与气孔导度,none,,
BIOLOGY,0040,36,多因子限制,none,,
BIOLOGY,0040,36,昼夜温差与有机物积累,none,,
BIOLOGY,0040,36,脱落酸与气孔开闭,none,,
BIOLOGY,0041,37,叶圆片上浮法,none,,
BIOLOGY,0041,37,抽气使叶片下沉,none,,
BIOLOGY,0041,37,NaHCO3提供二氧化碳,none,,
BIOLOGY,0041,37,光合作用过程分析法,none,,
BIOLOGY,0041,37,反应物生成物反应条件,none,,
BIOLOGY,0041,37,二氧化碳浓度与光合速率,none,,
BIOLOGY,0041,37,生成物积累限制,none,,
BIOLOGY,0041,37,五碳化合物再生限制,none,,
BIOLOGY,0042,38,光合作用影响因素列举,none,,
BIOLOGY,0042,38,干旱与脱落酸,none,,
BIOLOGY,0042,38,气孔开度与二氧化碳供应,none,,
BIOLOGY,0042,38,气孔导度,none,,
BIOLOGY,0043,39,光合作用与细胞呼吸物质联系,none,,
BIOLOGY,0043,39,光合作用与细胞呼吸能量联系,none,,
BIOLOGY,0043,39,净光合速率,none,,
BIOLOGY,0043,39,总光合速率,none,,
BIOLOGY,0043,39,呼吸速率,none,,
BIOLOGY,0043,39,植物三率分析,none,,
BIOLOGY,0043,39,光补偿点,none,,
BIOLOGY,0043,39,补偿点与饱和点移动规律,none,,
BIOLOGY,0043,39,植株与叶肉细胞呼吸差异,none,,
BIOLOGY,0043,39,一昼夜代谢曲线,none,,
BIOLOGY,0043,39,密闭容器二氧化碳变化,none,,
BIOLOGY,0043,39,一昼夜生长判断,none,,
BIOLOGY,0044,40,净光合作用,none,,
BIOLOGY,0044,40,总光合作用,none,,
BIOLOGY,0044,40,光合午休,none,,
BIOLOGY,0044,40,净光合速率,none,,
BIOLOGY,0044,40,总光合速率,none,,
BIOLOGY,0044,40,细胞呼吸速率,none,,
BIOLOGY,0044,40,二氧化碳吸收量,none,,
BIOLOGY,0044,40,二氧化碳固定量,none,,
BIOLOGY,0044,40,有机物积累量,none,,
BIOLOGY,0044,40,总光合与净光合的判定,none,,
BIOLOGY,0045,41,光系统,none,,
BIOLOGY,0045,41,光系统Ⅰ,none,,
BIOLOGY,0045,41,光系统Ⅱ,none,,
BIOLOGY,0045,41,光合电子传递链,none,,
BIOLOGY,0045,41,光合磷酸化,none,,
BIOLOGY,0045,41,ATP合酶,none,,
BIOLOGY,0045,41,类囊体膜质子梯度,none,,
BIOLOGY,0045,41,NADPH的形成,none,,
BIOLOGY,0045,41,水的光解,none,,
BIOLOGY,0045,41,光抑制,none,,
BIOLOGY,0045,41,光呼吸,none,,
BIOLOGY,0045,41,光饱和,none,,
BIOLOGY,0045,41,光能转化的去向,none,,
BIOLOGY,0046,42,光抑制,none,,
BIOLOGY,0046,42,光保护机制,none,,
BIOLOGY,0046,42,活性氧,none,,
BIOLOGY,0046,42,光化学耗散,none,,
BIOLOGY,0046,42,非光化学耗散,none,,
BIOLOGY,0046,42,PSⅡ光失活,none,,
BIOLOGY,0046,42,D1蛋白周转,none,,
BIOLOGY,0046,42,高光胁迫,none,,
BIOLOGY,0046,42,避光机制,none,,
BIOLOGY,0046,42,光质筛选,none,,
BIOLOGY,0046,42,光呼吸碳氧化循环,none,,
BIOLOGY,0046,42,Rubisco,none,,
BIOLOGY,0046,42,C5的羧化与氧化,none,,
BIOLOGY,0046,42,过氧化物酶体,none,,
BIOLOGY,0047,43,光呼吸,none,,
BIOLOGY,0047,43,Rubisco的双重催化,none,,
BIOLOGY,0047,43,加氧反应,none,,
BIOLOGY,0047,43,羧化反应,none,,
BIOLOGY,0047,43,磷酸乙醇酸,none,,
BIOLOGY,0047,43,乙醇酸,none,,
BIOLOGY,0047,43,光呼吸与暗反应的关系,none,,
BIOLOGY,0047,43,光呼吸的生理意义,none,,
BIOLOGY,0047,43,光呼吸保护光合器官,none,,
BIOLOGY,0047,43,高光照适应,none,,
BIOLOGY,0047,43,气孔关闭与光抑制,none,,
BIOLOGY,0048,44,CAM途径,none,,
BIOLOGY,0048,44,景天科植物,none,,
BIOLOGY,0048,44,气孔昼闭夜开,none,,
BIOLOGY,0048,44,PEP羧化酶,none,,
BIOLOGY,0048,44,草酰乙酸,none,,
BIOLOGY,0048,44,苹果酸储存在液泡,none,,
BIOLOGY,0048,44,苹果酸脱羧,none,,
BIOLOGY,0048,44,卡尔文循环,none,,
BIOLOGY,0048,44,干旱环境适应,none,,
BIOLOGY,0048,44,磷酸丙糖,none,,
BIOLOGY,0048,44,C4途径,none,,
BIOLOGY,0048,44,蓝细菌HCO3-泵途径,none,,
BIOLOGY,0048,44,CO2浓缩机制,none,,
BIOLOGY,0049,45,HCO3-泵途径,none,,
BIOLOGY,0049,45,羧化体,none,,
BIOLOGY,0049,45,羧化体蛋白质外壳,none,,
BIOLOGY,0049,45,蓝细菌主动运输HCO3-,none,,
BIOLOGY,0049,45,C4途径,none,,
BIOLOGY,0049,45,PEP羧化酶,none,,
BIOLOGY,0049,45,草酰乙酸,none,,
BIOLOGY,0049,45,维管束鞘细胞,none,,
BIOLOGY,0049,45,苹果酸脱羧,none,,
BIOLOGY,0049,45,质膜扩散屏障,none,,
BIOLOGY,0049,45,CO2泵,none,,
BIOLOGY,0049,45,C4植物减少光呼吸,none,,
BIOLOGY,0049,45,光合产物就近运输,none,,
BIOLOGY,0050,46,气孔开闭的影响因素,none,,
BIOLOGY,0050,46,气孔是气体交换的门户,none,,
BIOLOGY,0050,46,脱落酸调节气孔关闭,none,,
BIOLOGY,0050,46,植物应对干旱逆境,none,,
BIOLOGY,0050,46,保卫细胞液泡溶质转运,none,,
BIOLOGY,0050,46,气孔导度,none,,
BIOLOGY,0050,46,光合午休,none,,
BIOLOGY,0050,46,光质对气孔导度的影响,none,,
BIOLOGY,0050,46,高浓度二氧化碳与气孔关闭,none,,
BIOLOGY,0051,47,相关系数,none,,
BIOLOGY,0051,47,叶绿素含量与光合速率的相关性,none,,
BIOLOGY,0052,48,气孔开闭的调控因素,none,,
BIOLOGY,0052,48,光照促进气孔张开,none,,
BIOLOGY,0052,48,蔗糖积累与渗透压,none,,
BIOLOGY,0052,48,蓝光受体,none,,
BIOLOGY,0052,48,质子泵驱动离子吸收,none,,
BIOLOGY,0052,48,二氧化碳浓度与气孔开闭,none,,
BIOLOGY,0052,48,干旱诱导脱落酸合成,none,,
BIOLOGY,0052,48,保卫细胞离子外流,none,,
BIOLOGY,0052,48,温度与气孔开度,none,,
BIOLOGY,0052,48,脱落酸信号与钙离子,none,,
BIOLOGY,0052,48,茉莉酸防御机制,none,,
BIOLOGY,0052,48,细胞分裂素,none,,
BIOLOGY,0052,48,钾离子与气孔开度,none,,
BIOLOGY,0052,48,CAM途径,none,,
BIOLOGY,0053,49,细胞增殖,exact,细胞增殖,细胞增殖
BIOLOGY,0053,49,细胞周期,exact,细胞周期,细胞周期
BIOLOGY,0053,49,分裂间期,none,,
BIOLOGY,0053,49,分裂期,none,,
BIOLOGY,0053,49,G1期,none,,
BIOLOGY,0053,49,S期,none,,
BIOLOGY,0053,49,G2期,none,,
BIOLOGY,0053,49,无丝分裂,none,,
BIOLOGY,0053,49,有丝分裂,exact,有丝分裂,有丝分裂
BIOLOGY,0053,49,减数分裂,exact,减数分裂,减数分裂
BIOLOGY,0053,49,二分裂,none,,
BIOLOGY,0053,49,细胞周期检验点,none,,
BIOLOGY,0053,49,细胞周期同步化,none,,
BIOLOGY,0053,49,TdR阻断法,none,,
BIOLOGY,0053,49,秋水仙素阻断分裂中期,none,,
BIOLOGY,0054,50,有丝分裂,exact,有丝分裂,有丝分裂
BIOLOGY,0054,50,分裂间期,none,,
BIOLOGY,0054,50,有丝分裂前期,none,,
BIOLOGY,0054,50,有丝分裂中期,none,,
BIOLOGY,0054,50,有丝分裂后期,none,,
BIOLOGY,0054,50,有丝分裂末期,none,,
BIOLOGY,0054,50,纺锤体,none,,
BIOLOGY,0054,50,着丝粒分裂,none,,
BIOLOGY,0054,50,赤道板,none,,
BIOLOGY,0054,50,细胞板,none,,
BIOLOGY,0054,50,中心体,none,,
BIOLOGY,0054,50,无丝分裂,none,,
BIOLOGY,0054,50,有丝分裂的意义,none,,
BIOLOGY,0054,50,观察根尖有丝分裂实验,none,,
BIOLOGY,0054,50,染色体数目变化规律,none,,
BIOLOGY,0055,51,解离,none,,
BIOLOGY,0055,51,漂洗,none,,
BIOLOGY,0055,51,染色,none,,
BIOLOGY,0055,51,制片,none,,
BIOLOGY,0055,51,甲紫溶液染色,none,,
BIOLOGY,0055,51,解离后细胞死亡,none,,
BIOLOGY,0055,51,视野中多数细胞处于分裂间期,none,,
BIOLOGY,0055,51,细胞不能无限长大,none,,
BIOLOGY,0055,51,表面积与体积比,none,,
BIOLOGY,0055,51,物质运输效率,none,,
BIOLOGY,0056,52,减数分裂,exact,减数分裂,减数分裂
BIOLOGY,0056,52,同源染色体,exact,同源染色体,同源染色体
BIOLOGY,0056,52,姐妹染色单体,none,,
BIOLOGY,0056,52,非姐妹染色单体,none,,
BIOLOGY,0056,52,四分体,exact,四分体,四分体
BIOLOGY,0056,52,联会,exact,联会,联会
BIOLOGY,0056,52,互换,none,,
BIOLOGY,0056,52,非同源染色体,none,,
BIOLOGY,0056,52,减数分裂前的间期,none,,
BIOLOGY,0056,52,减数分裂Ⅰ前期,none,,
BIOLOGY,0056,52,同源染色体排列在赤道板两侧,none,,
BIOLOGY,0056,52,同源染色体分离,none,,
BIOLOGY,0056,52,非同源染色体自由组合,none,,
BIOLOGY,0056,52,精原细胞与卵原细胞,none,,
BIOLOGY,0057,53,减数分裂Ⅱ,none,,
BIOLOGY,0057,53,次级精母细胞,none,,
BIOLOGY,0057,53,次级卵母细胞,none,,
BIOLOGY,0057,53,第一极体,none,,
BIOLOGY,0057,53,配子种类,none,,
BIOLOGY,0057,53,受精作用,exact,受精作用,受精作用
BIOLOGY,0057,53,受精卵,none,,
BIOLOGY,0057,53,减数分裂和受精作用的意义,none,,
BIOLOGY,0057,53,有丝分裂与减数分裂的比较,none,,
BIOLOGY,0057,53,可遗传变异类型,none,,
BIOLOGY,0057,53,染色体组数变化,none,,
BIOLOGY,0057,53,基因重组,exact,基因重组,基因重组
BIOLOGY,0058,54,有丝分裂与减数分裂过程的辨析方法,none,,
BIOLOGY,0058,54,依据有无同源染色体判断分裂方式,none,,
BIOLOGY,0058,54,依据同源染色体有无特殊行为判断分裂时期,none,,
BIOLOGY,0058,54,减数分裂Ⅰ各时期的染色体行为特征,none,,
BIOLOGY,0058,54,减数分裂Ⅱ各时期的染色体行为特征,none,,
BIOLOGY,0058,54,有丝分裂各时期的染色体行为特征,none,,
BIOLOGY,0058,54,有丝分裂与减数分裂的染色体峰值差异,none,,
BIOLOGY,0058,54,有丝分裂与减数分裂的核 DNA 减半次数差异,none,,
BIOLOGY,0058,54,有丝分裂与减数分裂的终点染色体数目差异,none,,
BIOLOGY,0058,54,细胞分裂相关曲线的辨析,none,,
BIOLOGY,0059,55,DNA 半保留复制,none,,
BIOLOGY,0059,55,染色体标记问题,none,,
BIOLOGY,0059,55,姐妹染色单体,none,,
BIOLOGY,0059,55,着丝粒分裂,none,,
BIOLOGY,0059,55,有丝分裂中标记 DNA 的分配,none,,
BIOLOGY,0059,55,减数分裂中标记 DNA 的分配,none,,
BIOLOGY,0059,55,同源染色体,exact,同源染色体,同源染色体
BIOLOGY,0059,55,放射性同位素标记法,none,,
BIOLOGY,0059,55,精原细胞,none,,
BIOLOGY,0059,55,DNA 复制一次分裂两次,none,,
BIOLOGY,0060,56,减数分裂形成配子的过程,none,,
BIOLOGY,0060,56,非同源染色体自由组合,none,,
BIOLOGY,0060,56,交叉互换,none,,
BIOLOGY,0060,56,非姐妹染色单体,none,,
BIOLOGY,0060,56,四分体,exact,四分体,四分体
BIOLOGY,0060,56,基因重组,exact,基因重组,基因重组
BIOLOGY,0060,56,基因突变,exact,基因突变,基因突变
BIOLOGY,0060,56,亲本型配子与重组型配子,none,,
BIOLOGY,0060,56,一个精原细胞产生配子种类,none,,
BIOLOGY,0060,56,染色体数目变异,none,,
BIOLOGY,0060,56,减数分裂中染色体分配异常,none,,
BIOLOGY,0060,56,克氏综合征,none,,
BIOLOGY,0060,56,等位基因,none,,
BIOLOGY,0061,57,配子异常与减数分裂异常判断,none,,
BIOLOGY,0061,57,减数分裂Ⅰ同源染色体未分离,none,,
BIOLOGY,0061,57,减数分裂Ⅱ姐妹染色单体未分离,none,,
BIOLOGY,0061,57,等位基因与相同基因的配子判定,none,,
BIOLOGY,0061,57,XXY 异常个体成因,none,,
BIOLOGY,0061,57,XYY 异常个体成因,none,,
BIOLOGY,0061,57,异常配子的推断方法,none,,
BIOLOGY,0061,57,性染色体数目异常,none,,
BIOLOGY,0062,58,细胞分化,exact,细胞分化,细胞分化
BIOLOGY,0062,58,细胞分化的实质,none,,
BIOLOGY,0062,58,基因的选择性表达,none,,
BIOLOGY,0062,58,细胞的全能性,exact,细胞的全能性,细胞的全能性
BIOLOGY,0062,58,植物组织培养,exact,植物组织培养,植物组织培养
BIOLOGY,0062,58,动物克隆,none,,
BIOLOGY,0062,58,干细胞,none,,
BIOLOGY,0062,58,全能干细胞与多能干细胞,none,,
BIOLOGY,0062,58,管家基因,none,,
BIOLOGY,0062,58,奢侈基因,none,,
BIOLOGY,0062,58,细胞衰老,exact,细胞衰老,细胞衰老
BIOLOGY,0062,58,自由基学说,none,,
BIOLOGY,0062,58,端粒学说,none,,
BIOLOGY,0062,58,端粒与端粒酶,none,,
BIOLOGY,0062,58,细胞衰老与个体衰老的关系,none,,
BIOLOGY,0063,59,细胞凋亡,exact,细胞凋亡,细胞凋亡
BIOLOGY,0063,59,细胞坏死,none,,
BIOLOGY,0063,59,细胞凋亡与细胞坏死的区别,none,,
BIOLOGY,0063,59,细胞程序性死亡,none,,
BIOLOGY,0063,59,细胞凋亡的意义,none,,
BIOLOGY,0063,59,细胞自噬,none,,
BIOLOGY,0064,60,孟德尔一对相对性状的杂交实验,none,,
BIOLOGY,0064,60,假说—演绎法,none,,
BIOLOGY,0064,60,豌豆作为实验材料的优点,none,,
BIOLOGY,0064,60,自花传粉与闭花受粉,none,,
BIOLOGY,0064,60,人工去雄,none,,
BIOLOGY,0064,60,相对性状,none,,
BIOLOGY,0064,60,性状分离,none,,
BIOLOGY,0064,60,显性性状与隐性性状,none,,
BIOLOGY,0064,60,遗传因子成对存在,none,,
BIOLOGY,0064,60,配子形成时遗传因子的分离,none,,
BIOLOGY,0064,60,雌雄配子随机结合,none,,
BIOLOGY,0064,60,测交,exact,测交,测交
BIOLOGY,0064,60,基因的分离定律,none,,
BIOLOGY,0065,61,基因分离定律的实质,none,,
BIOLOGY,0065,61,等位基因随同源染色体分开而分离,none,,
BIOLOGY,0065,61,基因分离定律的适用范围,none,,
BIOLOGY,0065,61,自交法验证分离定律,none,,
BIOLOGY,0065,61,测交法验证分离定律,none,,
BIOLOGY,0065,61,花粉鉴定法,none,,
BIOLOGY,0065,61,性状分离比的模拟实验,exact,性状分离比的模拟实验,性状分离比的模拟实验
BIOLOGY,0065,61,杂交,none,,
BIOLOGY,0065,61,自交,none,,
BIOLOGY,0065,61,测交,exact,测交,测交
BIOLOGY,0065,61,正反交,none,,
BIOLOGY,0065,61,回交,none,,
BIOLOGY,0065,61,判断显隐性,none,,
BIOLOGY,0065,61,纯合子与杂合子的判断,none,,
BIOLOGY,0065,61,基因位置的判断,none,,
BIOLOGY,0067,62,显隐性性状的判断,none,,
BIOLOGY,0067,62,依据子代性状判断显隐性,none,,
BIOLOGY,0067,62,依据子代性状比例判断显隐性,none,,
BIOLOGY,0067,62,亲代基因型的推断,none,,
BIOLOGY,0067,62,双向推断法,none,,
BIOLOGY,0067,62,分离定律中的概率计算,none,,
BIOLOGY,0067,62,分加法,none,,
BIOLOGY,0067,62,棋盘法,none,,
BIOLOGY,0067,62,遗传平衡公式,none,,
BIOLOGY,0067,62,自由交配,none,,
BIOLOGY,0068,63,分加法,none,,
BIOLOGY,0068,63,棋盘法,none,,
BIOLOGY,0068,63,配子概率的计算,none,,
BIOLOGY,0068,63,遗传平衡定律,none,,
BIOLOGY,0068,63,基因频率与基因型频率,none,,
BIOLOGY,0068,63,Aa 连续自交的计算规律,none,,
BIOLOGY,0068,63,自交与自由交配的区别,none,,
BIOLOGY,0068,63,杂合子比例的计算,none,,
BIOLOGY,0068,63,纯合子比例的计算,none,,
BIOLOGY,0069,64,致死现象,none,,
BIOLOGY,0069,64,显性纯合致死,none,,
BIOLOGY,0069,64,隐性纯合致死,none,,
BIOLOGY,0069,64,配子致死与不育,none,,
BIOLOGY,0069,64,雄配子不育,none,,
BIOLOGY,0069,64,花粉育性,none,,
BIOLOGY,0069,64,致死条件下的子代比例,none,,
BIOLOGY,0069,64,复等位基因,none,,
BIOLOGY,0069,64,细胞质遗传,none,,
BIOLOGY,0069,64,雄性不育,none,,
BIOLOGY,0070,65,不完全显性,none,,
BIOLOGY,0070,65,共显性,none,,
BIOLOGY,0070,65,复等位基因,none,,
BIOLOGY,0070,65,ABO 血型,none,,
BIOLOGY,0070,65,抗原与抗体,none,,
BIOLOGY,0070,65,基因型与表型的关系,none,,
BIOLOGY,0070,65,1:2:1 的性状分离比,none,,
BIOLOGY,0070,65,杂交育种,none,,
BIOLOGY,0070,65,去雄与套袋,none,,
BIOLOGY,0071,66,细胞质遗传,none,,
BIOLOGY,0071,66,母系遗传,none,,
BIOLOGY,0071,66,母性影响,none,,
BIOLOGY,0071,66,正反交结果差异,none,,
BIOLOGY,0071,66,雄性不育,none,,
BIOLOGY,0071,66,细胞质雄性不育,none,,
BIOLOGY,0071,66,细胞核雄性不育,none,,
BIOLOGY,0071,66,不育株作母本,none,,
BIOLOGY,0071,66,回交,none,,
BIOLOGY,0071,66,表型延迟一代,none,,
BIOLOGY,0072,67,孟德尔两对相对性状的杂交实验,exact,孟德尔两对相对性状的杂交实验-x1,孟德尔两对相对性状的杂交实验
BIOLOGY,0072,67,自由组合现象,none,,
BIOLOGY,0072,67,9:3:3:1 的性状分离比,none,,
BIOLOGY,0072,67,F1 产生配子的种类与比例,none,,
BIOLOGY,0072,67,雌雄配子随机结合,none,,
BIOLOGY,0072,67,测交法验证自由组合定律,none,,
BIOLOGY,0072,67,基因的自由组合定律,none,,
BIOLOGY,0072,67,假说—演绎法,none,,
BIOLOGY,0072,67,双显、单显与双隐性表型,none,,
BIOLOGY,0072,67,性状的自由组合,none,,
BIOLOGY,0073,68,基因自由组合定律的实质,none,,
BIOLOGY,0073,68,自由组合定律的发生时间,none,,
BIOLOGY,0073,68,自由组合定律的适用范围,none,,
BIOLOGY,0073,68,细胞核遗传与细胞质遗传,none,,
BIOLOGY,0073,68,相同基因,none,,
BIOLOGY,0073,68,等位基因,none,,
BIOLOGY,0073,68,非等位基因,none,,
BIOLOGY,0073,68,同源染色体与非同源染色体,none,,
BIOLOGY,0073,68,拆分组合法,none,,
BIOLOGY,0073,68,乘法原理,none,,
BIOLOGY,0073,68,基因填充法,none,,
BIOLOGY,0073,68,正向推断与逆向推断,none,,
BIOLOGY,0074,69,分解组合法,none,,
BIOLOGY,0074,69,配子致死,none,,
BIOLOGY,0074,69,配子活力不足,none,,
BIOLOGY,0074,69,合子致死,none,,
BIOLOGY,0074,69,纯合致死基因,none,,
BIOLOGY,0074,69,棋盘法,none,,
BIOLOGY,0074,69,分离定律与自由组合定律的关系,none,,
BIOLOGY,0074,69,致死条件下的性状分离比,none,,
BIOLOGY,0075,70,9:3:3:1 的变式,none,,
BIOLOGY,0075,70,基因互作,none,,
BIOLOGY,0075,70,数量性状的累加效应,none,,
BIOLOGY,0075,70,测交后代比例的推导,none,,
BIOLOGY,0075,70,表型与基因型对应关系的判断,none,,
BIOLOGY,0075,70,由子代比例反推亲本基因型,none,,
BIOLOGY,0076,71,连锁与互换,none,,
BIOLOGY,0076,71,完全连锁,none,,
BIOLOGY,0076,71,基因在染色体上的位置关系,none,,
BIOLOGY,0076,71,基因的连锁遗传,none,,
BIOLOGY,0076,71,蛋白质电泳检测,none,,
BIOLOGY,0077,72,不完全连锁,none,,
BIOLOGY,0077,72,完全连锁,none,,
BIOLOGY,0077,72,连锁与互换,none,,
BIOLOGY,0077,72,重组型配子,none,,
BIOLOGY,0077,72,交换率,none,,
BIOLOGY,0077,72,减数分裂中的交叉互换,none,,
BIOLOGY,0077,72,基因在染色体上的位置判断,none,,
BIOLOGY,0077,72,连锁个体的自交后代比例,none,,
BIOLOGY,0077,72,连锁个体的测交后代比例,none,,
BIOLOGY,0078,73,不完全连锁的判断,none,,
BIOLOGY,0078,73,完全连锁的判断,none,,
BIOLOGY,0078,73,重组型配子,none,,
BIOLOGY,0078,73,亲本型配子,none,,
BIOLOGY,0078,73,重组率的计算,none,,
BIOLOGY,0078,73,配子概率的对称关系,none,,
BIOLOGY,0078,73,由子代比例反推配子比例,none,,
BIOLOGY,0078,73,测交法测定重组率,none,,
BIOLOGY,0078,73,基因在染色体上的位置判断,none,,
BIOLOGY,0079,74,基因在染色体上的位置关系判断,none,,
BIOLOGY,0079,74,等位基因,none,,
BIOLOGY,0079,74,非同源染色体上的非等位基因,none,,
BIOLOGY,0079,74,同源染色体上的非等位基因,none,,
BIOLOGY,0079,74,连锁遗传,none,,
BIOLOGY,0079,74,自交后代比例的判断依据,none,,
BIOLOGY,0079,74,测交后代比例的判断依据,none,,
BIOLOGY,0079,74,隐性突变体基因位置的判断,none,,
BIOLOGY,0080,75,多个基因位置关系的判断,none,,
BIOLOGY,0080,75,隐性突变基因是否互为等位基因的判断,none,,
BIOLOGY,0080,75,9:7 表型比与基因位置的对应,none,,
BIOLOGY,0080,75,外源基因整合位置,none,,
BIOLOGY,0080,75,转基因植株的基因型分析,none,,
BIOLOGY,0080,75,隐性纯合个体的比例计算,none,,
BIOLOGY,0080,75,自由组合定律在转基因分析中的应用,none,,
BIOLOGY,0081,76,萨顿假说,none,,
BIOLOGY,0081,76,基因与染色体行为的平行关系,none,,
BIOLOGY,0081,76,摩尔根的果蝇眼色实验,none,,
BIOLOGY,0081,76,果蝇作为实验材料的优点,none,,
BIOLOGY,0081,76,假说—演绎法,none,,
BIOLOGY,0081,76,伴性遗传,exact,伴性遗传,伴性遗传
BIOLOGY,0081,76,X 染色体上的基因,none,,
BIOLOGY,0081,76,X、Y 染色体的同源区段,none,,
BIOLOGY,0081,76,测交实验,none,,
BIOLOGY,0081,76,基因在染色体上呈线性排列,none,,
BIOLOGY,0081,76,基因相对位置的测定,none,,
BIOLOGY,0082,77,伴性遗传,exact,伴性遗传,伴性遗传
BIOLOGY,0082,77,伴 X 染色体遗传,none,,
BIOLOGY,0082,77,伴 Y 染色体遗传,none,,
BIOLOGY,0082,77,XY 同源区段的遗传,none,,
BIOLOGY,0082,77,红绿色盲的遗传,none,,
BIOLOGY,0082,77,抗维生素 D 佝偻病,none,,
BIOLOGY,0082,77,"""同隐异显""法判断性别",none,,
BIOLOGY,0082,77,芦花鸡性别的鉴定,none,,
BIOLOGY,0082,77,伴性遗传中的配子致死,none,,
BIOLOGY,0082,77,伴性遗传中的个体致死,none,,
BIOLOGY,0082,77,性反转现象,none,,
BIOLOGY,0082,77,性别决定类型,none,,
BIOLOGY,0082,77,染色体组倍数决定性别,none,,
BIOLOGY,0083,78,伴性遗传与常染色体遗传的判断,none,,
BIOLOGY,0083,78,正反交法判断基因位置,none,,
BIOLOGY,0083,78,性状比例在两性间是否一致,none,,
BIOLOGY,0083,78,常染色体遗传的判断依据,none,,
BIOLOGY,0083,78,伴 X 染色体遗传的判断依据,none,,
BIOLOGY,0083,78,显隐性性状的判断,none,,
BIOLOGY,0083,78,由子代表型反推亲本基因型,none,,
BIOLOGY,0083,78,X、Y 染色体同源区段,none,,
BIOLOGY,0084,79,同隐异显法,none,,
BIOLOGY,0084,79,正反交法鉴定基因位置,none,,
BIOLOGY,0084,79,F1 互交法,none,,
BIOLOGY,0084,79,基因位于 X 染色体与常染色体的区分,none,,
BIOLOGY,0084,79,X、Y 染色体同源区段与非同源区段的区分,none,,
BIOLOGY,0084,79,伴性遗传中的性别判断,none,,
BIOLOGY,0084,79,相对性状显隐性的判断,none,,
BIOLOGY,0085,80,人类遗传病,exact,人类遗传病,人类遗传病
BIOLOGY,0085,80,单基因遗传病,none,,
BIOLOGY,0085,80,常染色体隐性遗传,none,,
BIOLOGY,0085,80,常染色体显性遗传,none,,
BIOLOGY,0085,80,伴 X 染色体隐性遗传,none,,
BIOLOGY,0085,80,伴 X 染色体显性遗传,none,,
BIOLOGY,0085,80,伴 Y 遗传,none,,
BIOLOGY,0085,80,多基因遗传病,none,,
BIOLOGY,0085,80,染色体异常遗传病,none,,
BIOLOGY,0085,80,21 三体综合征,none,,
BIOLOGY,0085,80,猫叫综合征,none,,
BIOLOGY,0085,80,遗传病发病率的调查,none,,
BIOLOGY,0085,80,遗传系谱图,none,,
BIOLOGY,0085,80,遗传咨询,none,,
BIOLOGY,0085,80,产前诊断,none,,
BIOLOGY,0085,80,基因检测,none,,
BIOLOGY,0085,80,基因治疗,none,,
BIOLOGY,0086,81,遗传系谱图的分析,none,,
BIOLOGY,0086,81,伴 Y 遗传的判断,none,,
BIOLOGY,0086,81,无中生有为隐性,none,,
BIOLOGY,0086,81,有中生无为显性,none,,
BIOLOGY,0086,81,隐性遗传看女病,none,,
BIOLOGY,0086,81,显性遗传看男病,none,,
BIOLOGY,0086,81,常染色体遗传与伴性遗传的判断,none,,
BIOLOGY,0086,81,连续遗传与隔代遗传,none,,
BIOLOGY,0086,81,患病概率的计算,none,,
BIOLOGY,0086,81,男孩患病与患病男孩的区别,none,,
BIOLOGY,0086,81,系谱图判断口诀,none,,
BIOLOGY,0087,82,电泳鉴定,none,,
BIOLOGY,0087,82,电泳原理,none,,
BIOLOGY,0087,82,DNA 的迁移速率,none,,
BIOLOGY,0087,82,电泳图谱识图,none,,
BIOLOGY,0087,82,纯合子与杂合子的电泳判断,none,,
BIOLOGY,0087,82,限制酶酶切片段,none,,
BIOLOGY,0087,82,碱基对数量与条带位置,none,,
BIOLOGY,0087,82,基因突变类型的判断,none,,
BIOLOGY,0087,82,基因测序,none,,
BIOLOGY,0087,82,遗传病检测的命题链条,none,,
BIOLOGY,0088,83,基因测序,none,,
BIOLOGY,0088,83,碱基序列比对,none,,
BIOLOGY,0088,83,碱基的替换,none,,
BIOLOGY,0088,83,碱基的增添,none,,
BIOLOGY,0088,83,碱基的缺失,none,,
BIOLOGY,0088,83,密码子改变,none,,
BIOLOGY,0088,83,蛋白质异常与性状改变,none,,
BIOLOGY,0088,83,测序峰图判读,none,,
BIOLOGY,0088,83,编码链,none,,
BIOLOGY,0088,83,起始密码子与终止密码子,none,,
BIOLOGY,0089,84,基因定位,none,,
BIOLOGY,0089,84,单体,none,,
BIOLOGY,0089,84,三体,none,,
BIOLOGY,0089,84,单体育性,none,,
BIOLOGY,0089,84,单体定位法,none,,
BIOLOGY,0089,84,三体定位法,none,,
BIOLOGY,0089,84,同源染色体缺失致死,none,,
BIOLOGY,0089,84,分子标记定位法,none,,
BIOLOGY,0089,84,SSR,none,,
BIOLOGY,0089,84,CAPS,none,,
BIOLOGY,0089,84,SNP,none,,
BIOLOGY,0089,84,单倍体育种,none,,
BIOLOGY,0089,84,减数分裂中的染色体互换,none,,
BIOLOGY,0090,85,单体,none,,
BIOLOGY,0090,85,单体定位法,none,,
BIOLOGY,0090,85,单倍体育种,none,,
BIOLOGY,0090,85,SNP,none,,
BIOLOGY,0090,85,SNP 分子标记定位,none,,
BIOLOGY,0090,85,基因的染色体定位,none,,
BIOLOGY,0090,85,染色体互换与基因距离,none,,
BIOLOGY,0090,85,正反交实验分析,none,,
BIOLOGY,0090,85,实验思路与预期结果书写,none,,
BIOLOGY,0091,86,单体,none,,
BIOLOGY,0091,86,三体,none,,
BIOLOGY,0091,86,单体定位法,none,,
BIOLOGY,0091,86,三体定位法,none,,
BIOLOGY,0091,86,隐性突变基因的定位,none,,
BIOLOGY,0091,86,三体自交分离比偏离 $3:1$,none,,
BIOLOGY,0091,86,分子标记,none,,
BIOLOGY,0091,86,SSR,none,,
BIOLOGY,0091,86,SNP,none,,
BIOLOGY,0091,86,CAPS,none,,
BIOLOGY,0091,86,基因与分子标记的连锁,none,,
BIOLOGY,0091,86,完全连锁,none,,
BIOLOGY,0091,86,互换,none,,
BIOLOGY,0091,86,自由组合定律,exact,自由组合定律,自由组合定律
BIOLOGY,0092,87,肺炎链球菌,none,,
BIOLOGY,0092,87,S 型细菌,none,,
BIOLOGY,0092,87,R 型细菌,none,,
BIOLOGY,0092,87,荚膜与致病性,none,,
BIOLOGY,0092,87,格里菲思转化实验,none,,
BIOLOGY,0092,87,转化因子,none,,
BIOLOGY,0092,87,基因重组,exact,基因重组,基因重组
BIOLOGY,0092,87,艾弗里体外转化实验,none,,
BIOLOGY,0092,87,加法原理,none,,
BIOLOGY,0092,87,减法原理,none,,
BIOLOGY,0092,87,自变量控制,none,,
BIOLOGY,0092,87,对照实验,none,,
BIOLOGY,0093,88,T2 噬菌体,none,,
BIOLOGY,0093,88,噬菌体的结构,none,,
BIOLOGY,0093,88,放射性同位素标记技术,none,,
BIOLOGY,0093,88,噬菌体侵染细菌的实验,none,,
BIOLOGY,0093,88,T2 噬菌体增殖的条件,none,,
BIOLOGY,0093,88,保温的目的,none,,
BIOLOGY,0093,88,搅拌的目的,none,,
BIOLOGY,0093,88,离心的目的,none,,
BIOLOGY,0093,88,上清液与沉淀物,none,,
BIOLOGY,0093,88,实验误差分析,none,,
BIOLOGY,0093,88,烟草花叶病毒侵染实验,none,,
BIOLOGY,0093,88,RNA 是遗传物质,none,,
BIOLOGY,0093,88,DNA 是主要的遗传物质,normalized,dna是主要的遗传物质,DNA是主要的遗传物质
BIOLOGY,0094,89,DNA 双螺旋结构模型,none,,
BIOLOGY,0094,89,沃森和克里克,none,,
BIOLOGY,0094,89,威尔金斯与富兰克林,none,,
BIOLOGY,0094,89,DNA 衍射图谱,none,,
BIOLOGY,0094,89,查哥夫法则,none,,
BIOLOGY,0094,89,碱基互补配对,none,,
BIOLOGY,0094,89,脱氧核苷酸,none,,
BIOLOGY,0094,89,反向平行,none,,
BIOLOGY,0094,89,磷酸二酯键,none,,
BIOLOGY,0094,89,氢键,none,,
BIOLOGY,0094,89,全保留复制,none,,
BIOLOGY,0094,89,半保留复制,none,,
BIOLOGY,0094,89,分散复制,none,,
BIOLOGY,0094,89,密度梯度离心,none,,
BIOLOGY,0094,89,同位素标记法,none,,
BIOLOGY,0094,89,DNA 复制的时间,none,,
BIOLOGY,0094,89,DNA 复制的场所,none,,
BIOLOGY,0095,90,半保留复制,none,,
BIOLOGY,0095,90,边解旋边复制,none,,
BIOLOGY,0095,90,解旋酶,none,,
BIOLOGY,0095,90,DNA 聚合酶,none,,
BIOLOGY,0095,90,碱基互补配对,none,,
BIOLOGY,0095,90,子链延伸方向,none,,
BIOLOGY,0095,90,DNA 半不连续性,none,,
BIOLOGY,0095,90,RNA 引物,none,,
BIOLOGY,0095,90,前导链,none,,
BIOLOGY,0095,90,后随链,none,,
BIOLOGY,0095,90,DNA 连接酶,normalized,dna连接酶,DNA连接酶
BIOLOGY,0095,90,真核生物多起点复制,none,,
BIOLOGY,0095,90,拟核单起点复制,none,,
BIOLOGY,0095,90,双向复制,none,,
BIOLOGY,0096,91,基因的本质,exact,基因的本质,基因的本质
BIOLOGY,0096,91,遗传效应,none,,
BIOLOGY,0096,91,RNA 病毒基因,none,,
BIOLOGY,0096,91,DNA 多样性,none,,
BIOLOGY,0096,91,DNA 特异性,none,,
BIOLOGY,0096,91,DNA 稳定性,none,,
BIOLOGY,0096,91,碱基排列顺序,none,,
BIOLOGY,0096,91,染色体与 DNA 关系,none,,
BIOLOGY,0096,91,基因与脱氧核苷酸,none,,
BIOLOGY,0096,91,基因间间隔序列,none,,
BIOLOGY,0096,91,碱基总数与基因碱基数,none,,
BIOLOGY,0097,92,转录,exact,转录,转录
BIOLOGY,0097,92,翻译,exact,翻译,翻译
BIOLOGY,0097,92,RNA 聚合酶,none,,
BIOLOGY,0097,92,模板链,none,,
BIOLOGY,0097,92,编码链,none,,
BIOLOGY,0097,92,启动子,none,,
BIOLOGY,0097,92,终止子,none,,
BIOLOGY,0097,92,密码子,exact,密码子,密码子
BIOLOGY,0097,92,反密码子,none,,
BIOLOGY,0097,92,密码子的简并性,none,,
BIOLOGY,0097,92,tRNA 转运氨基酸,none,,
BIOLOGY,0097,92,肽链延伸方向,none,,
BIOLOGY,0097,92,边转录边翻译,none,,
BIOLOGY,0097,92,外显子,none,,
BIOLOGY,0097,92,内含子,none,,
BIOLOGY,0098,93,多聚核糖体,none,,
BIOLOGY,0098,93,翻译的高效性,none,,
BIOLOGY,0098,93,中心法则,exact,中心法则,中心法则
BIOLOGY,0098,93,克里克,none,,
BIOLOGY,0098,93,逆转录,none,,
BIOLOGY,0098,93,RNA 复制,none,,
BIOLOGY,0098,93,遗传信息流动,none,,
BIOLOGY,0098,93,DNA 病毒遗传信息流,none,,
BIOLOGY,0098,93,RNA 病毒遗传信息流,none,,
BIOLOGY,0099,94,编码链,none,,
BIOLOGY,0099,94,模板链,none,,
BIOLOGY,0099,94,转录方向,none,,
BIOLOGY,0099,94,mRNA 与编码链碱基差异,none,,
BIOLOGY,0099,94,密码子阅读,none,,
BIOLOGY,0099,94,起始密码子 AUG,none,,
BIOLOGY,0099,94,核糖体移动方向,none,,
BIOLOGY,0099,94,核酸序列的阅读,none,,
BIOLOGY,0100,95,基因直接控制性状,none,,
BIOLOGY,0100,95,基因间接控制性状,none,,
BIOLOGY,0100,95,镰状细胞贫血,none,,
BIOLOGY,0100,95,囊性纤维化,none,,
BIOLOGY,0100,95,CFTR 蛋白,none,,
BIOLOGY,0100,95,豌豆皱粒,none,,
BIOLOGY,0100,95,淀粉分支酶,none,,
BIOLOGY,0100,95,基因与性状对应关系,none,,
BIOLOGY,0100,95,细胞分化的本质,none,,
BIOLOGY,0100,95,管家基因,none,,
BIOLOGY,0100,95,奢侈基因,none,,
BIOLOGY,0100,95,表观遗传,none,,
BIOLOGY,0100,95,DNA 甲基化,none,,
BIOLOGY,0100,95,组蛋白修饰,none,,
BIOLOGY,0101,96,DNA 甲基化,none,,
BIOLOGY,0101,96,去甲基化,none,,
BIOLOGY,0101,96,基因组印记,none,,
BIOLOGY,0101,96,亲代印记的重建,none,,
BIOLOGY,0101,96,组蛋白修饰,none,,
BIOLOGY,0101,96,组蛋白乙酰化,none,,
BIOLOGY,0101,96,非组蛋白,none,,
BIOLOGY,0101,96,非编码 RNA,none,,
BIOLOGY,0101,96,siRNA,none,,
BIOLOGY,0101,96,miRNA,none,,
BIOLOGY,0101,96,lncRNA,none,,
BIOLOGY,0101,96,RNA 干扰,none,,
BIOLOGY,0101,96,表观遗传的调控机制,none,,
BIOLOGY,0102,97,基因突变,exact,基因突变,基因突变
BIOLOGY,0102,97,碱基的替换,none,,
BIOLOGY,0102,97,碱基的增添与缺失,none,,
BIOLOGY,0102,97,细胞癌变,exact,细胞癌变,细胞癌变
BIOLOGY,0102,97,原癌基因,none,,
BIOLOGY,0102,97,抑癌基因,none,,
BIOLOGY,0102,97,致癌因子,none,,
BIOLOGY,0102,97,癌细胞的特性,none,,
BIOLOGY,0102,97,镰状细胞贫血,none,,
BIOLOGY,0102,97,基因突变的原因,none,,
BIOLOGY,0102,97,物理因素,none,,
BIOLOGY,0102,97,化学因素,none,,
BIOLOGY,0102,97,生物因素,none,,
BIOLOGY,0102,97,基因突变的普遍性,none,,
BIOLOGY,0102,97,基因突变的低频性,none,,
BIOLOGY,0102,97,基因突变的不定向性,none,,
BIOLOGY,0102,97,基因突变的随机性,none,,
BIOLOGY,0102,97,基因突变的意义,none,,
BIOLOGY,0102,97,诱变育种,none,,
BIOLOGY,0102,97,中性突变,none,,
BIOLOGY,0103,98,基因重组,exact,基因重组,基因重组
BIOLOGY,0103,98,基因重组的实质,none,,
BIOLOGY,0103,98,互换型基因重组,none,,
BIOLOGY,0103,98,自由组合型基因重组,none,,
BIOLOGY,0103,98,减数分裂Ⅰ前期的互换,none,,
BIOLOGY,0103,98,减数分裂Ⅰ后期的自由组合,none,,
BIOLOGY,0103,98,非等位基因,none,,
BIOLOGY,0103,98,人工重组 DNA,none,,
BIOLOGY,0103,98,细菌转化,none,,
BIOLOGY,0103,98,病毒整合,none,,
BIOLOGY,0103,98,基因重组的意义,none,,
BIOLOGY,0103,98,杂交育种,none,,
BIOLOGY,0103,98,基因工程育种,none,,
BIOLOGY,0104,99,碱基置换,none,,
BIOLOGY,0104,99,错义突变,none,,
BIOLOGY,0104,99,同义突变,none,,
BIOLOGY,0104,99,无义突变,none,,
BIOLOGY,0104,99,终止密码突变,none,,
BIOLOGY,0104,99,移码突变,none,,
BIOLOGY,0104,99,密码子读框,none,,
BIOLOGY,0104,99,整码突变,none,,
BIOLOGY,0104,99,基因大片段缺失,none,,
BIOLOGY,0104,99,插入失活,none,,
BIOLOGY,0104,99,基因突变对性状的影响,none,,
BIOLOGY,0105,100,基因突变未导致性状改变的原因,none,,
BIOLOGY,0105,100,基因的非编码区,none,,
BIOLOGY,0105,100,密码子的简并性,none,,
BIOLOGY,0105,100,隐性突变,none,,
BIOLOGY,0105,100,蛋白质加工与肽段切除,none,,
BIOLOGY,0105,100,无义突变,none,,
BIOLOGY,0105,100,抑制性 tRNA,none,,
BIOLOGY,0105,100,基因重叠,none,,
BIOLOGY,0106,101,染色体组,none,,
BIOLOGY,0106,101,染色体组数的判定,none,,
BIOLOGY,0106,101,二倍体,none,,
BIOLOGY,0106,101,三倍体,none,,
BIOLOGY,0106,101,四倍体,none,,
BIOLOGY,0106,101,单倍体,exact,单倍体,单倍体
BIOLOGY,0106,101,多倍体,exact,多倍体,多倍体
BIOLOGY,0106,101,21 三体综合征,none,,
BIOLOGY,0106,101,个别染色体增减,none,,
BIOLOGY,0106,101,单倍体育种,none,,
BIOLOGY,0106,101,花药离体培养,none,,
BIOLOGY,0106,101,秋水仙素,none,,
BIOLOGY,0106,101,多倍体育种,none,,
BIOLOGY,0106,101,同源多倍体,none,,
BIOLOGY,0106,101,异源多倍体,none,,
BIOLOGY,0106,101,三倍体无子西瓜,none,,
BIOLOGY,0106,101,普通小麦的培育,none,,
BIOLOGY,0106,101,联会紊乱,none,,
BIOLOGY,0106,101,生殖隔离,none,,
BIOLOGY,0107,102,低温诱导染色体数目加倍,none,,
BIOLOGY,0107,102,纺锤体的形成被抑制,none,,
BIOLOGY,0107,102,卡诺氏液,none,,
BIOLOGY,0107,102,解离,none,,
BIOLOGY,0107,102,漂洗与染色,none,,
BIOLOGY,0107,102,单倍体与染色体组数,none,,
BIOLOGY,0107,102,可遗传变异,none,,
BIOLOGY,0107,102,染色体结构变异,none,,
BIOLOGY,0107,102,缺失,none,,
BIOLOGY,0107,102,重复,none,,
BIOLOGY,0107,102,倒位,none,,
BIOLOGY,0107,102,易位,none,,
BIOLOGY,0107,102,联会时的异常现象,none,,
BIOLOGY,0107,102,染色体结构变异与基因突变的区别,none,,
BIOLOGY,0107,102,互换与易位的区别,none,,
BIOLOGY,0108,103,染色体变异个体产生配子,none,,
BIOLOGY,0108,103,缺失个体的配子比例,none,,
BIOLOGY,0108,103,重复个体的配子比例,none,,
BIOLOGY,0108,103,易位个体的配子比例,none,,
BIOLOGY,0108,103,单体产生配子,none,,
BIOLOGY,0108,103,三体产生配子,none,,
BIOLOGY,0108,103,四体产生配子,none,,
BIOLOGY,0108,103,三体产生配子的标号法,none,,
BIOLOGY,0108,103,平衡易位,none,,
BIOLOGY,0108,103,罗氏易位,none,,
BIOLOGY,0108,103,三联体联会,none,,
BIOLOGY,0109,104,共同由来学说,none,,
BIOLOGY,0109,104,化石,none,,
BIOLOGY,0109,104,比较解剖学证据,none,,
BIOLOGY,0109,104,胚胎学证据,none,,
BIOLOGY,0109,104,细胞和分子水平的证据,none,,
BIOLOGY,0109,104,自然选择学说,none,,
BIOLOGY,0109,104,过度繁殖,none,,
BIOLOGY,0109,104,遗传和变异,none,,
BIOLOGY,0109,104,生存斗争,none,,
BIOLOGY,0109,104,适者生存,none,,
BIOLOGY,0109,104,适应的形成,none,,
BIOLOGY,0109,104,适应的普遍性,none,,
BIOLOGY,0109,104,适应的相对性,none,,
BIOLOGY,0109,104,种群,none,,
BIOLOGY,0109,104,基因库,none,,
BIOLOGY,0109,104,基因频率,exact,基因频率,基因频率
BIOLOGY,0109,104,生物进化的实质,none,,
BIOLOGY,0109,104,突变和基因重组提供进化的原材料,none,,
BIOLOGY,0109,104,可遗传变异的不定向性,none,,
BIOLOGY,0109,104,自然选择的定向作用,none,,
BIOLOGY,0109,104,隔离,none,,
BIOLOGY,0109,104,生殖隔离,none,,
BIOLOGY,0109,104,地理隔离,none,,
BIOLOGY,0109,104,物种,none,,
BIOLOGY,0110,105,渐变式物种形成,none,,
BIOLOGY,0110,105,骤变式物种形成,none,,
BIOLOGY,0110,105,生殖隔离,none,,
BIOLOGY,0110,105,地理隔离,none,,
BIOLOGY,0110,105,物种形成的标志,none,,
BIOLOGY,0110,105,协同进化,none,,
BIOLOGY,0110,105,精明的捕食者策略,none,,
BIOLOGY,0110,105,收割理论,none,,
BIOLOGY,0110,105,生物多样性,exact,生物多样性,生物多样性
BIOLOGY,0110,105,遗传漂变,none,,
BIOLOGY,0110,105,探究抗生素对细菌的选择作用,none,,
BIOLOGY,0110,105,抑菌圈,none,,
BIOLOGY,0110,105,耐药性,none,,
BIOLOGY,0110,105,抗生素的选择作用,none,,
BIOLOGY,0111,106,基因频率的计算,none,,
BIOLOGY,0111,106,基因型频率的计算,none,,
BIOLOGY,0111,106,常染色体上基因频率的计算,none,,
BIOLOGY,0111,106,性染色体上基因频率的计算,none,,
BIOLOGY,0111,106,遗传平衡定律,none,,
BIOLOGY,0111,106,遗传平衡的数学表达式,none,,
BIOLOGY,0111,106,$p^2$、$2pq$、$q^2$,none,,
BIOLOGY,0111,106,X 染色体上基因频率与基因型频率,none,,
BIOLOGY,0111,106,男性发病率即基因频率,none,,
BIOLOGY,0111,106,女性携带者比例,none,,
BIOLOGY,0112,107,体液,none,,
BIOLOGY,0112,107,细胞内液,none,,
BIOLOGY,0112,107,细胞外液,none,,
BIOLOGY,0112,107,内环境,exact,内环境,内环境
BIOLOGY,0112,107,血浆,none,,
BIOLOGY,0112,107,组织液,none,,
BIOLOGY,0112,107,淋巴液,none,,
BIOLOGY,0112,107,血浆与组织液的成分差别,none,,
BIOLOGY,0112,107,内环境成分的判断,none,,
BIOLOGY,0112,107,内环境的理化性质,none,,
BIOLOGY,0112,107,渗透压,exact,渗透压,渗透压
BIOLOGY,0112,107,血浆 pH,none,,
BIOLOGY,0112,107,内环境的温度,none,,
BIOLOGY,0112,107,内环境的作用,none,,
BIOLOGY,0112,107,细胞与外界环境进行物质交换的媒介,none,,
BIOLOGY,0113,108,内环境稳态,none,,
BIOLOGY,0113,108,稳态的实质,none,,
BIOLOGY,0113,108,稳态的调节机制,none,,
BIOLOGY,0113,108,神经—体液—免疫调节网络,none,,
BIOLOGY,0113,108,稳态调节能力的限度,none,,
BIOLOGY,0113,108,组织水肿,none,,
BIOLOGY,0113,108,血浆渗透压下降,none,,
BIOLOGY,0113,108,组织液渗透压升高,none,,
BIOLOGY,0113,108,淋巴循环受阻,none,,
BIOLOGY,0113,108,血浆 pH 的调节,none,,
BIOLOGY,0113,108,缓冲对,none,,
BIOLOGY,0113,108,$\mathrm{HCO_3^-/H_2CO_3}$,none,,
BIOLOGY,0113,108,缓冲物质,none,,
BIOLOGY,0114,109,中枢神经系统,none,,
BIOLOGY,0114,109,大脑皮层,exact,大脑皮层,大脑皮层
BIOLOGY,0114,109,小脑,none,,
BIOLOGY,0114,109,下丘脑,none,,
BIOLOGY,0114,109,脑干,none,,
BIOLOGY,0114,109,脊髓,none,,
BIOLOGY,0114,109,外周神经系统,none,,
BIOLOGY,0114,109,脑神经,none,,
BIOLOGY,0114,109,脊神经,none,,
BIOLOGY,0114,109,传入神经,none,,
BIOLOGY,0114,109,传出神经,none,,
BIOLOGY,0114,109,躯体运动神经,none,,
BIOLOGY,0114,109,内脏运动神经,none,,
BIOLOGY,0114,109,交感神经,none,,
BIOLOGY,0114,109,副交感神经,none,,
BIOLOGY,0114,109,自主神经系统,none,,
BIOLOGY,0114,109,神经元,none,,
BIOLOGY,0114,109,胞体,none,,
BIOLOGY,0114,109,树突,none,,
BIOLOGY,0114,109,轴突,none,,
BIOLOGY,0114,109,神经胶质细胞,none,,
BIOLOGY,0114,109,髓鞘,none,,
BIOLOGY,0114,109,神经纤维,none,,
BIOLOGY,0114,109,神经,none,,
BIOLOGY,0115,110,脑神经的功能分类,none,,
BIOLOGY,0115,110,感觉神经,none,,
BIOLOGY,0115,110,运动神经,none,,
BIOLOGY,0115,110,混合神经,none,,
BIOLOGY,0115,110,迷走神经,none,,
BIOLOGY,0115,110,反射,exact,反射,反射
BIOLOGY,0115,110,反射弧,exact,反射弧,反射弧
BIOLOGY,0115,110,感受器,none,,
BIOLOGY,0115,110,传入神经,none,,
BIOLOGY,0115,110,神经中枢,none,,
BIOLOGY,0115,110,传出神经,none,,
BIOLOGY,0115,110,效应器,none,,
BIOLOGY,0115,110,神经节,none,,
BIOLOGY,0115,110,反射产生的条件,none,,
BIOLOGY,0115,110,非条件反射,none,,
BIOLOGY,0115,110,条件反射,none,,
BIOLOGY,0115,110,条件反射的消退,none,,
BIOLOGY,0115,110,无关刺激,none,,
BIOLOGY,0115,110,非条件刺激,none,,
BIOLOGY,0115,110,条件刺激,none,,
BIOLOGY,0116,111,兴奋在神经纤维上的传导,exact,兴奋在神经纤维上的传导,兴奋在神经纤维上的传导
BIOLOGY,0116,111,神经冲动,none,,
BIOLOGY,0116,111,静息电位,none,,
BIOLOGY,0116,111,钾离子外流,none,,
BIOLOGY,0116,111,动作电位,none,,
BIOLOGY,0116,111,钠离子内流,none,,
BIOLOGY,0116,111,局部电流,none,,
BIOLOGY,0116,111,双向传导,none,,
BIOLOGY,0116,111,兴奋传导的不衰减性,none,,
BIOLOGY,0116,111,兴奋在神经元之间的传递,none,,
BIOLOGY,0116,111,突触,exact,突触,突触
BIOLOGY,0116,111,突触小泡,none,,
BIOLOGY,0116,111,突触前膜,none,,
BIOLOGY,0116,111,突触后膜,none,,
BIOLOGY,0116,111,神经递质,exact,神经递质,神经递质
BIOLOGY,0116,111,胞吐与膜的流动性,none,,
BIOLOGY,0116,111,受体,none,,
BIOLOGY,0116,111,单向传递,none,,
BIOLOGY,0116,111,突触延搁,none,,
BIOLOGY,0117,112,静息电位,none,,
BIOLOGY,0117,112,动作电位,none,,
BIOLOGY,0117,112,阈电位,none,,
BIOLOGY,0117,112,去极化与复极化,none,,
BIOLOGY,0117,112,超极化,none,,
BIOLOGY,0117,112,钠钾泵,none,,
BIOLOGY,0117,112,化学突触与电突触,none,,
BIOLOGY,0117,112,神经肌肉接头,none,,
BIOLOGY,0117,112,膜电位变化曲线,none,,
BIOLOGY,0117,112,膜外 $\mathrm{K^+}$ 浓度与静息电位,none,,
BIOLOGY,0118,113,膜外 $\mathrm{Na^+}$ 浓度与动作电位峰值,none,,
BIOLOGY,0118,113,$\mathrm{Cl^-}$ 内流与静息电位,none,,
BIOLOGY,0118,113,电流计指针偏转方向与电流方向,none,,
BIOLOGY,0118,113,电位差与指针偏转,none,,
BIOLOGY,0118,113,兴奋在神经纤维上的双向传导,none,,
BIOLOGY,0118,113,突触延搁,none,,
BIOLOGY,0118,113,兴奋在突触处的单向传递,none,,
BIOLOGY,0118,113,电流计指针偏转次数判断,none,,
BIOLOGY,0118,113,静息电位与阈电位差值,none,,
BIOLOGY,0119,114,神经纤维表面电位差的测量,none,,
BIOLOGY,0119,114,跨膜电位的测量,none,,
BIOLOGY,0119,114,双相动作电位,none,,
BIOLOGY,0119,114,同一时刻不同位点膜电位曲线,none,,
BIOLOGY,0119,114,兴奋传导方向与膜电位空间分布,none,,
BIOLOGY,0119,114,兴奋部位膜外负电荷,none,,
BIOLOGY,0119,114,动作电位传导阻断,none,,
BIOLOGY,0119,114,指针偏转幅度与神经纤维数量,none,,
BIOLOGY,0119,114,神经纤维传导速度,none,,
BIOLOGY,0120,115,兴奋性突触与抑制性突触,none,,
BIOLOGY,0120,115,兴奋性递质,none,,
BIOLOGY,0120,115,抑制性递质,none,,
BIOLOGY,0120,115,GABA,none,,
BIOLOGY,0120,115,5-羟色胺,none,,
BIOLOGY,0120,115,突触后膜受体,none,,
BIOLOGY,0120,115,受体偶联的离子通道,none,,
BIOLOGY,0120,115,$\mathrm{Na^+}$ 通道与兴奋,none,,
BIOLOGY,0120,115,$\mathrm{Cl^-}$ 通道与抑制,none,,
BIOLOGY,0120,115,$\mathrm{Ca^{2+}}$ 通道与递质释放,none,,
BIOLOGY,0120,115,$\mathrm{K^+}$ 通道与静息电位,none,,
BIOLOGY,0120,115,$\mathrm{Cl^-}$ 转运蛋白,none,,
BIOLOGY,0120,115,$\mathrm{Cl^-}$ 浓度与痛觉产生,none,,
BIOLOGY,0121,116,突触传递异常分析,none,,
BIOLOGY,0121,116,神经递质的合成与释放,none,,
BIOLOGY,0121,116,神经递质受体阻断,none,,
BIOLOGY,0121,116,神经递质的回收,none,,
BIOLOGY,0121,116,神经递质降解酶,none,,
BIOLOGY,0121,116,竞争性抑制剂,none,,
BIOLOGY,0121,116,$\mathrm{Ca^{2+}}$ 第二信使,none,,
BIOLOGY,0121,116,钙调蛋白,none,,
BIOLOGY,0121,116,神经系统的分级调节,exact,神经系统的分级调节,神经系统的分级调节
BIOLOGY,0121,116,大脑皮层第一运动区,none,,
BIOLOGY,0121,116,对侧支配与上下倒置,none,,
BIOLOGY,0121,116,运动代表区与运动精细程度,none,,
BIOLOGY,0121,116,自主神经系统不完全自主,none,,
BIOLOGY,0121,116,语言中枢,none,,
BIOLOGY,0121,116,条件反射与学习,none,,
BIOLOGY,0121,116,短时记忆与海马区,none,,
BIOLOGY,0121,116,长时记忆与突触,none,,
BIOLOGY,0121,116,情绪与抗抑郁药,none,,
BIOLOGY,0122,117,感觉性记忆,none,,
BIOLOGY,0122,117,第一级记忆,none,,
BIOLOGY,0122,117,第二级记忆,none,,
BIOLOGY,0122,117,第三级记忆,none,,
BIOLOGY,0122,117,短时记忆与长时记忆,none,,
BIOLOGY,0122,117,注意与运用,none,,
BIOLOGY,0122,117,运动性言语区,none,,
BIOLOGY,0122,117,听觉性言语区,none,,
BIOLOGY,0122,117,视觉性言语区,none,,
BIOLOGY,0122,117,书写性言语区,none,,
BIOLOGY,0122,117,运动性失语症,none,,
BIOLOGY,0122,117,听觉性失语症,none,,
BIOLOGY,0122,117,失读症,none,,
BIOLOGY,0122,117,失写症,none,,
BIOLOGY,0122,117,脑机接口,none,,
BIOLOGY,0122,117,植入式与非植入式脑机接口,none,,
BIOLOGY,0122,117,大脑皮层运动区与神经信号,none,,
BIOLOGY,0123,118,排尿反射,none,,
BIOLOGY,0123,118,膀胱逼尿肌,none,,
BIOLOGY,0123,118,尿道内括约肌与尿道外括约肌,none,,
BIOLOGY,0123,118,牵张感受器,none,,
BIOLOGY,0123,118,副交感神经与排尿,none,,
BIOLOGY,0123,118,交感神经与排尿,none,,
BIOLOGY,0123,118,躯体运动神经,none,,
BIOLOGY,0123,118,排尿反射的低级中枢与高级中枢,none,,
BIOLOGY,0123,118,正反馈调节,none,,
BIOLOGY,0123,118,排尿反射的分级调节,none,,
BIOLOGY,0123,118,尿失禁,none,,
BIOLOGY,0123,118,盆神经,none,,
BIOLOGY,0124,119,促胰液素的发现,none,,
BIOLOGY,0124,119,沃泰默实验,none,,
BIOLOGY,0124,119,斯他林和贝利斯实验,none,,
BIOLOGY,0124,119,促胰液素,none,,
BIOLOGY,0124,119,胰液的分泌,none,,
BIOLOGY,0124,119,神经调节与体液调节,none,,
BIOLOGY,0124,119,胰岛素的发现,none,,
BIOLOGY,0124,119,结扎胰管与胰腺萎缩,none,,
BIOLOGY,0124,119,胰岛与糖尿病,none,,
BIOLOGY,0124,119,胰蛋白酶与胰岛素提取,none,,
BIOLOGY,0124,119,睾丸与雄激素,none,,
BIOLOGY,0124,119,睾酮,none,,
BIOLOGY,0124,119,阉割法,none,,
BIOLOGY,0124,119,移植法,none,,
BIOLOGY,0124,119,实验探究的减法原理,none,,
BIOLOGY,0124,119,实验探究的加法原理,none,,
BIOLOGY,0124,119,切除法,none,,
BIOLOGY,0124,119,饲喂法,none,,
BIOLOGY,0124,119,注射法,none,,
BIOLOGY,0124,119,激素补充方式与化学本质,none,,
BIOLOGY,0124,119,类固醇类激素,none,,
BIOLOGY,0124,119,氨基酸衍生物类激素,none,,
BIOLOGY,0124,119,多肽和蛋白质类激素,none,,
BIOLOGY,0125,120,下丘脑与促激素释放激素,none,,
BIOLOGY,0125,120,抗利尿激素,none,,
BIOLOGY,0125,120,生长激素,none,,
BIOLOGY,0125,120,促激素,none,,
BIOLOGY,0125,120,胰岛素,exact,胰岛素,胰岛素
BIOLOGY,0125,120,胰高血糖素,exact,胰高血糖素,胰高血糖素
BIOLOGY,0125,120,甲状腺激素,exact,甲状腺激素,甲状腺激素
BIOLOGY,0125,120,肾上腺素,none,,
BIOLOGY,0125,120,醛固酮,none,,
BIOLOGY,0125,120,皮质醇,none,,
BIOLOGY,0125,120,雄激素与雌激素,none,,
BIOLOGY,0125,120,激素的化学本质分类,none,,
BIOLOGY,0125,120,内分泌腺与外分泌腺,none,,
BIOLOGY,0125,120,激素的作用部位,none,,
BIOLOGY,0125,120,激素随血液循环运输,none,,
BIOLOGY,0125,120,肾上腺素与应激,none,,
BIOLOGY,0126,121,血糖的来源与去向,none,,
BIOLOGY,0126,121,血糖的正常浓度范围,none,,
BIOLOGY,0126,121,肝糖原与肌糖原,none,,
BIOLOGY,0126,121,血糖的氧化分解,none,,
BIOLOGY,0126,121,血糖与甘油三酯、氨基酸的转化,none,,
BIOLOGY,0126,121,肾小球滤过作用,none,,
BIOLOGY,0126,121,肾小管和集合管的重吸收,none,,
BIOLOGY,0126,121,糖尿,none,,
BIOLOGY,0126,121,胰岛 B 细胞与胰岛素,none,,
BIOLOGY,0126,121,胰岛 A 细胞与胰高血糖素,none,,
BIOLOGY,0126,121,肾上腺素与血糖,none,,
BIOLOGY,0126,121,下丘脑对血糖的神经调节,none,,
BIOLOGY,0126,121,交感神经与副交感神经,none,,
BIOLOGY,0126,121,胰岛素降血糖的途径,none,,
BIOLOGY,0126,121,胰高血糖素升血糖的途径,none,,
BIOLOGY,0126,121,1 型糖尿病,none,,
BIOLOGY,0126,121,2 型糖尿病,none,,
BIOLOGY,0126,121,胰岛素受体与胰岛素抵抗,none,,
BIOLOGY,0126,121,激素调节与神经调节的关系,none,,
BIOLOGY,0127,122,激素的分级调节,none,,
BIOLOGY,0127,122,下丘脑—垂体—甲状腺轴,none,,
BIOLOGY,0127,122,下丘脑—垂体—性腺轴,none,,
BIOLOGY,0127,122,下丘脑—垂体—肾上腺皮质轴,none,,
BIOLOGY,0127,122,促甲状腺激素释放激素,none,,
BIOLOGY,0127,122,促甲状腺激素,none,,
BIOLOGY,0127,122,反馈调节,exact,反馈调节,反馈调节
BIOLOGY,0127,122,负反馈调节,none,,
BIOLOGY,0127,122,正反馈调节,none,,
BIOLOGY,0127,122,激素通过体液运输,none,,
BIOLOGY,0127,122,靶器官与靶细胞,none,,
BIOLOGY,0127,122,特异性受体,none,,
BIOLOGY,0127,122,激素作为信使传递信息,none,,
BIOLOGY,0127,122,激素的失活,none,,
BIOLOGY,0127,122,激素的微量高效,none,,
BIOLOGY,0127,122,激素的协同作用,none,,
BIOLOGY,0127,122,激素的相抗衡作用,none,,
BIOLOGY,0127,122,激素含量的动态平衡,none,,
BIOLOGY,0128,123,下丘脑—垂体—靶腺体轴异常分析,none,,
BIOLOGY,0128,123,甲减的病因分析,none,,
BIOLOGY,0128,123,实验检测法,none,,
BIOLOGY,0128,123,相关激素含量检测法,none,,
BIOLOGY,0128,123,促肾上腺皮质激素释放激素,none,,
BIOLOGY,0128,123,促肾上腺皮质激素,none,,
BIOLOGY,0128,123,糖皮质激素,none,,
BIOLOGY,0128,123,激素的允许作用,none,,
BIOLOGY,0128,123,激素的协同作用,none,,
BIOLOGY,0128,123,去甲肾上腺素,none,,
BIOLOGY,0128,123,肾上腺皮质的分级调节,none,,
BIOLOGY,0128,123,类固醇类激素,none,,
BIOLOGY,0129,124,激素的作用机制,none,,
BIOLOGY,0129,124,细胞内受体,none,,
BIOLOGY,0129,124,细胞膜表面受体,none,,
BIOLOGY,0129,124,激素调节靶基因的转录,none,,
BIOLOGY,0129,124,核染色质非组蛋白,none,,
BIOLOGY,0129,124,特异 mRNA 与翻译,none,,
BIOLOGY,0129,124,第一信使与第二信使,none,,
BIOLOGY,0129,124,cAMP,none,,
BIOLOGY,0129,124,G 蛋白偶联受体,none,,
BIOLOGY,0129,124,腺苷酸环化酶,none,,
BIOLOGY,0129,124,级联放大反应,none,,
BIOLOGY,0129,124,蛋白激酶,none,,
BIOLOGY,0129,124,糖原磷酸化酶,none,,
BIOLOGY,0129,124,类固醇类激素的作用机制,none,,
BIOLOGY,0129,124,蛋白质类激素的作用机制,none,,
BIOLOGY,0130,125,体液调节,none,,
BIOLOGY,0130,125,体液因子,none,,
BIOLOGY,0130,125,$\mathrm{CO_2}$ 调节呼吸运动,none,,
BIOLOGY,0130,125,神经调节与体液调节的区别,none,,
BIOLOGY,0130,125,神经调节与体液调节的联系,none,,
BIOLOGY,0130,125,反射弧,exact,反射弧,反射弧
BIOLOGY,0130,125,产热与散热的平衡,none,,
BIOLOGY,0130,125,皮肤的散热方式,none,,
BIOLOGY,0130,125,代谢产热,none,,
BIOLOGY,0130,125,安静时与运动时的主要产热器官,none,,
BIOLOGY,0130,125,体温调节,exact,体温调节,体温调节
BIOLOGY,0130,125,皮肤冷觉感受器与热觉感受器,none,,
BIOLOGY,0130,125,下丘脑的体温调节中枢,none,,
BIOLOGY,0130,125,骨骼肌战栗,none,,
BIOLOGY,0130,125,皮肤血管收缩与舒张,none,,
BIOLOGY,0130,125,汗腺分泌,none,,
BIOLOGY,0130,125,甲状腺激素与产热,none,,
BIOLOGY,0130,125,肾上腺素与产热,none,,
BIOLOGY,0130,125,行为性调节与生理性调节,none,,
BIOLOGY,0131,126,水的来源与排出,none,,
BIOLOGY,0131,126,无机盐的来源与排出,none,,
BIOLOGY,0131,126,细胞外液渗透压,none,,
BIOLOGY,0131,126,下丘脑渗透压感受器,none,,
BIOLOGY,0131,126,抗利尿激素,none,,
BIOLOGY,0131,126,肾小管和集合管重吸收水,none,,
BIOLOGY,0131,126,渴觉的产生,none,,
BIOLOGY,0131,126,醛固酮,none,,
BIOLOGY,0131,126,肾小管和集合管吸 $\mathrm{Na^+}$,none,,
BIOLOGY,0131,126,血钠平衡,none,,
BIOLOGY,0131,126,肾上腺皮质与水盐代谢,none,,
BIOLOGY,0131,126,下丘脑的感受器功能,none,,
BIOLOGY,0131,126,下丘脑的传导功能,none,,
BIOLOGY,0131,126,下丘脑的神经中枢功能,none,,
BIOLOGY,0131,126,神经调节与体液调节的判断,none,,
BIOLOGY,0131,126,神经—体液调节,none,,
BIOLOGY,0132,127,肾上腺的结构与功能,none,,
BIOLOGY,0132,127,肾上腺髓质与儿茶酚胺类激素,none,,
BIOLOGY,0132,127,肾上腺皮质与糖皮质激素,none,,
BIOLOGY,0132,127,交感—肾上腺髓质系统,none,,
BIOLOGY,0132,127,下丘脑—垂体—肾上腺皮质轴,none,,
BIOLOGY,0132,127,促肾上腺皮质激素释放激素,none,,
BIOLOGY,0132,127,促肾上腺皮质激素,none,,
BIOLOGY,0132,127,去甲肾上腺素,none,,
BIOLOGY,0132,127,肾上腺素与应激反应,none,,
BIOLOGY,0132,127,肾上腺素的神经递质作用,none,,
BIOLOGY,0132,127,亲水性激素与膜受体,none,,
BIOLOGY,0132,127,脂溶性激素与胞内受体,none,,
BIOLOGY,0132,127,糖皮质激素与基因表达,none,,
BIOLOGY,0133,128,肾素—血管紧张素—醛固酮系统,none,,
BIOLOGY,0133,128,血管紧张素原,none,,
BIOLOGY,0133,128,血管紧张素Ⅰ,none,,
BIOLOGY,0133,128,血管紧张素Ⅱ,none,,
BIOLOGY,0133,128,血管紧张素转换酶,none,,
BIOLOGY,0133,128,肾素,none,,
BIOLOGY,0133,128,醛固酮与血压调节,none,,
BIOLOGY,0133,128,抗利尿激素与血容量,none,,
BIOLOGY,0133,128,循环血量,none,,
BIOLOGY,0133,128,血压的激素调节,none,,
BIOLOGY,0133,128,糖皮质激素的调节机制,none,,
BIOLOGY,0133,128,盐皮质激素的调节机制,none,,
BIOLOGY,0133,128,肾上腺素与去甲肾上腺素,none,,
BIOLOGY,0133,128,交感—肾上腺髓质系统,none,,
BIOLOGY,0133,128,应激状态下的代谢变化,none,,
BIOLOGY,0133,128,肾上腺皮质与肾上腺髓质的激素种类,none,,
BIOLOGY,0134,129,免疫系统的组成,none,,
BIOLOGY,0134,129,骨髓与 B 细胞成熟,none,,
BIOLOGY,0134,129,胸腺与 T 细胞成熟,none,,
BIOLOGY,0134,129,淋巴结,none,,
BIOLOGY,0134,129,扁桃体,none,,
BIOLOGY,0134,129,脾,none,,
BIOLOGY,0134,129,辅助性 T 细胞,none,,
BIOLOGY,0134,129,细胞毒性 T 细胞,none,,
BIOLOGY,0134,129,B 细胞,none,,
BIOLOGY,0134,129,巨噬细胞,none,,
BIOLOGY,0134,129,树突状细胞,none,,
BIOLOGY,0134,129,抗原呈递细胞,none,,
BIOLOGY,0134,129,免疫活性物质,none,,
BIOLOGY,0134,129,细胞因子,none,,
BIOLOGY,0134,129,溶菌酶,none,,
BIOLOGY,0134,129,溶酶体,exact,溶酶体,溶酶体
BIOLOGY,0134,129,抗原,exact,抗原,抗原
BIOLOGY,0134,129,抗体,exact,抗体,抗体
BIOLOGY,0134,129,抗原决定簇,none,,
BIOLOGY,0134,129,抗原与抗体的特异性结合,none,,
BIOLOGY,0135,130,非特异性免疫,exact,非特异性免疫,非特异性免疫
BIOLOGY,0135,130,保卫人体的三道防线,none,,
BIOLOGY,0135,130,皮肤和黏膜的防御作用,none,,
BIOLOGY,0135,130,溶菌酶与吞噬细胞,none,,
BIOLOGY,0135,130,特异性免疫,exact,特异性免疫,特异性免疫
BIOLOGY,0135,130,免疫防御,none,,
BIOLOGY,0135,130,免疫自稳,none,,
BIOLOGY,0135,130,免疫监视,none,,
BIOLOGY,0135,130,自身免疫病,none,,
BIOLOGY,0135,130,免疫细胞表面的受体识别,none,,
BIOLOGY,0135,130,组织相容性抗原,none,,
BIOLOGY,0135,130,体液免疫,exact,体液免疫,体液免疫
BIOLOGY,0135,130,细胞免疫,exact,细胞免疫,细胞免疫
BIOLOGY,0135,130,B 细胞活化的两个信号,none,,
BIOLOGY,0135,130,细胞因子,none,,
BIOLOGY,0135,130,浆细胞与抗体,none,,
BIOLOGY,0135,130,记忆 B 细胞与二次免疫,none,,
BIOLOGY,0135,130,细胞毒性 T 细胞,none,,
BIOLOGY,0135,130,记忆 T 细胞,none,,
BIOLOGY,0135,130,靶细胞的裂解,none,,
BIOLOGY,0135,130,体液免疫与细胞免疫的配合,none,,
BIOLOGY,0136,131,二次免疫,none,,
BIOLOGY,0136,131,记忆 B 细胞,none,,
BIOLOGY,0136,131,初次免疫与二次免疫的比较,none,,
BIOLOGY,0136,131,抗体浓度变化曲线,none,,
BIOLOGY,0136,131,患病程度变化曲线,none,,
BIOLOGY,0136,131,过敏反应与记忆细胞,none,,
BIOLOGY,0136,131,神经系统、内分泌系统与免疫系统的关系,none,,
BIOLOGY,0136,131,神经递质,exact,神经递质,神经递质
BIOLOGY,0136,131,激素作为信号分子,none,,
BIOLOGY,0136,131,细胞因子作为信号分子,none,,
BIOLOGY,0136,131,免疫系统对内分泌系统的调节,none,,
BIOLOGY,0136,131,内分泌系统对免疫系统的调节,none,,
BIOLOGY,0136,131,神经系统对免疫系统的调节,none,,
BIOLOGY,0136,131,乙酰胆碱,none,,
BIOLOGY,0137,132,癌症的免疫疗法,none,,
BIOLOGY,0137,132,免疫检查点抑制剂,none,,
BIOLOGY,0137,132,PD-1 与 PD-L1,none,,
BIOLOGY,0137,132,免疫逃逸,none,,
BIOLOGY,0137,132,CTLA-4,none,,
BIOLOGY,0137,132,嵌合抗原受体-T 细胞疗法,none,,
BIOLOGY,0137,132,肿瘤疫苗,none,,
BIOLOGY,0137,132,细胞因子疗法,none,,
BIOLOGY,0137,132,辅助性 T 细胞的信号分子,none,,
BIOLOGY,0137,132,CD28 分子与第二信号,none,,
BIOLOGY,0137,132,$\mathrm{CD4^+}$ T 细胞与 $\mathrm{CD8^+}$ T 细胞,none,,
BIOLOGY,0137,132,免疫应答的调控,none,,
BIOLOGY,0137,132,基因选择性表达与信号分子,none,,
BIOLOGY,0138,133,免疫失调,exact,免疫失调,免疫失调
BIOLOGY,0138,133,过敏反应,none,,
BIOLOGY,0138,133,过敏原,none,,
BIOLOGY,0138,133,组胺,none,,
BIOLOGY,0138,133,肥大细胞,none,,
BIOLOGY,0138,133,过敏反应的特点与预防,none,,
BIOLOGY,0138,133,自身免疫病,none,,
BIOLOGY,0138,133,风湿性心脏病,none,,
BIOLOGY,0138,133,分子模拟与自身免疫,none,,
BIOLOGY,0138,133,类风湿关节炎,none,,
BIOLOGY,0138,133,系统性红斑狼疮,none,,
BIOLOGY,0138,133,免疫缺陷病,none,,
BIOLOGY,0138,133,先天性免疫缺陷病,none,,
BIOLOGY,0138,133,获得性免疫缺陷病,none,,
BIOLOGY,0138,133,艾滋病,none,,
BIOLOGY,0138,133,人类免疫缺陷病毒,none,,
BIOLOGY,0138,133,HIV 的逆转录与变异,none,,
BIOLOGY,0138,133,疫苗,exact,疫苗,疫苗
BIOLOGY,0138,133,灭活疫苗,none,,
BIOLOGY,0138,133,减毒活疫苗,none,,
BIOLOGY,0138,133,亚单位疫苗,none,,
BIOLOGY,0138,133,记忆细胞与抗体,none,,
BIOLOGY,0139,134,核酸疫苗,none,,
BIOLOGY,0139,134,重组载体疫苗,none,,
BIOLOGY,0139,134,器官移植,none,,
BIOLOGY,0139,134,免疫排斥,none,,
BIOLOGY,0139,134,组织相容性抗原,none,,
BIOLOGY,0139,134,供体与受体的 HLA 配型,none,,
BIOLOGY,0139,134,免疫抑制剂,none,,
BIOLOGY,0139,134,自体干细胞与器官移植,none,,
BIOLOGY,0139,134,主要组织相容性抗原,none,,
BIOLOGY,0139,134,MHC Ⅰ 与 MHC Ⅱ,none,,
BIOLOGY,0139,134,$\mathrm{CD4^+}$ 与 $\mathrm{CD8^+}$ 细胞,none,,
BIOLOGY,0139,134,抗原呈递与 T 细胞识别,none,,
BIOLOGY,0139,134,免疫预防,none,,
BIOLOGY,0139,134,免疫增强疗法,none,,
BIOLOGY,0139,134,免疫抑制疗法,none,,
BIOLOGY,0139,134,免疫诊断,none,,
BIOLOGY,0139,134,肿瘤标志物检测,none,,
BIOLOGY,0140,135,植物生长素的发现,none,,
BIOLOGY,0140,135,达尔文父子的实验,none,,
BIOLOGY,0140,135,胚芽鞘的向光性,none,,
BIOLOGY,0140,135,胚芽鞘感光部位在尖端,none,,
BIOLOGY,0140,135,鲍森·詹森的实验,none,,
BIOLOGY,0140,135,拜尔的实验,none,,
BIOLOGY,0140,135,温特的实验,none,,
BIOLOGY,0140,135,生长素的命名,none,,
BIOLOGY,0140,135,生长素的化学本质,none,,
BIOLOGY,0140,135,色氨酸与生长素合成,none,,
BIOLOGY,0140,135,极性运输,none,,
BIOLOGY,0140,135,非极性运输,none,,
BIOLOGY,0140,135,横向运输,none,,
BIOLOGY,0140,135,生长素的分布,none,,
BIOLOGY,0140,135,生长素的作用方式,none,,
BIOLOGY,0140,135,生长素的作用机制,none,,
BIOLOGY,0140,135,生长素作用的细胞水平与器官水平,none,,
BIOLOGY,0140,135,生长素作用的两重性,none,,
BIOLOGY,0140,135,生长素的最适浓度,none,,
BIOLOGY,0140,135,对生长素的敏感程度,none,,
BIOLOGY,0140,135,顶端优势,none,,
BIOLOGY,0141,136,赤霉素,none,,
BIOLOGY,0141,136,赤霉素的合成部位,none,,
BIOLOGY,0141,136,细胞分裂素,none,,
BIOLOGY,0141,136,脱落酸,none,,
BIOLOGY,0141,136,乙烯,none,,
BIOLOGY,0141,136,油菜素内酯,none,,
BIOLOGY,0141,136,植物激素的主要作用,none,,
BIOLOGY,0141,136,植物生长调节剂,exact,植物生长调节剂,植物生长调节剂
BIOLOGY,0141,136,植物生长调节剂的优点,none,,
BIOLOGY,0141,136,吲哚丁酸,none,,
BIOLOGY,0141,136,$\alpha$-萘乙酸,none,,
BIOLOGY,0141,136,矮壮素,none,,
BIOLOGY,0141,136,生长素作用的影响因素,none,,
BIOLOGY,0142,137,生长素类调节剂,none,,
BIOLOGY,0142,137,"2,4-D 与除草剂",none,,
BIOLOGY,0142,137,无子番茄的培育,none,,
BIOLOGY,0142,137,赤霉素与 $\alpha$-淀粉酶,none,,
BIOLOGY,0142,137,膨大剂,none,,
BIOLOGY,0142,137,青鲜素与储藏期,none,,
BIOLOGY,0142,137,矮壮素与抗倒伏,none,,
BIOLOGY,0142,137,乙烯利,none,,
BIOLOGY,0142,137,浸泡法与沾蘸法,none,,
BIOLOGY,0142,137,预实验,none,,
BIOLOGY,0142,137,插条的极性处理,none,,
BIOLOGY,0142,137,无关变量的控制,none,,
BIOLOGY,0142,137,乙烯利催熟水果,none,,
BIOLOGY,0142,137,无子番茄与无子西瓜的区别,none,,
BIOLOGY,0142,137,染色体数目变异,none,,
BIOLOGY,0142,137,植物激素的协同作用,none,,
BIOLOGY,0142,137,植物激素的相抗衡作用,none,,
BIOLOGY,0142,137,顶端优势与细胞分裂素,none,,
BIOLOGY,0142,137,器官脱落与脱落酸,none,,
BIOLOGY,0142,137,种子萌发与激素,none,,
BIOLOGY,0142,137,叶片衰老与激素,none,,
BIOLOGY,0143,138,植物激素间的反馈作用,none,,
BIOLOGY,0143,138,生长素与乙烯的相互关系,none,,
BIOLOGY,0143,138,激素的相对含量与生理效应,none,,
BIOLOGY,0143,138,脱落酸与赤霉素比值与花性别分化,none,,
BIOLOGY,0143,138,生长素与细胞分裂素比值与器官分化,none,,
BIOLOGY,0143,138,愈伤组织,none,,
BIOLOGY,0143,138,激素调节的顺序性,none,,
BIOLOGY,0143,138,光对植物生长发育的调控,none,,
BIOLOGY,0143,138,光敏色素,none,,
BIOLOGY,0143,138,光敏色素的作用机制,none,,
BIOLOGY,0143,138,温度对植物生命活动的影响,none,,
BIOLOGY,0143,138,春化作用,none,,
BIOLOGY,0143,138,树木年轮,none,,
BIOLOGY,0143,138,重力对植物生长的调节,none,,
BIOLOGY,0143,138,淀粉—平衡石假说,none,,
BIOLOGY,0143,138,平衡石细胞,none,,
BIOLOGY,0143,138,根的向地性,none,,
BIOLOGY,0143,138,生长素极性运输与重力,none,,
BIOLOGY,0143,138,植物生长发育的整体调控,none,,
BIOLOGY,0143,138,基因选择性表达与植物生命活动,none,,
BIOLOGY,0144,139,人工控制花期,none,,
BIOLOGY,0144,139,温度处理与花期调控,none,,
BIOLOGY,0144,139,光照时间与花期调控,none,,
BIOLOGY,0144,139,短日植物,none,,
BIOLOGY,0144,139,长日植物,none,,
BIOLOGY,0144,139,夜间补光与遮光处理,none,,
BIOLOGY,0144,139,植物生长调节剂与花期,none,,
BIOLOGY,0144,139,栽培措施与花期调控,none,,
BIOLOGY,0144,139,光周期现象,none,,
BIOLOGY,0145,140,种群,none,,
BIOLOGY,0145,140,种群的数量特征,exact,种群的数量特征,种群的数量特征
BIOLOGY,0145,140,种群密度,exact,种群密度,种群密度
BIOLOGY,0145,140,出生率与死亡率,none,,
BIOLOGY,0145,140,迁入率与迁出率,none,,
BIOLOGY,0145,140,年龄结构,none,,
BIOLOGY,0145,140,增长型、稳定型与衰退型,none,,
BIOLOGY,0145,140,性别比例,none,,
BIOLOGY,0145,140,种群密度的调查方法,none,,
BIOLOGY,0145,140,逐个计数法,none,,
BIOLOGY,0145,140,样方法,exact,样方法,样方法
BIOLOGY,0145,140,五点取样法与等距取样法,none,,
BIOLOGY,0145,140,随机取样,none,,
BIOLOGY,0145,140,标记重捕法,none,,
BIOLOGY,0145,140,标记重捕法的计算公式,none,,
BIOLOGY,0145,140,标记重捕法的误差分析,none,,
BIOLOGY,0146,141,黑光灯诱捕法,none,,
BIOLOGY,0146,141,红外触发相机自动拍摄技术,none,,
BIOLOGY,0146,141,粪便 DNA 分析法,none,,
BIOLOGY,0146,141,声音监测法,none,,
BIOLOGY,0146,141,抽样检测法,none,,
BIOLOGY,0146,141,种群密度的调查方法,none,,
BIOLOGY,0147,142,「J」形增长,none,,
BIOLOGY,0147,142,「S」形增长,none,,
BIOLOGY,0147,142,种群增长速率,none,,
BIOLOGY,0147,142,环境容纳量,none,,
BIOLOGY,0147,142,K/2 的应用,none,,
BIOLOGY,0147,142,环境阻力,none,,
BIOLOGY,0147,142,负反馈调节,none,,
BIOLOGY,0147,142,培养液中酵母菌种群数量的变化,none,,
BIOLOGY,0147,142,抽样检测法,none,,
BIOLOGY,0147,142,血细胞计数板,none,,
BIOLOGY,0147,142,计数室的规格,none,,
BIOLOGY,0148,143,血细胞计数板的计数方法,none,,
BIOLOGY,0148,143,五点取样法,none,,
BIOLOGY,0148,143,稀释倍数,none,,
BIOLOGY,0148,143,计上不计下，计左不计右,none,,
BIOLOGY,0148,143,非生物因素对种群数量的影响,none,,
BIOLOGY,0148,143,林冠层郁闭度,none,,
BIOLOGY,0148,143,种内竞争,none,,
BIOLOGY,0148,143,种间关系,none,,
BIOLOGY,0148,143,人类活动对种群数量的影响,none,,
BIOLOGY,0148,143,环境阻力,none,,
BIOLOGY,0148,143,种群研究的应用,none,,
BIOLOGY,0148,143,K/2 在捕捞与防治中的应用,none,,
BIOLOGY,0148,143,密度制约因素,none,,
BIOLOGY,0148,143,非密度制约因素,none,,
BIOLOGY,0149,144,种群增长率,none,,
BIOLOGY,0149,144,种群增长速率,none,,
BIOLOGY,0150,145,种群增长率,none,,
BIOLOGY,0150,145,种群增长速率,none,,
BIOLOGY,0150,145,阿利效应,none,,
BIOLOGY,0150,145,内禀增长率,none,,
BIOLOGY,0150,145,自然增长率,none,,
BIOLOGY,0150,145,周限增长率,none,,
BIOLOGY,0150,145,「J」形增长的增长率与增长速率,none,,
BIOLOGY,0151,146,群落,none,,
BIOLOGY,0151,146,物种丰富度,none,,
BIOLOGY,0151,146,优势种,none,,
BIOLOGY,0151,146,取样器取样法,none,,
BIOLOGY,0151,146,记名计算法,none,,
BIOLOGY,0151,146,目测估计法,none,,
BIOLOGY,0151,146,诱虫器采集法,none,,
BIOLOGY,0151,146,简易采集法,none,,
BIOLOGY,0151,146,原始合作,none,,
BIOLOGY,0151,146,互利共生,none,,
BIOLOGY,0151,146,寄生,none,,
BIOLOGY,0151,146,种间竞争,none,,
BIOLOGY,0151,146,捕食,none,,
BIOLOGY,0151,146,种间关系,none,,
BIOLOGY,0152,147,种间关系的数量坐标图,none,,
BIOLOGY,0152,147,群落的垂直结构,none,,
BIOLOGY,0152,147,群落的分层现象,none,,
BIOLOGY,0152,147,群落的水平结构,none,,
BIOLOGY,0152,147,镶嵌分布,none,,
BIOLOGY,0152,147,群落的季节性,none,,
BIOLOGY,0152,147,生态位,exact,生态位,生态位
BIOLOGY,0152,147,协同进化,none,,
BIOLOGY,0153,148,生态位重叠,none,,
BIOLOGY,0153,148,时间生态位重叠,none,,
BIOLOGY,0153,148,空间生态位重叠,none,,
BIOLOGY,0153,148,营养生态位重叠,none,,
BIOLOGY,0153,148,生态位的分化,none,,
BIOLOGY,0154,149,生态位宽度,none,,
BIOLOGY,0154,149,生态位重叠指数,none,,
BIOLOGY,0154,149,生态位重叠与种间竞争的关系,none,,
BIOLOGY,0154,149,生态位分化,none,,
BIOLOGY,0154,149,生态位分化的意义,none,,
BIOLOGY,0155,150,荒漠生物群落,none,,
BIOLOGY,0155,150,草原生物群落,none,,
BIOLOGY,0155,150,森林生物群落,none,,
BIOLOGY,0155,150,湿地生物群落,none,,
BIOLOGY,0155,150,海洋生物群落,none,,
BIOLOGY,0155,150,群落演替,none,,
BIOLOGY,0155,150,初生演替,none,,
BIOLOGY,0155,150,次生演替,none,,
BIOLOGY,0155,150,优势种的取代,none,,
BIOLOGY,0155,150,影响群落演替的因素,none,,
BIOLOGY,0155,150,人类活动对群落演替的影响,none,,
BIOLOGY,0155,150,顶极群落,none,,
BIOLOGY,0156,151,顶极群落,none,,
BIOLOGY,0156,151,顶极群落与气候条件的对应,none,,
BIOLOGY,0156,151,演替的最终状态,none,,
BIOLOGY,0157,152,生态系统,none,,
BIOLOGY,0157,152,生物圈,none,,
BIOLOGY,0157,152,非生物的物质和能量,none,,
BIOLOGY,0157,152,生产者,none,,
BIOLOGY,0157,152,消费者,none,,
BIOLOGY,0157,152,分解者,none,,
BIOLOGY,0157,152,生物群落,none,,
BIOLOGY,0157,152,食物链,exact,食物链,食物链
BIOLOGY,0157,152,食物网,exact,食物网,食物网
BIOLOGY,0157,152,营养级,none,,
BIOLOGY,0157,152,消费者级别与营养级的关系,none,,
BIOLOGY,0157,152,食物链的起点与营养级数目限制,none,,
BIOLOGY,0157,152,食物网中生物数量变化的分析,none,,
BIOLOGY,0158,153,生态系统的能量流动,none,,
BIOLOGY,0158,153,能量流动的输入与散失,none,,
BIOLOGY,0158,153,同化量,none,,
BIOLOGY,0158,153,摄入量,none,,
BIOLOGY,0158,153,粪便量,none,,
BIOLOGY,0158,153,未利用的能量,none,,
BIOLOGY,0158,153,能量流动的单向流动,none,,
BIOLOGY,0158,153,能量流动的逐级递减,none,,
BIOLOGY,0158,153,能量传递效率,none,,
BIOLOGY,0158,153,研究能量流动的意义,none,,
BIOLOGY,0158,153,能量的多级利用,none,,
BIOLOGY,0158,153,间作套种,none,,
BIOLOGY,0159,154,生态金字塔,none,,
BIOLOGY,0159,154,能量金字塔,none,,
BIOLOGY,0159,154,数量金字塔,none,,
BIOLOGY,0159,154,生物量金字塔,none,,
BIOLOGY,0159,154,能量流动过程的模型分析,none,,
BIOLOGY,0159,154,摄入量与同化量的关系,none,,
BIOLOGY,0159,154,粪便量的归属,none,,
BIOLOGY,0160,155,人工输入能量的处理,none,,
BIOLOGY,0160,155,有人工能量输入时的能量传递效率,none,,
BIOLOGY,0161,156,生态系统的物质循环,none,,
BIOLOGY,0161,156,生物地球化学循环,none,,
BIOLOGY,0161,156,碳循环,none,,
BIOLOGY,0161,156,碳在生物群落与非生物环境间的存在形式,none,,
BIOLOGY,0161,156,生物富集,none,,
BIOLOGY,0161,156,能量流动与物质循环的关系,none,,
BIOLOGY,0161,156,氮循环,none,,
BIOLOGY,0161,156,固氮作用,none,,
BIOLOGY,0161,156,硝化作用,none,,
BIOLOGY,0161,156,反硝化作用,none,,
BIOLOGY,0161,156,全球循环与碳平衡,none,,
BIOLOGY,0161,156,物理信息,none,,
BIOLOGY,0161,156,化学信息,none,,
BIOLOGY,0161,156,行为信息,none,,
BIOLOGY,0161,156,信息传递的过程,none,,
BIOLOGY,0161,156,信息源,none,,
BIOLOGY,0161,156,信道,none,,
BIOLOGY,0161,156,信息受体,none,,
BIOLOGY,0162,157,信息传递在个体水平的作用,none,,
BIOLOGY,0162,157,信息传递在种群水平的作用,none,,
BIOLOGY,0162,157,信息传递在群落和生态系统水平的作用,none,,
BIOLOGY,0162,157,性外激素,none,,
BIOLOGY,0162,157,回声定位,none,,
BIOLOGY,0162,157,信息传递在农业生产中的应用,none,,
BIOLOGY,0162,157,机械防治,none,,
BIOLOGY,0162,157,化学防治,none,,
BIOLOGY,0162,157,生物防治,none,,
BIOLOGY,0163,158,生态平衡,none,,
BIOLOGY,0163,158,生态系统的稳定性,exact,生态系统的稳定性,生态系统的稳定性
BIOLOGY,0163,158,自我调节能力,none,,
BIOLOGY,0163,158,抵抗力稳定性,none,,
BIOLOGY,0163,158,恢复力稳定性,none,,
BIOLOGY,0163,158,抵抗力稳定性与恢复力稳定性的关系,none,,
BIOLOGY,0163,158,正反馈调节,none,,
BIOLOGY,0163,158,负反馈调节,none,,
BIOLOGY,0164,159,生态足迹,none,,
BIOLOGY,0164,159,全球气候变化,none,,
BIOLOGY,0164,159,水资源短缺,none,,
BIOLOGY,0164,159,臭氧层破坏,none,,
BIOLOGY,0164,159,土地荒漠化,none,,
BIOLOGY,0164,159,生物多样性丧失,none,,
BIOLOGY,0164,159,环境污染,none,,
BIOLOGY,0164,159,生态承载力,none,,
BIOLOGY,0164,159,生态赤字与生态盈余,none,,
BIOLOGY,0164,159,生物多样性的类型,none,,
BIOLOGY,0164,159,生物多样性的直接价值,none,,
BIOLOGY,0164,159,生物多样性的间接价值,none,,
BIOLOGY,0164,159,生物多样性的潜在价值,none,,
BIOLOGY,0164,159,生物多样性丧失的原因,none,,
BIOLOGY,0164,159,就地保护,none,,
BIOLOGY,0164,159,易地保护,none,,
BIOLOGY,0165,160,生态工程,exact,生态工程,生态工程
BIOLOGY,0165,160,自生原理,none,,
BIOLOGY,0165,160,循环原理,none,,
BIOLOGY,0165,160,协调原理,none,,
BIOLOGY,0165,160,整体原理,none,,
BIOLOGY,0165,160,生态工程原理的辨析,none,,
BIOLOGY,0165,160,农村综合发展型生态工程,none,,
BIOLOGY,0165,160,湿地生态恢复工程,none,,
BIOLOGY,0165,160,矿区废弃地的生态恢复工程,none,,
BIOLOGY,0166,161,传统发酵技术,exact,传统发酵技术,传统发酵技术
BIOLOGY,0166,161,腐乳的制作,none,,
BIOLOGY,0166,161,毛霉,none,,
BIOLOGY,0166,161,泡菜的制作,none,,
BIOLOGY,0166,161,乳酸菌,none,,
BIOLOGY,0166,161,泡菜制作中亚硝酸盐含量的变化,none,,
BIOLOGY,0166,161,果酒的制作,none,,
BIOLOGY,0166,161,酵母菌,none,,
BIOLOGY,0166,161,果醋的制作,none,,
BIOLOGY,0166,161,醋酸菌,none,,
BIOLOGY,0166,161,发酵中温度的控制,none,,
BIOLOGY,0167,162,酿酒技术的制作过程,none,,
BIOLOGY,0167,162,制曲,none,,
BIOLOGY,0167,162,糖化,none,,
BIOLOGY,0167,162,发酵,none,,
BIOLOGY,0167,162,酱造技术的原理,none,,
BIOLOGY,0167,162,酱造技术的制作过程,none,,
BIOLOGY,0167,162,酱的风味形成,none,,
BIOLOGY,0168,163,培养基,none,,
BIOLOGY,0168,163,碳源,none,,
BIOLOGY,0168,163,氮源,none,,
BIOLOGY,0168,163,生长因子,none,,
BIOLOGY,0168,163,液体培养基,none,,
BIOLOGY,0168,163,半固体培养基,none,,
BIOLOGY,0168,163,固体培养基,none,,
BIOLOGY,0168,163,基础培养基,none,,
BIOLOGY,0168,163,完全培养基,none,,
BIOLOGY,0168,163,补充培养基,none,,
BIOLOGY,0168,163,选择培养基,none,,
BIOLOGY,0168,163,鉴别培养基,none,,
BIOLOGY,0168,163,微生物培养的酸碱条件,none,,
BIOLOGY,0169,164,消毒,none,,
BIOLOGY,0169,164,灭菌,none,,
BIOLOGY,0169,164,煮沸消毒法,none,,
BIOLOGY,0169,164,巴氏消毒法,none,,
BIOLOGY,0169,164,紫外线消毒,none,,
BIOLOGY,0169,164,湿热灭菌,none,,
BIOLOGY,0169,164,干热灭菌,none,,
BIOLOGY,0169,164,灼烧灭菌,none,,
BIOLOGY,0169,164,纯培养物,none,,
BIOLOGY,0169,164,平板划线法,none,,
BIOLOGY,0169,164,稀释涂布平板法,none,,
BIOLOGY,0169,164,系列稀释,none,,
BIOLOGY,0169,164,倒平板,none,,
BIOLOGY,0169,164,倒置培养,none,,
BIOLOGY,0169,164,灼烧接种环的目的,none,,
BIOLOGY,0170,165,显微镜直接计数法,none,,
BIOLOGY,0170,165,血细胞计数板,none,,
BIOLOGY,0170,165,细菌计数板,none,,
BIOLOGY,0170,165,活菌计数,none,,
BIOLOGY,0170,165,稀释涂布平板法的计算公式,none,,
BIOLOGY,0170,165,脲酶,none,,
BIOLOGY,0170,165,以尿素为唯一氮源的培养基,none,,
BIOLOGY,0170,165,酚红指示剂,none,,
BIOLOGY,0170,165,菌落计数30～300,none,,
BIOLOGY,0170,165,平板计数的注意事项,none,,
BIOLOGY,0171,166,微生物的分离实例,none,,
BIOLOGY,0171,166,青霉素抗性菌的分离,none,,
BIOLOGY,0171,166,自养微生物的分离,none,,
BIOLOGY,0171,166,固氮微生物的分离,none,,
BIOLOGY,0171,166,分解尿素的细菌的分离,none,,
BIOLOGY,0171,166,纤维素分解菌的分离,none,,
BIOLOGY,0171,166,伊红—亚甲蓝琼脂培养基,none,,
BIOLOGY,0171,166,刚果红染色法,none,,
BIOLOGY,0171,166,透明圈与菌落直径比,none,,
BIOLOGY,0171,166,抑菌圈,none,,
BIOLOGY,0172,167,发酵工程的基本环节,none,,
BIOLOGY,0172,167,发酵工程的中心环节,none,,
BIOLOGY,0172,167,菌种的选育,none,,
BIOLOGY,0172,167,扩大培养,none,,
BIOLOGY,0172,167,发酵条件的控制,none,,
BIOLOGY,0172,167,发酵产物的分离与提纯,none,,
BIOLOGY,0172,167,发酵工程的应用,none,,
BIOLOGY,0172,167,单细胞蛋白,none,,
BIOLOGY,0172,167,啤酒的工业化生产流程,none,,
BIOLOGY,0172,167,主发酵与后发酵,none,,
BIOLOGY,0172,167,精酿啤酒与工业啤酒的区别,none,,
BIOLOGY,0173,168,植物组织培养,exact,植物组织培养,植物组织培养
BIOLOGY,0173,168,细胞全能性,none,,
BIOLOGY,0173,168,外植体消毒,none,,
BIOLOGY,0173,168,脱分化,none,,
BIOLOGY,0173,168,愈伤组织,none,,
BIOLOGY,0173,168,再分化,none,,
BIOLOGY,0173,168,生长素与细胞分裂素比例,none,,
BIOLOGY,0173,168,植物体细胞杂交,none,,
BIOLOGY,0173,168,原生质体,none,,
BIOLOGY,0173,168,原生质体融合,none,,
BIOLOGY,0173,168,纤维素酶和果胶酶,none,,
BIOLOGY,0173,168,聚乙二醇融合法,none,,
BIOLOGY,0173,168,电融合法,none,,
BIOLOGY,0173,168,细胞壁再生,none,,
BIOLOGY,0173,168,杂种植株,none,,
BIOLOGY,0173,168,远缘杂交育种,none,,
BIOLOGY,0174,169,植物组织培养快速繁殖,none,,
BIOLOGY,0174,169,作物脱毒,none,,
BIOLOGY,0174,169,茎尖脱毒,none,,
BIOLOGY,0174,169,单倍体育种,none,,
BIOLOGY,0174,169,突变体筛选,none,,
BIOLOGY,0174,169,植物细胞培养,none,,
BIOLOGY,0174,169,初生代谢,none,,
BIOLOGY,0174,169,次生代谢,none,,
BIOLOGY,0174,169,次生代谢物,none,,
BIOLOGY,0174,169,细胞产物工厂化生产,none,,
BIOLOGY,0174,169,高产细胞系,none,,
BIOLOGY,0174,169,悬浮细胞培养,none,,
BIOLOGY,0175,170,植物体细胞杂交结果分析,none,,
BIOLOGY,0175,170,杂种细胞遗传物质表达相互干扰,none,,
BIOLOGY,0175,170,杂种细胞染色体丢失,none,,
BIOLOGY,0175,170,染色体排斥导致分离,none,,
BIOLOGY,0175,170,纺锤体附着失败,none,,
BIOLOGY,0175,170,植物细胞悬浮培养,none,,
BIOLOGY,0175,170,植物细胞培养工业化应用,none,,
BIOLOGY,0176,171,动物细胞培养,exact,动物细胞培养,动物细胞培养
BIOLOGY,0176,171,动物细胞培养的条件,none,,
BIOLOGY,0176,171,血清,none,,
BIOLOGY,0176,171,二氧化碳培养箱,none,,
BIOLOGY,0176,171,原代培养,none,,
BIOLOGY,0176,171,传代培养,none,,
BIOLOGY,0176,171,细胞贴壁,none,,
BIOLOGY,0176,171,接触抑制,none,,
BIOLOGY,0176,171,胰蛋白酶与胶原蛋白酶,none,,
BIOLOGY,0176,171,无菌无毒培养环境,none,,
BIOLOGY,0176,171,非对称性细胞杂交,none,,
BIOLOGY,0177,172,干细胞,none,,
BIOLOGY,0177,172,胚胎干细胞,none,,
BIOLOGY,0177,172,成体干细胞,none,,
BIOLOGY,0177,172,诱导多能干细胞,none,,
BIOLOGY,0177,172,细胞分化潜能,none,,
BIOLOGY,0177,172,iPS 细胞致癌风险,none,,
BIOLOGY,0177,172,动物细胞融合,none,,
BIOLOGY,0177,172,灭活病毒诱导融合,none,,
BIOLOGY,0177,172,电融合法,none,,
BIOLOGY,0177,172,杂交瘤细胞,none,,
BIOLOGY,0177,172,单克隆抗体,exact,单克隆抗体,单克隆抗体
BIOLOGY,0177,172,选择培养基筛选,none,,
BIOLOGY,0177,172,HAT 培养基,none,,
BIOLOGY,0177,172,克隆化培养与抗体检测,none,,
BIOLOGY,0177,172,抗体—药物偶联物,none,,
BIOLOGY,0177,172,单克隆抗体的优点,none,,
BIOLOGY,0178,173,动物体细胞核移植,none,,
BIOLOGY,0178,173,细胞核全能性,none,,
BIOLOGY,0178,173,去核卵母细胞,none,,
BIOLOGY,0178,173,MⅡ期卵母细胞,none,,
BIOLOGY,0178,173,显微操作去核,none,,
BIOLOGY,0178,173,重构胚,none,,
BIOLOGY,0178,173,电融合,none,,
BIOLOGY,0178,173,激活重构胚,none,,
BIOLOGY,0178,173,胚胎移植,none,,
BIOLOGY,0178,173,克隆动物,none,,
BIOLOGY,0178,173,克隆动物性状差异原因,none,,
BIOLOGY,0178,173,克隆化培养,none,,
BIOLOGY,0178,173,单克隆的判定,none,,
BIOLOGY,0179,174,单克隆抗体制备,none,,
BIOLOGY,0179,174,杂交瘤细胞筛选,none,,
BIOLOGY,0179,174,HAT 选择培养基,none,,
BIOLOGY,0179,174,DNA 从头合成途径,none,,
BIOLOGY,0179,174,DNA 补救途径,none,,
BIOLOGY,0179,174,HGPRT,none,,
BIOLOGY,0179,174,胸腺嘧啶核苷激酶,none,,
BIOLOGY,0179,174,氨基蝶呤阻断作用,none,,
BIOLOGY,0179,174,克隆化培养与抗体检测,none,,
BIOLOGY,0179,174,杂交瘤细胞扩大培养,none,,
BIOLOGY,0179,174,双特异性抗体,none,,
BIOLOGY,0180,175,胚胎工程,exact,胚胎工程,胚胎工程
BIOLOGY,0180,175,精子获能,none,,
BIOLOGY,0180,175,卵子的准备,none,,
BIOLOGY,0180,175,MⅡ期卵母细胞,none,,
BIOLOGY,0180,175,精卵相遇与透明带反应,none,,
BIOLOGY,0180,175,卵细胞膜反应,none,,
BIOLOGY,0180,175,雌原核与雄原核,none,,
BIOLOGY,0180,175,受精的标志,none,,
BIOLOGY,0180,175,受精卵,none,,
BIOLOGY,0180,175,卵裂,none,,
BIOLOGY,0180,175,桑葚胚,none,,
BIOLOGY,0180,175,囊胚,none,,
BIOLOGY,0180,175,内细胞团,none,,
BIOLOGY,0180,175,滋养层,none,,
BIOLOGY,0180,175,囊胚腔,none,,
BIOLOGY,0180,175,孵化,none,,
BIOLOGY,0180,175,体外受精,none,,
BIOLOGY,0181,176,胚胎移植,none,,
BIOLOGY,0181,176,同期发情处理,none,,
BIOLOGY,0181,176,超数排卵,none,,
BIOLOGY,0181,176,供体与受体,none,,
BIOLOGY,0181,176,胚胎移植的实质,none,,
BIOLOGY,0181,176,免疫排斥与胚胎移植,none,,
BIOLOGY,0181,176,胚胎分割,none,,
BIOLOGY,0181,176,桑葚胚与囊胚选材,none,,
BIOLOGY,0181,176,二分胚,none,,
BIOLOGY,0181,176,内细胞团均等分割,none,,
BIOLOGY,0181,176,滋养层取样与性别鉴定,none,,
BIOLOGY,0181,176,同卵双胎,none,,
BIOLOGY,0182,177,限制性内切核酸酶,none,,
BIOLOGY,0182,177,磷酸二酯键,none,,
BIOLOGY,0182,177,黏性末端,none,,
BIOLOGY,0182,177,平末端,none,,
BIOLOGY,0182,177,限制酶的序列特异性,none,,
BIOLOGY,0182,177,同尾酶,none,,
BIOLOGY,0182,177,DNA 连接酶,normalized,dna连接酶,DNA连接酶
BIOLOGY,0182,177,$E.\ coli$ DNA 连接酶,none,,
BIOLOGY,0182,177,T4 DNA 连接酶,none,,
BIOLOGY,0182,177,基因工程载体,none,,
BIOLOGY,0182,177,质粒,none,,
BIOLOGY,0182,177,复制原点,none,,
BIOLOGY,0182,177,标记基因,none,,
BIOLOGY,0182,177,限制酶切割位点,none,,
BIOLOGY,0183,178,pBR322 质粒,none,,
BIOLOGY,0183,178,pUC18 质粒,none,,
BIOLOGY,0183,178,Ti 质粒,none,,
BIOLOGY,0183,178,T-DNA,none,,
BIOLOGY,0183,178,蓝白斑筛选,none,,
BIOLOGY,0183,178,标记基因,none,,
BIOLOGY,0183,178,抗性基因,none,,
BIOLOGY,0183,178,营养缺陷型筛选,none,,
BIOLOGY,0183,178,报告基因,none,,
BIOLOGY,0183,178,DNA 的粗提取,none,,
BIOLOGY,0183,178,二苯胺鉴定 DNA,none,,
BIOLOGY,0183,178,DNA 在不同浓度 NaCl 中的溶解度,none,,
BIOLOGY,0183,178,预冷酒精的作用,none,,
BIOLOGY,0184,179,PCR,none,,
BIOLOGY,0184,179,DNA 的热变性,none,,
BIOLOGY,0184,179,DNA 半保留复制,none,,
BIOLOGY,0184,179,引物,none,,
BIOLOGY,0184,179,耐高温 DNA 聚合酶,none,,
BIOLOGY,0184,179,$Taq$ DNA 聚合酶,none,,
BIOLOGY,0184,179,dNTP,none,,
BIOLOGY,0184,179,PCR 缓冲液与 $\mathrm{Mg^{2+}}$,none,,
BIOLOGY,0184,179,变性,none,,
BIOLOGY,0184,179,复性,none,,
BIOLOGY,0184,179,延伸,none,,
BIOLOGY,0184,179,PCR 循环次数与产物数量,none,,
BIOLOGY,0185,180,琼脂糖凝胶电泳,none,,
BIOLOGY,0185,180,DNA 电泳迁移速率,none,,
BIOLOGY,0185,180,琼脂糖凝胶浓度,none,,
BIOLOGY,0185,180,核酸染料与紫外检测,none,,
BIOLOGY,0185,180,凝胶制备与加样孔,none,,
BIOLOGY,0185,180,上样与载样缓冲液,none,,
BIOLOGY,0185,180,Marker 标准参照物,none,,
BIOLOGY,0185,180,电泳电压设定,none,,
BIOLOGY,0185,180,电泳条带与 DNA 分子大小判断,none,,
BIOLOGY,0185,180,根据条带数判断限制酶切割位点数量,none,,
BIOLOGY,0186,181,PCR 引物设计,none,,
BIOLOGY,0186,181,PCR 引物选择,none,,
BIOLOGY,0186,181,融合基因的构建,none,,
BIOLOGY,0186,181,农杆菌转化法,none,,
BIOLOGY,0186,181,限制酶切割位点的选择,none,,
BIOLOGY,0186,181,引物方向与扩增序列,none,,
BIOLOGY,0187,182,引物的特点,none,,
BIOLOGY,0187,182,引物设计原则,none,,
BIOLOGY,0187,182,引物方向判断,none,,
BIOLOGY,0187,182,引物 $5'$ 端修饰,none,,
BIOLOGY,0187,182,引物与模板链互补配对,none,,
BIOLOGY,0187,182,扩增已知序列的引物选择,none,,
BIOLOGY,0187,182,检验目的基因插入方向,none,,
BIOLOGY,0187,182,扩增未知序列,none,,
BIOLOGY,0187,182,设计引物形成融合基因,none,,
BIOLOGY,0188,183,大引物 PCR,none,,
BIOLOGY,0188,183,定点突变,none,,
BIOLOGY,0188,183,重叠延伸 PCR,none,,
BIOLOGY,0188,183,构建融合基因,none,,
BIOLOGY,0188,183,PCR 复性温度与特异性,none,,
BIOLOGY,0189,184,大引物 PCR,none,,
BIOLOGY,0189,184,重叠延伸 PCR,none,,
BIOLOGY,0189,184,定点突变,none,,
BIOLOGY,0189,184,构建融合基因,none,,
BIOLOGY,0189,184,杂交链延伸,none,,
BIOLOGY,0189,184,实时荧光定量 PCR,none,,
BIOLOGY,0189,184,$TaqMan$ 探针,none,,
BIOLOGY,0189,184,荧光基团与淬灭,none,,
BIOLOGY,0189,184,$Taq$ DNA 聚合酶的外切活性,none,,
BIOLOGY,0189,184,PCR 定量检测 DNA,none,,
BIOLOGY,0190,185,目的基因,none,,
BIOLOGY,0190,185,目的基因的筛选,none,,
BIOLOGY,0190,185,目的基因的获取方法,none,,
BIOLOGY,0190,185,基因表达载体,none,,
BIOLOGY,0190,185,基因表达载体的构建,none,,
BIOLOGY,0190,185,启动子,none,,
BIOLOGY,0190,185,终止子,none,,
BIOLOGY,0190,185,标记基因,none,,
BIOLOGY,0190,185,复制原点,none,,
BIOLOGY,0190,185,组成型启动子,none,,
BIOLOGY,0190,185,诱导型启动子,none,,
BIOLOGY,0190,185,特异型启动子,none,,
BIOLOGY,0190,185,双酶切,none,,
BIOLOGY,0190,185,启动子与起始密码子的区别,none,,
BIOLOGY,0190,185,花粉管通道法,none,,
BIOLOGY,0190,185,农杆菌转化法,none,,
BIOLOGY,0190,185,Ti 质粒与 T-DNA,none,,
BIOLOGY,0190,185,显微注射法,none,,
BIOLOGY,0190,185,$\mathrm{Ca^{2+}}$ 处理法,none,,
BIOLOGY,0191,186,目的基因的检测与鉴定,none,,
BIOLOGY,0191,186,PCR 检测目的基因,none,,
BIOLOGY,0191,186,DNA 分子杂交,none,,
BIOLOGY,0191,186,逆转录-PCR,none,,
BIOLOGY,0191,186,核酸分子杂交,none,,
BIOLOGY,0191,186,抗原—抗体杂交,none,,
BIOLOGY,0191,186,个体生物学水平的鉴定,none,,
BIOLOGY,0191,186,农杆菌转化法的两次重组与两次导入,none,,
BIOLOGY,0192,187,限制酶的选择原则,none,,
BIOLOGY,0192,187,双酶切法,none,,
BIOLOGY,0192,187,质粒自身环化,none,,
BIOLOGY,0192,187,目的基因反向连接,none,,
BIOLOGY,0192,187,限制酶识别序列与切割位点,none,,
BIOLOGY,0192,187,目的基因插入方向,none,,
BIOLOGY,0193,188,同尾酶法,none,,
BIOLOGY,0193,188,鉴定目的基因插入方向,none,,
BIOLOGY,0193,188,酶切鉴定插入方向,none,,
BIOLOGY,0193,188,酶切片段大小鉴定插入方向,none,,
BIOLOGY,0193,188,黏性末端补平,none,,
BIOLOGY,0193,188,重组载体的酶切与电泳鉴定,none,,
BIOLOGY,0194,189,重组质粒不含酶切位点的重组方法,none,,
BIOLOGY,0194,189,限制酶切割位点在识别序列外侧,none,,
BIOLOGY,0194,189,转基因受体细胞的筛选,none,,
BIOLOGY,0194,189,CRISPR/Cas12a 核酸检测,none,,
BIOLOGY,0195,190,含抗生素培养基筛选,none,,
BIOLOGY,0195,190,单标记基因筛选,none,,
BIOLOGY,0195,190,双标记基因反向选择,none,,
BIOLOGY,0195,190,影印法筛选,none,,
BIOLOGY,0195,190,重组质粒与空质粒的区分,none,,
BIOLOGY,0195,190,蓝白斑筛选法,none,,
BIOLOGY,0195,190,$LacZ$ 基因,none,,
BIOLOGY,0195,190,X-gal,none,,
BIOLOGY,0195,190,菌落 PCR 与酶切电泳筛选,none,,
BIOLOGY,0196,191,基因工程的应用,none,,
BIOLOGY,0196,191,转基因抗虫植物,none,,
BIOLOGY,0196,191,转基因抗病植物,none,,
BIOLOGY,0196,191,转基因抗除草剂植物,none,,
BIOLOGY,0196,191,乳腺生物反应器,none,,
BIOLOGY,0196,191,膀胱生物反应器,none,,
BIOLOGY,0196,191,工程菌,none,,
BIOLOGY,0196,191,蛋白质工程,exact,蛋白质工程,蛋白质工程
BIOLOGY,0196,191,蛋白质工程的基本思路,none,,
BIOLOGY,0196,191,标签蛋白,none,,
BIOLOGY,0196,191,绿色荧光蛋白,none,,
BIOLOGY,0196,191,蛋白质结构设计,none,,
BIOLOGY,0197,192,CRISPR/Cas9,none,,
BIOLOGY,0197,192,sgRNA,none,,
BIOLOGY,0197,192,Cas9 蛋白,none,,
BIOLOGY,0197,192,基因编辑,exact,基因编辑,基因编辑
BIOLOGY,0197,192,脱靶效应,none,,
BIOLOGY,0197,192,DNA 损伤修复,none,,
BIOLOGY,0197,192,基因治疗,none,,
BIOLOGY,0197,192,定点定向基因编辑,none,,
BIOLOGY,0198,193,Cre-LoxP 系统,none,,
BIOLOGY,0198,193,Cre 重组酶,none,,
BIOLOGY,0198,193,LoxP 位点,none,,
BIOLOGY,0198,193,基因敲除,none,,
BIOLOGY,0198,193,特异性重组,none,,
BIOLOGY,0198,193,染色体易位,none,,
BIOLOGY,0198,193,基因敲除小鼠,none,,
BIOLOGY,0199,194,同源重组,none,,
BIOLOGY,0199,194,同源臂,none,,
BIOLOGY,0199,194,基因敲除,none,,
BIOLOGY,0199,194,基因敲入,none,,
BIOLOGY,0199,194,基因治疗,none,,
BIOLOGY,0199,194,DNA 双链断裂修复,none,,
BIOLOGY,0199,194,供体 DNA 载体,none,,
BIOLOGY,0199,194,纤维素降解途径,none,,
BIOLOGY,0199,194,$URA3$ 标记基因,none,,
BIOLOGY,0199,194,5-氟乳清酸筛选,none,,
